tree
version=v4
num_class=1
num_tree_per_iteration=1
label_index=0
max_feature_idx=40
objective=binary sigmoid:1
feature_names=log_return_1 log_return_3 log_return_6 range_1 atr_proxy volatility_lookback hour_of_day day_of_week session_asia session_london session_newyork volume_zscore relative_volume volume_percentile body_ratio upper_wick_ratio lower_wick_ratio atr_normalized_range stop_distance dist_ema_fast dist_ema_slow trend_strength trend_direction ema_slow_slope sweep_high_detected sweep_low_detected sweep_depth_atr sweep_rejection_ratio sweep_volume_zscore bullish_fvg_present bearish_fvg_present fvg_size_atr fvg_age_candles price_inside_fvg breakout_volume_confirmation rejection_volume_confirmation volume_block_strength atr_percentile range_compression high_volatility_flag market_regime
feature_infos=[-0.042987859726516954:0.034681446642307004] [-0.066498243478271851:0.052595133325355273] [-0.060898334737803365:0.07165610367187554] [9.1496208486352442e-05:0.049878511063459759] [0:1355.8885714285705] [0:0.014951767895152509] [0:23] [0:6] [0:1] [0:1] [0:1] [-2.3947117909429774:4.2430039261029089] [0.14763151714142861:84.005931000000004] [0:1] [0:1] [0:1] [0:0.99126637554597641] [0:8.073879387938808] [0:0.021082094317917528] [-0.047067099330635:0.028727138877080012] [-0.063992887007529184:0.038957759116279744] [-0.019787657958767413:0.016381332003521824] [-1:1] [-0.0060144092868428863:0.004053698938400214] [0:1] [0:1] [0:2.8968629136228139] [0:0.97882136279936882] [-1.604217534834721:7.9078267832017044] [0:1] [0:1] [0:4.69062327793735] [0:999] [-1:1] [0:4.212392812987364] [0:3.67990051332829] [0:4.3559803852000476] [0:1] [0:0.49444049101581422] [0:1] [-1:1]
tree_sizes=3347 3440 3444 3449 3446 3454 3457 3447 3469 3460 3462 3434 3448 3455 3446 3453 3471 3450 3469 3467 3453 3459 3464 3458 3464 3472 3483 3481 3489 3463 3492 3483 3477 3466 3477 3491 3470 3450 3464 3483

Tree=0
num_leaves=31
num_cat=0
split_feature=18 12 18 2 32 6 37 12 9 23 12 18 3 35 17 17 12 4 37 7 12 12 36 1 23 6 15 38 2 37
split_gain=225.133 97.1373 54.2616 46.2885 30.1117 26.2118 44.2073 25.9289 22.0153 30.776 26.1201 22.3432 21.7013 18.689 17.5444 16.6438 16.3543 15.7894 30.0747 46.0626 44.0197 19.8568 34.1989 25.0929 16.2794 15.9902 14.8368 18.255 15.1177 14.5572
threshold=0.0025857125161061595 1.3559461967492423 0.0016395194565741878 0.0025867305821606758 7.5000000000000009 11.500000000000002 0.36016973895669196 1.9207145549745139 1.0000000180025095e-35 5.0271226750994324e-05 0.58585092578860154 0.0031387347700034315 0.0026903299975400085 0.84889349881710796 2.1485176896452054 1.2631126469566285 0.63614636225098875 277.11071428571296 0.32535866455770474 1.5000000000000002 0.58966256345152235 1.0879657929489299 0.28170747615084679 0.0019813048218481101 -0.00018981748004183262 1.0000000180025095e-35 0.1438847458779644 0.20870286074258534 -0.00072714797563785852 0.43016620590448623
decision_type=2 2 2 2 2 2 2 2 2 2 2 2 2 2 2 2 2 2 2 2 2 2 2 2 2 2 2 2 2 2
left_child=2 8 -1 15 5 13 -7 -8 11 12 -11 -2 -10 -5 -9 -3 -14 18 24 20 -20 25 23 -23 -13 -19 -17 -28 -29 -12
right_child=1 3 -4 4 -6 6 7 14 9 10 29 17 16 -15 -16 26 -18 21 19 -21 -22 22 -24 -25 -26 -27 27 28 -30 -31
leaf_value=-2.5510792343274198 -2.5188488553094435 -2.5001026097097618 -2.5132256231047339 -2.5070112271221725 -2.2540019841983985 -2.2112349614595659 -2.4515448987539608 -2.2744557776821881 -2.5300775580004951 -2.333376170433846 -2.4304055321815774 -2.4464535865231474 -2.3721549453243274 -2.3888825943747181 -2.4188836504808178 -2.4716767350821054 -2.4789289802042891 -2.4207602201490421 -2.2303910237280014 -2.4794528324636049 -2.4279740087964909 -2.4485500092064232 -2.4909725692282736 -2.276177477470386 -2.5238609896757058 -2.5035811046424219 -2.3573556224839116 -2.4183742281592671 -2.5393949921483889 -2.5088221613506123
leaf_weight=152.7111225053668 73.865324757993221 19.711449436843395 249.09379697591066 8.6281433477997762 3.5073753446340552 3.5073753446340588 11.78478115797043 4.8401779755949956 21.465137109160423 5.68194805830717 23.990447357296947 9.8206509649753588 4.1387029066681889 5.4715055376291266 3.7178178653120995 24.481479905545712 26.86649513989687 6.0326855927705756 4.4894404411315936 18.939826861023903 7.5759307444095612 4.7700304687023181 20.833809547126293 3.7879653722047806 22.026317164301872 171.72109687328339 8.4177008271217364 9.2594709098339063 3.5775228515267363 7.8565207719802848
leaf_count=2177 1053 281 3551 123 50 50 168 69 306 81 342 140 59 78 53 349 383 86 64 270 108 68 297 54 314 2448 120 132 51 112
internal_value=-2.49926 -2.4782 -2.52761 -2.43551 -2.39417 -2.40713 -2.37518 -2.40344 -2.48872 -2.4667 -2.43213 -2.49448 -2.49143 -2.46117 -2.3372 -2.46169 -2.46468 -2.48782 -2.46586 -2.43081 -2.35445 -2.49448 -2.45641 -2.37225 -2.49999 -2.50077 -2.44514 -2.41458 -2.4521 -2.44975
internal_weight=942.572 540.767 401.805 106.905 41.4572 37.9498 23.8502 20.3428 433.862 89.9993 37.5289 343.863 52.4703 14.0996 8.558 65.4476 31.0052 269.998 62.8522 31.0052 12.0654 207.146 29.3918 8.558 31.847 177.754 45.7362 21.2547 12.837 31.847
internal_count=13437 7709 5728 1524 591 541 340 290 6185 1283 535 4902 748 201 122 933 442 3849 896 442 172 2953 419 122 454 2534 652 303 183 454
is_linear=0
shrinkage=1


Tree=1
num_leaves=31
num_cat=0
split_feature=18 12 18 21 35 3 9 21 2 4 38 13 19 19 18 7 20 15 15 0 5 5 17 4 9 37 38 38 4 37
split_gain=203.854 80.0714 53.1797 35.4774 40.9727 20.4835 17.7319 22.6727 17.3874 22.6488 23.4076 19.4624 16.3871 27.2749 27.0985 14.9496 20.7095 19.6958 21.3143 14.7256 14.6078 13.4571 13.2887 13.1242 14.2189 12.9608 13.1554 12.4556 16.2484 28.7306
threshold=0.0025857125161061595 1.3559461967492423 0.0016395194565741878 0.0046719836629968399 0.55304294506343787 0.0015241686248595669 1.0000000180025095e-35 -0.00038585782600496671 0.0025867305821606758 272.39642857142729 0.23278409917073764 0.49631827475186119 0.003202585732702704 0.00086049778557592278 0.0040367050068968249 2.5000000000000004 0.0094712310619153861 0.64792740180922659 0.74738357343982875 -0.00012020712186230334 0.0023413644591132807 0.0028978727045268918 1.2631126469566285 175.28214285714321 1.0000000180025095e-35 0.46449782479964996 0.19154030322334417 0.16023909112000462 301.39285714285614 0.42179660983836625
decision_type=2 2 2 2 2 2 2 2 2 2 2 2 2 2 2 2 2 2 2 2 2 2 2 2 2 2 2 2 2 2
left_child=2 5 -1 8 -5 -2 15 -8 22 10 11 -10 13 25 19 17 -17 27 -19 -15 -11 -22 -3 24 -4 26 -9 -7 29 -29
right_child=1 3 23 4 -6 6 7 12 9 20 -12 -13 -14 14 -16 16 -18 18 -20 -21 21 -23 -24 -25 -26 -27 -28 28 -30 -31
leaf_value=-0.051504541830607486 -0.03927402885396912 -0.00060699942062061299 -0.016646642791572793 0.043682654998571699 0.26617429409166776 -0.021564292504318447 0.0069415362366995531 0.13314344442112305 0.02581579598203361 0.1242618715026087 0.20848195291138794 0.15568186116309707 -0.0032294054485317541 0.01327227776380599 0.23972278999174659 -0.0082975446429129403 0.090192714549391304 0.14381728074224998 -0.0045447428912092358 0.12856067604362351 -0.04520823815947262 0.051601629313041797 0.048263638122932495 -0.029138490817612567 0.014057316206254292 -0.042722753611921196 0.027290691291802643 0.012511748717701103 0.0036659668998523486 0.083786220128038116
leaf_weight=146.1178734600544 20.225315473973751 19.627332985401154 98.920736104249954 4.0730803161859495 4.2059384658932686 22.994978301227093 44.176246993243694 3.9992309585213688 6.841251917183401 4.1913043186068561 5.1278520897030822 4.9887841492891312 8.8039354234933835 4.434551201760768 3.7392689287662497 145.15693344175816 5.54105670005083 6.059873200953005 4.0312833711504936 7.3778647184371939 5.3671275898814228 10.838986612856386 47.751957826316357 86.304356306791306 60.932955175638199 4.3301158323884001 11.0324195548892 40.519743993878365 83.910534098744392 21.716747298836708
leaf_count=2177 289 280 1427 54 53 324 622 54 90 54 65 63 120 60 50 2070 78 85 57 99 71 144 650 1245 879 60 152 577 1191 297
internal_value=-6.10963e-05 0.0195495 -0.0276098 0.0570731 0.156714 0.0098687 0.0122475 0.032204 0.0491967 0.0765575 0.119257 0.080581 0.0577316 0.0731038 0.122414 0.00693111 -0.00467613 0.0166904 0.0845486 0.0852797 0.0410586 0.0195402 0.0340278 -0.013426 -0.00494292 0.0334969 0.0554532 0.0126419 0.018024 0.0373822
internal_weight=943.34 551.064 392.276 113.014 8.27902 438.05 417.825 87.8936 104.735 37.3553 16.9579 11.83 43.7174 34.9135 15.5517 329.931 150.698 179.233 10.0912 11.8124 20.3974 16.2061 67.3793 246.158 159.854 19.3618 15.0317 169.142 146.147 62.2365
internal_count=13437 7709 5728 1524 107 6185 5896 1217 1417 487 218 153 595 475 209 4679 2148 2531 142 159 269 215 930 3551 2306 266 206 2389 2065 874
is_linear=0
shrinkage=0.05


Tree=2
num_leaves=31
num_cat=0
split_feature=5 3 3 14 9 20 19 17 0 0 38 7 21 15 38 15 36 32 3 21 1 14 38 0 3 12 6 6 37 0
split_gain=168.484 67.0439 30.3245 28.6091 22.6774 29.7036 19.5225 19.3267 17.6866 31.8875 16.6071 17.198 19.8669 19.738 16.5659 14.5624 14.0951 18.1639 15.1486 15.0825 13.402 21.4958 13.1354 13.0219 13.192 17.1018 12.3818 12.199 21.9717 11.6967
threshold=0.0011917169686461425 0.0060466679920230032 0.0016558986777185992 0.16379992035495508 1.0000000180025095e-35 0.00055151190912088781 0.0044422403605656252 1.6277501080319374 -0.0015753998359510973 -0.00077182656033757851 0.2552268498544204 3.5000000000000004 -0.00012480669076579066 0.53252457940652309 0.20965289957600794 0.33881835385411002 3.6535519270933037 7.5000000000000009 0.0077073297094802772 0.0015273358560077524 0.0055578240783208067 0.42760567862594973 0.15160543142650165 0.00095035503769598875 0.0027125230935685107 0.99154427815408874 1.0000000180025095e-35 12.500000000000002 0.49641616084930562 -0.0010893505338181013
decision_type=2 2 2 2 2 2 2 2 2 2 2 2 2 2 2 2 2 2 2 2 2 2 2 2 2 2 2 2 2 2
left_child=-1 2 -2 14 6 -6 10 -5 -7 29 15 12 13 -12 -3 -4 17 18 -9 27 -8 -22 -11 24 25 -24 -17 -20 -29 -10
right_child=1 3 4 7 5 8 20 16 9 22 11 -13 -14 -15 -16 26 -18 -19 19 -21 21 -23 23 -25 -26 -27 -28 28 -30 -31
leaf_value=-0.043543114893862922 -0.020793256929145611 0.19398794449102141 -0.015262173185553025 0.016784262157650984 0.0057258951982908594 -0.015421823437708961 0.0019104625893930829 0.01435359872278732 0.092344640504390646 -0.041771575132800616 0.044201507063739001 -0.010968029667767269 0.0032956901039114758 0.15992524302140967 0.059678687602974505 0.075625247966525366 -0.0087780963258674936 0.14537997813299738 -0.0089952485496979148 0.13391732018386376 0.0039387701167404214 0.13757203115872055 -0.0019497953137134741 0.030630183021865862 0.13381136146162217 0.12165539567854361 0.004220347522376872 0.17819538802569887 0.030009085389299268 0.21623751695557969
leaf_weight=180.5451176315546 103.91393218934536 4.8237811997532827 177.51461062580347 52.70075648277998 87.632229439914227 8.9619965404272062 8.8765377625823039 13.768554911017416 3.7454578951001167 3.9605908244848242 29.973802305757999 35.966294966638088 31.312395356595516 4.2011172696948043 4.3809267953038216 6.5446261763572684 6.5568595007061949 6.7416587620973578 5.4960912019014421 8.4685933068394643 5.1272554919123632 7.2850311398506165 6.655093692243101 27.008950486779213 7.9501072540879241 4.8288563117384911 83.910353876650333 3.8649876043200475 7.0902460217475891 3.8770970776677123
leaf_count=2760 1520 62 2527 719 1234 120 120 179 50 54 420 518 441 58 59 91 87 85 73 104 68 96 88 360 100 66 1185 50 92 51
internal_value=-0.000107594 0.0101685 0.00396135 0.0455523 0.00867838 0.0248865 0.0022642 0.0381216 0.0499518 0.0600486 -0.000418816 0.0168103 0.0320665 0.0584274 0.130064 -0.00694179 0.0597519 0.0696427 0.0564451 0.0797012 0.0488223 0.0823709 0.0456345 0.0530884 0.0843002 0.0500246 0.00938666 0.0517925 0.082289 0.155361
internal_weight=943.684 763.139 649.246 113.892 545.332 154.62 390.712 104.688 66.9882 58.0262 369.423 101.454 65.4873 34.1749 9.20471 267.97 51.987 45.4301 38.6885 24.9199 21.2888 12.4123 50.4036 46.443 19.4341 11.484 90.455 16.4513 10.9552 7.62255
internal_count=13437 10677 9167 1510 7647 2123 5524 1389 889 769 5240 1437 919 478 121 3803 670 583 498 319 284 164 668 614 254 154 1276 215 142 101
is_linear=0
shrinkage=0.05


Tree=3
num_leaves=31
num_cat=0
split_feature=18 12 18 2 3 16 39 5 12 4 9 38 22 5 37 2 20 22 32 32 4 18 7 18 2 6 4 18 37 6
split_gain=171.536 58.7487 51.0524 22.7237 17.7641 16.8138 15.5461 29.9329 18.9644 15.4379 14.0973 20.6869 20.6454 28.4191 18.0496 20.7659 27.772 14.6691 13.5389 13.0825 12.8788 33.1128 15.5647 33.7794 17.5013 16.0143 12.7812 13.4673 19.4692 12.5293
threshold=0.0025857125161061595 1.3559461967492423 0.0016395194565741878 0.0025867305821606758 0.0015241686248595669 0.47511759921786473 1.0000000180025095e-35 0.0038778178294437203 0.54721570580977219 451.64285714285614 1.0000000180025095e-35 0.27693116813941127 1.0000000180025095e-35 0.002023376313479187 0.44733535671747032 0.0015465390440174572 -0.00042073995739016904 1.0000000180025095e-35 3.5000000000000004 4.5000000000000009 392.24642857142891 0.0054531512335998468 1.0000000180025095e-35 0.0037474341927139217 0.0035808563571928394 7.5000000000000009 175.28214285714321 0.0022869000198222464 0.02322770406942213 11.500000000000002
decision_type=2 2 2 2 2 2 2 2 2 2 2 2 2 2 2 2 2 2 2 2 2 2 2 2 2 2 2 2 2 2
left_child=2 4 -1 -3 -2 19 7 10 -9 -10 11 14 13 -13 -6 16 -16 -12 20 -5 21 22 23 -8 -24 -25 27 -4 -29 -19
right_child=1 3 26 5 6 -7 18 8 9 -11 17 12 -14 -15 15 -17 -18 29 -20 -21 -22 -23 24 25 -26 -27 -28 28 -30 -31
leaf_value=-0.050959256710283785 -0.03825417503360827 0.029607967503946828 -0.01077246064175349 0.051460939965432398 -0.011762792620947692 0.16218432856958367 0.14686003881129778 0.16508010737364509 0.11405249758944691 -0.0045719457274456471 0.013785969367333513 0.21108983623508376 -0.00094673281410294862 0.040227459308747167 0.0017249984673786745 -0.028047551735499571 0.17283420499847843 0.048139820244814273 -0.01195500282857339 0.120021991566012 -0.0096022403627563126 0.15351578123763943 -0.0083717512491966566 0.076162274576020053 0.04477122593611059 -0.035563334111844501 -0.028314131518233157 0.13436709307367153 0.011033293069621954 0.13883413561537455
leaf_weight=134.87763548642397 19.2145866304636 71.263760514557362 130.77280308306217 37.931423127651215 83.831460155546665 4.8160895183682433 6.6960492208600071 5.2380972951650646 5.046440124511717 6.008032351732254 24.228155307471752 3.7680798918008804 9.403622642159462 6.8719698563218117 4.4648900777101508 5.701843596994876 5.057484306395053 14.551051147282125 95.774405904114246 8.5208278819918615 47.051033683121204 4.5709761455655089 57.776790358126163 5.3553197011351568 21.168560922145844 7.9963313862681389 83.945786364376545 3.7156813070178059 23.046923197805882 5.1579670757055274
leaf_count=2177 289 933 1919 447 1198 53 86 71 69 80 333 52 134 94 62 78 67 180 1336 91 656 63 807 71 286 110 1245 54 333 63
internal_value=-0.000144744 0.0172146 -0.0263188 0.0478711 0.00877201 0.0732571 0.0108945 0.0220942 0.0867142 0.0495809 0.0156366 0.00670647 0.0530313 0.100737 -0.00266725 0.0474169 0.0926038 0.0398432 0.00274308 0.0640372 0.0120894 0.0219444 0.0158691 0.0552123 0.00587811 0.00924958 -0.012556 -0.00415904 0.0281568 0.0718751
internal_weight=943.824 567.465 376.359 122.532 444.933 51.2683 425.719 179.329 16.2926 11.0545 163.037 119.099 20.0437 10.64 99.0557 15.2242 9.52237 43.9372 246.389 46.4523 150.615 103.564 98.9931 20.0477 78.9454 13.3517 241.481 157.535 26.7626 19.709
internal_count=13437 7709 5728 1524 6185 591 5896 2481 220 149 2261 1685 280 146 1405 207 129 576 3415 538 2079 1423 1360 267 1093 181 3551 2306 387 243
is_linear=0
shrinkage=0.05


Tree=4
num_leaves=31
num_cat=0
split_feature=18 18 12 21 35 32 18 39 20 13 20 37 2 14 2 37 4 4 38 7 4 5 38 5 2 20 15 13 4 7
split_gain=155.889 49.9227 49.9039 20.0474 20.3801 17.5836 16.3648 20.1463 21.3417 15.2868 17.3436 15.0981 18.0844 14.961 14.4998 14.0744 25.4508 13.8875 15.3152 13.3833 20.8711 19.0614 17.4406 13.5927 13.3444 12.3754 20.3438 12.0268 12.0005 12.4057
threshold=0.0025857125161061595 0.0016395194565741878 1.3559461967492423 0.0046719836629968399 0.55304294506343787 6.5000000000000009 0.0031387347700034315 1.0000000180025095e-35 0.0052794057441555098 0.66877428783425574 -0.0016535515975215269 0.24341056788921281 0.0019529861858239624 0.094232599078911225 0.0066735526615043896 0.33089960714442801 244.3464285714285 229.63928571428451 0.2960620079913226 1.5000000000000002 270.99642857142948 0.0022787977532525198 0.25713651324783177 0.0042306547748009061 0.0098338720748750979 -0.0010910910811954039 0.38011507043593146 0.085811108461660138 176.19642857142858 4.5000000000000009
decision_type=2 2 2 2 2 2 2 2 2 2 2 2 2 2 2 2 2 2 2 2 2 2 2 2 2 2 2 2 2 2
left_child=1 -1 6 5 -5 13 17 8 15 10 -7 12 -9 -4 -10 25 -17 18 -2 20 21 -13 24 -24 -22 26 -8 -28 29 -3
right_child=2 28 3 4 -6 9 7 11 14 -11 -12 19 -14 -15 -16 16 -18 -19 -20 -21 22 -23 23 -25 -26 -27 27 -29 -30 -31
leaf_value=-0.050664994957201337 -0.0051039287707736296 0.0069351195419628808 0.10165682809869002 0.031185778039784191 0.17138455505321376 0.038866556524888532 0.0075230531498041292 0.013636590071003391 0.13887673694870858 0.0017924084192329954 0.15441476011319527 0.0081150543940785528 0.14000381250150673 0.024208813688565253 0.037184871243783203 0.13441445267677266 0.027409063280444564 -0.040734065626575437 0.077911416750700832 -0.0093037509712576953 -0.014072976551483941 0.14314371445823995 0.028385072957688863 0.13730531620804182 0.062337127458641062 -0.0088377934040682997 0.043032366893075547 0.1566888863201675 -0.027966863854019988 -0.021664826663222416
leaf_weight=129.02601185441017 70.336810365319252 97.641755394637585 6.6881243288516989 4.6239233016967756 5.8991868570446968 5.3319743946194658 23.440917320549488 8.0740164816379529 6.9622546806931478 4.3708184733986846 8.3071236684918404 4.7617967873811704 4.3601659834384909 92.161280915141106 7.0597644746303558 6.8577935323119155 29.292870707809925 26.19958832859993 6.032288245856761 123.58399707078934 52.279287792742252 5.7935601845383644 13.276515252888204 3.6523451283574095 6.4150901883840552 40.654573634266853 5.1279969513416273 4.262126050889492 79.304921127855778 61.988748274743557
leaf_count=2177 1004 1427 79 54 53 66 321 108 87 51 88 60 54 1133 89 83 391 377 78 1735 730 68 178 50 85 561 69 57 1205 919
internal_value=-0.00018241 -0.0256028 0.0160621 0.0436799 0.10978 0.0377276 0.00821684 0.0134185 0.0295948 0.083166 0.109243 0.00441598 0.0579485 0.0294489 0.0876772 0.0221662 0.047708 -0.00932278 0.00145334 0.00124271 0.0163668 0.0822288 0.00717391 0.0518843 -0.00572162 0.00960117 0.0324341 0.0946204 -0.0120691 -0.004171
internal_weight=943.768 367.961 575.806 127.382 10.5231 116.859 448.424 345.855 123.658 18.0099 13.6391 222.197 12.4342 98.8494 14.022 109.636 36.1507 102.569 76.3691 209.763 86.1786 10.5554 75.6232 16.9289 58.6944 73.4856 32.831 9.39012 238.935 159.631
internal_count=13437 5728 7709 1524 107 1417 6185 4726 1658 205 154 3068 162 1212 176 1482 474 1459 1082 2906 1171 128 1043 228 815 1008 447 126 3551 2346
is_linear=0
shrinkage=0.05


Tree=5
num_leaves=31
num_cat=0
split_feature=5 35 6 21 15 6 14 37 13 1 12 37 6 5 5 37 13 39 16 0 37 21 37 15 15 20 21 15 5 15
split_gain=136.891 38.4967 26.8856 27.416 28.1674 14.8305 21.5267 14.2947 17.4104 20.1378 25.3718 14.1878 14.6606 14.0944 12.5081 12.14 11.8417 11.4898 11.3163 11.0318 10.9982 10.5622 10.4888 11.9542 14.7675 12.9894 11.6371 10.2844 10.2815 9.73831
threshold=0.0011917169686461425 0.058496453181159515 6.5000000000000009 0.0046719836629968399 0.29121467397707096 15.500000000000002 0.094232599078911225 0.61772447327470947 0.24747194342421122 -0.0019010413613421563 2.5710612372006332 0.81231352535491241 18.500000000000004 0.0022065427489851332 0.0022787977532525198 0.73404733907344111 0.0325162046240332 1.0000000180025095e-35 0.044442147811308501 -0.0044068251305721543 0.085063977956150269 -0.00052331244493968542 0.18175706546995171 0.48393404232430842 0.69044294504594961 -0.0015272425305065231 -0.00088445004795288217 0.28865227614072975 0.0016579884807540822 0.64792740180922659
decision_type=2 2 2 2 2 2 2 2 2 2 2 2 2 2 2 2 2 2 2 2 2 2 2 2 2 2 2 2 2 2
left_child=-1 14 19 5 -5 6 13 8 20 -10 17 -7 -13 -4 16 18 -2 27 -16 -3 21 -8 23 25 28 26 -18 -11 -25 -20
right_child=1 2 3 4 -6 11 7 -9 9 10 -12 12 -14 -15 15 -17 22 -19 29 -21 -22 -23 -24 24 -26 -27 -28 -29 -30 -31
leaf_value=-0.041978448491678116 -0.030184922183678506 0.068326601342199908 0.054977746959384538 0.033848627084840141 0.17813816071629729 -0.018185485209151298 -0.008621243047727243 -0.0046741796459547459 0.022253744650502807 0.099751998897170902 -0.0054093669623102008 0.0030022517732342935 0.091972458187821612 0.16398347145863323 -0.014540031079418822 -0.0093818823405051877 0.011196429097670711 0.077833080659560239 0.017371287241402588 -0.0098372846729731997 -0.0034014810329875966 0.088873559858730633 -0.010774016901144108 0.13427636011493829 -0.028224863396984431 -0.0093214992174787681 0.10217981332297313 0.20335796823494912 0.032242923716009744 0.07504155989920637
leaf_weight=162.41027525067329 46.291775863617659 4.878875032067298 7.261275287717579 7.2098109796643239 6.3713061586022377 28.817806039005518 4.3655861504375935 23.916323207318783 26.634344983845949 5.4848286695778388 6.9820661991834632 12.140772417187693 7.4847914502024642 5.0124970078468323 27.562555123120546 70.244758892804384 9.9549030885100347 18.401490110903978 150.32429208606482 60.37956764921546 29.310409639030695 7.6389430277049524 133.98312896862626 5.30869038030505 3.8796657957136622 49.170841008424759 5.4323208741843692 4.2522036097943783 4.615479975938797 7.6948451027274123
leaf_count=2760 688 63 90 78 61 381 59 303 343 68 82 158 93 58 374 986 143 221 2037 814 392 95 1952 77 57 716 76 51 63 98
internal_value=-0.000212119 0.00847319 0.0238954 0.0329373 0.101539 0.0279737 0.036263 0.0301514 0.0382323 0.0550407 0.0799052 0.0041446 0.0369337 0.0994947 0.000482937 0.00832194 -0.00727088 0.101074 0.015023 -0.00399357 0.0131082 0.0534184 -0.00227556 0.0122551 0.0544881 0.0032248 0.0433173 0.144997 0.0868232 0.0201796
internal_weight=943.416 781.006 266.543 201.284 13.5811 187.703 139.26 126.986 103.07 61.7549 35.1206 48.4434 19.6256 12.2738 514.463 255.826 258.637 28.1385 185.582 65.2584 41.3149 12.0045 212.345 78.3619 13.8038 64.5581 15.3872 9.73703 9.92417 158.019
internal_count=13437 10677 3410 2533 139 2394 1762 1614 1311 765 422 632 251 148 7267 3495 3772 340 2509 877 546 154 3084 1132 197 935 219 119 140 2135
is_linear=0
shrinkage=0.05


Tree=6
num_leaves=31
num_cat=0
split_feature=18 18 35 9 2 20 37 2 15 0 15 18 14 17 18 6 6 11 5 37 18 32 32 15 37 5 11 6 2 19
split_gain=137.778 45.5255 32.4377 15.731 13.7199 13.6717 15.1561 15.3156 13.1086 13.227 17.0585 13.03 12.756 12.5747 12.4867 13.4931 11.7999 13.7416 16.3992 12.381 20.2004 18.1053 11.3909 11.0484 12.0961 17.3277 11.2582 10.3042 15.6881 15.3715
threshold=0.001690422594474515 0.003008720620740553 0.025012204285685121 1.0000000180025095e-35 0.003502131994670173 0.00073418436885186098 0.12515950237576509 -0.0065294106780111978 0.5933023173142502 -0.0038383455980921734 0.17035687619802425 0.0040367050068968249 0.12268911338554432 0.46299222915697319 0.0035318114536161565 11.500000000000002 13.500000000000002 -1.0815425623511465 0.0029211400290706929 0.32255766975616645 0.0032993092681665062 2.5000000000000004 14.500000000000002 0.71149971294697745 0.45100987511835633 0.0043978822277210092 -0.60827356942254041 5.5000000000000009 -0.0054926806416924307 -0.00086370197719687315
decision_type=2 2 2 2 2 2 2 2 2 2 2 2 2 2 2 2 2 2 2 2 2 2 2 2 2 2 2 2 2 2
left_child=-1 3 13 22 8 6 -5 -8 9 10 11 -4 -11 -3 15 -6 17 18 -15 -18 21 -21 -2 24 25 27 -26 28 -19 -29
right_child=1 2 4 5 14 -7 7 -9 -10 12 -12 -13 -14 16 -16 -17 19 23 -20 20 -22 -23 -24 -25 26 -27 -28 29 -30 -31
leaf_value=-0.048124936280579504 -0.017304165996949807 -0.025883677883574398 -0.0272301986308661 0.024470568653172414 0.049330452961677124 0.027410221896515104 0.069960843937008396 -0.032043306972417814 0.085145419641465159 0.062696867968194223 0.12100065922803732 0.057075699119281988 0.00036243007791522761 0.029122765233580695 0.040590363873899207 0.1492368982845311 -0.029965248392670757 0.087379430950839235 0.15530224762259251 0.14757916273372501 0.0019746459215760162 0.0047745968527161554 0.066495409351135126 0.099314347726810193 0.030674547157858268 0.11648545559398958 -0.025833149894118685 -0.0080951299582928803 -0.021869746878690768 0.059303443782543798
leaf_weight=129.55275964364409 199.3572300337255 26.482777196913958 7.2358209341764512 25.420096602290869 7.6121985614299756 49.365975335240364 4.0212082713842383 43.359246984124184 7.8234224915504447 9.3158934712409955 6.24183365702629 12.502028360962866 68.96808847412467 7.1517801061272603 57.923457950353622 6.0780867040157318 26.776883535087109 3.8765926212072399 4.0238571614027023 4.6948186196386796 118.27793318778276 4.2097357660531998 4.1394346356391898 3.8812843188643447 12.868165306746958 4.9494207352399817 27.980379082262516 12.926168084144587 21.571247685700655 24.482815343886617
leaf_count=2336 2992 377 90 359 86 660 55 644 92 110 74 155 889 93 636 63 375 52 45 61 1654 57 60 47 165 59 380 172 298 301
internal_value=-0.000234666 0.00739186 0.0170558 -0.00708501 0.0336456 0.00709793 -0.00667581 -0.0233862 0.0227234 0.0180395 0.0489535 0.0261695 0.00778031 0.00703598 0.0507406 0.093686 0.0101757 0.0216742 0.0745545 0.00093621 0.00744217 0.0800666 -0.0155996 0.0164228 0.0134618 0.0264104 -0.00803202 0.0193178 -0.00522729 0.0360148
internal_weight=943.071 813.518 487.855 325.663 183.701 122.167 72.8006 47.3805 112.087 104.264 25.9797 19.7378 78.284 304.154 71.6137 13.6903 277.671 123.712 11.1756 153.959 127.182 8.90455 203.497 112.536 108.655 67.8062 40.8485 62.8568 25.4478 37.409
internal_count=13437 11101 6331 4770 2195 1718 1058 699 1410 1318 319 245 999 4136 785 149 3759 1612 138 2147 1772 118 3052 1474 1427 882 545 823 350 473
is_linear=0
shrinkage=0.05


Tree=7
num_leaves=31
num_cat=0
split_feature=18 18 35 9 6 37 20 37 2 3 37 20 37 2 17 6 37 37 4 11 32 18 4 6 3 15 15 6 6 5
split_gain=129.066 40.4101 27.916 14.3725 12.2101 19.1522 15.6403 12.3094 17.7227 15.5322 12.29 12.0636 13.7574 13.6569 11.4198 10.3192 11.5672 11.382 25.1041 10.6229 9.98212 9.91326 19.7909 12.1781 12.8779 10.5934 9.83672 12.2781 11.5289 11.5084
threshold=0.001690422594474515 0.003008720620740553 0.025012204285685121 1.0000000180025095e-35 21.500000000000004 0.92111245811183118 0.0033272436553125387 0.40847950403230887 0.0065110576582170492 0.0081561730380966726 0.95086922220534753 0.00073418436885186098 0.12515950237576509 -0.0065294106780111978 0.46299222915697319 13.500000000000002 0.85895852257619898 0.32255766975616645 245.66071428571533 -0.049322308486932143 14.500000000000002 0.0032830014639993019 233.17857142857093 10.500000000000002 0.0028048607747726069 0.5075757060886037 0.5933023173142502 12.500000000000002 14.500000000000002 0.0027653973607219451
decision_type=2 2 2 2 2 2 2 2 2 2 2 2 2 2 2 2 2 2 2 2 2 2 2 2 2 2 2 2 2 2
left_child=-1 3 14 20 5 6 26 8 -8 -10 -6 12 -5 -14 -3 16 19 -17 -19 21 -2 25 -23 -24 -25 -16 27 -4 29 -29
right_child=1 2 4 11 10 -7 7 -9 9 -11 -12 -13 13 -15 15 17 -18 18 -20 -21 -22 22 23 24 -26 -27 -28 28 -30 -31
leaf_value=-0.047759209382290529 -0.016690706014807221 -0.02514895979654716 -0.0015428471887154629 0.022759836527548108 0.033979328417023856 -0.0085572158402653659 0.13982112001628472 0.036422039475624127 0.0079045701161699587 0.11788930242083051 0.13891275654161109 0.025439231064648512 0.062598174634838438 -0.031309749989132239 -0.018844081880069967 -0.029217106252746101 -0.025859048079994569 0.091893481409503361 0.0012316480476068621 -0.02999774792864281 0.05965638761118891 0.12624565759541734 0.019761314011674368 -0.0032823096101398824 0.092128921170293282 0.072362959587902412 0.077934069478721626 0.03174894528906682 0.011820489951387909 0.10580835287129756
leaf_weight=124.1544181406498 196.42641228437424 25.908460326492786 41.269179161638021 25.950040876865387 6.1547398418188077 30.001770965754986 8.8927027583122271 31.281306445598602 8.5560351312160474 5.137478679418563 5.1047011166810989 50.500755675137043 4.2627677395939818 42.186475094407797 16.82381554692984 26.106656350195408 12.317247927188872 8.1550531908869726 119.84086276590824 8.108287360519169 4.3767180740833274 5.7845957428216925 60.968445248901844 4.832348711788657 13.189306057989596 3.9266492016613475 7.4747026041150084 12.609171636402609 23.253428988158703 8.9823806881904584
leaf_count=2336 2992 377 521 359 74 360 89 335 90 49 51 660 55 644 228 375 172 99 1673 106 60 70 776 60 150 50 82 148 294 102
internal_value=-0.000255937 0.00695065 0.0159383 -0.00678425 0.0310622 0.0278586 0.0352679 0.0567318 0.0848603 0.0491682 0.0815531 0.00668277 -0.00640045 -0.0226916 0.00660994 0.00954804 0.0201644 0.000871089 0.00700802 0.0251531 -0.0150266 0.0293908 0.0369727 0.0304351 0.0665452 -0.0015848 0.0229137 0.0181379 0.0362494 0.0625587
internal_weight=942.537 818.382 494.679 323.703 188.718 177.458 147.456 53.8675 22.5862 13.6935 11.2594 122.9 72.3993 46.4492 305.962 280.053 125.951 154.103 127.996 113.633 200.803 105.525 84.7747 78.9901 18.0217 20.7505 93.5889 86.1142 44.845 21.5916
internal_count=13437 11101 6331 4770 2195 2070 1710 563 228 139 125 1718 1058 699 4136 3759 1612 2147 1772 1440 3052 1334 1056 986 210 278 1147 1065 544 250
is_linear=0
shrinkage=0.05


Tree=8
num_leaves=31
num_cat=0
split_feature=18 3 3 14 19 15 9 37 3 38 37 19 5 4 38 21 10 12 37 6 15 1 18 17 17 11 37 38 1 5
split_gain=120.953 36.4165 19.3826 14.9797 14.0496 20.518 17.3006 12.9558 14.0518 12.2136 12.1547 10.0557 12.8016 19.3097 10.7393 12.641 15.6011 27.4507 12.4193 12.9274 10.5273 14.0433 10.1619 17.9492 10.0234 10.7602 9.69653 11.2219 13.3787 9.71337
threshold=0.001690422594474515 0.0060466679920230032 0.0016558986777185992 0.17510722799022441 -0.00086370197719687315 0.50040779985872552 1.0000000180025095e-35 0.1411249048660663 0.0026364825663702518 0.20965289957600794 0.0039526356287826114 0.0042979808713888741 0.0044856406922645234 429.3357142857144 0.26654558286438979 -5.3153889500971663e-05 1.0000000180025095e-35 0.89212487992267697 0.39669345177127441 17.500000000000004 0.26964158725645426 0.0055578240783208067 0.0040856565610938944 0.55491078325502063 1.553574263589532 3.7091483111048138 0.27805918330780233 0.16297687104061298 -0.0017462399937472684 0.0027245337854228725
decision_type=2 2 2 2 2 2 2 2 2 2 2 2 2 2 2 2 2 2 2 2 2 2 2 2 2 2 2 2 2 2
left_child=-1 2 -2 9 5 -4 11 -7 -9 -3 -8 12 14 -14 22 16 17 -16 -17 -20 21 -13 23 -6 -5 -26 -25 -28 -29 -30
right_child=1 3 4 24 6 7 10 8 -10 -11 -12 20 13 -15 15 18 -18 -19 19 -21 -22 -23 -24 26 25 -27 27 28 29 -31
leaf_value=-0.047392404818342317 -0.017539522075852538 0.12592007269380484 -0.011097356881127731 0.0085517952719288918 0.08736398730574739 0.092798165070637706 0.09785900560803433 -0.036225563478124528 0.045975126209665873 0.028562740420393841 0.02385241003236506 -0.00038396917920140492 0.13949978939146662 -0.0022772814107087122 0.15561213800370632 -0.034738872764353466 0.0066105195970854918 0.0019584615443842706 -0.005682636424231822 0.099399652536373839 -0.0011611895598136145 0.10116330165869594 -0.026782059043243586 -0.018537757741518227 0.043873524713174232 -0.028447416621026525 -0.038793113343207952 0.094811181836298039 0.0034142609006143441 0.086254694429909518
leaf_weight=118.99047596752644 107.74645066261292 7.0753217190504056 180.66645919904113 51.921174377202988 5.6263594254851332 7.100544277578595 5.8503107354044905 8.3094062395393866 13.88909140229225 5.9141753166913986 107.39068542793393 5.5151936188340214 4.10854923725128 5.7806396707892418 6.4202675670385361 15.528140157461168 13.064120251685381 5.3115085028111935 8.1920724064111692 4.5537226349115363 11.954185485839842 8.8968458212912065 49.216738104820251 57.954559978097677 61.417024064809084 5.6132483333349219 9.6539109311997873 5.3509067520499221 38.891382928937674 3.8927305638790122
leaf_count=2336 1683 66 2535 654 73 89 66 117 178 65 1308 71 51 82 85 228 174 72 110 63 142 96 693 874 657 69 136 72 543 49
internal_value=-0.000273716 0.00654038 0.00194349 0.0306104 0.00554349 -0.00480299 0.0113653 0.0340099 0.0152055 0.0815928 0.0276758 0.00425892 0.000954452 0.0566252 -0.00150709 0.0181363 0.0441942 0.0860461 -0.00471615 0.0318604 0.0335291 0.0623032 -0.00761818 0.000152968 0.0250431 0.0378172 -0.00408641 0.0104064 0.0202738 0.0109515
internal_weight=941.796 822.806 690.865 131.941 583.118 209.966 373.153 29.299 22.1985 12.9895 113.241 259.912 233.546 9.88919 223.656 53.0698 24.7959 11.7318 28.2739 12.7458 26.3662 14.412 170.587 121.37 118.951 67.0303 115.743 57.7889 48.135 42.7841
internal_count=13437 11101 9590 1511 7907 2919 4988 384 295 131 1374 3614 3305 133 3172 732 331 157 401 173 309 167 2440 1747 1380 726 1674 800 664 592
is_linear=0
shrinkage=0.05


Tree=9
num_leaves=31
num_cat=0
split_feature=5 3 3 14 19 15 37 3 15 37 21 3 17 11 16 15 21 1 38 13 16 37 26 13 14 3 16 5 4 37
split_gain=104.624 30.5251 17.3298 12.1306 11.8503 19.4575 12.8662 12.0304 10.5088 9.93828 16.4285 14.4614 8.65351 9.73939 9.72675 10.482 13.1354 8.80089 8.74571 8.49546 8.46276 12.2444 12.1127 10.6694 18.7151 17.0523 19.6166 16.499 14.2992 13.5537
threshold=0.0011917169686461425 0.0060466679920230032 0.0016558986777185992 0.17510722799022441 -0.00086370197719687315 0.50040779985872552 0.1411249048660663 0.0026364825663702518 0.42972953945442244 0.0055316230904419424 -0.00043628067183858188 0.0024918597946870041 1.6277501080319374 3.7091483111048138 0.044442147811308501 0.22999200665245759 0.0046719836629968399 -0.0013203207890476684 0.27033167725022927 0.26001866999585027 0.042564688585134645 0.85097081764859939 0.028215327901629454 0.14106794973422107 0.32882740957949863 0.0021645633142112031 0.19356790195734158 0.0044856406922645234 295.73214285714295 0.32535866455770474
decision_type=2 2 2 2 2 2 2 2 2 2 2 2 2 2 2 2 2 2 2 2 2 2 2 2 2 2 2 2 2 2
left_child=-1 2 -2 8 5 -4 -7 -8 -3 10 -6 -12 14 19 -5 18 17 -17 -16 -14 -11 22 23 27 28 26 -26 29 -25 -22
right_child=1 3 4 12 9 6 7 -9 -10 20 11 -13 13 -15 15 16 -18 -19 -20 -21 21 -23 -24 24 25 -27 -28 -29 -30 -31
leaf_value=-0.039875043867376295 -0.017418821116875496 0.12436808297192192 -0.010371927094251434 -0.035213983841868628 0.12990502270939133 0.092248735641382154 -0.034981448307274947 0.042016353642018861 0.035876892192592283 -0.0085416379787073126 -0.054307593926378329 0.07442978694365425 -0.0059021921909735882 -0.02767636158970152 -0.012763726130946937 0.071273104674599103 0.12295862812880254 -0.0079821754308827316 0.061781866787655897 0.04961866303054499 -0.00645533757227714 -0.01710303686575133 -0.021842125677128642 0.027304072303715544 0.028983567009835832 0.037109687409132897 0.17417385726609402 0.083838595210586578 -0.032643265400095448 0.027055414695022442
leaf_weight=141.77622927352786 95.207711040973663 5.7604942023754111 174.38689133152366 10.122326850891112 4.5965843610465518 7.0978015735745457 7.825361721217635 14.423289410769938 8.034290246665476 55.322894468903542 4.1629462577402574 4.5829403102397919 7.9829391315579405 5.4844690710306159 23.718080021440986 5.9451081231236467 4.4318146035075179 8.5263312011957169 4.7170027866959563 50.321406148374081 82.232642538845539 30.765460558235645 19.383224181830883 26.616183999925852 4.1861150451004487 57.518638946115971 5.236698105931282 7.1534246504306784 15.88390778005123 47.662926059216261
leaf_count=2760 1520 54 2462 127 57 81 113 178 77 749 59 52 87 69 298 75 44 108 60 511 1136 423 237 327 56 731 68 82 209 627
internal_value=-0.000290434 0.00673099 0.00232524 0.0284017 0.00562869 -0.00403318 0.0336339 0.0149345 0.0728295 0.0110172 0.0533745 0.0131522 0.0233471 0.0360247 0.0092732 0.0187859 0.0476425 0.0245772 -0.000397602 0.0420168 0.00941148 0.0127597 0.0162153 0.019208 0.0308489 0.0473238 0.109673 0.00991203 0.00489946 0.00584085
internal_weight=941.066 799.29 664.246 135.044 569.038 203.733 29.3465 22.2487 13.7948 365.305 13.3425 8.74589 121.249 63.7888 57.4607 47.3383 18.9033 14.4714 28.4351 58.3043 351.962 296.639 265.874 246.491 109.442 66.9415 9.42281 137.049 42.5001 129.896
internal_count=13437 10677 9167 1510 7647 2834 372 291 131 4813 168 111 1379 667 712 585 227 183 358 598 4645 3896 3473 3236 1391 855 124 1845 536 1763
is_linear=0
shrinkage=0.05


Tree=10
num_leaves=31
num_cat=0
split_feature=18 18 35 9 17 14 38 13 39 21 32 5 7 4 5 20 32 16 2 9 38 21 7 19 37 37 35 17 20 19
split_gain=108.47 32.0938 20.6481 12.9725 10.5906 11.0448 11.4029 14.9716 10.2126 21.569 11.8977 11.8161 11.2385 11.4671 13.9647 9.83331 13.3201 9.87953 12.555 9.79664 11.5863 11.7298 9.7562 9.73711 10.7283 9.27451 10.3104 20.1769 10.0017 13.8969
threshold=0.0016395194565741878 0.003008720620740553 0.025012204285685121 1.0000000180025095e-35 0.73117446223738025 0.16379992035495508 0.25713651324783177 0.23622322018174433 1.0000000180025095e-35 0.0043257238782310513 7.5000000000000009 0.0041741210952309571 1.5000000000000002 270.99642857142948 0.0022665511650937606 -0.0014045994650473952 6.5000000000000009 0.075984990619155895 -0.0084673766623620337 1.0000000180025095e-35 0.25451734396003228 -0.0011879934038892509 3.5000000000000004 0.00035656877740631438 0.16548155736765149 0.18175706546995171 0.56679060445063534 1.553574263589532 0.0011426722959232665 -0.0032714371014403035
decision_type=2 2 2 2 2 2 2 2 2 2 2 2 2 2 2 2 2 2 2 2 2 2 2 2 2 2 2 2 2 2
left_child=-1 3 8 -2 -4 6 7 -6 9 11 12 19 13 14 -10 17 -17 18 -7 20 -3 -22 -19 -21 -25 26 -5 -28 29 -27
right_child=1 2 4 25 5 15 -8 -9 10 -11 -12 -13 -14 -15 -16 16 -18 22 -20 23 21 -23 -24 24 -26 28 27 -29 -30 -31
leaf_value=-0.04913074163729382 -0.014492061263871632 -0.013710456130366609 -0.015944755080071048 0.0090151582541429919 0.14337014686895544 0.096074988929379962 -0.0069941531635571699 0.048871440833049201 -0.0015089732611801004 0.11232752049418034 -0.035133034190996518 0.061140002564113421 -0.008135914794555164 0.0093098479363307382 0.1120282355860408 0.0273517481569618 0.081692302858001165 -0.011005613803127695 -0.00097800212757992943 0.0049923056707115018 0.10110056261783724 0.010725163937907303 0.034758705350309407 0.018370928596880949 0.11171340937705682 0.060381747968905497 0.10498802980681543 -0.023788540406831538 0.018169786709465917 -0.034591103966094702
leaf_weight=101.46742391958833 201.10923746228218 57.614706311374903 13.969458993524311 53.627114817500114 5.960409462451941 6.924058623611927 5.0708258002996436 14.12206222116947 4.6371684968471509 5.613205447793006 23.605534221976995 11.089018717408178 96.2971744351089 56.460457839071751 6.5109149739146233 75.064369410276413 13.270823806524275 42.048126742243767 6.4237105399370176 14.129928790032865 4.460493769496682 18.402904827147722 16.106650970876217 6.0565710738301259 6.260076466947794 4.3452067971229544 8.4053547978401166 4.7667131982743731 22.558212820440531 33.916964780539274
leaf_count=2177 3150 790 169 745 57 79 54 138 55 57 336 121 1336 769 65 782 129 519 75 171 51 251 193 66 68 57 101 59 286 531
internal_value=-0.000303111 0.00560325 0.0134544 -0.0065797 0.0260343 0.0292043 0.0600018 0.0769183 0.00541013 0.0165664 -0.00194523 0.0120116 0.00283444 0.0184599 0.0648012 0.0243578 0.0355155 0.0105734 0.0493675 0.00691654 -0.00175938 0.0283568 0.00166935 0.0333177 0.0658133 0.00588898 0.0187506 0.0583863 -0.00823698 -0.0238056
internal_weight=940.295 838.827 510.099 328.729 198.96 184.991 25.1533 20.0825 311.138 123.627 187.511 118.014 163.906 67.6085 11.1481 159.838 88.3352 71.5025 13.3478 106.925 80.4781 22.8634 58.1548 26.4466 12.3166 127.62 66.7992 13.1721 60.8204 38.2622
internal_count=13437 11260 6331 4929 2195 2026 249 195 4136 1575 2561 1518 2225 889 120 1777 911 866 154 1397 1092 302 712 305 134 1779 905 160 874 588
is_linear=0
shrinkage=0.05


Tree=11
num_leaves=31
num_cat=0
split_feature=18 18 17 12 37 32 7 6 23 15 37 7 6 5 4 37 11 23 12 21 3 15 11 5 17 7 37 37 5 5
split_gain=101.997 28.659 15.6556 14.1252 15.5969 15.3738 20.4502 13.463 20.0633 16.5755 13.4468 12.4547 18.1032 23.2165 14.7436 22.1482 25.1921 20.4623 13.4748 11.935 11.7575 10.893 10.8394 16.6953 12.2224 11.7136 16.3283 11.0998 13.3065 10.9707
threshold=0.0016395194565741878 0.003187245346470306 1.5214832966168543 0.67641701124323861 0.13679910199772749 11.500000000000002 4.5000000000000009 15.500000000000002 0.0014509070400183005 0.71149971294697745 0.85097081764859939 4.5000000000000009 20.500000000000004 0.0031859588737843197 295.73214285714295 0.27805918330780233 -0.63907479090827046 8.4248704439502875e-05 0.53481462150563797 0.0013531965241199708 0.001175719686853618 0.56277153876213581 -1.0815425623511465 0.003160532832370657 0.50394958101752574 2.5000000000000004 0.78348953682529821 0.0727688398974176 0.0019020219270883406 0.0039613322106088868
decision_type=2 2 2 2 2 2 2 2 2 2 2 2 2 2 2 2 2 2 2 2 2 2 2 2 2 2 2 2 2 2
left_child=-1 3 7 -2 5 6 19 9 11 10 22 14 -13 -14 15 -9 17 18 -17 21 -6 -5 23 -3 -24 26 27 -26 -29 -30
right_child=1 2 -4 4 20 -7 -8 8 -10 -11 -12 12 13 -15 -16 16 -18 -19 -20 -21 -22 -23 24 -25 25 -27 -28 28 29 -31
leaf_value=-0.048850383107798157 -0.019894355091500952 0.024027900905867434 0.034902177525096202 0.024147450137775965 0.068026982308228109 0.09523313072030673 -0.043099318217760023 -0.040395119437917876 0.096028553934726882 0.088990864803589087 -0.014434042332634026 -0.011319234697039934 0.0087636913855600514 0.1584371830285731 -0.017539051613351023 -0.026194574482636887 -0.029505522566736126 0.13396708000899385 0.095904733270038844 -0.022426978129475809 -0.010304184801673368 0.090943452659082602 -0.03844408052747627 0.14256515263856098 -0.033723695807897434 0.0043872700863227341 0.11519331357869436 0.1068189754668897 0.018653508431002677 0.075349210648234244
leaf_weight=97.058843024075031 112.31211189553142 8.7972424365580064 72.271733768284321 55.96118576079607 4.9381145164370528 5.954829540103673 14.055246047675608 11.003444131463764 5.2120820879936209 7.9017103537917128 32.352545820176601 11.607687663286926 5.4800365343689901 4.9142896197736263 114.00207237154245 5.2640311308205145 7.9467573165893581 8.4367027767002565 3.9591105580329895 12.29979085549712 160.3387949578464 6.8508178219199172 9.3428281061351282 4.4847968518733969 6.9832946844398966 65.901873003691435 5.5490232929587355 5.5322580821812144 62.672946695238352 9.8771262839436513
leaf_count=2177 1776 105 709 782 82 71 219 163 53 83 435 160 70 62 1572 70 104 99 48 161 2332 89 128 42 86 786 64 62 738 109
internal_value=-0.000314581 0.00527887 0.0134968 -0.00507304 0.00131951 0.0174496 0.012255 0.00960225 -0.000622225 0.0178895 0.015233 -0.00354059 0.031599 0.0795272 -0.00867392 0.0189317 0.0444251 0.0776931 0.0262176 0.0226131 -0.00796382 0.0314328 0.0205908 0.064053 0.0171104 0.0204265 0.0320915 0.0266706 0.032072 0.0263722
internal_weight=939.263 842.204 469.494 372.711 260.399 95.1219 89.167 397.222 177.826 219.396 211.494 172.614 22.002 10.3943 150.612 36.61 25.6066 17.6598 9.22314 75.1118 165.277 62.812 179.141 13.282 165.859 156.517 90.6146 85.0656 78.0823 72.5501
internal_count=13437 11260 5748 5512 3736 1322 1251 5039 2401 2638 2555 2348 292 132 2056 484 321 217 118 1032 2414 871 2120 147 1973 1845 1059 995 909 847
is_linear=0
shrinkage=0.05


Tree=12
num_leaves=31
num_cat=0
split_feature=18 18 35 4 16 6 6 37 2 6 37 19 1 16 21 27 3 39 21 7 6 17 37 32 5 38 4 0 32 7
split_gain=95.9133 26.2624 21.2924 10.3527 10.6836 10.0354 13.603 14.714 14.3966 13.7024 12.1973 10.8109 9.95571 9.79608 10.5797 10.3875 9.33226 10.1599 17.3925 10.805 15.7712 9.99614 9.99016 10.4235 9.98629 15.6005 11.7791 11.2634 9.11609 12.296
threshold=0.0016395194565741878 0.0026158682156896952 0.025012204285685121 175.28214285714321 0.73031042323443673 11.500000000000002 15.500000000000002 0.92111245811183118 0.0030454793288682371 21.500000000000004 0.6782570300214753 0.006531108962924667 0.0044852136308406055 0.10848435621526163 -0.0019245853299792374 0.32991991097180867 0.0015241686248595669 1.0000000180025095e-35 0.0043257238782310513 3.5000000000000004 20.500000000000004 1.1102459735402332 0.19452779090270647 6.5000000000000009 0.0039613322106088868 0.22770438745970897 331.62142857142737 -0.0020723311501697566 9.5000000000000018 4.5000000000000009
decision_type=2 2 2 2 2 2 2 2 2 2 2 2 2 2 2 2 2 2 2 2 2 2 2 2 2 2 2 2 2 2
left_child=-1 3 16 4 28 -4 7 8 13 -8 -11 12 -10 14 -7 -15 -3 18 21 22 -21 24 -19 -24 26 -26 27 -18 29 -2
right_child=1 2 5 -5 -6 6 9 -9 11 10 -12 -13 -14 15 -16 -17 17 19 -20 20 -22 -23 23 -25 25 -27 -28 -29 -30 -31
leaf_value=-0.048569639656414275 0.0041763792420736788 -0.034560964020497673 0.009366997559895179 -0.02348482565193313 0.072202658737416645 0.12541883657112304 -0.0029829013410560485 -0.01745302712276588 0.061885948950032493 -0.003172951101640808 0.090749829670069282 0.031904771982478167 0.13092382756176116 0.0067346233748332082 0.030956011822671315 0.073295735541298063 0.07601983192643863 0.078181918420424601 0.096585638824492726 -0.029933065011328509 0.048456496829621228 -0.023123893351977898 0.0085412522808305611 -0.029146627962589069 0.097804790863790639 -0.015289888200644704 -0.040012742473216574 0.01157487417004339 0.035379247998801891 -0.027111722083625812
leaf_weight=92.845516517758369 81.592923235148191 15.906680099666117 95.008290283381939 82.891698505729437 4.7631171382963648 5.2246456779539585 42.705365609377623 9.1550981216132623 10.378466606140142 5.7412056773900977 8.6870073899626714 9.3371635600924474 10.510398223996161 29.549142479896545 6.8506486192345601 7.3119469992816439 7.2688805647194377 4.4880871661007395 6.1403457820415488 53.380646262317896 7.2929555475711814 19.040421862155199 111.50478639826179 21.959464274346828 8.4263874590396863 4.7784254327416411 10.315244540572165 100.81090511381626 13.419976774603127 51.046210389584303
leaf_count=2177 1212 269 1082 1335 75 54 496 104 91 68 75 77 86 330 71 76 96 52 56 754 100 254 1495 315 88 48 138 1328 200 835
internal_value=-0.000329992 0.00496735 0.010414 -0.00928993 -0.00148844 0.0220055 0.0302609 0.0425593 0.0494997 0.0112498 0.0533765 0.0766307 0.0966229 0.032742 0.0718275 0.019938 0.00290752 0.00458447 0.0140998 -0.00292621 -0.0205107 0.0107375 0.0048077 0.0023403 0.0156367 0.0568792 0.0110369 0.0159091 -0.00389157 -0.00786486
internal_weight=938.332 845.487 611.773 233.714 150.822 240.459 145.451 88.3175 79.1624 57.1336 14.4282 30.226 20.8889 48.9364 12.0753 36.8611 371.313 355.407 156.781 198.626 60.6736 150.64 137.952 133.464 131.6 13.2048 118.395 108.08 146.059 132.639
internal_count=13437 11260 7603 3657 2322 2610 1528 889 785 639 143 254 177 531 125 406 4993 4724 2008 2716 854 1952 1862 1810 1698 136 1562 1424 2247 2047
is_linear=0
shrinkage=0.05


Tree=13
num_leaves=31
num_cat=0
split_feature=18 18 35 17 3 39 21 7 6 17 37 7 31 20 19 12 0 35 6 38 32 5 14 32 20 35 32 12 6 17
split_gain=90.236 23.5685 18.6935 8.96543 8.62885 9.03801 14.3361 9.91683 14.2599 8.99447 8.57743 20.3873 10.8232 14.0077 18.4921 25.498 11.6393 9.05584 11.0104 10.8052 8.73296 19.6601 8.42107 11.1908 12.851 10.2828 9.89909 9.40037 8.83449 8.65053
threshold=0.0016395194565741878 0.0026158682156896952 0.025012204285685121 0.73117446223738025 0.0015241686248595669 1.0000000180025095e-35 0.0043257238782310513 3.5000000000000004 20.500000000000004 1.1102459735402332 0.15737463113509353 3.5000000000000004 0.14457195705619791 -0.00033292753787695668 -0.0014048115066384096 0.67641701124323861 0.00011883684016214461 0.56679060445063534 8.5000000000000018 0.25333286786081094 9.5000000000000018 0.0014316226703390306 0.16379992035495508 6.5000000000000009 -0.00097731525982817534 0.65837571479241019 4.5000000000000009 2.1786952783313414 13.500000000000002 0.78019105565986424
decision_type=2 2 2 2 2 2 2 2 2 2 2 2 2 2 2 2 2 2 2 2 2 2 2 2 2 2 2 2 2 2
left_child=-1 10 4 -4 -3 6 9 -7 -9 -6 11 12 13 14 -2 -16 -17 18 19 -15 -12 -22 26 27 -25 -26 -5 29 -29 -24
right_child=1 2 3 22 5 7 -8 8 -10 -11 20 -13 -14 17 15 16 -18 -19 -20 -21 21 -23 23 24 25 -27 -28 28 -30 -31
leaf_value=-0.048287892838333263 -0.0051920387701830419 -0.033866556678915215 -0.015322263049029013 0.060698481702928013 0.014642946599689823 0.0045412727070270357 0.085478793607818571 -0.029183794371011186 0.044159512522458151 -0.022406040444590169 -0.021894852126295019 -0.023654642253343409 -0.030895856191204329 0.0039022109621524451 0.010590025209777613 0.22438096742818373 0.097355390944194667 0.075301439414762195 -0.032295212596015775 0.10214184450482873 0.086994591887314426 -0.038357452007326862 0.075325218131035598 0.0080932427964789562 0.10107884774768149 0.021476373435887319 -0.0093836967494748333 0.011703747452122864 0.061565037598832785 0.0053967136351159581
leaf_weight=88.8197903893888 6.1508213132619884 15.433320399373768 16.270986974239349 25.627778574824337 133.29228007420897 138.49690479412675 6.5789799094200125 52.047884251922369 7.5942518040537825 18.677315384149551 115.26879538968205 44.899755325168371 8.5801465846598131 10.348743796348574 4.6706567928194982 3.588136438280344 3.6255596689879894 4.5948484502732745 13.767491389065979 3.8366389870643607 6.0383927188813669 6.4897563606500626 4.5841133520007125 12.532765135169031 11.918681405484678 6.1504643186926833 6.2718302458524695 17.595863863825798 17.942341729998589 125.4958370514214
leaf_count=2177 92 269 200 238 1698 1862 56 754 100 254 1889 712 124 154 75 51 51 56 202 55 94 102 54 142 111 49 62 181 161 1412
internal_value=-0.000338398 0.00468165 0.0097924 0.0205359 0.00273662 0.00432038 0.0132178 -0.00279927 -0.019845 0.0100896 -0.00890776 0.00174957 0.0210292 0.029837 0.065184 0.101608 0.160539 0.0102508 -0.000442162 0.0304725 -0.0175858 0.0220605 0.0230935 0.0192201 0.0469986 0.0739834 0.0469195 0.0140874 0.0368775 0.00786105
internal_weight=937.191 848.371 616.512 244.391 372.121 356.688 158.549 198.139 59.6421 151.97 231.86 104.063 59.163 50.5829 18.0352 11.8844 7.2137 32.5477 27.9529 14.1854 127.797 12.5281 228.12 196.22 30.6019 18.0691 31.8996 165.618 35.5382 130.08
internal_count=13437 11260 7603 2610 4993 4724 2008 2716 854 1952 3657 1572 860 736 269 177 102 467 411 209 2085 196 2410 2110 302 160 300 1808 342 1466
is_linear=0
shrinkage=0.05


Tree=14
num_leaves=31
num_cat=0
split_feature=18 18 31 9 6 15 21 6 38 37 4 4 18 21 20 20 37 39 20 38 4 37 7 4 6 5 13 36 21 37
split_gain=84.906 21.4003 12.9387 11.1686 10.901 14.5068 13.5142 34.6374 13.2211 14.1763 18.5422 10.5593 24.9428 11.4318 10.4588 10.3102 11.6951 13.6969 16.3119 10.7512 8.87666 21.7191 18.6589 13.574 11.0147 8.58768 8.5691 8.30419 7.96666 10.4197
threshold=0.0016395194565741878 0.003008720620740553 0.92139378498066493 1.0000000180025095e-35 15.500000000000002 0.71149971294697745 0.0046719836629968399 20.500000000000004 0.16210264179608272 0.34533651948181282 311.57499999999874 398.63071428571214 0.0051110373952991161 0.00069453945499173188 0.014301567599858468 0.0031071926142971621 0.11599550484574898 1.0000000180025095e-35 0.0052794057441555098 0.22717156391613283 301.39285714285614 0.25132558626899409 1.5000000000000002 235.42142857142974 19.500000000000004 0.0027856161136784068 0.18293723449204749 1.7093990953378451 -3.6192317715305957e-05 0.04071283247815382
decision_type=2 2 2 2 2 2 2 2 2 2 2 2 2 2 2 2 2 2 2 2 2 2 2 2 2 2 2 2 2 2
left_child=-1 3 4 -2 5 8 20 14 9 10 -3 12 15 -14 -8 -10 -17 18 -18 -19 21 -6 26 -24 -25 -22 -23 -13 29 -5
right_child=1 2 -4 28 6 -7 7 -9 11 -11 -12 27 13 -15 -16 16 17 19 -20 -21 25 22 23 24 -26 -27 -28 -29 -30 -31
leaf_value=-0.04800452103540185 -0.013246644749725209 -0.017642673601409222 0.0575441449344712 0.044110192438238917 -0.038717941210714403 0.07093983770781985 -0.037527377655605487 0.1396268031891241 0.010193993164242162 -0.028530287834074325 0.11313178026109848 -0.012483132545203319 0.042449186978611185 0.12641583154895727 0.057694599845599305 -0.022919062610214404 0.040491258815785858 0.0055369979947305636 0.14870768432225914 0.068463730971167577 -0.035392767594276446 0.038731379787052531 0.084344090193187726 -0.042463251417124107 0.021710260731579147 -0.0042233861702563056 0.11021229956260588 0.054249862485106139 0.017859004960916428 -0.015385541522867561
leaf_weight=84.974239606410265 195.28934734687209 6.5305336154997331 14.286710344254969 8.5425046943128091 16.260077405720949 11.269446514546869 8.5807667374610919 6.0262651517987242 140.01648747548461 33.054838597774506 4.6338313072919846 39.205144092440605 8.6717777736485022 7.6117034479975691 4.3433309867978087 7.1787285245954982 8.2371545583009702 20.056841019541029 6.0324574857950202 10.26000629737973 28.960166599601507 9.5063629597425479 4.6282091178 12.586301829665901 14.264714688062666 93.265264488756657 7.5009548515081397 5.2909646928310385 65.921038445085287 53.121012385934591
leaf_count=2177 3150 75 137 103 241 107 111 54 1669 390 40 463 104 78 43 69 89 214 52 95 405 108 52 175 176 1258 81 45 865 811
internal_value=-0.000346988 0.00441098 0.0106093 -0.00573019 0.00930467 0.0152582 0.000398491 0.0406325 0.0131438 -0.0120773 0.036636 0.0175596 0.0222875 0.0816993 -0.00552665 0.017243 0.0363095 0.0458457 0.0862396 0.026833 -0.00367939 0.0112891 0.0280591 0.00526053 -0.00837081 -0.0116087 0.0702575 -0.00454801 0.00577499 -0.00714335
internal_weight=936.107 851.133 528.259 322.874 513.972 308.05 205.922 18.9504 296.78 44.2192 11.1644 252.561 208.065 16.2835 12.9241 191.782 51.7652 44.5865 14.2696 30.3168 186.972 64.7466 48.4865 31.4792 26.851 122.225 17.0073 44.4961 127.585 61.6635
internal_count=13437 11260 6331 4929 6194 3490 2704 208 3383 505 115 2878 2370 182 154 2188 519 450 141 309 2496 833 592 403 351 1663 189 508 1779 914
is_linear=0
shrinkage=0.05


Tree=15
num_leaves=31
num_cat=0
split_feature=18 18 35 2 19 6 6 31 18 6 37 19 13 37 1 38 35 5 37 7 20 11 1 6 21 5 38 32 5 3
split_gain=79.9018 19.5126 15.161 8.90088 9.15245 8.10243 10.4785 12.2336 11.2044 10.5362 10.4748 9.37695 10.0393 8.5006 8.18728 16.0179 9.67393 7.96602 7.95731 19.4533 21.7587 14.0521 12.4374 8.26272 9.26505 9.84111 16.3169 8.11149 14.4279 7.80802
threshold=0.0016395194565741878 0.0026158682156896952 0.025012204285685121 -0.0071649050289779841 -0.0014048115066384096 11.500000000000002 15.500000000000002 0.21235337310896993 0.0039727982601029076 21.500000000000004 0.92111245811183118 -0.0017964885768504137 0.28614036915934216 0.6782570300214753 0.0055578240783208067 0.20870286074258534 0.77041373724198714 0.0023931613088980282 0.15737463113509353 3.5000000000000004 -0.00033292753787695668 -0.33770917879627882 -0.00044465514030533453 12.500000000000002 0.0017168554766987647 0.001264482418061182 0.24669239910120619 9.5000000000000018 0.0014504291932456684 0.0015241686248595669
decision_type=2 2 2 2 2 2 2 2 2 2 2 2 2 2 2 2 2 2 2 2 2 2 2 2 2 2 2 2 2 2
left_child=-1 3 29 -2 -5 -4 7 10 -9 -8 11 -7 17 -11 15 -14 -17 -13 19 20 21 22 -6 24 25 -22 -27 -20 -29 -3
right_child=1 2 5 4 18 6 9 8 -10 13 -12 12 14 -15 -16 16 -18 -19 27 -21 23 -23 -24 -25 -26 26 -28 28 -30 -31
leaf_value=-0.047718946101810253 0.069165608663570619 -0.033085874259597782 0.0070313415694524487 -0.032162814248705089 0.10128381201680159 0.008430506754577155 -0.0037959400043820128 0.028745589576754296 0.10736406019241243 -0.0037344129067339291 -0.029080869027072548 -0.019987447938832718 0.14205358647174451 0.072785051126257952 0.027276459087257621 0.086970255201165525 -0.0023096992923624837 0.057690169746796749 -0.01977352875743359 -0.022002137027650946 -0.021138916571343317 0.14346779056834849 -0.019584092303859615 -0.045852997661107321 -0.054458274200874693 0.01737959054596426 0.11946907224345366 0.077769345426637437 -0.034912294029496936 0.0038283725689503066
leaf_weight=81.301616434007883 3.6463490128517142 14.920328486710785 98.02338045835495 37.425045732408762 4.1776609756052485 24.575482543557882 43.225437995046377 8.1560803428292292 10.198886707425116 5.7897627465426913 7.5191302113234988 8.1105751395225507 7.1373364329338136 9.7274252176284772 10.276529625058172 6.9397704377770406 5.3912405781447887 5.565399043262004 89.040338207036257 36.38354529440403 7.5680407918989721 5.2894088849425307 4.3388739712536326 6.3738994300365439 3.9877024330198756 13.909344449639322 5.4465533383190623 6.0667086616158468 5.3423456996679306 358.98117001727223
leaf_count=2177 52 269 1082 617 60 252 496 81 88 68 86 83 54 75 79 68 49 49 1497 594 110 66 65 102 56 193 70 88 87 4724
internal_value=-0.000355698 0.00415579 0.00873354 -0.00832904 -0.00958297 0.0182486 0.0254534 0.0358177 0.0724297 0.00889148 0.0269186 0.0331111 0.04708 0.0442342 0.0633821 0.0824408 0.0479362 0.0116232 -0.00508621 0.00593916 0.0258369 0.0794597 0.0397059 0.00598161 0.0166698 0.0272045 0.0461065 -0.0146875 0.0250056 0.00235533
internal_weight=934.835 853.534 624.538 228.996 225.349 250.636 152.613 93.8704 18.355 58.7426 75.5155 67.9963 43.4209 15.5172 29.7449 19.4683 12.331 13.676 187.924 87.475 51.0915 13.8059 8.51653 37.2855 30.9116 26.9239 19.3559 100.449 11.4091 373.901
internal_count=13437 11260 7603 3657 3605 2610 1528 889 169 639 720 634 382 143 250 171 117 132 2988 1316 722 191 125 531 429 373 263 1672 175 4993
is_linear=0
shrinkage=0.05


Tree=16
num_leaves=31
num_cat=0
split_feature=5 3 3 9 21 16 15 3 15 37 23 38 21 2 37 38 27 3 0 5 1 14 4 38 14 37 17 0 0 38
split_gain=68.0935 15.484 10.6839 10.6594 14.0268 14.6987 12.9402 12.8705 10.19 9.42545 8.95393 8.59722 13.7627 12.168 10.5798 8.04812 7.84493 8.3734 10.1318 7.69397 12.6701 12.7766 9.20292 12.5809 11.7509 9.76606 8.42273 12.5207 8.09908 7.674
threshold=0.0011234263540418866 0.0060466679920230032 0.0062308044229463034 1.0000000180025095e-35 -5.3153889500971663e-05 0.70524108749080183 0.47115673506184658 0.0015366713584228306 0.53772669929195593 0.03863407504783032 0.0014509070400183005 0.24864312350552872 0.00099960370366588181 -0.005894117916262453 0.55575373355715219 0.21784636486773037 0.10201159784633874 0.0018971917644442528 -0.0015753998359510973 0.0031079027680733025 0.0041185736255171758 0.33268576597249117 392.24642857142891 0.16023909112000462 0.28224960816040523 0.45584731741183987 0.55491078325502063 -0.00038024926064871982 0.00027108039850880179 0.27978465353764898
decision_type=2 2 2 2 2 2 2 2 2 2 2 2 2 2 2 2 2 2 2 2 2 2 2 2 2 2 2 2 2 2
left_child=-1 3 -3 7 9 6 16 29 -8 -5 11 19 13 14 -13 -10 17 -6 -19 26 22 -22 23 -21 -25 -24 27 -9 -29 -2
right_child=1 2 -4 4 5 -7 8 10 15 -11 -12 12 -14 -15 -16 -17 -18 18 -20 20 21 -23 25 24 -26 -27 -28 28 -30 -31
leaf_value=-0.039968677936388891 -0.03470971431033263 0.067723403691907186 0.015175136297011137 0.03782132447541018 -0.016449115541579649 0.1086737849532238 0.107916736022848 0.097847430913006447 -9.5765304657622604e-05 -0.0078621228264695031 0.077548715593269785 0.12076647910517375 -0.023177773203470083 0.01240086651904585 0.014553775391892315 0.070504374535124537 -0.046744548533820152 -0.013224993954384041 0.035408713042098708 -0.029662084601741707 -0.01548675394437995 0.082566239028366406 0.042914876044408495 0.07726204919730674 0.0085089264577269241 -0.036994555283491146 -0.013748655982156811 -0.054721152947285294 0.033378075164419381 0.023525072574685071
leaf_weight=97.21286091580987 43.464792035520077 10.396343842148779 138.99271265789866 12.812048122286795 17.287183728069067 4.7930138930678359 6.0864932052791145 4.2477310225367555 8.8566905036568659 95.091547045856714 3.6621543541550627 5.099840644747017 25.509581580758095 94.506765447556973 4.339704867452383 7.4172970205545417 5.7151813842356196 14.273201730102299 42.885751228779554 11.809849537909029 5.0442785136401644 9.7319112457334978 4.5693028792738941 9.4389270320534724 18.19429088383913 23.426196731626987 191.52862556651235 4.4957010634243453 6.2153655625879765 6.5036125630140296
leaf_count=2442 806 106 1404 150 266 50 69 56 99 1319 35 61 351 1277 58 75 69 175 457 156 64 111 55 121 246 343 2760 61 81 114
internal_value=-0.000360527 0.00424306 0.0188321 0.00107069 0.0102919 0.0230916 0.0190905 -0.00313582 0.0527242 -0.00243785 -0.000293473 -0.000975201 0.00973119 0.0178074 0.0719366 0.0320821 0.0097086 0.0140425 0.0232644 -0.00577601 0.00715975 0.049093 -0.00202808 0.0135329 0.0319935 -0.0239521 -0.0109265 0.0252077 -0.00359936 -0.0271302
internal_weight=933.609 836.396 149.389 687.007 215.218 107.315 102.522 471.789 22.3605 107.904 421.82 418.158 129.456 103.946 9.43955 16.274 80.1613 74.4461 57.159 288.702 82.2148 14.7762 67.4386 39.4431 27.6332 27.9955 206.487 14.9588 10.7111 49.9684
internal_count=13437 10995 1510 9485 2729 1260 1210 6756 243 1469 5836 5801 1747 1396 119 174 967 898 632 4054 1096 175 921 523 367 398 2958 198 142 920
is_linear=0
shrinkage=0.05


Tree=17
num_leaves=31
num_cat=0
split_feature=18 18 12 37 13 12 6 21 4 5 11 4 5 12 11 20 21 13 4 12 5 37 32 18 37 12 16 37 6 15
split_gain=71.7927 16.0354 13.0708 11.1344 12.8667 10.8212 13.0885 9.78115 9.58514 9.54238 9.30554 9.64049 16.0825 11.1727 17.5814 12.9857 16.8277 15.3164 13.4414 9.6026 9.01116 10.2977 20.2526 8.93791 12.8534 8.64573 8.10641 7.92307 9.75023 8.39807
threshold=0.0016395194565741878 0.0026158682156896952 1.6856035160645637 0.55575373355715219 0.24201329893751813 1.3927441613971536 13.500000000000002 0.0057059401314910737 175.28214285714321 0.0017187019090348168 0.86797608233782386 458.36071428571273 0.0028792591266505866 1.0879657929489299 0.28490896134059934 -0.00084990692836035657 0.00093204505263689099 0.15434224388165413 392.24642857142891 0.8421682042051043 0.0042306547748009061 0.38303399005734956 3.5000000000000004 0.0022869000198222464 0.03863407504783032 0.79493338670028479 0.35899353700400366 0.5366155639878698 13.500000000000002 0.3263228296028502
decision_type=2 2 2 2 2 2 2 2 2 2 2 2 2 2 2 2 2 2 2 2 2 2 2 2 2 2 2 2 2 2
left_child=-1 8 3 4 20 25 -7 9 23 -4 11 12 -5 15 -15 19 17 -17 26 -14 27 22 -22 -2 -25 -6 -18 28 29 -3
right_child=1 2 7 10 5 6 -8 -9 -10 -11 -12 -13 13 14 -16 16 18 -19 -20 -21 21 -23 -24 24 -26 -27 -28 -29 -30 -31
leaf_value=-0.047207184187028642 -0.0061646696597692629 0.00074987883448873424 0.069109462772217342 -0.011694721761659753 0.082343732930700964 0.027963465046574321 0.11234035914626157 0.084995683622719295 -0.021764883416406828 0.015125359208629419 -0.044874248511741238 -0.021659463423050834 -0.038601988180162555 0.13744905274834338 0.024494559262747836 0.16026341177876913 0.068404855002735784 0.022437964172101248 -0.034130082749134899 0.034743822939760069 0.0059327801417250227 -0.00071437884543907389 0.13692413150309066 0.085444597818047197 0.0062742072349559336 0.007064719031154393 -0.017140897454434815 0.06310416096874559 -0.011727227947719332 0.024149441152821617
leaf_weight=75.198548097163439 118.76689208671451 106.89378173649311 9.0960624925792199 72.977700755000114 4.3499651774764052 10.999320738017561 7.8948376998305312 6.2906506210565558 78.773104134947062 81.806000798940659 13.323489561676977 45.600828554481268 16.184642277657989 4.8766424655914333 11.734472829848526 4.1743197552859801 9.2769912071526068 3.8981332406401634 9.91901797801256 6.1613322980701914 6.1820572465658206 9.8713455982506257 5.64539535343647 6.728072531521323 21.538232706487179 30.962520737200975 3.947776284068822 5.4445858821272841 84.239555027335882 59.793523285537958
leaf_count=2177 1919 1336 89 970 56 102 71 39 1335 745 143 622 238 48 126 52 111 53 140 84 54 110 55 81 322 358 51 63 1190 697
internal_value=-0.000363729 0.00374492 0.00783372 0.00476596 0.0103945 0.0326791 0.06322 0.0246999 -0.00769081 0.0205272 -0.00448918 -0.00163851 0.00473918 0.0218298 0.0576554 0.0107193 0.0315491 0.0937084 0.00986813 -0.0183788 0.00605039 0.036989 0.0684566 -0.000150618 0.0251187 0.016338 0.0428683 0.00343181 0.00213704 0.00914369
internal_weight=932.55 857.351 631.545 534.352 332.277 54.2066 18.8942 97.1927 225.806 90.9021 202.075 188.752 143.151 70.1733 16.6111 53.5622 31.2162 8.07245 23.1438 22.346 278.07 21.6988 11.8275 147.033 28.2663 35.3125 13.2248 256.371 250.927 166.687
internal_count=13437 11260 7603 6730 4092 587 173 873 3657 834 2638 2495 1873 903 174 729 407 105 302 322 3505 219 109 2322 403 414 162 3286 3223 2033
is_linear=0
shrinkage=0.05


Tree=18
num_leaves=31
num_cat=0
split_feature=18 13 9 16 11 35 13 14 7 3 17 21 20 32 34 12 21 2 15 4 18 21 36 13 12 8 21 15 5 5
split_gain=67.5882 15.0035 12.8909 12.499 10.8028 9.54648 11.0263 10.5734 9.43049 9.2807 9.63193 8.68826 8.36762 11.5171 11.7373 14.0286 8.15398 8.12466 8.95357 10.6541 8.53215 8.87957 8.06858 13.8677 7.91722 7.89721 7.3248 10.7632 7.24196 11.7344
threshold=0.0016395194565741878 0.14106794973422107 1.0000000180025095e-35 0.70524108749080183 -1.104770900402767 0.060151955392517296 0.1515101560654748 0.57894778037318095 2.5000000000000004 0.0016804508746695818 1.4057202196438812 -0.00055830999640181143 -0.0014045994650473952 6.5000000000000009 1.3797237172628471 1.4296309806723551 -0.0023480253302732268 -0.0054926806416924307 0.22287172634500241 270.99642857142948 0.0042663697870632018 -0.0042124288418426831 0.36973339344810824 0.19904258588468252 0.67641701124323861 1.0000000180025095e-35 0.0046719836629968399 0.26739137029835974 0.0019142036055191985 0.0016253734387923363
decision_type=2 2 2 2 2 2 2 2 2 2 2 2 2 2 2 2 2 2 2 2 2 2 2 2 2 2 2 2 2 2
left_child=-1 2 9 16 8 6 7 11 -3 -2 -11 -6 17 22 15 -15 24 18 20 -20 -7 -22 23 -14 -4 26 28 -28 29 -24
right_child=1 4 3 -5 5 12 -8 -9 -10 10 -12 -13 13 14 -16 -17 -18 -19 19 -21 21 -23 25 -25 -26 -27 27 -29 -30 -31
leaf_value=-0.046912516165367332 -0.027057588014773138 0.096237301956573179 0.0075138600670824167 0.081700935543610173 0.0076946951007518596 -0.017326937322360826 -0.0043190968821693069 -0.018152266134665387 -0.0026721305445027575 -0.0022184103061395725 -0.04989063096634587 0.099669546338037596 0.11905600322216664 0.041225573906426678 0.0066444470607075444 0.13603531489138218 0.002612171008633488 -0.011171133719920913 0.093017764542081854 0.019395986841765685 -0.0089708130595707401 0.0617121303656957 0.0042088910016537615 0.021080783752759284 0.10929010276779681 -0.012025043520832484 0.0054325538564315165 0.091843398007970811 -0.0011354941082654931 0.068663561461204003
leaf_weight=71.969138164073229 61.081687238067389 6.5722786858677846 4.0130582861602297 5.7367274165153495 4.0207311287522325 25.003612067550421 167.15413660928607 5.5320745408534995 3.8051595836877823 192.69478168711066 11.212032418698071 7.1047245785593995 4.8416001647710827 10.187438238412147 9.0329837910830957 6.3234602212905875 109.25124442949891 49.963643036782742 6.7172313965857056 18.306670095771551 8.5043309107422846 9.3047298714518529 16.888059712946419 14.217952739447353 3.6476561203598976 28.422030307352543 6.8579173609614354 7.5943052247166634 43.191990792751312 12.135831214487551
leaf_count=2177 1101 83 54 62 57 303 2321 81 54 2706 167 91 56 111 78 51 1393 653 78 188 93 97 227 162 48 336 55 47 400 107
internal_value=-0.000368128 0.00353002 -0.00375787 0.0096445 0.00951934 0.00838442 -0.000453244 0.0383396 0.0599696 -0.00996109 -0.00483972 0.0664299 0.0142385 0.0216956 0.0524672 0.0775365 0.00610878 0.00412932 0.0153986 0.0391585 0.00151095 0.027959 0.0158363 0.0459689 0.0559747 0.0108462 0.0183466 0.0508394 0.011844 0.0311595
internal_weight=931.289 859.32 387.637 122.649 471.683 461.305 183.812 16.6575 10.3774 264.989 203.907 11.1255 277.494 159.694 25.5439 16.5109 116.912 117.8 67.8366 25.0239 42.8127 17.8091 134.15 19.0596 7.66071 115.09 86.6681 14.4522 72.2159 29.0239
internal_count=13437 11260 5531 1557 5729 5592 2550 229 137 3974 2873 148 3042 1630 240 162 1495 1412 759 266 493 190 1390 218 102 1172 836 102 734 334
is_linear=0
shrinkage=0.05


Tree=19
num_leaves=31
num_cat=0
split_feature=18 18 12 32 0 2 1 12 18 12 17 0 31 15 4 37 18 38 5 2 34 3 3 16 37 4 13 11 6 1
split_gain=63.842 15.7356 10.1549 12.9911 15.1768 17.4662 20.2104 13.6225 10.0674 10.028 14.7417 9.99453 9.57262 8.49253 7.81308 14.1749 15.9612 10.4795 11.4462 10.645 15.5277 8.82285 12.1796 7.78168 7.59554 7.16825 15.6353 30.2215 15.1049 10.7308
threshold=0.0015284697313733824 0.003187245346470306 0.67641701124323861 4.5000000000000009 -0.00042616922054707621 -0.00055239459416165737 -0.00077109776184678032 0.90539965382765053 0.0032040542753058406 1.4296309806723551 1.7528042267795756 -0.0018605063198609505 0.92139378498066493 0.31570414731826918 458.36071428571273 0.46449782479964996 0.0076849305739080378 0.13526510738066308 0.0038778178294437203 0.0098338720748750979 0.054685302933682241 0.0061369842248535254 0.0066921166146310723 0.15200083894412694 0.80390902457266156 270.99642857142948 0.086837729072112901 -0.88370542760176274 1.0000000180025095e-35 -0.010877038482354332
decision_type=2 2 2 2 2 2 2 2 2 2 2 2 2 2 2 2 2 2 2 2 2 2 2 2 2 2 2 2 2 2
left_child=-1 2 11 -4 -5 6 -6 -8 -3 -7 -11 -2 14 -14 17 16 -16 -10 19 25 -21 -17 -23 -20 -25 26 -19 -28 -27 -30
right_child=1 8 3 4 5 9 7 -9 12 10 -12 -13 13 -15 15 21 -18 18 23 20 -22 22 -24 24 -26 28 27 -29 29 -31
leaf_value=-0.0516848451376173 0.068470482270002797 0.078524181358740008 -0.0066428775039044114 -0.011982240171801986 0.012234918997435215 0.0024808737191672073 0.21521955779557561 0.073961734500966658 -0.029501343233575124 0.116182314772708 -0.0045832830641924548 -0.020288099377363047 0.083917939363883129 0.0084757242966047031 -0.0086065216496645346 -0.04094704575523242 0.08688448216212627 -0.013205388260287757 0.064179703398843699 0.086987791921614877 0.0099334834198547863 0.072236491872524747 -0.014056069099693154 0.033524837306195876 -0.043141338934560319 0.076100985845350702 0.11318593720313078 0.017025083077526426 0.066306513958728802 -0.0035631291954157695
leaf_weight=56.901935487985611 3.2699612714350215 5.1267355121672145 188.56082592904568 28.187751777470112 5.2154420278966427 28.927764769643545 3.3356956839561445 3.4950337521731853 16.324994400143623 5.4529836513102037 4.7093392349779606 105.4647810459137 7.728595130145548 7.2107124924659729 10.371605835855009 26.023639038205147 7.5699785873293868 30.901986643671989 16.09825224801898 10.300728328526022 17.899096488952637 4.7112066708505145 30.965285699814558 14.975327141582968 4.1193323694169512 6.4440839141607276 9.3450724519789201 65.017853952944279 5.6508179381489745 199.7541333027184
leaf_count=1806 51 53 2858 416 72 431 50 50 184 60 52 1843 70 59 111 374 70 387 172 98 147 58 360 168 54 72 92 699 53 2467
internal_value=-0.00036911 0.00297503 -0.00473206 0.00049872 0.017475 0.0337126 0.0863524 0.142943 0.00882077 0.0174909 0.0602181 -0.0176189 0.00809357 0.0475045 0.00685789 -0.00743417 0.0316834 0.00972622 0.0114092 0.00864074 0.0380796 -0.018809 -0.00266083 0.0385735 0.0169855 0.00602285 0.0166873 0.0291095 0.000723805 -0.00164097
internal_weight=930.061 873.159 376.62 267.885 79.324 51.1363 12.0462 6.83073 496.539 39.0901 10.1623 108.735 491.413 14.9393 476.473 79.6417 17.9416 396.832 380.507 345.314 28.1998 61.7001 35.6765 35.1929 19.0947 317.114 105.265 74.3629 211.849 205.405
internal_count=13437 11631 5883 3989 1131 715 172 100 5748 543 112 1894 5695 129 5566 973 181 4593 4409 4015 245 792 418 394 222 3770 1178 791 2592 2520
is_linear=0
shrinkage=0.05


Tree=20
num_leaves=31
num_cat=0
split_feature=18 3 14 0 21 6 7 21 6 7 20 13 21 14 15 3 9 11 7 18 37 37 32 4 37 6 0 4 36 13
split_gain=60.4301 14.528 8.29715 9.22892 8.88424 12.4466 10.789 10.4182 9.23669 13.7521 16.4108 19.8731 9.05708 14.2418 13.4596 11.3813 8.12864 8.10922 8.31449 11.0353 8.19393 9.0242 13.8359 9.36493 7.33062 8.65232 7.21172 7.42733 7.16935 10.8925
threshold=0.0015284697313733824 0.0016558986777185992 0.58562752465187973 -0.0038383455980921734 0.0046719836629968399 20.500000000000004 1.5000000000000002 0.0033728327590314992 15.500000000000002 5.5000000000000009 0.00041972491558213567 0.22333022976703257 -0.00062293965620091043 0.5364768811596321 0.6057045393863606 0.0029373593450603857 1.0000000180025095e-35 -0.30336799662689601 3.5000000000000004 0.0062615996249694118 0.69675299127760837 0.32255766975616645 5.5000000000000009 250.17500000000032 0.85097081764859939 12.500000000000002 0.0070734227887179783 451.64285714285614 1.690525679326097 0.14106794973422107
decision_type=2 2 2 2 2 2 2 2 2 2 2 2 2 2 2 2 2 2 2 2 2 2 2 2 2 2 2 2 2 2
left_child=-1 -2 3 -3 7 6 -6 8 12 17 11 -11 14 28 24 -15 -16 18 19 20 21 -10 23 -23 25 -5 -4 -28 29 -14
right_child=1 2 26 4 5 -7 -8 -9 9 10 -12 -13 13 15 16 -17 -18 -19 -20 -21 -22 22 -24 -25 -26 -27 27 -29 -30 -31
leaf_value=-0.051599981296988964 -0.014459935135481231 0.057789850306648773 -0.0036991001838064166 -0.0071133260576754943 -0.025030158276526427 0.10253745731154976 0.041024062365047985 -0.024907883381040628 -0.018822269189906107 0.12149216755527646 -0.0371444324014348 0.0027750764070515479 0.0068516705815884317 0.014419963022851501 0.076441273263346945 0.10499939087092468 0.0038220552587056632 -0.029661060730549155 -0.029857449861078508 0.073385814269128435 -0.039400219342687552 0.10624374984912566 -0.029432306068081102 0.02916905117775432 -0.041084616209614344 0.025807644084393511 0.056179265209266721 -0.014258115342550254 -0.014567243155973977 0.036343436573063923
leaf_weight=54.213568177074194 107.00306202843785 9.5506652407348138 261.71625704318285 75.257900035008788 9.1406814232468623 5.3931316137313834 19.097538091242313 25.251643642783165 17.047778911888599 7.3591102473437804 5.5052103940397492 6.766392732039094 67.245464701205492 5.7919735088944426 9.356726009398697 8.6428450103849155 6.5518013518303624 34.079105986282229 18.731791006401181 5.8676194287836543 10.131462998688219 5.1657428070902887 8.003055624663828 16.624743450433016 11.143998607993124 27.16182735003531 10.336232904344799 5.866783656179904 16.397110033780336 58.585681965574622
leaf_count=1806 2001 94 3436 996 96 40 175 283 259 99 77 82 854 80 99 95 70 472 289 81 145 53 112 212 154 294 83 60 174 666
internal_value=-0.000374535 0.00280013 0.00520564 0.00912077 0.008153 0.0329355 0.0196424 0.00628704 0.00815626 -0.00260932 0.0360845 0.0646244 0.0132461 0.0213331 0.00346084 0.0686544 0.0465336 -0.00917723 -0.000619522 0.00809587 0.00137167 0.0101904 0.0267913 0.0474407 -0.00257299 0.00161735 -0.00169503 0.0306753 0.0165304 0.0205827
internal_weight=928.987 874.773 767.77 489.851 480.3 33.6314 28.2382 446.669 421.417 135.282 19.6307 14.1255 286.135 156.663 129.472 14.4348 15.9085 115.651 81.5722 62.8404 56.9728 46.8413 29.7935 21.7905 113.564 102.42 277.919 16.203 142.228 125.831
internal_count=13437 11631 9630 6051 5957 311 271 5646 5363 1881 258 181 3482 1869 1613 175 169 1623 1151 862 781 636 377 265 1444 1290 3579 143 1694 1520
is_linear=0
shrinkage=0.05


Tree=21
num_leaves=31
num_cat=0
split_feature=18 18 12 4 37 13 17 4 18 37 34 1 15 20 0 17 17 11 32 7 17 21 13 3 32 13 7 20 11 37
split_gain=57.223 13.5918 9.72007 9.93339 9.70462 11.2765 8.98182 7.80834 8.63401 10.334 7.47195 9.10376 9.46986 15.9853 13.4553 10.4886 14.2208 8.18705 8.56184 7.16635 7.28641 7.13033 7.03144 7.41755 7.3525 15.6953 8.94425 8.93542 8.39662 7.91585
threshold=0.0015284697313733824 0.0026158682156896952 1.727630378292228 203.46785714285843 0.55575373355715219 0.24201329893751813 1.3021924338616595 175.28214285714321 0.0022869000198222464 0.03863407504783032 0.86527546357415563 0.00067385498422280058 0.04600301340989766 0.00090888345174537514 0.00038849007832191955 0.6221745184327635 0.69299839150177756 -0.34539838987514465 1.5000000000000002 3.5000000000000004 1.1209173061830418 0.0046719836629968399 0.0325162046240332 0.0036596053232516995 8.5000000000000018 0.12019318481356013 4.5000000000000009 0.0010392192901866116 -0.38545863285811383 0.1747231922195841
decision_type=2 2 2 2 2 2 2 2 2 2 2 2 2 2 2 2 2 2 2 2 2 2 2 2 2 2 2 2 2 2
left_child=-1 7 4 -4 5 -3 19 8 22 -10 11 -6 13 -13 15 -14 -17 -18 -19 20 -7 -16 -2 24 26 -26 29 -28 -29 -24
right_child=1 2 3 -5 10 6 -8 -9 9 -11 -12 12 14 -15 21 16 17 18 -20 -21 -22 -23 23 -25 25 -27 27 28 -30 -31
leaf_value=-0.051519520847210565 -0.032622313134043075 0.0048408804965618026 0.080965709466683938 0.016769154599198626 -0.012746980184156287 0.039023635286637437 0.054153230901367415 -0.020774262392312549 0.075245640065996863 0.0061203696505746702 -0.050725935268436752 -0.019114708129716614 -0.013174308396963669 0.10914548367328454 -0.021834066818755243 0.11989688730991016 -0.032696696168811046 0.014600333785409906 0.098118654883825832 -0.023764910975052525 -0.027206324330371345 0.034620490162076294 0.022616954018379321 -0.047568574991115553 -0.019256759581683113 0.096081248741920366 -0.041531288617075182 0.071014382118961536 -0.018940951096661451 -0.019348408035337696
leaf_weight=51.648046733811498 21.946716722100973 282.51635435968637 6.4630337059497824 89.068835243582726 105.91610348969698 22.365505602210764 22.025587160140276 76.578296802937984 7.2147031314671066 21.575533710420132 8.4780285730957967 4.2124149166047555 10.863823000341652 5.7388464063405991 40.69856084510684 5.1208258159458664 4.52966330200434 8.3773164190351945 4.8424019590020171 9.444192271679638 5.0997596792876712 6.4841959848999968 37.151379091665149 8.0900576710700971 5.8135111741721612 5.9874958284199238 22.14582772180438 4.0283179692924023 7.2862790785729867 16.109872385859489
leaf_count=1806 422 3513 60 761 1435 240 195 1335 81 322 89 57 153 65 533 62 60 89 56 115 55 65 597 132 97 89 461 78 139 275
internal_value=-0.000375917 0.00263886 0.00639726 0.0211123 0.00382599 0.00899098 0.0288853 -0.00767978 -0.00130701 0.0234428 -0.00476591 -0.00278582 0.00882494 0.0548524 0.00316443 0.0272776 0.0464931 0.0253156 0.0451932 0.0138067 0.026726 -0.0140757 -0.00684962 -0.00154419 0.00223504 0.0392625 -0.00280362 -0.0230626 0.0130857 0.00992374
internal_weight=927.821 876.173 642.245 95.5319 546.714 341.451 58.935 233.928 157.35 28.7902 205.262 196.784 90.868 9.95126 80.9168 33.734 22.8702 17.7494 13.2197 36.9095 27.4653 47.1828 128.559 106.613 98.5227 11.801 86.7217 33.4604 11.3146 53.2613
internal_count=13437 11631 7603 821 6782 4118 605 4028 2693 403 2664 2575 1140 122 1018 420 267 205 145 410 295 598 2290 1868 1736 186 1550 678 217 872
is_linear=0
shrinkage=0.05


Tree=22
num_leaves=31
num_cat=0
split_feature=18 18 12 32 0 2 1 0 38 18 13 31 14 13 21 4 37 18 21 6 38 6 5 21 21 32 11 2 3 3
split_gain=54.2 12.759 8.5336 10.9262 12.902 13.8163 14.5138 8.74296 8.31816 8.13693 8.03441 7.87725 8.04248 7.76465 7.4843 6.92127 12.089 12.8541 11.1455 15.8885 10.0307 12.2733 11.9096 8.53802 15.1155 21.611 14.7676 16.1514 8.29568 10.2737
threshold=0.0015284697313733824 0.003187245346470306 0.67641701124323861 4.5000000000000009 -0.00042616922054707621 -0.00055239459416165737 -0.00077109776184678032 -0.0018605063198609505 0.23848120225052477 0.0032040542753058406 0.29024121246813989 0.92139378498066493 0.54259046041080772 0.057306794006122104 0.0025604343870969291 458.36071428571273 0.46449782479964996 0.0076849305739080378 0.0046719836629968399 3.5000000000000004 0.16436248002249335 15.500000000000002 0.0043978822277210092 0.0012937698662466184 0.0023069875218482559 3.5000000000000004 0.62849709875178228 0.0027607490841766963 0.0061369842248535254 0.0066921166146310723
decision_type=2 2 2 2 2 2 2 2 2 2 2 2 2 2 2 2 2 2 2 2 2 2 2 2 2 2 2 2 2 2
left_child=-1 2 7 -4 -5 6 -6 -2 -8 -3 13 15 -13 -7 -9 18 17 -17 20 -20 -11 23 -23 -22 25 26 27 -25 -18 -30
right_child=1 9 3 4 5 10 8 14 -10 11 -12 12 -14 -15 -16 16 28 -19 19 -21 21 22 -24 24 -26 -27 -28 -29 29 -31
leaf_value=-0.051443226618763133 0.061720643512319984 0.068136856463978088 -0.0063998681368381731 -0.011855860425115576 0.010945296312722263 0.069202296769410074 0.16817965167115811 -0.021592060889564502 0.064624384482486794 -0.015983620018471218 0.060121122519181572 0.014862712733119777 0.089390143984680134 -0.0051297919277332581 0.056488531007162474 -0.0091549135463780042 -0.040352043233500751 0.074404677849977549 -0.038414645295673143 0.053745755741071405 0.010090534448206052 -0.006105876244627979 0.076304705702942358 0.070816087777685069 0.0099693293891327372 -0.011367560598174467 0.023321453380039825 0.18191622000618413 0.063222496244819334 -0.013753518304216811
leaf_weight=49.200165599584579 3.4527508467435828 5.5060004629194728 187.45014103502035 28.057911653071642 5.3052116520702839 4.0190705098211792 4.0208286046981794 99.136264301836491 3.7457219921052456 45.077448032796383 8.0493323318660241 9.9682748168706876 5.6840250417590132 27.915140299126506 3.1671041846275321 10.461480166763069 25.184266548603773 8.2178385704755765 5.7094932198524502 25.851803578436375 140.41361716762185 120.55809077247977 4.5494277179241172 7.8036196753382736 33.16539004072547 7.569982733577489 6.051291696727275 5.6324166655540466 5.047004669904708 30.71146796643734
leaf_count=1806 51 53 2858 416 72 59 51 1794 49 538 90 83 46 394 49 111 374 70 67 208 1535 1602 55 80 328 77 49 54 58 360
internal_value=-0.00037626 0.00248705 -0.00450319 0.000234253 0.0155655 0.0300671 0.0746918 -0.0165337 0.118236 0.00768732 0.015478 0.00701852 0.0419268 0.00422525 -0.0191748 0.00588493 -0.00758422 0.0276066 0.00855015 0.0370738 0.00612246 0.00918156 -0.00310909 0.0168454 0.032595 0.0603283 0.0881791 0.11739 -0.0183704 -0.00288901
internal_weight=926.683 877.482 374.319 268.563 81.1132 53.0553 13.0718 105.756 7.76655 503.163 39.9835 497.657 15.6523 31.9342 102.303 482.005 79.6221 18.6793 402.383 31.5613 370.821 325.744 125.108 200.636 60.2227 27.0573 19.4873 13.436 60.9427 35.7585
internal_count=13437 11631 5883 3989 1131 715 172 1894 100 5748 543 5695 129 453 1843 5566 973 181 4593 275 4318 3780 1657 2123 588 260 183 134 792 418
is_linear=0
shrinkage=0.05


Tree=23
num_leaves=31
num_cat=0
split_feature=18 18 37 35 17 13 7 21 15 0 20 19 17 17 20 4 37 18 21 38 6 14 31 5 38 6 16 21 4 37
split_gain=51.3445 11.4624 8.07356 10.6183 10.4813 13.0538 9.57612 8.31752 8.23549 10.7132 8.38154 7.98304 7.35578 10.7864 11.1805 6.91705 10.7268 10.9557 9.63679 10.8193 13.9456 9.65017 9.4098 8.3292 10.37 11.8365 10.1127 13.013 9.914 17.062
threshold=0.0015284697313733824 0.003187245346470306 0.1747231922195841 0.56239146218721814 1.553574263589532 0.22333022976703257 4.5000000000000009 -0.00062293965620091043 0.57558413926497509 -0.00023896675998698479 -0.00079314926422396014 -0.0041614285166623943 1.0920123679943214 0.904035033351544 -0.001901784720339828 458.36071428571273 0.46449782479964996 0.0076849305739080378 0.0046719836629968399 0.13897510697248269 14.500000000000002 0.47877178461398656 0.51958656156655358 0.0043978822277210092 0.16436248002249335 15.500000000000002 0.30740218039782091 -0.00088445004795288217 301.39285714285614 0.25971179902332253
decision_type=2 2 2 2 2 2 2 2 2 2 2 2 2 2 2 2 2 2 2 2 2 2 2 2 2 2 2 2 2 2
left_child=-1 2 3 6 5 -5 8 11 12 -10 -11 -4 13 -2 -15 18 17 -17 23 -20 21 -21 -18 24 -3 -26 27 -25 29 -27
right_child=1 15 7 4 -6 -7 -8 -9 9 10 -12 -13 -14 14 -16 16 22 -19 19 20 -22 -23 -24 26 25 28 -28 -29 -30 -31
leaf_value=-0.051370864447176146 -0.0041371750473656287 -0.017540881637303777 0.025053765283350002 0.02195999076024964 -0.010915815154995852 0.11156008548854542 -0.031305426149898903 -0.0031229875114924515 0.10549387817645771 0.070259582606654089 -0.027682186789488729 -0.029261365775040429 -0.020118415979214418 0.11558007761395617 0.021227756473475828 -0.00875970292617252 -0.021405056457145979 0.066535399706313933 -0.018841099695710968 0.050310004384631062 0.090030931444096671 -0.032500543605771814 0.059448341511076787 0.0041605594632241468 0.01625970683601002 -0.04391878602915264 -0.023281812068011828 0.10273177194474364 -0.014708392719415332 0.029087437286941804
leaf_weight=46.864906406030059 52.152465295046568 41.703676555305719 7.493777059018611 10.806762449443346 8.9733111094683391 6.516040574759244 22.839208722114563 125.93633271753788 4.3400498051196328 3.5626145601272574 5.646414825692772 69.560118274763227 33.379459481686354 3.8124321959912804 17.794705746695399 10.388699214905502 57.73060229793191 9.0307097211480123 7.243279453366994 8.8489588573575038 12.007191821932791 5.8397725559771052 3.837738048285245 5.7181636691093454 206.34669249877334 10.058634102344511 4.6646428033709517 8.0786951705813408 75.05813242867589 39.158821940422058
leaf_count=1806 842 499 95 134 124 72 448 1988 57 47 86 1186 494 52 258 111 766 72 64 72 93 57 39 64 2137 157 58 74 1033 452
internal_value=-0.000378198 0.002342 -0.00430977 0.00373466 0.0329439 0.0556634 -0.00161685 -0.0110398 0.00400146 0.0407298 0.0102077 -0.023979 -0.000643303 0.00817004 0.0378756 0.00724569 -0.00614562 0.0262552 0.00979917 0.0353557 0.0500606 0.0173872 -0.0163652 0.00757964 0.00595419 0.00891779 0.0403612 0.0618785 -0.00327271 0.0141671
internal_weight=925.393 878.528 372.814 169.823 26.2961 17.3228 143.527 202.99 120.688 13.5491 9.20903 77.0539 107.139 73.7596 21.6071 505.714 80.9877 19.4194 424.727 33.9392 26.6959 14.6887 61.5683 390.787 372.326 330.622 18.4615 13.7969 124.276 49.2175
internal_count=13437 11631 5883 2614 330 206 2284 3269 1836 190 133 1281 1646 1152 310 5748 988 183 4760 286 222 129 805 4474 4278 3779 196 138 1642 609
is_linear=0
shrinkage=0.05


Tree=24
num_leaves=31
num_cat=0
split_feature=5 13 2 21 14 0 28 38 21 21 13 7 5 13 19 2 12 17 11 2 5 38 20 2 38 2 5 31 5 37
split_gain=42.2157 9.04039 10.8849 7.36157 6.68861 8.97503 6.84998 6.79939 11.5208 8.61025 7.80586 7.91413 9.54959 16.4548 11.868 10.8695 7.07282 6.7439 7.64669 15.7329 15.4107 8.02508 11.8308 8.82084 10.0955 8.58391 7.76098 7.724 11.2418 6.58882
threshold=0.0011234263540418866 0.0325162046240332 0.0032453133118395148 -0.0016850729974066312 0.5823445252808569 -0.0038383455980921734 -0.11296399160557662 0.13526510738066308 0.0046719836629968399 0.0033728327590314992 0.75910236555130206 2.5000000000000004 0.0041152937765400752 0.29403775273197796 0.0016602630239241575 0.0072825313285374291 2.1786952783313414 0.43909045652656992 -1.104770900402767 0.0018260686921351399 0.002406968069959273 0.20344366725209742 -0.0051447995296853071 -0.0011900763443813773 0.2103300911469245 -0.0053672762856283836 0.003237887062368518 0.18584394372311877 0.0024204441302249119 0.43976205020268583
decision_type=2 2 2 2 2 2 2 2 2 2 2 2 2 2 2 2 2 2 2 2 2 2 2 2 2 2 2 2 2 2
left_child=-1 2 3 -2 5 -3 -7 29 9 10 11 12 15 14 -14 17 -13 -9 19 20 -19 -20 -23 25 -25 -24 27 28 -26 -8
right_child=1 4 -4 -5 -6 6 7 8 -10 -11 -12 16 13 -15 -16 -17 -18 18 21 -21 -22 22 23 24 26 -27 -28 -29 -30 -31
leaf_value=-0.036136978590053881 0.038395890953693647 0.05535351544527764 0.032040742196317425 -0.030119413764501491 -0.0019526862680090162 -0.03214073319429122 0.011396643400679024 -0.044362355319052804 0.040484053537302278 -0.023224352727250531 -0.036256155551470319 0.00046133424638299532 0.13915785214844667 -0.02316102889000915 0.030574796660414145 0.060101593475938242 0.045405347256855973 0.12823032466036666 -0.006470838010186844 -0.042346652619523029 0.011059420112485495 0.07786707414163431 0.036949037242026299 0.088991581557787969 0.0062790791871683823 -0.020113369468215112 -0.038219217791245021 0.089921636778459685 0.071067579558087374 -0.046921223324265016
leaf_weight=75.76959746517241 4.2660230956971636 9.6892599500715715 10.123774969950317 48.396418174728751 278.33850448764861 11.061922088265417 8.6735457908362168 5.4462805688381186 27.130399104207754 22.489864934235811 9.5047614835202676 191.71659445390105 5.6333229392766935 4.6153250336647025 4.5482605062425137 11.730205934494732 9.1724543385207635 6.2416953891515714 55.342444436624646 3.7705376073718062 5.0984590761363506 7.4351707957684985 8.5921823494136316 5.472687039524323 36.643983414396644 28.291418924927704 5.5611258856952182 4.0865700561553231 8.1922856643795949 10.967756502330301
leaf_count=2442 59 90 131 816 3608 152 116 93 236 261 98 2668 66 56 48 105 94 84 731 50 59 82 99 63 432 360 66 49 87 136
internal_value=-0.000378367 0.00281582 -0.0154413 -0.0245692 0.00427524 0.00769358 0.00676521 0.0076501 0.0088629 0.0069113 0.00853622 0.00958074 0.0164493 0.0551526 0.0906522 0.0134651 0.00251345 0.0104288 0.0121367 0.0461323 0.0755511 0.00891835 0.0170859 0.0124193 0.024255 -0.00682045 0.0177525 0.0241149 0.0181169 -0.0211682
internal_weight=924.003 848.233 62.7862 52.6624 785.447 507.109 497.419 486.357 466.716 439.586 417.096 407.591 206.702 14.7969 10.1816 191.905 200.889 180.175 174.729 15.1107 11.3402 159.618 104.275 96.8403 59.9567 36.8836 54.484 48.9228 44.8363 19.6413
internal_count=13437 10995 1006 875 9989 6381 6291 6139 5887 5651 5390 5292 2530 170 114 2360 2762 2255 2162 193 143 1969 1238 1156 697 459 634 568 519 252
is_linear=0
shrinkage=0.05


Tree=25
num_leaves=31
num_cat=0
split_feature=18 3 16 14 0 34 7 37 18 37 1 2 37 2 10 15 4 19 5 19 38 11 12 2 0 20 6 7 20 1
split_gain=46.965 10.1711 9.2037 6.27435 7.6181 5.87254 7.70233 6.98498 7.06837 6.87102 6.48786 5.91209 7.76957 5.93595 6.7451 5.65962 8.71549 15.6235 6.82704 8.75434 13.763 6.08192 7.31591 5.49901 5.59443 5.05397 6.88394 11.6972 14.9812 15.0215
threshold=0.0015284697313733824 0.0016558986777185992 0.73031042323443673 0.5823445252808569 -0.0038383455980921734 0.10949983728289366 3.5000000000000004 0.76591690927711886 0.0023521895906269481 0.21028554225035226 0.0041185736255171758 -0.0094536349551219197 0.30085780248841282 -0.020005827782846642 1.0000000180025095e-35 0.11836051135608118 384.12857142857121 0.003648490769062341 0.0017496895479509535 -0.00081854173974945028 0.24446340839974109 -0.92817219646168792 0.58585092578860154 -0.0051173946396629536 -0.0010893505338181013 0.014301567599858468 15.500000000000002 5.5000000000000009 0.00041972491558213567 -0.0019010413613421563
decision_type=2 2 2 2 2 2 2 2 2 2 2 2 2 2 2 2 2 2 2 2 2 2 2 2 2 2 2 2 2 2
left_child=-1 2 23 4 -3 11 7 8 -7 -8 -11 12 -5 -14 -15 16 17 18 -13 -20 -21 22 -17 -2 -25 26 -6 -28 29 -29
right_child=1 3 -4 5 25 6 9 -9 -10 10 -12 15 13 14 -16 21 -18 -19 19 20 -22 -23 -24 24 -26 -27 27 28 -30 -31
leaf_value=-0.051259616552975631 0.053039263491778822 0.050477802209979189 0.057212265466737147 0.072957132927839563 0.0099066880610763908 -0.038601603567276127 -0.0090149211996916109 -0.037263842562070854 0.019033237084562699 0.091456017081789118 0.026098654723664266 -0.020284520560832558 0.051413896686506401 -0.055263225385950659 0.016629511218402889 -0.01666904390554606 -0.035733338972227913 0.10544748400799481 -0.0080491389546632035 0.0094607861895587356 0.090019923175096647 -0.025268603867557794 0.052393923906076882 0.043054821260301843 -0.020334883283472587 0.038061639358773519 -0.0084264039416555424 0.0064212167936856333 -0.037446653776967945 0.10713942626433155
leaf_weight=43.225836301222444 2.8104077503085128 10.083142347633837 4.5033622905611983 5.012595564126971 320.393648725003 6.397106770426034 6.28416430205107 10.206432469189165 31.586503196507692 6.4281709250062695 9.2770130075514299 27.017184652388096 4.6114406697452113 5.7427778169512713 7.5542220734059811 10.496208284050228 15.539267558604477 3.6992415301501742 30.96819511055946 19.992856208235033 7.2151561751961699 67.544474862515926 6.0418462958186856 3.61813767440617 91.587462514638901 12.413358464837073 132.35402725823224 7.1536972038447866 5.6002248320728532 7.6724780853837737
leaf_count=1806 48 90 77 53 3723 98 78 106 295 80 85 463 47 71 86 148 209 39 408 251 88 937 80 67 1809 89 1845 83 80 98
internal_value=-0.000376866 0.00212306 -0.0126799 0.00407548 0.00746155 -0.00188433 0.0106482 -0.000541109 0.00932652 0.0351698 0.0528496 -0.00604412 0.0179335 0.00253237 -0.0144199 -0.00895951 -0.00118581 0.00485342 0.00048546 0.0101311 0.0308239 -0.0186146 0.00856173 -0.0158911 -0.0179259 0.00656832 0.00574212 -0.00299134 0.0322255 0.0585424
internal_weight=923.031 879.805 102.519 777.285 495.671 281.615 70.1794 48.19 37.9836 21.9893 15.7052 211.435 22.921 17.9084 13.297 188.514 104.432 88.8926 85.1934 58.1762 27.208 84.0825 16.5381 98.016 95.2056 485.587 473.174 152.78 20.4264 14.8262
internal_count=13437 11631 2001 9630 6008 3622 742 499 393 243 165 2880 257 204 157 2623 1458 1249 1210 747 339 1165 228 1924 1876 5918 5829 2106 261 181
is_linear=0
shrinkage=0.05


Tree=26
num_leaves=31
num_cat=0
split_feature=18 3 16 14 0 0 21 21 33 6 2 37 37 16 5 19 11 19 19 2 19 15 20 5 34 5 18 21 13 1
split_gain=44.5202 9.23643 8.09787 5.645 6.55518 5.46982 5.8872 5.41634 4.75463 4.72842 4.65723 9.71263 7.14701 7.19989 6.09217 5.11964 6.75368 9.50232 7.38209 7.20412 6.25113 7.82559 6.76429 6.11736 5.99767 5.23465 5.01173 6.00836 4.66248 7.64698
threshold=0.0015284697313733824 0.0016558986777185992 0.73031042323443673 0.5823445252808569 -0.0038383455980921734 0.0070734227887179783 0.0016278275558499376 0.0024540929030282279 1.0000000180025095e-35 12.500000000000002 -0.0090289801738501589 0.26251714188219827 0.67178866698686079 0.087714938016917529 0.0055685510458321702 -0.00097354689554625081 -0.65316453050347545 -0.00059489927195270642 0.0027983576069260043 0.010425179049819204 0.0027983576069260043 0.011520239174019231 0.0031706706343770179 0.003237887062368518 1.0039454829632912 0.003424057993115306 0.0026158682156896952 -0.00078146299724203832 0.2623335291883353 0.00521048106201801
decision_type=2 2 2 2 2 2 2 2 2 2 2 2 2 2 2 2 2 2 2 2 2 2 2 2 2 2 2 2 2 2
left_child=-1 2 7 4 -3 10 -7 9 -6 -2 11 -5 -13 -14 15 -12 17 -17 24 23 21 -19 25 28 -18 26 -23 -28 -20 -30
right_child=1 3 -4 5 8 6 -8 -9 -10 -11 14 12 13 -15 -16 16 18 20 19 -21 -22 22 -24 -25 -26 -27 27 -29 29 -31
leaf_value=-0.051196681090654089 -0.010064712080697353 0.046226750421536095 0.051686268141972351 0.077779213470291944 0.005652287225177543 -0.0023094795019794204 0.056722922998569972 0.039750679833451888 0.050367901923788386 -0.034268340973090082 -0.015107555655115413 -0.027925218767807576 0.073731427915206302 -0.009386561875773719 -0.054843163686874766 0.081016648779462491 -0.022286165616537998 -0.043472737864689193 -0.013515883306693639 -0.024412187177313412 -0.038619292059320791 0.043943257825326112 0.075574727924572649 0.062435443614851205 0.025873941405219286 0.06613075776144399 0.029926200204383004 -0.037652188780330498 0.065782322871632021 -0.0044824367784259021
leaf_weight=41.166957624256611 62.606875397264957 10.449896730482577 4.7293813917785874 5.1780631728470352 481.90257924050093 8.8927993252873438 8.0436089448630792 4.2674161009490481 6.0190612655133 29.775771638378501 76.104127012193203 10.459207262843849 5.0158574841916543 5.4215495921671391 6.1638309173285952 5.1412251368165007 57.248426921665668 4.6148657463490954 11.798163468018176 11.781251154839991 5.9202000461518756 5.6150960661470988 5.6792668253183356 7.045651424676179 7.2876346372067919 4.1080593913793555 5.3027387782931354 8.6617120504379219 7.2314912974834433 8.3355007320642454
leaf_count=1806 1208 90 77 51 5848 83 60 71 70 645 1098 111 60 66 84 71 827 67 144 108 74 95 69 73 88 50 72 114 75 82
internal_value=-0.000374273 0.00200107 -0.0121959 0.00384766 0.00704311 -0.00181864 0.0257268 -0.0153218 0.0062039 -0.0178658 -0.00358501 0.016476 0.00128542 0.0305571 -0.00578248 -0.00447832 0.000714732 0.0170382 -0.00592548 0.0093343 0.00879474 0.0170551 0.0265667 0.0208881 -0.0168478 0.0148167 0.00405035 -0.0119906 0.010191 0.0281584
internal_weight=921.968 880.801 101.379 779.422 498.372 281.05 16.9364 96.6501 487.922 92.3826 264.114 26.0747 20.8966 10.4374 238.039 231.875 155.771 45.0432 110.728 46.1921 39.9019 33.9817 29.3669 34.4108 64.5361 23.6876 19.5795 13.9645 27.3652 15.567
internal_count=13437 11631 2001 9630 6008 3622 143 1924 5918 1853 3479 288 237 126 3191 3107 2009 612 1397 482 541 467 400 374 915 331 281 186 301 157
is_linear=0
shrinkage=0.05


Tree=27
num_leaves=31
num_cat=0
split_feature=18 13 11 37 6 37 7 21 9 16 5 23 3 17 3 21 0 37 0 21 5 37 21 14 13 4 12 34 19 18
split_gain=42.2144 8.59542 9.19046 9.41416 12.4484 12.7827 9.89403 13.2045 9.08142 10.7603 9.03422 8.2253 12.7785 7.99752 9.04137 12.635 9.70863 8.10655 7.78412 7.75644 8.76053 13.7181 9.00228 7.08087 7.44784 7.04016 6.97731 15.1991 7.11804 13.8291
threshold=0.0015284697313733824 0.14106794973422107 -1.104770900402767 0.46449782479964996 20.500000000000004 0.7122588869442712 1.5000000000000002 0.0028326506731751037 1.0000000180025095e-35 0.74374774580625047 0.0037065430225325835 0.00041460634876225641 0.0031914843487089875 0.58252948144818173 0.0068059637706954995 0.0022569491340911829 0.0023453895036561804 0.26251714188219827 -0.0038383455980921734 -0.0016850729974066312 0.002549976439384071 0.75728548029039888 -0.00016723993358688926 0.33930332155743637 0.019815932962985786 363.99642857142948 1.1302630792653017 0.12659881076194954 0.003202585732702704 0.0042663697870632018
decision_type=2 2 2 2 2 2 2 2 2 2 2 2 2 2 2 2 2 2 2 2 2 2 2 2 2 2 2 2 2 2
left_child=-1 8 -3 13 6 -6 7 10 23 26 19 18 -13 -4 -15 16 17 -16 -8 -5 21 22 -21 24 -2 -7 27 28 29 -10
right_child=1 2 3 4 5 25 11 -9 9 -11 -12 12 -14 14 15 -17 -18 -19 -20 20 -22 -23 -24 -25 -26 -27 -28 -29 -30 -31
leaf_value=-0.051136963402003355 -0.036381855344170093 0.051281451173546488 0.06530223381893871 -0.019044162343991575 -0.018457454344024155 0.076508651014963611 0.011772970626295846 -0.024852769826361257 0.0018171056550323212 0.086789643942422057 0.045265296020566587 0.074756396493081578 -0.0067699864790847263 0.0063993855259105378 0.079575895672783198 0.080607230693538562 -0.026863247801789548 0.010149481937744438 -0.027889913853400734 0.064332159369256195 -0.010633187265755869 0.099987809099627178 -0.013974651409196815 -0.015302088477494622 0.0064437855292834014 0.015346309153607877 -0.027127915494613165 0.10390818619139817 -0.048932280217000239 0.060818022356842076
leaf_weight=39.203797118738294 11.460821591317652 11.09593567624688 7.0499293766915789 19.370522372424603 9.353980954736473 11.989044513553383 14.618547175079582 25.048563200980425 86.169108362868428 4.1270955242216578 20.613520983606577 5.7370076458901158 29.631950885057449 174.32649930939078 6.8411300741136136 10.314220935106276 8.9922478385269624 10.909998986870049 80.435298541560769 5.7447553500533095 14.247862845659254 6.6130172796547404 10.163564573973419 164.25451906584203 88.91624865680933 7.7439650855958453 15.090333247557281 4.0740139838308087 5.6867067590355864 11.225316576659678
leaf_count=1806 200 137 96 248 115 113 157 286 1213 42 231 73 298 2179 60 68 77 98 1165 57 163 61 100 2600 1337 71 182 51 53 100
internal_value=-0.000368821 0.00188815 0.00629398 0.00525347 -0.0011503 0.0296853 -0.00501257 0.006669 -0.00364264 0.00738419 0.0169562 -0.0141307 0.00645397 0.0129143 0.0111671 0.0335953 0.015464 0.0369058 -0.0217901 0.00656159 0.0200511 0.0394631 0.0143032 -0.00890841 0.00155405 0.0525063 0.00470341 0.00918612 0.00544247 0.00861733
internal_weight=921.05 881.846 490.842 479.746 261.312 29.087 232.225 101.802 391.004 126.373 76.7532 130.423 35.369 218.434 211.384 37.0576 26.7434 17.7511 95.0538 56.1397 36.7692 22.5213 15.9083 264.632 100.377 19.733 122.245 107.155 103.081 97.3944
internal_count=13437 11631 5853 5716 3138 299 2839 1146 5778 1641 860 1693 371 2578 2482 303 235 158 1322 629 381 218 157 4137 1537 184 1599 1417 1366 1313
is_linear=0
shrinkage=0.05


Tree=28
num_leaves=31
num_cat=0
split_feature=18 3 16 37 13 12 35 11 3 35 36 6 1 5 21 20 15 16 18 36 3 11 1 20 0 2 13 0 21 2
split_gain=40.028 8.23985 6.78682 5.74819 6.74999 9.12035 14.4413 8.73687 8.57917 7.81863 11.7289 9.06867 8.50659 10.416 8.1477 9.11405 8.47419 7.60145 16.7344 7.37522 7.20062 9.27753 8.09271 10.8972 8.92523 6.94839 6.84278 9.32242 6.69777 6.36207
threshold=0.0015284697313733824 0.0016558986777185992 0.73031042323443673 0.02322770406942213 0.14106794973422107 1.1235474276643793 0.11825299554771988 -1.104770900402767 0.0017836925059442376 0.058496453181159515 0.28170747615084679 6.5000000000000009 0.0022006940652357127 0.0031859588737843197 -0.0051470399373923096 -0.012197743517636283 0.047464589970266195 0.4666905273204241 0.0040367050068968249 2.9044460155044898 0.0028048607747726069 -1.4998398379495625 -0.0027979681898443261 -0.0020214794612792705 -0.00082740922543046247 0.0013856998026568594 0.15434224388165413 0.0015258490170557005 0.00047142903892087492 -0.012920133519326115
decision_type=2 2 2 2 2 2 2 2 2 2 2 2 2 2 2 2 2 2 2 2 2 2 2 2 2 2 2 2 2 2
left_child=-1 2 -2 -3 5 6 20 -6 -9 26 12 19 13 25 -13 -16 -17 -18 28 -12 21 -5 -22 24 -24 -11 27 -10 -19 -28
right_child=1 3 -4 4 7 -7 -8 8 9 10 11 14 -14 -15 15 16 17 18 -20 -21 22 -23 23 -25 -26 -27 29 -29 -30 -31
leaf_value=-0.051080288239949118 -0.014714242982884155 0.022734927588839934 0.044841962049640603 0.04947086307222353 0.051014367308428288 -0.031438071486033087 0.087751932090202114 0.060549814162471897 0.0043519416073206389 -0.035267710617849689 -0.021535247311891451 -0.030499850896028021 0.075140240596014693 0.080420901986052784 0.073442416063968466 -0.014301509674871211 0.010792522559656575 0.034166609505813496 0.092611477414131005 0.036264957131622984 -0.019033556604782342 -0.012930692192401597 0.0067604659743699157 0.0052313949580995731 0.078830031425427424 0.046976186318045635 0.045023931657598042 0.086597359149121061 -0.033031949686257021 -0.0097766609197792852
leaf_weight=37.332137132063508 95.182285893708467 37.027188366279006 5.0367022380232802 6.2445395104587069 10.640487026423214 26.626569550484419 4.5348399318754664 6.8906012941151848 14.235606357455255 7.6704092919826561 40.707773093134165 11.38755429163575 10.796393409371374 4.723670680075883 6.0456062778830519 28.021564701572061 135.9243586268276 9.8861663490533846 9.6114245466887933 6.3845289945602408 23.447797484695911 129.07067770697176 7.3177737295627621 70.873660761862993 10.403027731925247 3.8607403784990311 5.49841459468007 4.545620745047926 5.9336931928992263 144.04324309900403
leaf_count=1806 1924 452 77 89 127 354 60 98 185 103 500 121 98 51 54 314 1334 112 75 67 298 1863 99 856 123 45 71 55 58 1968
internal_value=-0.000367861 0.00177723 -0.0117211 0.00350637 0.00255111 -0.00360903 -0.000667324 0.00622652 0.00518181 0.00433262 0.00943805 0.00610347 0.0407365 0.0178856 0.0106126 0.0130083 0.0110791 0.0154867 0.0405761 -0.013699 -0.00228833 -0.010051 0.00708675 0.0139999 0.049069 -0.00773166 -0.00418903 0.0242578 0.00896186 -0.00776173
internal_weight=919.905 882.573 100.219 782.354 745.327 278.519 251.892 466.808 456.167 449.277 280.954 253.903 27.0512 16.2548 206.81 195.423 189.377 161.356 25.4313 47.0923 247.357 135.315 112.042 88.5945 17.7208 11.5311 168.323 18.7812 15.8199 149.542
internal_count=13437 11631 2001 9630 9178 3742 3388 5436 5309 5211 2932 2635 297 199 2068 1947 1893 1579 245 567 3328 1952 1376 1078 222 148 2279 240 170 2039
is_linear=0
shrinkage=0.05


Tree=29
num_leaves=31
num_cat=0
split_feature=18 13 18 2 11 20 3 5 3 0 38 6 7 37 6 17 6 7 15 7 16 13 13 14 11 37 13 12 19 37
split_gain=37.9626 7.71047 10.0458 7.77951 5.94754 16.2795 5.92193 9.01365 7.95063 7.2909 6.36818 11.6889 11.9765 7.35957 10.774 6.99289 8.37553 7.94075 12.4779 14.3109 13.0848 12.3418 15.8369 9.58192 7.88466 16.0289 8.00871 10.6464 10.6751 19.3224
threshold=0.0015284697313733824 0.0325162046240332 0.0047799010358294198 0.0032453133118395148 -1.4998398379495625 0.00080783418337732082 0.0060466679920230032 0.0057454874315315358 0.0062308044229463034 -0.0033082471787725799 0.16436248002249335 19.500000000000004 2.5000000000000004 0.1747231922195841 9.5000000000000018 1.6277501080319374 15.500000000000002 5.5000000000000009 0.053416586378036167 1.5000000000000002 0.29931382760716518 0.22333022976703257 0.1515101560654748 0.40516148533709456 -1.104770900402767 0.39358302370151493 0.14261434541512627 1.2092018295019733 -0.0025187885533049458 0.13450417889386809
decision_type=2 2 2 2 2 2 2 2 2 2 2 2 2 2 2 2 2 2 2 2 2 2 2 2 2 2 2 2 2 2
left_child=-1 2 3 -2 5 -3 7 9 -8 -6 11 13 -13 14 -11 16 24 18 19 20 -18 22 23 -19 25 -12 27 28 29 -26
right_child=1 4 -4 -5 6 -7 8 -9 -10 10 15 12 -14 -15 -16 -17 17 21 -20 -21 -22 -23 -24 -25 26 -27 -28 -29 -30 -31
leaf_value=-0.05102649704384038 -0.027836472184315765 -0.022084773788790202 0.046100452826318646 0.027175296890259888 -0.028187231300888238 0.11157442892972443 0.050675162208502836 -0.054532681034960367 0.0079964348079036504 -0.019681599984690282 0.0084995595396796467 -0.0046054231109162709 0.10872957769091229 -0.02475292436945227 0.089793914900856489 -0.022847969466770004 0.022266783227751309 0.060283186076687791 -0.014817961891238841 -0.0072680794961424338 0.15002384743302399 -0.022433605912299925 0.12868832791268631 -0.041606419259217639 0.13114074064122794 0.12676372520108978 0.015947622197344663 -0.041182365941491744 0.00061264179536290762 -0.00026719049457035
leaf_weight=35.547918394207954 52.274907357990742 4.6673575509339553 6.1390556879341593 7.3274207394570103 20.649628281593323 4.4504222646355629 11.768577642738817 7.3810351267456999 149.98770049959421 5.8141857720911485 8.6083715725690109 5.9121341239660961 3.8482754454016685 60.458011295646429 3.6634964570403099 23.266256641596556 4.5109001994133013 5.2181985843926686 119.4977490901947 11.769821796566246 3.6065863333642483 9.0596994534134847 4.5819638762623063 4.1366514656692743 4.5255094952881318 4.2943584360182276 165.01280555687845 14.025634890422223 149.49669504538178 7.3258271850645542
leaf_count=1806 949 70 63 107 283 55 105 104 1397 92 118 85 49 835 38 342 60 79 1783 192 43 125 58 76 49 47 1974 196 2158 99
internal_value=-0.000365576 0.00167329 -0.0148006 -0.0210734 0.00299802 0.0431548 0.00254511 0.000404814 0.0111015 0.00103911 0.00201467 -0.0111774 0.0400796 -0.0183309 0.022635 0.00396546 0.00517524 -0.00422387 -0.00871499 0.0279562 0.079029 0.0229975 0.0525302 0.0152283 0.00949533 0.0478609 0.00804104 0.000601575 0.00423376 0.0499118
internal_weight=918.827 883.279 65.7414 59.6023 817.538 9.11778 808.42 646.664 161.756 639.283 618.633 79.6961 9.76041 69.9357 9.47768 538.937 515.671 162.382 139.385 19.8873 8.11749 22.9965 13.9368 9.35485 353.289 12.9027 340.386 175.374 161.348 11.8513
internal_count=13437 11631 1119 1056 10512 125 10387 8885 1502 8781 8498 1099 134 965 130 7399 7057 2416 2078 295 103 338 213 155 4641 165 4476 2502 2306 148
is_linear=0
shrinkage=0.05


Tree=30
num_leaves=31
num_cat=0
split_feature=18 3 6 16 2 12 0 11 2 38 12 11 37 17 37 3 17 18 16 2 2 2 38 4 5 39 5 2 37 5
split_gain=36.0053 7.16923 6.49485 7.59087 6.85145 5.68154 6.43114 8.52486 7.26491 8.45324 5.39164 9.62639 6.39048 6.68209 9.55838 7.43469 7.08499 6.67875 9.31083 8.26252 11.5589 7.82383 6.73996 7.80219 8.11661 10.2601 6.45624 6.19244 10.1801 8.61512
threshold=0.0015284697313733824 0.0016558986777185992 12.500000000000002 0.73031042323443673 -0.0049034717528666618 0.38869010230558648 -0.00021541532505737362 -1.0393486400422862 0.00066696081333514541 0.21346037484820993 0.44097072409412302 -1.5401245204480423 0.02322770406942213 0.96388456824119773 0.0022403558498159518 0.0031248310794492738 0.81242159325954655 0.0026660738061922858 0.11808084272246545 -0.0069348365978868223 -0.0033265402891342459 -0.0029681767124988142 0.13526510738066308 458.36071428571273 0.0038778178294437203 1.0000000180025095e-35 0.0039613322106088868 0.0053227310399850377 0.7755935614150532 0.0018811355086627158
decision_type=2 2 2 2 2 2 2 2 2 2 2 2 2 2 2 2 2 2 2 2 2 2 2 2 2 2 2 2 2 2
left_child=-1 2 3 4 -2 -6 7 -7 -9 -10 -3 -12 13 16 -15 -16 -13 18 -14 -20 -21 -22 -19 24 27 -26 -25 -24 29 -29
right_child=1 10 -4 -5 5 6 -8 8 9 -11 11 12 17 14 15 -17 -18 22 19 20 21 -23 23 26 25 -27 -28 28 -30 -31
leaf_value=-0.050975437842823962 0.079251373467449315 -0.015335486037086805 -0.030113031824703471 0.067449736990009598 0.043533358256398064 0.063687162807657446 -0.027328849610990587 -0.034570341068084036 -0.014281517508599094 0.10292096006491785 0.076943123600835439 0.020049978147774192 -0.024904161456125652 -0.037438134082200113 0.076917904816931615 -0.0056774788937093918 0.08527973391022553 -0.02173134959389407 0.086087092092393444 -0.040315765262032829 0.082967262257298113 0.0041109464092700682 0.0034542709409273184 -0.035385242358984013 0.077132777601294458 0.015932765650041827 -0.00065383348768092997 0.055780647546900791 0.047293076891690849 0.0022420373734658521
leaf_weight=33.847242871299386 2.2495624683797351 37.482268234714866 30.924943463876843 3.6719301566481581 4.6571662798523894 5.1170411966741112 34.875768214464188 10.919545659795405 3.857159085571765 2.5592635758221149 4.507861550897359 10.195046905428173 48.396912412717938 8.1039002407342213 5.2738625202327949 5.6362922638654709 7.035568304359912 22.586706086993217 2.8425166718661776 15.149217516183851 3.2907282989472142 71.261311450973153 340.33066636696458 17.681477982550859 9.089441701769827 27.776346616446972 55.009033720940351 8.5429798066616041 22.497147634625435 62.379357114434242
leaf_count=1806 36 511 690 50 97 97 687 224 73 47 55 111 803 106 75 59 80 260 39 267 55 1132 3991 236 75 291 642 70 199 573
internal_value=-0.000365966 0.00157202 -0.0111193 -0.00246965 -0.00646649 -0.00957732 -0.0138918 0.00697961 -0.00975871 0.032466 0.00316974 0.00409755 0.00365564 0.0241321 0.00369514 0.0342483 0.0466845 0.00260565 -0.0071332 0.00216034 -0.000499192 0.00759167 0.0050312 0.00614379 0.00849863 0.0310219 -0.00910202 0.00658431 0.0179871 0.00869105
internal_weight=917.748 883.901 98.8324 67.9074 64.2355 61.9859 57.3288 22.453 17.336 6.41642 785.069 747.586 743.079 36.2447 19.0141 10.9102 17.2306 706.834 140.941 92.5438 89.7013 74.552 565.893 543.306 470.616 36.8658 72.6905 433.75 93.4195 70.9223
internal_count=13437 11631 2001 1311 1261 1225 1128 441 344 120 9630 9119 9064 431 240 134 191 8633 2296 1493 1454 1187 6337 6077 5199 366 878 4833 842 643
is_linear=0
shrinkage=0.05


Tree=31
num_leaves=31
num_cat=0
split_feature=18 13 5 38 11 21 28 17 17 38 21 11 16 1 7 18 2 3 32 38 7 14 3 4 4 18 38 21 5 11
split_gain=34.1588 6.96274 9.1982 5.62926 4.98177 10.7005 5.44528 5.40587 7.42302 13.452 11.0375 12.5017 7.39257 7.11929 5.57299 5.35134 5.99395 8.72808 6.12519 10.0382 9.63517 11.0696 6.18419 5.34299 5.20996 10.1804 11.1094 10.6504 7.01354 6.40556
threshold=0.0015284697313733824 0.0325162046240332 0.002945778340397295 0.23062847628474137 -1.4614080434956522 0.00016228578455004637 -0.13839443484414546 0.63418974037057008 0.68626805265913526 0.2345187829868757 0.00060523462292052068 -0.23509982893839251 0.61118175837143374 -0.0020819829843388153 1.0000000180025095e-35 0.0026660738061922858 -0.0071649050289779841 0.0039455407256435903 3.5000000000000004 0.29437969852725548 5.5000000000000009 0.41112490690193509 0.0023272635842961401 203.46785714285843 395.46428571428629 0.0053562046684394087 0.13526510738066308 -0.0017947446412179514 0.0038778178294437203 0.15860361582726093
decision_type=2 2 2 2 2 2 2 2 2 2 2 2 2 2 2 2 2 2 2 2 2 2 2 2 2 2 2 2 2 2
left_child=-1 2 -2 -4 5 -3 -6 13 9 12 11 -11 14 -8 -9 16 -10 18 -18 20 23 -22 -21 -20 25 26 -17 -27 -28 -26
right_child=1 4 3 -5 6 -7 7 8 15 10 -12 -13 -14 -15 -16 24 17 -19 19 22 21 -23 -24 -25 29 27 28 -29 -30 -31
leaf_value=-0.050926959962929924 -0.022475465248581572 -0.022426754380241106 0.062194803788773415 -0.012164860142266386 -0.030504508680761114 0.075612313600911238 -0.03062916218694009 0.031948164041656707 0.055162370337731297 0.11966390372134786 -0.00090472613400786992 0.010016539705753282 0.070794488459889601 -0.00086549530620950294 -0.021319458028086311 -0.039884716304793857 -0.010370098020674892 -0.039674088437439914 -0.012414110824642579 0.021913860199448614 0.12188725388395537 -0.0015180998943820131 0.11995984118960548 0.044980063495161614 -0.01919153432222942 -0.0018423601769427891 0.0072174439816517543 0.076437061490584046 0.050841409246051877 0.0071137884568483875
leaf_weight=32.226367373019457 54.546604700386524 4.7187369633465988 5.7083100266754609 4.5930982008576393 12.483290405943988 6.7853574119508266 24.826957896351814 6.7425917051732602 4.0885678045451632 8.2619886510074139 5.3906839936971656 3.793147251009942 3.4984357208013526 105.32470028102398 18.068314090371132 12.322742514312266 86.380809029564261 17.302644677460194 36.93556047976017 3.3043838683515778 3.4129297882318488 3.8866325579583645 3.1333031337708235 4.5550582967698565 41.632366891950369 7.2325225472450283 323.11231919378042 10.884408250451086 9.4839892238378507 52.108253818005323
leaf_count=1806 1002 73 60 57 178 81 358 81 53 106 68 47 44 1584 275 146 1494 276 584 60 58 82 42 74 544 79 3473 90 84 478
internal_value=-0.00036257 0.00147968 -0.014292 0.02904 0.00272745 0.0353988 0.00226238 0.00277646 0.00459898 0.0240335 0.0585687 0.0851634 0.00275092 -0.00654304 -0.00684349 0.00316422 -0.00461331 -0.00615126 -0.00205523 0.0109499 0.00320673 0.0561804 0.0696341 -0.00611308 0.00593962 0.00865309 0.00673415 0.0451869 0.00846138 -0.00456901
internal_weight=916.745 884.519 64.848 10.3014 819.671 11.5041 808.167 795.683 665.532 45.7552 17.4458 12.0551 28.3093 130.152 24.8109 619.776 163 158.911 141.609 55.2279 48.7902 7.29956 6.43769 41.4906 456.777 363.036 344.919 18.1169 332.596 93.7406
internal_count=13437 11631 1119 117 10512 154 10358 10180 8238 621 221 153 400 1942 356 7617 2723 2670 2394 900 798 140 102 658 4894 3872 3703 169 3557 1022
is_linear=0
shrinkage=0.05


Tree=32
num_leaves=31
num_cat=0
split_feature=4 3 6 16 2 17 21 13 11 0 2 37 14 16 14 33 20 4 0 21 16 32 21 32 15 14 35 2 7 13
split_gain=24.7268 7.2776 6.265 6.41949 6.02624 4.81643 4.73584 7.2358 11.2189 7.17953 7.41002 6.34554 7.16724 4.82926 4.35139 5.38964 4.25186 5.69085 5.91614 5.25346 4.83317 5.40465 6.16732 6.35367 8.45957 13.2865 11.9588 8.01845 4.96145 5.4603
threshold=114.60000000000012 0.0016558986777185992 12.500000000000002 0.73031042323443673 -0.0049034717528666618 0.43909045652656992 0.00047142903892087492 0.030829363285461684 -1.0184898079889277 -0.0002688327232716284 0.00098167872517768563 0.32535866455770474 0.33609968796344108 0.15200083894412694 0.5823445252808569 1.0000000180025095e-35 -0.018123240564587289 536.52500000000043 0.0070734227887179783 0.0016278275558499376 0.35124261546718588 1.5000000000000002 0.0032776127090350157 2.5000000000000004 0.059080180178118551 0.63910228195715213 0.025012204285685121 0.00053537619952865906 4.5000000000000009 0.32575558060931586
decision_type=2 2 2 2 2 2 2 2 2 2 2 2 2 2 2 2 2 2 2 2 2 2 2 2 2 2 2 2 2 2
left_child=-1 2 3 4 -2 -3 9 -8 -9 10 -6 12 -10 -14 15 -7 -16 18 20 -20 21 -18 23 24 -23 -26 27 -27 29 -25
right_child=1 5 -4 -5 6 14 7 8 11 -11 -12 -13 13 -15 16 -17 17 -19 19 -21 -22 22 -24 28 25 26 -28 -29 -30 -31
leaf_value=-0.047286315113738445 0.070870331083756483 -0.030914875920865188 -0.03018081616075189 0.058748375813895998 -0.014055949667936865 0.0053338062004771071 -0.052600248578344826 0.10818403603611018 0.073245425036739226 -0.035664808352829279 0.070420525711468493 -0.036597760283884478 0.038663666961556029 -0.052919072841285678 0.044179376647497638 0.049885023591266675 -0.013885902537163762 -0.035480698147279818 -0.0012164266629854437 0.059903806785986738 0.040492541330921311 -0.014898410236537627 -0.030746140875926184 -0.0022294053256118425 -0.025618310254983179 -0.012484685663550522 0.12087062115299918 0.087146718911593951 -0.024461041184774924 0.027265351161040164
leaf_weight=27.236610855907202 2.3958527985960236 10.518825009465216 31.25847340002656 3.9433952644467345 9.0532845761626941 491.17574510537088 4.1197761874645975 3.0637555383145836 4.7257923129946011 26.149018092080951 3.639465730637311 6.0826222747564307 2.7212948612868786 3.0558346044272184 4.9300359040498725 6.8837418146431437 88.004413411021233 12.608529590070246 6.7887857481837255 7.2921203523874283 6.2608473636209956 8.7791475877165812 13.410506989806889 73.90509245917201 5.0583318565040853 4.82829427346587 6.2236749604344359 3.4714187402278185 18.248416390269995 19.921277761459351
leaf_count=1541 37 157 784 54 208 5844 96 47 84 573 70 126 54 64 50 72 1140 165 55 49 85 126 155 1036 69 76 79 45 286 210
internal_value=-0.000359553 0.00107894 -0.011613 -0.00319524 -0.00695283 0.00269231 -0.00993079 0.00764791 0.0202799 -0.020688 0.0101665 0.00404181 0.0275777 -0.00977937 0.00314682 0.00594955 -0.00184344 -0.00266911 -0.00109124 0.0304361 -0.00288049 -0.0040033 0.00164984 0.0047434 0.025885 0.0441696 0.0684759 0.0291869 -0.000606551 0.00403294
internal_weight=915.754 888.518 100.209 68.9501 65.0067 788.309 62.6108 23.7691 19.6493 38.8418 12.6928 16.5855 10.5029 5.77713 777.79 498.059 279.731 274.801 262.192 14.0809 248.111 241.851 153.846 140.436 28.3609 19.5817 14.5234 8.29971 112.075 93.8264
internal_count=13437 11896 2197 1413 1359 9699 1322 471 375 851 278 328 202 118 9542 5916 3626 3576 3411 104 3307 3222 2082 1927 395 269 200 121 1532 1246
is_linear=0
shrinkage=0.05


Tree=33
num_leaves=31
num_cat=0
split_feature=18 17 1 18 3 37 7 7 18 5 21 2 6 1 19 5 5 31 12 2 1 2 37 11 6 38 0 37 38 38
split_gain=31.058 6.1899 6.94652 5.70732 9.98889 9.38493 7.4405 13.3191 7.35237 7.14956 6.55457 8.36755 6.86913 9.83412 7.25125 6.40049 13.3669 12.5762 9.29733 10.1961 8.66237 13.5212 10.1619 13.9983 7.07421 10.0305 12.7074 9.21567 8.53728 7.02577
threshold=0.0015284697313733824 0.49901599798905 0.0046029977756254269 0.003187245346470306 0.0018850931608375783 0.1747231922195841 4.5000000000000009 5.5000000000000009 0.0032040542753058406 0.0016360868874869055 -0.00062293965620091043 -0.0021890044199331864 9.5000000000000018 -0.0017462399937472684 -0.0041614285166623943 0.001466800386116814 0.0012417474604911208 0.2292580063176467 1.5783347606057936 0.0021685992260179845 -0.00080489480022447816 -0.0011563308715424301 0.10935989076196227 -0.13680207428470462 8.5000000000000018 0.22400578139204025 -0.00056328635269481517 0.091392159528909542 0.20446842200201273 0.23973077901773299
decision_type=2 2 2 2 2 2 2 2 2 2 2 2 2 2 2 2 2 2 2 2 2 2 2 2 2 2 2 2 2 2
left_child=-1 2 -2 5 -5 6 15 -8 -6 -10 11 12 -7 14 -14 16 29 20 19 24 21 -18 23 -22 25 27 -27 -17 -26 -3
right_child=1 3 -4 4 8 10 7 -9 9 -11 -12 -13 13 -15 -16 18 17 -19 -20 -21 22 -23 -24 -25 28 26 -28 -29 -30 -31
leaf_value=-0.050845443136304208 -0.019997547692083499 0.022584524111770615 0.050922748224007247 0.071129117646772183 0.061315936574210562 -0.029688925590906426 -0.035057259036875059 0.0796667516186646 -0.057447755953590141 0.0050173098221205142 -0.0029029945634328168 -0.038731576050022497 0.036721583731706316 0.06111189055846971 -0.046473597864381183 -0.041737126679966409 0.039300320721406622 -0.040979057841536298 0.043396181588620963 -0.038228931069108726 0.014853289025384726 0.16264043848122728 -0.011653091128661801 0.11673918415943295 0.030720935828077212 -0.009258277474500802 0.097700479903029019 0.04274930987090559 -0.03361701357513254 -0.030061646839475559
leaf_weight=29.475438605993986 50.095012307167053 12.49209886044264 3.7083512507379046 5.7948210984468451 5.7446159385144702 14.49796065315604 19.611002432182435 2.9046202711760989 4.6258455626666537 470.78566183894873 116.08239127509296 36.672678492963314 4.3275803476572028 7.3531592004001167 6.6343521270900956 7.5142120644450205 4.8144949562847614 3.8466143645346156 11.261940281838177 17.713726833462715 7.2014448177069443 4.126516845077278 6.9990450069308272 6.3384839780628681 7.5176424309611347 4.4222540929913521 7.4636515714228135 5.6581230275332928 16.414201233536005 12.862263424322007
leaf_count=1806 895 245 44 59 51 239 419 42 46 5094 1825 649 51 114 108 104 74 61 114 243 106 55 101 68 106 64 95 85 226 248
internal_value=-0.000354193 0.00132653 -0.0151094 0.00238981 0.00587482 -0.00253297 0.00637496 -0.0202573 0.00508893 0.00440951 -0.0101733 -0.0223191 -0.00397616 0.0163777 -0.0136296 0.0107632 0.0232365 0.0440511 0.00137522 -0.00571939 0.055146 0.0962251 0.0372635 0.0625494 0.00603534 0.0246034 0.0579055 -0.00544632 -0.0134067 -0.00412287
internal_weight=914.96 885.485 53.8034 831.681 486.951 344.73 159.162 22.5156 481.156 475.412 185.568 69.4857 32.8131 18.3151 10.9619 136.647 58.681 33.3266 77.9658 66.7038 29.48 8.94101 20.539 13.5399 48.9901 25.0582 11.8859 13.1723 23.9318 25.3544
internal_count=13437 11631 939 10692 5250 5442 2456 461 5191 5140 2986 1161 512 273 159 1995 958 465 1037 923 404 129 275 174 680 348 159 189 332 493
is_linear=0
shrinkage=0.05


Tree=34
num_leaves=31
num_cat=0
split_feature=18 13 5 2 11 4 38 11 12 20 28 16 36 3 9 11 15 3 37 37 37 20 38 14 37 21 7 18 15 39
split_gain=29.4726 5.83932 8.25895 5.05403 6.3812 5.97112 4.77638 4.41925 12.3914 8.34801 5.00076 4.72382 5.28574 5.86695 8.87426 10.5412 9.49098 8.82952 8.7644 8.36227 9.71003 8.01831 7.73691 12.3103 9.62009 14.9101 9.2227 15.8827 9.62289 10.6339
threshold=0.0015284697313733824 0.0325162046240332 0.002945778340397295 0.0032453133118395148 -0.51588641060457763 220.77857142857184 0.23062847628474137 -1.4614080434956522 0.41174016442117939 0.0013215508235912227 -0.13839443484414546 0.00048367732327010124 3.8346631304086958 0.0060466679920230032 1.0000000180025095e-35 -1.0393486400422862 0.059080180178118551 0.0065583098300168409 0.38303399005734956 0.46449782479964996 0.4185649332709423 0.0034845535787462237 0.24864312350552872 0.8843188488509629 0.99980872226472839 -5.3153889500971663e-05 1.5000000000000002 0.0029714566801202547 0.066235503496102174 1.0000000180025095e-35
decision_type=2 2 2 2 2 2 2 2 2 2 2 2 2 2 2 2 2 2 2 2 2 2 2 2 2 2 2 2 2 2
left_child=-1 2 3 4 -2 -5 -4 8 -3 -10 -9 -12 13 14 22 -16 21 -15 -19 20 -18 -17 -13 24 25 26 27 -24 -28 -30
right_child=1 7 6 5 -6 -7 -8 10 9 -11 11 12 -14 17 15 16 19 18 -20 -21 -22 -23 23 -25 -26 -27 28 -29 29 -31
leaf_value=-0.050803536178017632 -0.033854875729002171 -0.041667724254821251 0.056624512036436148 0.066963405147600671 0.026109245497327339 -0.026702667966873619 -0.01151126585986231 -0.029843670110091369 0.018387832249294012 0.12057398063809213 -0.013399880219265898 -0.0075545035405644896 -0.047347538762812905 0.039502146870393412 0.059666486393728652 -0.030660639961446731 0.013929440771386812 0.028106376716629963 -0.0012224626918641629 -0.01467025107109704 0.073457518282234124 0.033786607214280555 -0.033904489644422484 0.080393031984902219 0.067560903097225039 -0.019536268460940302 -0.054004795373197127 0.07009325810213167 0.041830594486758813 -0.012359883947911978
leaf_weight=28.060449860990047 41.059537218883634 3.7939315326511851 5.9482574984431249 3.3069117479026309 4.9741772878915063 3.5048217624425888 4.53165328130126 12.19832583516836 4.112815283238886 3.8881318122148514 44.588590297847986 273.46234164200723 5.1067296750843516 25.228494808077812 10.153577122837303 24.719297196716074 128.86489892192185 35.538744688034058 89.930923812091351 24.440829936414957 7.2350265011191359 5.9972197562456122 4.8351659663021591 5.5363065823912612 5.6847065128386012 49.740308150649071 6.1312146764248601 15.251365240663288 17.454140916466713 18.808002917096019
leaf_count=1806 823 54 60 56 78 45 57 178 61 39 613 3965 58 232 108 350 1540 280 853 317 76 60 75 80 77 731 100 153 238 274
internal_value=-0.000353455 0.0012443 -0.0133862 -0.0214274 -0.0273754 0.0187697 0.0271617 0.00237045 0.0327556 0.0680461 0.00192848 0.00241373 0.00334873 0.00369438 0.00147352 0.0100217 0.0073861 0.0125118 0.00708481 0.0122581 0.0170939 -0.0180777 -0.00286429 0.00752606 0.00410454 0.000890048 0.0171515 0.0450593 0.00392838 0.0137237
internal_weight=914.087 886.026 63.3254 52.8454 46.0337 6.81173 10.4799 822.701 11.7949 8.00095 810.906 798.708 754.119 749.013 598.314 201.411 191.257 150.698 125.47 160.541 136.1 30.7165 396.904 123.441 117.905 112.22 62.4799 20.0865 42.3934 36.2621
internal_count=13437 11631 1119 1002 901 101 117 10512 154 100 10358 10180 9567 9509 8144 2451 2343 1365 1133 1933 1616 410 5693 1728 1648 1571 840 228 612 512
is_linear=0
shrinkage=0.05


Tree=35
num_leaves=31
num_cat=0
split_feature=18 17 16 20 36 3 9 14 21 0 7 37 15 0 0 38 2 37 21 11 19 5 2 4 37 38 4 7 37 4
split_gain=27.9735 5.53316 5.58344 5.2702 4.85813 4.44945 7.31251 14.3779 8.58355 9.03567 8.85643 11.3317 8.63915 6.99711 6.94027 6.81428 13.4154 11.3255 10.1568 14.7076 8.68054 8.06273 7.9181 7.76241 7.58442 7.57546 11.5026 12.7498 10.856 8.13992
threshold=0.0015284697313733824 0.43909045652656992 0.00048367732327010124 0.008008305069444081 3.8346631304086958 0.0060466679920230032 1.0000000180025095e-35 0.94531108600464797 -5.3153889500971663e-05 -0.0015753998359510973 1.5000000000000002 0.04071283247815382 0.031011623729716286 -0.0026138302348802686 -0.0033082471787725799 0.26654558286438979 -0.005894117916262453 0.99980872226472839 0.00099960370366588181 -1.1145310777094297 -3.294486666623715e-05 0.0031079027680733025 -0.0006962676279920636 395.46428571428629 0.25132558626899409 0.14588814488684307 277.11071428571296 4.5000000000000009 0.56740190511432209 373.29642857142875
decision_type=2 2 2 2 2 2 2 2 2 2 2 2 2 2 2 2 2 2 2 2 2 2 2 2 2 2 2 2 2 2
left_child=-1 -2 3 -3 5 6 7 14 10 -10 -8 -12 -13 -14 -4 21 -17 18 19 24 -21 -16 -22 25 -18 -23 -27 28 -28 -30
right_child=1 2 4 -5 -6 -7 8 -9 9 -11 11 12 13 -15 15 16 17 -19 -20 20 22 23 -24 -25 -26 26 27 -29 29 -31
leaf_value=-0.050763734764362738 -0.021919533811135938 -0.019915001720511458 -0.039209313898523883 0.036789036305681172 -0.046677003552970227 0.010769383920081433 -0.020948097928700796 0.090431038661244856 -0.016841496708687936 0.024333598987777191 0.062469975213649859 -0.053736052860270257 0.06814149630065118 0.0026198699199725985 -0.01018599809984865 0.078129359084335728 0.025277513778333427 0.089197843607827204 -0.03944491185121702 -0.018563780241107369 0.085786489757290654 -0.024440674907255034 0.0091524112848755425 -0.011759626557215607 0.12060333929820939 0.095923978867984205 -0.029086622437716592 0.079853745444135579 0.0061924516510283769 0.079144769951196847
leaf_weight=26.712324550375342 25.212196487933397 43.994102561846375 13.033845968544481 4.5185530073940745 4.9256949722766867 154.21246525272727 37.294256579130888 4.132444590330123 15.491221321746705 95.233844211325049 8.7537298910319787 6.318262727931141 4.4476985596120349 48.579302547499537 242.90550156310201 6.6428277902305117 4.4052610825747234 3.7751818448305121 13.294092852622269 31.719230938702815 3.8388113081455257 8.0804505348205549 27.640463249757893 31.035197988152504 3.9643990993499756 5.4891219511628142 13.434108205139639 6.8857674673199645 11.230598587542774 5.7975899055600157
leaf_count=1806 479 658 190 36 58 1389 478 68 191 1028 97 108 54 683 3760 71 74 46 195 467 44 116 371 425 50 58 170 72 135 60
internal_value=-0.000351046 0.00116837 0.00184439 -0.0146335 0.00282817 0.0031301 0.00132717 -0.00239126 0.00885124 0.0185729 -0.00136226 0.00936388 0.00153046 0.00811557 -0.00327678 -0.00216205 0.00959583 0.00445967 0.000690009 0.00814524 -0.000103385 -0.00561062 0.0184977 0.00795067 0.0704298 0.0199644 0.0283407 0.0184078 0.00451841 0.0310305
internal_weight=912.999 886.286 861.074 48.5127 812.561 807.636 653.423 437.305 216.118 110.725 105.393 68.099 59.3453 53.027 433.172 420.139 95.2803 88.6374 84.8623 71.5682 63.1985 324.858 31.4793 81.9528 8.36966 50.9176 42.8372 37.3481 30.4623 17.0282
internal_count=13437 11631 11152 694 10458 10400 9011 6372 2639 1219 1420 942 845 737 6304 6114 1318 1247 1201 1006 882 4796 415 1036 124 611 495 437 365 195
is_linear=0
shrinkage=0.05


Tree=36
num_leaves=31
num_cat=0
split_feature=18 13 18 2 21 21 4 5 5 20 19 35 38 4 32 36 12 11 11 32 21 20 18 38 21 21 6 16 5 38
split_gain=26.5529 5.20622 7.65729 6.61007 7.41179 6.33855 4.38121 7.56176 7.30193 7.09615 12.417 7.49099 6.3814 7.29502 7.54974 5.80147 5.71791 5.12385 5.77133 4.84964 4.72347 10.0914 5.89084 4.63734 6.69917 4.4362 10.1365 7.5455 6.71789 7.22228
threshold=0.0015284697313733824 0.0325162046240332 0.0047799010358294198 0.0032453133118395148 -0.0016850729974066312 0.00017630539526088267 458.36071428571273 0.0038778178294437203 0.0039613322106088868 -0.001817220715548749 -0.0021653852695607116 0.56239146218721814 0.18375167591595823 384.12857142857121 2.5000000000000004 3.8346631304086958 0.83759858784019336 0.28490896134059934 1.3818959300199494 6.5000000000000009 -0.005503170596140655 -0.012197743517636283 0.0063566982949443381 0.16657258167467956 0.004132334083710291 -0.00097465751028604755 22.500000000000004 0.0067002641677295907 0.0036283720502671844 0.16023909112000462
decision_type=2 2 2 2 2 2 2 2 2 2 2 2 2 2 2 2 2 2 2 2 2 2 2 2 2 2 2 2 2 2
left_child=-1 2 3 4 -2 -5 7 15 -8 10 16 19 23 -14 -15 20 -10 -18 -19 -11 -3 -22 25 24 -9 26 27 -23 29 -27
right_child=1 6 -4 5 -6 -7 8 12 9 11 -12 -13 13 14 -16 -17 17 18 -20 -21 21 22 -24 -25 -26 28 -28 -29 -30 -31
leaf_value=-0.050725936858935922 0.036936071290800253 -0.031112160816961706 0.038513094902824917 0.066915939378085168 -0.031724226366322786 -0.025152587856328418 -0.037760642849827074 -0.0026025197037473874 -0.045540086579634619 -0.035223688958636604 0.07639927918216903 0.044623919021557101 0.07352355846343088 -0.012869541374062224 0.054040363522741434 -0.056313867100735548 0.05271852464069296 -0.045761620410918885 0.030274313275616988 0.017172491555841943 0.07150511250194358 -0.045932163905772309 0.063274223028900789 -0.039364663015970421 0.06730065025009617 -0.014692665544573231 0.05447661579206492 -0.0039422262171010186 -0.029363183681968497 0.0076099488382010694
leaf_weight=25.428006147965789 4.3157908190041772 10.39242274686694 6.5044379867613307 4.0831770822405806 44.0314596965909 3.4480714537203312 17.301113467663527 13.805559944361454 5.4214140102267327 23.870765220373872 6.8073530830442897 4.3733367919921866 9.6705712638795394 8.8317376449704188 8.0665507055819017 4.241399008780717 5.5302174575626841 4.9305557608604413 5.0534369796514511 5.41871029511094 5.3110771402716628 11.36377249099314 3.939769882708787 5.0464600734412661 4.5593404434621325 39.766693456098437 7.0876899249851695 182.85071110352874 14.110962942242621 416.35792995430529
leaf_count=1806 64 135 63 53 885 54 239 167 75 289 87 29 81 89 87 55 70 57 43 70 44 176 35 48 36 505 86 2428 161 5420
internal_value=-0.00034933 0.00109566 -0.0128312 -0.0188078 -0.0255952 0.0247637 0.00214989 0.00333453 -0.00906935 -0.000985559 0.0177374 -0.016416 0.0221195 0.0388904 0.0190705 0.00198445 -0.00133684 0.0141099 -0.00727574 -0.0255301 0.00234219 0.00285288 0.00231309 0.00308676 0.0147519 0.00195544 -0.00425573 -0.00639912 0.00461437 0.00566552
internal_weight=911.92 886.492 62.3829 55.8785 48.3473 7.53125 824.11 745.403 78.7069 61.4058 27.743 33.6628 49.9802 26.5689 16.8983 695.422 20.9356 15.5142 9.98399 29.2895 691.181 680.789 675.478 23.4114 18.3649 671.538 201.302 194.214 470.236 456.125
internal_count=13437 11631 1119 1056 949 107 10512 9553 959 720 332 388 508 257 176 9045 245 170 100 359 8990 8855 8811 251 203 8776 2690 2604 6086 5925
is_linear=0
shrinkage=0.05


Tree=37
num_leaves=31
num_cat=0
split_feature=18 17 1 18 4 38 32 13 6 14 38 1 18 1 3 17 3 13 5 16 37 4 15 37 38 5 13 21 38 5
split_gain=25.2105 5.06283 6.0407 4.81809 8.16086 6.13565 7.88472 10.1904 7.97018 9.28528 13.4048 10.4301 8.03307 6.63687 5.51649 6.49869 4.36997 6.9108 5.97262 4.33414 4.27174 4.70622 8.97418 4.08655 4.05494 6.13306 8.90495 8.34426 4.03084 8.53835
threshold=0.0015284697313733824 0.49901599798905 0.0046029977756254269 0.0025857125161061595 174.29642857142821 0.20242162394119276 8.5000000000000018 0.12019318481356013 12.500000000000002 0.33930332155743637 0.2499774997216552 -0.00064786155028785598 0.0023521895906269481 0.00091059045304461947 0.0013857652005401558 0.6567779769785953 0.0020149299971688487 0.22053854321022093 0.0013065347726665935 0.34050167236405743 0.082758708631654312 202.60357142856969 0.062659741542246447 0.05516589560486277 0.14406320554793875 0.0012968854862344507 0.056481095643046583 0.0013871580840146044 0.13526510738066308 0.0047138326335162692
decision_type=2 2 2 2 2 2 2 2 2 2 2 2 2 2 2 2 2 2 2 2 2 2 2 2 2 2 2 2 2 2
left_child=-1 2 -2 4 5 24 8 -8 9 10 11 -7 14 -13 15 -11 -10 18 -18 -12 23 -22 -23 -6 -3 26 -26 -28 29 -5
right_child=1 3 -4 28 20 6 7 -9 16 12 19 13 -14 -15 -16 -17 17 -19 -20 -21 21 22 -24 -25 25 -27 27 -29 -30 -31
leaf_value=-0.050690031960217846 -0.018838900614406011 0.030603428943565016 0.046214047213934822 -0.037368548332568682 -0.020265715012554926 0.13001082338919098 0.001899236129493562 0.093251643383421512 -0.043760060629102614 -0.010090812415354656 -0.05355901581102155 -0.013082706629587449 0.054616003982844691 0.08023424444934768 -0.020519311976116936 0.098005579068356746 0.08833995757170604 -0.053126055529041184 -0.016039518548794887 0.019370945072473899 -0.032150662914086997 0.067799623552830146 -0.020906959468375494 0.062129587893756139 0.070075490771867685 -0.033589955878342369 -0.041286630405950889 0.061185097880840526 0.0049087929587987621 0.025535744686675022
leaf_weight=24.204567791894078 48.502023108303547 4.7450577002018681 3.8519701622426501 15.856614980846645 3.0237772576510897 4.8598318062722683 6.1880758218467218 6.0251208152621984 11.385348742827775 3.4652909301221362 3.2734673358499986 3.5978426542133111 5.4372839629650107 4.0504716467112303 26.957511564716697 2.3221488501876593 2.8254561219364387 3.3859768956899643 2.6613979861140251 5.394152544438839 42.739069752395153 3.7093601487576988 12.323604341596363 2.9957372471690178 4.0696877744048825 24.721706518903375 8.2564285863190872 2.6161280144006005 609.39676688984036 8.1760798320174199
leaf_count=1806 895 84 44 203 56 69 103 77 273 68 61 56 69 55 466 53 58 66 46 90 807 66 225 44 92 424 171 49 6780 81
internal_value=-0.000344069 0.00103007 -0.0140526 0.00197635 -0.00476774 0.00217957 0.00955853 0.046966 0.00382019 0.0130621 0.0396167 0.0727324 -0.00166493 0.036337 -0.0110104 0.0332817 -0.0232594 0.00304633 0.0377107 -0.00817224 -0.019376 -0.0234847 -0.000383951 0.02074 -0.0130787 -0.0183045 0.00698512 -0.0166301 0.00411671 -0.0159681
internal_weight=911.018 886.813 52.354 834.459 201.03 136.238 91.8294 12.2132 79.6162 59.358 21.1758 12.5081 38.1822 7.64831 32.745 5.78744 20.2582 8.87283 5.48685 8.66762 64.7915 58.772 16.033 6.01951 44.409 39.664 14.9422 10.8726 633.429 24.0327
internal_count=13437 11631 939 10692 3628 2430 1610 180 1430 987 331 180 656 111 587 121 443 170 104 151 1198 1098 291 100 820 736 312 220 7064 284
is_linear=0
shrinkage=0.05


Tree=38
num_leaves=31
num_cat=0
split_feature=18 17 7 12 11 13 2 6 32 21 6 38 7 11 38 6 13 37 18 11 12 38 5 5 14 38 38 4 38 5
split_gain=23.9368 4.73132 4.70893 10.0335 7.94158 11.806 10.9747 9.30541 7.99605 7.79399 7.53064 8.34616 8.75075 6.90925 10.0621 6.795 6.31278 6.23666 13.3244 6.93983 12.4199 6.57869 6.11051 12.8182 7.07417 6.06148 5.86337 6.86415 5.40335 5.76308
threshold=0.0015284697313733824 0.43909045652656992 2.5000000000000004 2.1786952783313414 -0.98368425138535487 0.14703222211356498 0.0034159392761963967 9.5000000000000018 2.5000000000000004 -8.9732314539851658e-05 5.5000000000000009 0.29928943450670376 4.5000000000000009 2.8910491657191431 0.2060494363650888 9.5000000000000018 0.034647691965523204 0.0092142913890853502 0.0020728188684379853 -0.92018747479158203 0.41174016442117939 0.30062570746215594 0.0054176410030667586 0.0045865478337616958 0.040970973591387246 0.29138967339960392 0.24314129668034531 262.0857142857131 0.13526510738066308 0.0047138326335162692
decision_type=2 2 2 2 2 2 2 2 2 2 2 2 2 2 2 2 2 2 2 2 2 2 2 2 2 2 2 2 2 2
left_child=-1 -2 4 10 5 6 7 9 -7 -3 11 -4 -13 14 -5 -15 -9 18 -12 26 -21 22 23 24 -22 -26 -19 -28 29 -6
right_child=1 2 3 13 28 8 -8 16 -10 -11 17 12 -14 15 -16 -17 -18 19 -20 20 21 -23 -24 -25 25 -27 27 -29 -30 -31
leaf_value=-0.050655927935652156 -0.020757301890757432 0.013915363085534222 -0.022936673730321776 0.011543668243298761 -0.046075689882299486 0.10609581600366021 -0.03600985664402178 -0.043610173168436163 0.021769766331423936 0.09156110069715287 -0.033528248804040262 0.064356727492624943 -0.038021563852689497 0.039674698212399245 0.07745136960072177 -0.028731233595332924 0.018881283039446042 -0.03673756129228517 0.069069994323437245 0.090788418155612755 0.047637207572612306 -0.032354449503089834 -0.042577115777151481 0.059676530428094524 -0.0027714426832834119 0.056431757716428527 -0.03011099197147532 0.033894586018694675 0.0038622470727684693 0.014629012145094631
leaf_weight=23.039206975139678 24.376178063452244 5.7563329078257084 77.901325225830078 14.095639949664475 11.165910396724941 6.2508741319179517 9.6944606155157071 5.2143532577902105 5.1087566949427128 7.3697953484952432 4.9526800885796538 5.8312740232795459 3.2508084047585726 5.6813707072287789 9.8292503841221315 10.055728113278745 17.963747687637806 24.868520708754659 8.7647141404449922 3.7737406343221656 7.644416879862546 15.287903966382144 7.5614722967147818 9.5787825100123865 187.82684972137213 4.4252887275069943 8.4742136206477898 8.2832099981605989 370.25281604193151 6.0164135135710231
leaf_count=1806 479 90 1254 123 164 54 117 104 62 94 95 79 63 65 92 102 229 392 86 57 97 217 96 91 2567 55 149 93 4404 61
internal_value=-0.000340382 0.00096615 0.00157983 -0.00222996 0.00516088 0.0225247 0.0112519 0.0238724 0.0681719 0.0575103 -0.00473757 -0.0176484 0.0277118 0.0216958 0.038621 -0.00403548 0.00482265 -0.00088422 0.0320268 -0.00250976 0.000808973 -0.000652598 0.00158046 0.00317442 0.000466912 -0.00140869 -0.0213333 0.00152702 0.00259023 -0.0248199
internal_weight=910.296 887.257 862.881 418.087 444.793 57.3583 45.9987 36.3042 11.3596 13.1261 378.425 86.9834 9.08208 39.662 23.9249 15.7371 23.1781 291.442 13.7174 277.724 236.098 232.325 217.037 209.475 199.897 192.252 41.6259 16.7574 387.435 17.1823
internal_count=13437 11631 11152 5773 5379 750 634 517 116 184 5391 1396 142 382 215 167 333 3995 181 3814 3180 3123 2906 2810 2719 2622 634 242 4629 225
is_linear=0
shrinkage=0.05


Tree=39
num_leaves=31
num_cat=0
split_feature=18 16 3 12 2 10 0 39 20 19 7 9 3 21 32 14 37 11 37 32 16 16 2 15 6 37 5 4 19 4
split_gain=22.7292 4.59243 4.73428 4.78019 4.67946 4.65524 5.47651 4.60402 6.79789 13.0249 6.66088 5.73886 11.3769 7.57229 12.5632 8.6514 15.6812 8.18328 8.63781 9.52989 6.54698 9.17529 7.78002 5.83031 5.7368 12.4892 8.87497 19.4019 9.18456 8.27244
threshold=0.0015284697313733824 0.00048367732327010124 0.0010766603620535611 0.81697531896274811 0.0052066284248242127 1.0000000180025095e-35 0.00078216707987334769 1.0000000180025095e-35 0.0052794057441555098 0.0029610739994591503 1.0000000180025095e-35 1.0000000180025095e-35 0.0012536555413465934 8.6455781800370669e-05 3.5000000000000004 0.34619961530287208 0.24341056788921281 -1.4998398379495625 0.44733535671747032 14.500000000000002 0.31154575309748317 0.20224843524317968 -0.00018666540069216689 0.62811746861162521 8.5000000000000018 0.065948359618453578 0.0018483756215725033 228.41428571428597 -0.0003558065850964637 201.59642857142799
decision_type=2 2 2 2 2 2 2 2 2 2 2 2 2 2 2 2 2 2 2 2 2 2 2 2 2 2 2 2 2 2
left_child=-1 4 3 -3 5 -2 -7 8 11 -10 -11 13 -13 14 23 16 -16 -15 19 -19 21 22 -17 -4 25 29 -27 -28 -29 -14
right_child=1 2 7 -5 -6 6 -8 -9 9 10 -12 12 24 17 15 20 -18 18 -20 -21 -22 -23 -24 -25 -26 26 27 28 -30 -31
leaf_value=-0.050623533470094122 -0.034665997147280629 -0.03744239470167262 -0.0099471873391824561 0.033936539406868443 0.015301336919177256 -0.03624703455721006 0.029531274993616435 -0.001168429269642769 0.082782350615634478 -0.035592348998667776 0.024012848645565542 0.090764476691687357 0.090399704044835411 0.059178052806082675 0.020526890128462372 0.035078512106439683 0.12244189211311529 -0.02365832338225575 0.027066870604420996 0.062020255953004026 -0.028715491354512873 0.075570036031535226 -0.034492697959574568 0.038970247854555218 0.0016617754366242304 -0.021425187466501471 0.10998672681734377 0.040540870435499712 -0.049376681035159728 0.0083164963342085441
leaf_weight=21.929242415353656 25.253416961058974 13.404751611873509 65.970690088346601 2.8430207651108494 10.668537795543669 5.4222776684910041 7.5987268779426813 441.88399510644376 8.1321683861315233 6.0568465329706695 20.725523378700018 4.4818772282451382 9.3246209267526847 3.9471486974507561 10.538317121565344 9.3988260701298767 5.880511011928319 77.050775038078427 11.065694145858286 3.3882307447493067 7.4569174312055102 6.4868281185626975 7.0198075938969877 6.7108495309948912 80.386833630502224 14.973666938021781 5.3599546402692821 5.5567990019917497 5.8085501492023441 4.5757144764065734
leaf_count=1806 410 346 1012 55 110 92 110 5424 62 52 166 76 95 60 150 129 80 1264 115 45 110 98 106 83 949 220 57 54 55 46
internal_value=-0.000337306 0.000905396 0.00177446 -0.0249526 -0.0139823 -0.0221447 0.00213951 0.00230263 0.00633581 0.0273611 0.0105331 0.00421037 0.0124824 -0.000811341 0.00757798 0.0277886 0.0570284 -0.011311 -0.0143516 -0.0200494 0.0119768 0.0252243 0.00533325 -0.00543053 0.00969759 0.0238639 0.00653588 0.0315686 -0.00541378 0.0633795
internal_weight=909.301 887.372 838.429 16.2478 48.943 38.2744 13.021 822.181 380.297 34.9145 26.7824 345.383 130.468 214.915 119.463 46.7812 16.4188 95.4518 91.5047 80.439 30.3624 22.9055 16.4186 72.6815 125.986 45.5993 31.699 16.7253 11.3653 13.9003
internal_count=13437 11631 10909 401 722 612 202 10508 5084 280 218 4804 1552 3252 1768 673 230 1484 1424 1309 443 333 235 1095 1476 527 386 166 109 141
is_linear=0
shrinkage=0.05


end of trees

feature_importances:
atr_percentile=104
stop_distance=89
volatility_lookback=73
trend_strength=70
range_compression=62
hour_of_day=61
log_return_6=56
range_1=55
atr_proxy=55
volume_percentile=46
upper_wick_ratio=43
day_of_week=42
relative_volume=42
volume_zscore=41
atr_normalized_range=40
dist_ema_slow=39
log_return_1=38
fvg_age_candles=34
lower_wick_ratio=33
body_ratio=31
dist_ema_fast=28
log_return_3=26
rejection_volume_confirmation=20
session_london=18
volume_block_strength=10
high_volatility_flag=10
fvg_size_atr=8
ema_slow_slope=6
breakout_volume_confirmation=6
session_newyork=3
sweep_volume_zscore=3
trend_direction=2
sweep_rejection_ratio=2
price_inside_fvg=2
session_asia=1
sweep_depth_atr=1

parameters:
[boosting: gbdt]
[objective: binary]
[metric: binary_logloss]
[tree_learner: serial]
[device_type: cpu]
[data_sample_strategy: bagging]
[data: ]
[valid: ]
[num_iterations: 500]
[learning_rate: 0.05]
[num_leaves: 31]
[num_threads: 2]
[seed: 42]
[deterministic: 0]
[force_col_wise: 0]
[force_row_wise: 0]
[histogram_pool_size: -1]
[max_depth: -1]
[min_data_in_leaf: 50]
[min_sum_hessian_in_leaf: 0.001]
[bagging_fraction: 0.9]
[pos_bagging_fraction: 1]
[neg_bagging_fraction: 1]
[bagging_freq: 0]
[bagging_seed: 400]
[bagging_by_query: 0]
[feature_fraction: 0.9]
[feature_fraction_bynode: 1]
[feature_fraction_seed: 30056]
[extra_trees: 0]
[extra_seed: 12879]
[early_stopping_round: 0]
[early_stopping_min_delta: 0]
[first_metric_only: 0]
[max_delta_step: 0]
[lambda_l1: 0]
[lambda_l2: 0]
[linear_lambda: 0]
[min_gain_to_split: 0]
[drop_rate: 0.1]
[max_drop: 50]
[skip_drop: 0.5]
[xgboost_dart_mode: 0]
[uniform_drop: 0]
[drop_seed: 17869]
[top_rate: 0.2]
[other_rate: 0.1]
[min_data_per_group: 100]
[max_cat_threshold: 32]
[cat_l2: 10]
[cat_smooth: 10]
[max_cat_to_onehot: 4]
[top_k: 20]
[monotone_constraints: ]
[monotone_constraints_method: basic]
[monotone_penalty: 0]
[feature_contri: ]
[forcedsplits_filename: ]
[refit_decay_rate: 0.9]
[cegb_tradeoff: 1]
[cegb_penalty_split: 0]
[cegb_penalty_feature_lazy: ]
[cegb_penalty_feature_coupled: ]
[path_smooth: 0]
[interaction_constraints: ]
[verbosity: 1]
[saved_feature_importance_type: 0]
[use_quantized_grad: 0]
[num_grad_quant_bins: 4]
[quant_train_renew_leaf: 0]
[stochastic_rounding: 1]
[linear_tree: 0]
[max_bin: 255]
[max_bin_by_feature: ]
[min_data_in_bin: 3]
[bin_construct_sample_cnt: 200000]
[data_random_seed: 175]
[is_enable_sparse: 1]
[enable_bundle: 1]
[use_missing: 1]
[zero_as_missing: 0]
[feature_pre_filter: 1]
[pre_partition: 0]
[two_round: 0]
[header: 0]
[label_column: ]
[weight_column: ]
[group_column: ]
[ignore_column: ]
[categorical_feature: ]
[forcedbins_filename: ]
[precise_float_parser: 0]
[parser_config_file: ]
[objective_seed: 16083]
[num_class: 1]
[is_unbalance: 0]
[scale_pos_weight: 1]
[sigmoid: 1]
[boost_from_average: 1]
[reg_sqrt: 0]
[alpha: 0.9]
[fair_c: 1]
[poisson_max_delta_step: 0.7]
[tweedie_variance_power: 1.5]
[lambdarank_truncation_level: 30]
[lambdarank_norm: 1]
[label_gain: ]
[lambdarank_position_bias_regularization: 0]
[eval_at: ]
[multi_error_top_k: 1]
[auc_mu_weights: ]
[num_machines: 1]
[local_listen_port: 12400]
[time_out: 120]
[machine_list_filename: ]
[machines: ]
[gpu_platform_id: -1]
[gpu_device_id: -1]
[gpu_device_id_list: ]
[gpu_use_dp: 0]
[num_gpu: 1]

end of parameters

pandas_categorical:[]
