tree
version=v4
num_class=1
num_tree_per_iteration=1
label_index=0
max_feature_idx=40
objective=binary sigmoid:1
feature_names=log_return_1 log_return_3 log_return_6 range_1 atr_proxy volatility_lookback hour_of_day day_of_week session_asia session_london session_newyork volume_zscore relative_volume volume_percentile body_ratio upper_wick_ratio lower_wick_ratio atr_normalized_range stop_distance dist_ema_fast dist_ema_slow trend_strength trend_direction ema_slow_slope sweep_high_detected sweep_low_detected sweep_depth_atr sweep_rejection_ratio sweep_volume_zscore bullish_fvg_present bearish_fvg_present fvg_size_atr fvg_age_candles price_inside_fvg breakout_volume_confirmation rejection_volume_confirmation volume_block_strength atr_percentile range_compression high_volatility_flag market_regime
feature_infos=[-0.042987859726516954:0.034681446642307004] [-0.066498243478271851:0.052595133325355273] [-0.060898334737803365:0.07165610367187554] [9.1496208486352442e-05:0.049878511063459759] [0:1355.8885714285705] [0:0.014951767895152509] [0:23] [0:6] [0:1] [0:1] [0:1] [-2.3947117909429774:4.2430039261029089] [0.14763151714142861:84.005931000000004] [0:1] [0:1] [0:1] [0:0.99126637554597641] [0:8.073879387938808] [0:0.021082094317917528] [-0.047067099330635:0.028727138877080012] [-0.063992887007529184:0.038957759116279744] [-0.019787657958767413:0.016381332003521824] [-1:1] [-0.0060144092868428863:0.004053698938400214] [0:1] [0:1] [0:2.8968629136228139] [0:0.97882136279936882] [-1.604217534834721:7.9078267832017044] [0:1] [0:1] [0:4.69062327793735] [0:999] [-1:1] [0:4.212392812987364] [0:3.67990051332829] [0:4.3559803852000476] [0:1] [0:0.49444049101581422] [0:1] [-1:1]
tree_sizes=3349 3448 3443 3444 3460 3430 3450 3457 3436 3432 3462 3453 3456 3463 3449 3453 3463 3472 3471 3457 3459 3463 3464 3470 3463 3453 3486 3462 3477 3460 3459 3495 3464 3455 3476 3473 3469 3478 3458 3465 3482 3478 3474 3476 3496 3479 3465 3478 3469 3469 3485 3478 3456 3467

Tree=0
num_leaves=31
num_cat=0
split_feature=18 3 19 38 37 4 32 12 5 12 6 7 37 15 37 37 3 18 12 16 5 37 18 17 16 35 12 37 16 18
split_gain=246.449 60.1816 45.764 35.4182 28.332 58.0601 32.2007 27.3385 21.747 19.8629 19.8338 20.5901 20.114 18.934 18.2398 16.7934 21.0039 14.834 15.724 14.4395 14.3899 40.7519 20.8446 14.5359 12.8758 17.342 12.8329 12.7679 11.8867 11.6538
threshold=0.0018232056295801509 0.0091078767200472085 -0.00089479539360926203 0.26750028897798411 0.1026722837894847 190.51071428571285 4.5000000000000009 1.4771819443291285 0.0043056020557068935 1.563173771613565 17.500000000000004 4.5000000000000009 0.66085170009896832 0.027287791597728397 0.052991647324968645 0.60974382884596445 0.0058537395895968689 0.0024458312506186641 0.51516150331749 0.29424422790652144 0.0019748830587194986 0.70170959058657001 0.0029714566801202547 0.74060585988924055 0.095378478043440296 0.016934199680179226 0.71952592671282212 0.01303614694909745 0.32224489090222813 0.0071581818031682606
decision_type=2 2 2 2 2 2 2 2 2 2 2 2 2 2 2 2 2 2 2 2 2 2 2 2 2 2 2 2 2 2
left_child=-1 2 7 14 5 27 -7 10 9 -6 17 -12 -13 -3 -4 -9 -17 -2 -19 -15 21 22 23 -20 25 26 -22 -5 -25 -16
right_child=1 13 3 4 8 6 -8 15 -10 -11 11 12 -14 19 29 16 -18 18 20 -21 24 -23 -24 28 -26 -27 -28 -29 -30 -31
leaf_value=-2.4608315816066781 -2.4153920479585285 -2.2548358286372188 -2.3843706474247957 -2.4668323900711813 -2.4134308029693141 -2.3208601814566943 -2.1223379777409921 -2.3714339374258979 -2.2813353988164642 -2.3277096466301432 -2.4332354706680177 -2.2870138781405878 -2.4226664397724389 -2.3343345391749546 -2.4200098412582292 -2.2460026385774703 -2.3664552303013124 -2.4371686921093394 -2.253488392865393 -2.4092246288119523 -2.3146389126903806 -2.1885869031891052 -2.4240911478465921 -2.3960811104664002 -2.3926512207778394 -2.2660780705314441 -2.4111610241483969 -2.3589853021323921 -2.2924931125761461 -2.4668323900711813
leaf_weight=208.30526232719421 32.075991481542587 5.6604690849781027 35.774164617061615 4.7547940313816088 64.604820489883423 4.4529023468494398 3.7736460566520691 37.736460566520691 3.7736460566520682 7.5472921133041373 47.623413234949112 5.283104479312895 5.6604690849781036 24.906063973903656 351.32644787430763 7.0189816653728467 7.4718191921710968 10.113371431827543 4.4529023468494513 8.6793859302997571 5.5849961638450649 3.7736460566520682 9.3586422204971296 7.7737108767032606 68.076574862003326 4.9812127947807303 8.9812776148319227 6.4906712174415588 4.3019565045833588 13.811544567346571
leaf_count=2760 425 75 474 63 856 59 50 500 50 100 631 70 75 330 4655 93 99 134 59 115 74 50 124 103 902 66 119 86 57 183
internal_value=-2.41235 -2.39982 -2.40291 -2.41193 -2.38455 -2.33074 -2.22979 -2.38636 -2.39834 -2.40446 -2.39414 -2.41902 -2.35718 -2.33943 -2.41844 -2.35386 -2.30811 -2.385 -2.37735 -2.35369 -2.37219 -2.34209 -2.36447 -2.3307 -2.38238 -2.34661 -2.37415 -2.40459 -2.35918 -2.42178
internal_weight=1014.13 805.824 766.578 496.31 95.3978 19.472 8.22655 270.269 75.9258 72.1521 218.041 58.567 10.9436 39.2459 400.912 52.2273 14.4908 159.474 127.398 33.5854 117.285 29.6609 25.8872 16.5286 87.6241 19.5475 14.5663 11.2455 12.0757 365.138
internal_count=13437 10677 10157 6576 1264 258 109 3581 1006 956 2889 776 145 520 5312 692 192 2113 1688 445 1554 393 343 219 1161 259 193 149 160 4838
is_linear=0
shrinkage=1


Tree=1
num_leaves=31
num_cat=0
split_feature=18 11 38 5 37 18 3 2 5 37 38 37 21 37 7 20 1 12 15 4 19 19 18 37 3 38 16 5 38 2
split_gain=229.275 50.2469 41.9616 34.6786 32.5326 46.1911 28.7213 24.1445 17.7821 28.5691 33.2349 19.6352 16.8387 22.6044 15.8141 15.3069 14.9956 16.2102 16.4046 14.2421 13.7608 20.5617 13.1625 12.8721 12.4819 20.3272 12.3344 11.6163 11.5873 15.04
threshold=0.0018232056295801509 -0.21833189940407358 0.27359126189161181 0.0043056020557068935 0.095964871494590473 0.0027621035238015101 0.010858110711771729 -0.0032611539112606283 0.0030558022780271137 0.63006749364686887 0.21385340989109256 0.44733535671747032 -0.0021767017034539488 0.7122588869442712 5.5000000000000009 -0.0091934330182702837 0.0023894367479729778 0.58966256345152235 0.73364989954750792 370.17857142857048 -3.294486666623715e-05 -0.00057325419308291048 0.0046086218155034176 0.03863407504783032 0.0041063964030533138 0.33405090898738904 0.3762169224919662 0.0013065347726665935 0.20192791306537883 0.008775234247295944
decision_type=2 2 2 2 2 2 2 2 2 2 2 2 2 2 2 2 2 2 2 2 2 2 2 2 2 2 2 2 2 2
left_child=-1 2 14 4 5 -4 7 8 9 11 26 15 13 -8 16 -3 17 -2 23 22 21 -16 -6 -19 28 -26 -11 -17 29 -9
right_child=1 6 3 -5 19 -7 12 24 -10 10 -12 -13 -14 -15 20 27 -18 18 -20 -21 -22 -23 -24 -25 25 -27 -28 -29 -30 -31
leaf_value=-0.048018235019433142 -0.018798563832475735 0.13001641634506816 0.006281530294828655 0.17620105889023754 0.010660784902979375 0.17626305056697164 0.21639093947084917 0.013098665675063684 0.00672181070902075 0.09115831397759791 0.18505352738980874 -0.024031341765850884 0.0433188660021449 0.06078154259742511 0.023569369677581244 -0.028038299865728623 -0.031670464638640969 0.048854874031840592 0.10483156013029032 -0.044889959884466132 -0.0078061213111568651 0.14646456153571658 0.10132741462715884 -0.0014570255124028205 0.021367240098288498 0.13804317364074059 -0.011659424105930296 0.047812954245456306 -0.0076410371904845039 0.10479695753243806
leaf_weight=200.00126838684082 116.37573684751987 5.144132897257804 8.2204738557338697 4.109362728893756 36.821580678224564 7.7782908678054801 4.240199804306032 40.68439557403326 30.14439082890749 7.8756695389747637 7.7110678777098647 11.430283956229685 13.239974826574324 5.1907725259661674 12.147326469421388 5.6570951119065276 63.630546480417252 14.01665376126766 4.0798252448439589 10.422260537743567 15.007517464458941 4.7283653095364597 4.4912426099181166 136.68654475361109 92.865554124116898 3.8893155083060256 4.6327100470662117 46.846798814833164 91.671461790800095 5.0237828046083441
leaf_count=2760 1549 66 108 50 485 93 53 538 388 98 96 147 164 65 157 74 847 182 54 138 200 63 59 1807 1217 49 58 603 1202 67
internal_value=-4.87755e-05 0.0117264 0.000224899 0.0351671 0.0266106 0.0889233 0.0251313 0.0216332 0.0399265 0.0511355 0.103409 0.0358348 0.0796872 0.130744 -0.00662142 0.0477048 -0.00982584 -0.00469974 0.00590065 0.00734082 0.0270265 0.0580031 0.0205174 0.0032224 0.012301 0.0260573 0.0530779 0.0396403 0.00261264 0.0231772
internal_weight=1014.76 814.763 438.516 71.8432 67.7338 15.9988 376.248 353.577 119.442 89.2978 20.2194 69.0783 22.6709 9.43097 366.673 57.648 334.789 271.159 154.783 51.7351 31.8832 16.8757 41.3128 150.703 234.135 96.7549 12.5084 52.5039 137.38 45.7082
internal_count=13437 10677 5792 933 883 201 4885 4603 1530 1142 252 890 282 118 4859 743 4439 3592 2043 682 420 220 544 1989 3073 1266 156 677 1807 605
is_linear=0
shrinkage=0.05


Tree=2
num_leaves=31
num_cat=0
split_feature=5 35 38 37 5 7 38 6 39 0 1 6 37 7 37 3 21 15 38 5 29 12 5 7 37 38 13 14 5 1
split_gain=178.156 45.9297 33.5477 42.5503 35.1283 25.9591 28.5186 22.8687 19.7382 18.8583 17.6665 16.5598 22.1898 32.2854 17.2634 23.8447 23.6053 18.1213 16.7901 16.5119 15.2734 19.1014 13.5129 13.4801 13.328 12.1304 16.0281 13.5155 11.5004 19.7953
threshold=0.0013158666225935101 0.049649820021368855 0.27359126189161181 0.095964871494590473 0.0043978822277210092 1.5000000000000002 0.2960620079913226 10.500000000000002 1.0000000180025095e-35 -0.0060320717030348378 -0.0090294249914866231 14.500000000000002 0.62445933550993216 2.5000000000000004 0.50045140401817123 0.0062308044229463034 -0.0024076933434972951 0.42972953945442244 0.23329969775927714 0.00094711412481789396 1.0000000180025095e-35 0.59699322235477859 0.0029211400290706929 1.5000000000000002 0.50045140401817123 0.26750028897798411 0.10967985744944632 0.57242374143598407 0.0014828676961187897 4.8196726601957018e-05
decision_type=2 2 2 2 2 2 2 2 2 2 2 2 2 2 2 2 2 2 2 2 2 2 2 2 2 2 2 2 2 2
left_child=19 2 10 5 -5 -4 -7 9 -9 -3 -2 12 24 -14 15 -13 18 -18 -16 -1 21 -12 -19 -23 -10 -11 -27 -28 29 -25
right_child=1 7 3 4 -6 6 -8 8 11 25 20 14 13 -15 16 -17 17 22 -20 -21 -22 23 -24 28 -26 26 27 -29 -30 -31
leaf_value=-0.051386986485937786 0.094120592041597742 0.107914343250642 0.20638102623849305 0.0030515308058177118 0.1399962936642293 0.15053169823977058 -0.0070272798336077818 0.0027636205504568785 0.065562606846204879 1.4614178082075039e-05 -0.015265716815223589 0.028386078072792503 0.1864829480160666 0.021675102866861105 0.04087366933542394 0.16727857551964154 -0.016835347640821601 0.13276777532262016 0.14953744563393079 -0.025359729303119857 -0.033497440910444397 -0.0087187069051022949 0.0045071556793562463 0.10100420128366026 -0.018592497153896794 0.13355219725324785 -0.019601031007985232 0.080815020263415679 0.011302318565189737 -0.0023923119933404262
leaf_weight=111.23579885810614 4.70002457499504 4.9015486240386954 4.580655679106715 56.377554759383202 5.1070047840476027 5.3357789143919927 6.2197777032852173 26.105618380010128 31.153371602296829 88.699039615690708 139.32722578197718 7.225260414183138 8.4830524027347547 4.5737907588481894 13.037193901836874 5.399308368563652 30.276630289852619 3.9972166493535024 4.8875854760408393 134.76181121915579 38.264579333364964 82.997451901435852 4.2231248989701271 9.9620890617370623 5.5417442992329589 3.9818661659956005 8.5183801054954511 5.5238967165350905 151.06068316847086 8.6469677239656431
leaf_count=1594 59 57 52 734 55 60 74 334 391 1140 1883 93 101 57 159 66 380 50 59 1855 515 1097 54 130 71 50 107 68 1976 116
internal_value=-9.12324e-05 0.0117552 0.00311125 0.0333913 0.0144264 0.105654 0.0657256 0.0290269 0.0421296 0.0120177 -0.00229239 0.0507802 0.0727719 0.128751 0.0349339 0.087788 0.0231076 0.00103952 0.0705032 -0.0371288 -0.00334557 -0.000402296 0.0668751 0.00779378 0.0528534 0.00761342 0.0450081 0.0199002 0.0158712 0.0529595
internal_weight=1015.11 769.108 512.58 77.6208 61.4846 16.1362 11.5556 256.529 144.904 111.625 434.959 118.798 49.752 13.0568 69.0463 12.6246 56.4218 38.497 17.9248 245.998 430.259 391.994 8.22034 252.667 36.6951 106.723 18.0241 14.0423 169.67 18.6091
internal_count=13437 9988 6751 975 789 186 134 3237 1815 1422 5776 1481 620 158 861 159 702 484 218 3449 5717 5202 104 3319 462 1365 225 175 2222 246
is_linear=0
shrinkage=0.05


Tree=3
num_leaves=31
num_cat=0
split_feature=18 11 38 32 18 19 3 38 7 32 0 19 38 3 4 5 39 38 6 13 15 38 38 5 37 20 37 13 2 0
split_gain=201.991 38.9675 33.2141 24.1674 25.3819 20.9512 20.5457 14.5315 14.0442 13.2934 19.8845 15.268 12.6623 20.2454 12.2016 17.3156 12.9509 12.1675 19.9363 12.1451 11.9485 13.9254 15.1666 11.481 21.571 13.8188 11.2584 11.172 11.1436 11.0253
threshold=0.0018232056295801509 -0.21833189940407358 0.27359126189161181 6.5000000000000009 0.0030432479739625332 -0.0023505365316005048 0.0091078767200472085 0.14958446981067305 5.5000000000000009 3.5000000000000004 -0.0021185548611078577 -0.0063050540165924722 0.33405090898738904 0.0031688159439327195 169.35714285714184 0.0017733090446957825 1.0000000180025095e-35 0.28111009599350534 16.500000000000004 0.30946511644905123 0.03682479257379067 0.24613885358867191 0.19988650828733376 0.0021003824179008702 0.19620236619249679 -0.00088431492951325421 0.03863407504783032 0.46400387017904615 -0.0023973729533307798 -0.00048599231916366845
decision_type=2 2 2 2 2 2 2 2 2 2 2 2 2 2 2 2 2 2 2 2 2 2 2 2 2 2 2 2 2 2
left_child=-1 2 8 17 -5 7 12 -3 26 -9 11 -11 20 -14 -10 -16 -17 18 -4 -8 21 22 -7 -19 -25 -26 -2 -13 -28 -6
right_child=1 5 3 4 29 6 19 9 14 10 -12 27 13 -15 15 16 -18 23 -20 -21 -22 -23 -24 24 25 -27 28 -29 -30 -31
leaf_value=-0.047205289019571495 0.022472089717635781 -0.010180163513107765 0.11143634665368291 0.14810709501099104 0.0891030327668864 0.017576413845154498 0.13024726596173958 0.034938100469226838 -0.022713175779367292 0.12517087789529707 0.14450258894642273 -0.0058226541311931848 -0.017714746804013266 0.13036161754357603 0.13708242455598177 0.084419181212911365 -0.004005544197510146 -0.02221465743203049 -0.022194226593187677 0.040656408665794154 0.0036850083891444931 -0.016914403400716333 0.10616547907950553 0.12236638493534197 0.05989266798355139 -0.032001628972507128 0.0041436224444891907 0.085705663502206111 -0.017574638110825311 -0.014101913729130212
leaf_weight=186.0859173387289 25.921170569956303 13.324052326381205 7.1956589147448522 7.8700709566473988 4.4869204014539728 9.6853154078126007 4.8496810048818615 81.064816311001778 9.414330840110777 4.9729946106672331 7.5136688873171797 10.169470362365244 4.0430151224136335 5.3799221217632294 4.1678714528679874 6.1126684546470651 12.836992487311363 23.050039269030094 4.5597383305430412 17.195683375000954 209.9980089366436 7.9312005862593642 9.6402213647961599 4.7710801213979748 6.5396285951137605 10.926293909549708 80.182399936020374 4.9600680172443399 224.2370969504118 6.1139872223138783
leaf_count=2760 332 158 85 96 51 124 56 973 123 54 90 124 51 61 52 79 166 295 56 200 2711 101 125 53 83 138 1067 57 3040 76
internal_value=-0.000128079 0.0104379 0.000204434 0.0303739 0.080082 0.0219196 0.0141181 0.0391026 -0.00607381 0.0451446 0.0751049 0.0491663 0.00998509 0.0668278 0.0252712 0.0448123 0.024518 0.0142779 0.0596031 0.0603652 0.00772749 0.0388726 0.0617676 0.00251259 0.0281439 0.00240563 -0.00916066 0.024184 -0.0118542 0.0295804
internal_weight=1015.2 829.114 438.386 75.5134 18.471 390.728 268.723 122.005 362.873 108.681 27.6162 20.1025 246.678 9.42294 32.5319 23.1175 18.9497 57.0424 11.7554 22.0454 237.255 27.2567 19.3255 45.287 22.237 17.4659 330.341 15.1295 304.419 10.6009
internal_count=13437 10677 5792 933 223 4885 3429 1456 4859 1298 325 235 3173 112 420 297 245 710 141 256 3061 350 249 569 274 221 4439 181 4107 127
is_linear=0
shrinkage=0.05


Tree=4
num_leaves=31
num_cat=0
split_feature=18 12 3 1 17 38 12 13 3 3 16 21 7 2 37 38 38 1 16 12 38 20 21 36 7 34 16 17 5 18
split_gain=188.307 35.4227 26.6316 24.8884 17.0736 15.2797 42.5448 17.9572 16.2491 15.516 18.4566 14.9526 14.0818 13.2582 12.1783 16.6201 14.6335 13.3594 11.6238 11.4544 11.4271 20.2706 15.6697 11.3281 11.3074 12.714 14.2583 13.0701 15.1554 34.1536
threshold=0.0018232056295801509 0.60761541603672298 0.0091078767200472085 0.00052863401949442977 0.711585928489054 0.26924874797474735 0.73540572012313199 0.34787160753149698 0.0030513042328173365 0.0070849557333849747 0.38982766562692189 -0.00035023412556171217 5.5000000000000009 -0.0027434897954316411 0.082758708631654312 0.2499774997216552 0.18551990814257677 0.001317881817783403 0.32656017332510684 0.96873763769484766 0.22955615938792159 -0.0024284405492722874 0.0028326506731751037 0.44172850523003931 1.5000000000000002 0.09630791451160621 0.22527224169494794 0.8426230349795919 0.0017613445653673267 0.0024328005981879793
decision_type=2 2 2 2 2 2 2 2 2 2 2 2 2 2 2 2 2 2 2 2 2 2 2 2 2 2 2 2 2 2
left_child=-1 12 3 5 -5 7 18 24 -8 10 -9 -10 20 -13 15 -6 17 -16 -7 -19 -2 -22 -23 -4 -3 27 -27 28 29 -26
right_child=1 2 23 4 14 6 8 9 11 -11 -12 13 -14 -15 16 -17 -18 19 -20 -21 21 22 -24 -25 25 26 -28 -29 -30 -31
leaf_value=-0.046746897815224224 -0.023733159605590082 -0.0069787091349669504 0.097848307150518024 -0.023329909186124955 0.0094454489307703223 0.084277868464052441 -0.0086564470668287537 0.078421216084298709 0.015521321549917914 -0.011153248925604856 0.011954890227468333 0.1425424501604349 0.033249883778058362 0.043519701635946255 0.093562442328988846 0.089941394993672943 -0.0065873763423447826 -0.023109352608607539 0.17820862500363224 0.034569486230571038 0.081048358260587552 -0.014139177638025533 0.091375667128024932 0.038581378874446931 0.017143981985696884 -0.012553617004472314 0.091279147416181941 -0.00095584046113773131 0.011826316065492457 0.15227026406089528
leaf_weight=178.70253083854914 106.48198929429054 70.316196151077747 10.431464545428751 57.67867923527956 17.948796421289448 8.5903462395071966 23.798226699233055 28.774613276124001 17.652657561004162 11.326254740357397 16.395796313881874 5.8021659776568404 17.628691427409649 8.0982765257358569 6.4137964621186248 9.9768088087439519 120.75917068868876 12.789629660546778 5.3416687473654738 26.323298126459122 7.360800862312316 53.03048412501812 3.7686811834573737 35.503318652510643 13.220245920121672 4.7386297285556784 10.938012257218359 78.945927374064922 39.103795453906059 7.2356093823909751
leaf_count=2760 1475 913 118 763 232 101 299 334 207 132 197 65 227 96 84 118 1572 173 60 336 94 695 50 387 169 60 134 995 503 88
internal_value=-0.000157334 0.00979715 0.0153431 0.0125438 0.000556796 0.0211638 0.0421946 0.0159784 0.0225374 0.0411746 0.0542955 0.0460646 -0.0092944 0.0848527 0.00765088 0.0382037 0.00251992 0.0266769 0.120292 0.0157089 -0.0136896 0.0029791 -0.00713816 0.0520405 0.00963757 0.0172156 0.0598933 0.0123851 0.0300685 0.0649406
internal_weight=1015.08 836.374 648.103 602.169 251.89 350.278 69.2833 280.995 55.3513 56.4967 45.1704 31.5531 188.271 13.9004 194.212 27.9256 166.286 45.5267 13.932 39.1129 170.642 64.16 56.7992 45.9348 224.498 154.182 15.6766 138.506 59.5597 20.4559
internal_count=13437 10677 8136 7631 3278 4353 828 3525 667 663 531 368 2541 161 2515 350 2165 593 161 509 2314 839 745 505 2862 1949 194 1755 760 257
is_linear=0
shrinkage=0.05


Tree=5
num_leaves=31
num_cat=0
split_feature=4 12 1 1 6 20 11 38 1 5 6 15 20 21 4 37 38 4 12 5 38 20 2 37 35 16 13 32 11 13
split_gain=154.728 34.0539 21.6601 24.2267 16.5387 15.5671 16.2249 21.3886 21.0085 17.6125 17.3144 16.2925 15.2307 47.7808 15.0886 13.5205 18.5227 18.5919 11.9248 11.8443 12.2391 11.822 16.0078 21.4244 11.7237 21.8458 11.443 10.9187 10.8178 20.6871
threshold=145.24642857142786 0.58966256345152235 0.00052863401949442977 0.010510974608382788 17.500000000000004 0.0046328675740348914 -0.66004408823786365 0.2345187829868757 -0.0016756972345059711 0.0028101627350293839 11.500000000000002 0.27201893224657353 -0.0091934330182702837 -0.0058872583535092308 565.53214285714171 0.082758708631654312 0.24924181619943583 205.60714285714184 1.7533488202759078 0.0011820107492152734 0.27693116813941127 -0.0063347416504023904 -0.004141977288543092 0.63006749364686887 0.28137438517965524 0.2611168255981216 0.2623335291883353 5.5000000000000009 -0.18652024651018026 0.28246551587022567
decision_type=2 2 2 2 2 2 2 2 2 2 2 2 2 2 2 2 2 2 2 2 2 2 2 2 2 2 2 2 2 2
left_child=19 -2 4 15 5 6 7 8 -3 27 12 -10 13 -8 21 16 -4 -18 -6 -1 -21 -12 23 -23 -24 -26 -17 -9 -28 -30
right_child=1 2 3 -5 18 -7 10 9 11 -11 14 -13 -14 -15 -16 26 17 -19 -20 20 -22 22 24 -25 25 -27 28 -29 29 -31
leaf_value=-0.048649408078824868 -0.01114158650545477 -0.042181703579635049 0.00056115658163154072 0.060874938400919891 -0.0058413020905115657 -0.02545715334294027 -0.0397493457664818 0.040214324776929163 0.0093634305468627398 0.17738418030234326 0.0079686235069690321 0.13863729418133694 0.0090358623603828941 0.14109483252451238 0.11697411268649829 -0.013851920792841164 0.02793984383204208 0.15099446025926841 0.064309552276952217 -0.028375377244386636 0.054724847144699489 0.042834966114711943 0.010449890128702706 0.14196911061305031 0.13055007568437257 0.015155002011873826 -0.030183459272294873 0.12416574545955872 0.11105948689050876 0.0095689220171238966
leaf_weight=141.61058521270752 167.72609460353851 7.9849837049841907 21.769882436841726 17.198443509638309 67.35436287522316 13.653009653091429 6.4752956032752982 11.522373385727411 5.4756547510623914 4.7175821885466567 27.469547465443611 4.3923764750361443 141.51563393324614 8.378302186727522 6.0719116330146781 137.78063576295972 7.8240640014410001 5.0511530861258507 6.6566688641905776 36.855166248977184 5.0363020673394194 14.259026847779753 29.088467329740524 8.8220296129584295 6.9850079715251949 9.9349650293588621 14.4871534332633 5.8341200426220885 5.4247131273150435 67.464987516403198
leaf_count=2270 2301 102 286 199 851 174 77 139 72 53 303 55 1761 91 65 1836 95 50 73 529 68 165 365 91 79 117 198 66 68 838
internal_value=-0.000185372 0.00898731 0.014075 0.00340325 0.0217215 0.0267538 0.0291384 0.0588068 0.0181145 0.0917179 0.0245648 0.0669047 0.0140914 0.0622574 0.0405221 -0.000401267 0.0286769 0.0762161 0.000468176 -0.0417403 -0.0183849 0.0357146 0.0467462 0.080726 0.0296995 0.0627931 -0.00487555 0.0684333 0.0092789 0.0171222
internal_weight=1014.82 831.318 663.592 277.001 386.591 312.58 298.927 39.9271 17.853 22.0741 259 9.86803 156.369 14.8536 102.631 259.803 34.6451 12.8752 74.011 183.502 41.8915 96.559 69.0895 23.0811 46.0084 16.92 225.157 17.3565 87.3769 72.8897
internal_count=13437 10570 8269 3570 4699 3775 3601 487 229 258 3114 127 1929 168 1185 3371 431 145 924 2867 597 1120 817 256 561 196 2940 205 1104 906
is_linear=0
shrinkage=0.05


Tree=6
num_leaves=31
num_cat=0
split_feature=18 12 3 1 17 6 21 18 12 38 6 6 38 12 38 19 18 37 2 6 37 6 37 38 32 12 32 13 21 37
split_gain=165.318 28.2583 20.1192 18.5392 15.2495 12.6967 14.2001 14.4276 12.3134 12.2885 12.4452 11.8759 11.8744 11.6819 11.0498 15.1664 24.302 10.9772 14.9897 14.9711 13.1932 13.6225 15.4342 18.3477 12.4525 15.0621 11.5042 11.0321 13.0033 17.9285
threshold=0.0018232056295801509 0.60761541603672298 0.0088527972395103013 0.00052863401949442977 0.711585928489054 18.500000000000004 0.0026809239379518694 0.0024328005981879793 0.73193262563040029 0.15816974832770844 12.500000000000002 20.500000000000004 0.28322174854136334 0.62863376462271614 0.22450819130276164 -0.00029858647210025151 0.0047115009365383143 0.030298142731220085 0.0015919774881706771 4.5000000000000009 0.068191575861779069 14.500000000000002 0.91335863951378438 0.24613885358867191 2.5000000000000004 0.79153998522023505 7.5000000000000009 0.10068585395653394 -0.00027462485012604828 0.49641616084930562
decision_type=2 2 2 2 2 2 2 2 2 2 2 2 2 2 2 2 2 2 2 2 2 2 2 2 2 2 2 2 2 2
left_child=-1 14 3 5 13 6 7 8 -3 10 -9 -4 -7 -5 -2 16 -16 -11 19 -19 -21 24 26 -24 27 -26 -23 -22 29 -29
right_child=1 2 11 4 -6 12 -8 9 -10 17 -12 -13 -14 -15 15 -17 -18 18 -20 20 21 22 23 -25 25 -27 -28 28 -30 -31
leaf_value=-0.045889513165845934 -0.019025131156475021 0.046689591274026263 0.034827081331861187 0.061352381625284828 0.0071506019589837712 -0.012767578240052389 -0.016339838525515134 -0.037769515839596826 -0.0035876215437574128 0.082998603524381293 0.053596768228546698 0.11135487806365629 0.059126689210417908 -0.028617405863896717 0.010674867551904312 -0.011889771303413068 0.12129914656193522 0.012144769090945027 -0.0050591755928214655 -0.019423161622505413 -0.0055807516997293137 -0.0070514693820403849 0.13427989951802524 0.0052247800729947873 0.153876106132877 0.069870566336382264 0.074264112324169726 0.063543875387339452 0.10903612332373738 -0.045435327476746917
leaf_weight=165.71547388657928 106.74614301323891 15.244463160634039 47.781700797379017 3.8748764395713797 193.9060150757432 47.599142380058765 22.18717123568058 11.652141742408277 60.541000567376614 11.508608333766459 5.4798810407519332 5.6712371483445159 6.5314282551407805 52.373179361224174 24.481874167919162 47.988401994109154 6.2273739278316489 40.774050302803516 23.001247316598892 6.9406879320740691 8.0844024270772916 22.777154043316845 6.3024325966835004 4.8915533348917961 6.9376266226172474 23.111944817006588 5.3762858361005774 16.382271207869056 9.4041877537965792 4.9035949334502211
leaf_count=2760 1511 188 495 51 2491 605 287 144 765 126 60 59 74 712 318 638 74 480 283 81 98 266 67 52 84 263 58 186 105 56
internal_value=-0.000210519 0.00870886 0.0135332 0.0109549 0.000501663 0.018226 0.0221806 0.0251973 0.00652578 0.0320158 -0.00854492 0.0429465 -0.00409277 -0.0224195 -0.00854553 0.0056691 0.0331078 0.0356655 0.0326203 0.03818 0.047402 0.0516897 0.0282229 0.0778853 0.065106 0.0892652 0.00847686 0.046383 0.0600713 0.0384385
internal_weight=1014.4 848.682 663.238 609.785 250.154 359.631 305.501 283.314 75.7855 207.528 17.132 53.4529 54.1306 56.2481 185.444 78.6977 30.7092 190.396 178.887 155.886 115.112 108.171 39.3474 11.194 68.824 30.0496 28.1534 38.7745 30.6901 21.2859
internal_count=13437 10677 8136 7582 3254 4328 3649 3362 953 2409 204 554 679 763 2541 1030 392 2205 2079 1796 1316 1235 443 119 792 347 324 445 347 242
is_linear=0
shrinkage=0.05


Tree=7
num_leaves=31
num_cat=0
split_feature=18 11 38 32 18 3 38 17 3 4 4 15 17 3 2 38 13 3 0 29 11 20 6 26 0 37 2 3 27 32
split_gain=154.31 25.197 23.3378 17.5592 16.7171 12.943 11.7131 12.6353 18.5194 16.3046 11.9242 12.3944 15.4136 12.0066 10.7922 10.065 12.3999 13.1224 10.0006 9.50007 11.9578 9.31379 9.07238 8.82677 8.63311 8.19145 9.26088 9.42902 8.53571 7.65764
threshold=0.0018232056295801509 -0.21833189940407358 0.27359126189161181 6.5000000000000009 0.0030432479739625332 0.0041063964030533138 0.26750028897798411 1.3431412129230287 0.0064646509637516173 224.17500000000032 166.64285714285612 0.035321281339000012 2.2561996303981409 0.0051916099415470693 -0.0047139947031571558 0.31742466309825673 0.035365617417316302 0.0042775544061054984 0.00016830971111063569 1.0000000180025095e-35 -1.306172003491741 -0.00064410383790070578 2.5000000000000004 0.07497727318323899 -0.00061784784762031924 0.052991647324968645 0.008775234247295944 0.0034507352239476164 0.59304842444372563 3.5000000000000004
decision_type=2 2 2 2 2 2 2 2 2 2 2 2 2 2 2 2 2 2 2 2 2 2 2 2 2 2 2 2 2 2
left_child=-1 2 19 15 -5 14 10 -8 9 -9 -7 12 13 -12 23 16 18 21 -4 20 -2 -18 -13 -3 -6 -16 28 -28 -27 -24
right_child=1 5 3 4 24 6 7 8 -10 -11 11 22 -14 -15 25 -17 17 -19 -20 -21 -22 -23 29 -25 -26 26 27 -29 -30 -31
leaf_value=-0.045426807874036468 -0.033685604678643677 0.042229460215789758 0.02513998816210089 0.1129282750244788 0.071691706293245783 -0.054968278319802645 0.017022704136192637 0.066871430607156557 0.028658915470709641 0.189384086600065 0.08362214796787934 -0.019561217108836314 0.10958374073819038 -0.00017763552129630735 0.033353991918493878 -0.025103842629641084 0.026444138805336179 0.07267570645473001 0.12948430515204742 -0.033174677495263538 -0.00023812050716188077 -0.030497538159457036 0.01313213308635873 -0.023166485093077095 -0.015915100231673737 -0.0077064165145725493 0.097268943773826555 -0.0067029668376365594 0.056552256013023133 0.039919827256157059
leaf_weight=159.1987408734858 29.322327196598053 32.145801141858101 4.9131327047944051 9.4325443133711833 5.0529218465089798 5.1247050687670699 15.814033187925814 6.1142973378300685 10.592076510190962 4.8858351781964302 6.4777585193514886 15.498672284185885 8.4146452695131284 12.566544748842714 18.666100636124611 14.974231265485285 12.799128092825411 6.5780547931790343 4.3113099038600922 28.740164831280708 301.30025563389063 16.361443720757965 91.767966590821743 6.1464946344494811 6.3411436155438405 128.56082978844643 4.5998945757746679 4.1460267454385757 5.3843666240572921 37.613717392086983
leaf_count=2760 416 360 54 96 50 63 177 67 109 51 76 188 82 137 228 185 147 69 48 416 4027 207 1048 68 77 1638 57 51 67 418
internal_value=-0.000230358 0.00818858 -0.000143147 0.0241436 0.0636942 0.017035 0.0255515 0.0509788 0.0758481 0.121287 0.0201919 0.0224269 0.0532271 0.0283262 0.00786923 0.0104008 0.022225 0.00888515 0.0739083 -0.00560139 -0.00320452 -0.00550476 0.0165893 0.0317324 0.0229359 0.00220616 -0.00186843 0.0479808 -0.00512333 0.0209198
internal_weight=1013.85 854.646 440.127 80.7639 20.8266 414.52 214.87 37.4062 21.5922 11.0001 177.464 172.339 27.4589 19.0443 199.65 59.9373 44.9631 35.7386 9.22444 359.363 330.623 29.1606 144.88 38.2923 11.3941 161.357 142.691 8.74592 133.945 129.382
internal_count=13437 10677 5792 933 223 4885 2416 404 227 118 2012 1949 295 213 2469 710 525 423 102 4859 4443 354 1654 428 127 2041 1813 108 1705 1466
is_linear=0
shrinkage=0.05


Tree=8
num_leaves=31
num_cat=0
split_feature=18 20 38 17 37 4 13 1 7 20 4 38 21 6 21 5 6 19 14 6 37 12 1 6 5 5 19 6 6 14
split_gain=144.097 23.5259 17.651 22.7044 19.9823 30.8855 20.3243 18.9665 15.725 15.1653 13.6622 22.0763 16.3874 15.3783 14.4071 12.1834 11.9652 12.6115 12.0713 11.4938 10.174 13.5405 15.671 11.7607 9.82431 16.3082 23.3978 9.2808 15.698 14.7593
threshold=0.0018232056295801509 -0.0014045994650473952 0.26750028897798411 1.9139359675091259 0.16286591957912441 197.03214285714267 0.084801707680283098 0.010510974608382788 2.5000000000000004 -0.00038945360122577918 565.53214285714171 0.26251636962471991 -0.0032459331970168931 13.500000000000002 -0.0023480253302732268 0.0055685510458321702 15.500000000000002 -0.0025187885533049458 0.63237004899682348 18.500000000000004 0.061711239437196114 1.7879231978634538 -0.0027365576718646162 4.5000000000000009 0.0031298707530680206 0.0023273462895819753 -0.0042802864423898352 3.5000000000000004 6.5000000000000009 0.71828936733035542
decision_type=2 2 2 2 2 2 2 2 2 2 2 2 2 2 2 2 2 2 2 2 2 2 2 2 2 2 2 2 2 2
left_child=-1 10 7 4 5 9 8 -3 -7 -4 12 13 19 -12 16 -15 17 -14 -18 24 23 27 -23 -16 25 -2 -27 -22 29 -29
right_child=1 2 3 -5 -6 6 -8 -9 -10 -11 11 -13 14 15 20 -17 18 -19 -20 -21 21 22 -24 -25 -26 26 -28 28 -30 -31
leaf_value=-0.044961164795247935 -0.014091052381734435 -0.0062161750482940138 0.073709566008884467 0.12691244246874575 -0.0018517077387733346 0.18966373923481328 0.02405729298353769 0.047992153251328107 0.072254759235790278 -0.031729197504305959 -0.045159403316376974 0.15047028094618742 0.059460180251663122 0.11785525991764352 0.10122765092242408 0.017944320672977347 0.055207910113974405 -0.0065971485349098653 0.15511014315463009 -0.047191301871115102 -0.019450008497530744 0.024136160724084782 0.11318621707773523 0.023405138377503059 -0.018650520248789149 0.11790617737138585 0.0038452020551147793 0.082428766554659569 0.0044678808451544946 -0.02209219586921362
leaf_weight=152.96351017430425 16.881280317902565 385.88186925649643 4.6347105130553272 4.6359265446662894 69.507261879742146 5.6347161978483218 7.4488055631518355 16.840159900486469 5.7744042798876762 12.908774748444555 4.9462384581565919 4.8093711510300627 15.58458925783634 5.1672293022274953 7.0014111995697048 7.4513450637459755 10.409507341682909 13.471043527126314 4.2616431862115851 13.406018026173113 29.432733744382858 24.210242889821533 6.2071499750018111 15.833596207201479 27.325354002416134 8.0374684631824476 10.204616807401182 13.088102228939535 104.63252319395542 4.552277907729148
leaf_count=2760 194 5122 53 47 858 49 78 183 54 161 59 45 167 54 78 83 127 171 47 176 356 247 67 183 331 84 128 159 1260 56
internal_value=-0.000245132 0.0077066 0.000908497 0.0186062 0.0138653 0.0438765 0.0882986 -0.00394941 0.13024 -0.00387395 0.0177645 0.0555548 0.0151592 0.0295662 0.0213645 0.0588572 0.0474195 0.0288341 0.0842273 -0.00518423 0.0158057 0.0118612 0.0423082 0.0472662 0.00383353 0.0213257 0.0541005 0.00575644 0.011824 0.0554561
internal_weight=1013.14 860.18 513.267 110.545 105.909 36.4014 18.8579 402.722 11.4091 17.5435 346.914 22.3742 324.54 17.5648 248.685 12.6186 43.7268 29.0556 14.6712 75.8547 204.958 182.123 30.4174 22.835 62.4487 35.1234 18.2421 151.706 122.273 17.6404
internal_count=13437 10677 6605 1300 1253 395 181 5305 103 214 4072 241 3831 196 2918 137 512 338 174 913 2406 2145 314 261 737 406 212 1831 1475 215
is_linear=0
shrinkage=0.05


Tree=9
num_leaves=31
num_cat=0
split_feature=4 3 37 19 7 38 5 5 37 20 11 0 35 36 14 35 12 15 13 0 4 20 16 7 13 15 4 12 38 7
split_gain=119.981 23.7641 19.6418 16.5616 14.3911 13.6776 19.3104 19.7057 18.5027 17.7609 13.1813 12.9351 12.9231 15.6338 12.2519 20.3715 11.0282 10.9627 10.6921 9.94764 9.75104 10.8407 9.81986 11.5056 9.35561 8.97893 9.72654 8.94736 8.70595 8.59996
threshold=137.11785714285728 0.0042365755301520605 0.061711239437196114 -0.00015755008560400463 5.5000000000000009 0.23329969775927714 0.0043978822277210092 0.0031298707530680206 0.32255766975616645 0.0026199415933690945 -0.39280629315106369 -0.0013207675578035755 0.15029469847814517 0.98253500594544907 0.47877178461398656 0.74228223198544796 0.81697531896274811 0.025270765505894344 0.22585711848396137 -0.0028342435888069413 192.52499999999836 -0.0020214794612792705 0.39262281301923446 2.5000000000000004 0.22333022976703257 0.028967485698670477 347.52857142857158 0.73193262563040029 0.25937034544886645 1.5000000000000002
decision_type=2 2 2 2 2 2 2 2 2 2 2 2 2 2 2 2 2 2 2 2 2 2 2 2 2 2 2 2 2 2
left_child=-1 2 11 4 -4 10 7 12 -9 19 -3 28 18 -14 -15 -16 -12 -6 29 -8 -13 -22 23 -23 27 26 -18 -19 -2 -7
right_child=1 5 3 -5 17 6 9 8 -10 -11 16 20 13 14 15 -17 25 24 -20 -21 21 22 -24 -25 -26 -27 -28 -29 -30 -31
leaf_value=-0.043942030267947206 0.036823772686820987 -0.021761223712998427 0.0016851485379188091 -0.011293837113778711 0.10787037461372238 0.093661730961478173 0.059463227758307736 0.071730879127365879 -0.030086101424379886 0.0042037455721691246 0.098828575027956334 -0.00010639776232487019 0.11565190846153238 -0.0004084298168791137 0.024365886714966176 0.13907189611640824 0.067262117754718201 0.036823056426019553 -0.037089460975947536 0.14500395904568994 -0.017196621473288914 0.077362764400802919 0.10029685365410493 -0.021682186993193988 0.069062646610135212 0.0083855604383551493 -0.0079073967507220892 -0.026059996591619807 0.1216430329507156 0.0063834289088540407
leaf_weight=136.08680472522974 7.6173148900270444 27.619052369147539 217.06238666549325 266.99733832105994 4.5976584553718558 4.3331840038299587 5.9661049842834482 5.4976395741105106 23.68802647292614 5.833887141197919 3.9061316624283782 40.30483865737915 8.7373755499720556 11.569616455584766 10.51672448962927 6.1250674575567237 14.12468194961548 12.499358959496027 8.0736403912305814 7.8979194909334192 6.4448024854064014 5.9309157207608241 7.97908080369234 5.799132451415062 8.7932037897407991 118.69215231388807 6.189087785780429 10.333182919770477 5.0183949768543243 8.0953920707106573
leaf_count=2496 93 380 2733 3686 56 47 54 63 277 66 50 537 95 117 108 60 143 151 92 74 71 62 88 64 97 1342 65 126 49 95
internal_value=-0.000263362 0.00652024 0.000923921 -0.00260517 0.00655385 0.0186355 0.0327091 0.0225493 -0.0109071 0.0773949 0.00985996 0.0241383 0.0395455 0.0572101 0.03911 0.0665838 0.015971 0.0357287 0.00771053 0.108193 0.0153216 0.0390971 0.0575049 0.0283967 0.0252409 0.0136427 0.0443599 0.00836446 0.0705106 0.0368127
internal_weight=1012.33 876.243 599.378 520.283 253.286 276.866 106.335 86.6367 29.1857 19.6979 170.531 79.0945 57.451 36.9488 28.2114 16.6418 142.912 36.2234 20.5022 13.864 66.4588 26.1539 19.7091 11.73 31.6257 139.006 20.3138 22.8325 12.6357 12.4286
internal_count=13437 10941 7813 6849 3163 3128 1148 954 340 194 1980 964 614 380 285 168 1600 430 234 128 822 285 214 126 374 1550 208 277 142 142
is_linear=0
shrinkage=0.05


Tree=10
num_leaves=31
num_cat=0
split_feature=18 12 1 1 7 37 38 4 38 1 7 18 38 39 3 35 38 20 32 7 38 37 21 5 5 37 38 12 20 21
split_gain=127.311 20.9231 14.3329 16.1844 14.2535 11.4245 13.96 13.8783 11.425 10.8791 12.3157 10.5472 10.4938 10.0129 9.98245 10.1521 9.53794 12.8061 13.4364 10.521 16.162 19.8423 11.7718 10.1896 15.8123 20.4919 38.1182 19.0902 15.6717 13.7456
threshold=0.0018232056295801509 0.58966256345152235 0.00045514193790847403 0.010510974608382788 5.5000000000000009 0.082758708631654312 0.24924181619943583 205.60714285714184 0.18551990814257677 0.00027573547077175718 3.5000000000000004 0.0075029233315097891 0.18426165721224377 1.0000000180025095e-35 0.0042365755301520605 0.74228223198544796 0.15275510087182712 -0.0080362567585887442 2.5000000000000004 1.5000000000000002 0.27693116813941127 0.11599550484574898 -0.0031468022700297488 0.0013158666225935101 0.0019867616871332796 0.69675299127760837 0.21385340989109256 0.70851249427432406 1.0000000180025095e-35 -0.0021767017034539488
decision_type=2 2 2 2 2 2 2 2 2 2 2 2 2 2 2 2 2 2 2 2 2 2 2 2 2 2 2 2 2 2
left_child=-1 4 9 5 -2 6 -4 -8 -7 16 -11 12 -5 -6 -10 -16 -3 18 -18 20 -19 -22 -21 -24 25 27 -27 28 -25 -29
right_child=1 2 3 11 13 8 7 -9 14 10 -12 -13 -14 -15 15 -17 17 19 -20 22 21 -23 23 24 -26 26 -28 29 -30 -31
leaf_value=-0.044109855526497384 -0.013877556020488437 -0.013356491493043968 -0.00025332964424476284 0.064761301794403994 0.090441254583052633 0.013576043847088005 0.020732298367653522 0.11602260396785569 -0.021294303454232569 0.10017371490251092 0.0018554745705186228 0.11084617178739171 -0.019846295756984211 0.0071497625065540839 -0.0056730768364158081 0.045388631894218712 0.020735780295843137 -0.010400208637822254 0.076320216887731482 -0.027458379395515875 0.11550961638514279 0.0094908621108101172 -0.0089624061122539692 0.11582595641156056 0.011563136341018512 0.0096482270426867869 0.19783437965131576 0.091159211900046194 0.0029164166839626207 0.014632661268677891
leaf_weight=142.33709852769971 149.67884887754917 27.273825012147427 23.858290750533342 7.8506920933723467 5.4981134086847279 60.012489959597588 9.1714606136083585 6.5497961267828932 105.80726959556341 8.0233403071761114 5.2820995673537245 4.7653017565608016 6.8734851703047752 10.497520923614502 54.551994360983372 11.848538763821123 28.484809450805187 78.229441665112972 17.583521142601967 12.442056618630884 6.0004267543554333 16.685891732573509 22.845382332801819 10.744595341384409 92.254759706556797 5.2824873402714712 5.4848993122577667 6.4516718685626975 4.3043988645076743 64.846443861722946
leaf_count=2760 2113 320 304 81 67 771 106 53 1447 95 66 46 72 134 665 130 290 955 167 143 50 174 288 114 1054 54 53 68 52 745
internal_value=-0.000275714 0.00690254 0.0106672 0.00217722 -0.00908327 -0.000978745 0.0238514 0.0604322 -0.00521078 0.0166664 0.0611426 0.0461902 0.0252651 0.0357792 -0.0117578 0.0034384 0.015183 0.0172774 0.0419514 0.0137861 0.000375243 0.0375323 0.0198102 0.0225815 0.026387 0.040469 0.10551 0.0323585 0.0835309 0.0215574
internal_weight=1011.52 869.184 703.509 291.289 165.674 271.8 39.5795 15.7213 232.22 412.22 13.3054 19.4895 14.7242 15.9956 172.208 66.4005 398.915 371.641 46.0683 325.572 100.916 22.6863 224.657 212.215 189.369 97.1145 10.7674 86.3471 15.049 71.2981
internal_count=13437 10677 8363 3675 2314 3476 463 159 3013 4688 161 199 153 201 2242 795 4527 4207 457 3750 1179 224 2571 2428 2140 1086 107 979 166 813
is_linear=0
shrinkage=0.05


Tree=11
num_leaves=31
num_cat=0
split_feature=18 12 3 1 17 7 12 5 6 7 6 7 2 1 38 37 37 38 23 38 37 3 37 12 5 1 38 38 37 15
split_gain=118.936 18.8735 12.5484 13.126 13.3135 10.6771 10.0814 9.69621 11.334 21.2168 12.4656 13.4564 13.354 20.3623 12.3806 12.238 12.0442 10.0286 11.8211 12.5312 9.81471 9.55273 10.6563 9.43281 13.6599 9.34502 9.08564 13.9648 11.1514 10.8869
threshold=0.0018232056295801509 0.60761541603672298 0.012240787050399896 0.00052863401949442977 0.711585928489054 5.5000000000000009 0.62863376462271614 0.0054176410030667586 16.500000000000004 4.5000000000000009 10.500000000000002 1.5000000000000002 0.0015919774881706771 -0.00044465514030533453 0.2822477722751095 0.018542768681434719 0.0055316230904419424 0.1470559290921605 -0.00079721901592828966 0.18078445403864324 0.63006749364686887 0.0055896434675236075 0.95086922220534753 0.77735831475099892 0.0028587085224941072 0.00020321733923863065 0.18551990814257677 0.23583055105729289 0.088725746354868365 0.03682479257379067
decision_type=2 2 2 2 2 2 2 2 2 2 2 2 2 2 2 2 2 2 2 2 2 2 2 2 2 2 2 2 2 2
left_child=-1 5 3 7 6 -2 -5 8 10 25 15 14 13 -13 20 16 -3 -17 19 -19 -12 22 -11 24 -20 -10 -6 29 -29 -28
right_child=1 2 -4 4 26 -7 -8 -9 9 21 11 12 -14 -15 -16 17 -18 18 23 -21 -22 -23 -24 -25 -26 -27 27 28 -30 -31
leaf_value=-0.043632311812240469 -0.011887413384249416 0.021466587810343558 0.046594914801004833 0.053859887833710408 0.02310005294708178 0.028045860113753554 -0.027622286034558793 0.059905864516269391 -0.024038744028366466 0.03241086254949415 -0.03504188796834274 0.038549705023156147 -0.013614050501411954 0.11572347050356774 0.053851079616063391 -0.044199659605855306 0.11807597034876885 0.0025918897116528456 0.014017387858196851 0.11098719826558508 0.030397683721162961 -0.02109206692608636 0.12039976485108922 -0.0021538831938138184 0.096087035484149208 0.054119620319701717 0.043197501508039846 0.051529238736782716 0.0050453103907075877 -0.021730214543650359
leaf_weight=136.8399216607213 163.76811909303069 9.5557505972683412 22.990835078060627 4.1036089286208144 57.546756386756897 18.644503690302372 50.655645318329334 11.556913830339907 56.173095911741257 14.746637172997003 17.142908141016964 63.121903009712696 9.6398882865905744 9.8859345540404302 9.4084350392222387 9.3574335575103742 4.8704345338046542 5.049704007804392 34.437925308942795 5.649196058511734 8.6062837466597539 5.6330921053886405 4.4884038940072051 110.02164624631405 5.9454973712563506 4.1038585156202307 7.1292835697531691 16.103818126022816 64.895657382905483 68.392810925841331
leaf_count=2760 2314 99 203 51 699 227 713 120 686 168 198 650 117 105 88 118 52 50 399 53 87 57 42 1300 71 50 89 166 810 895
internal_value=-0.000289056 0.00649999 0.0102753 0.00902571 0.000484107 -0.00780581 -0.0215161 0.014775 0.0134301 -0.0026859 0.0179634 0.0306749 0.0416966 0.0489997 0.00476556 0.00986401 0.0540829 0.00612175 0.00904458 0.0598264 -0.0131697 0.0361724 0.0529426 0.00543227 0.0261002 -0.0187175 0.00611182 -0.000134084 0.014287 -0.015601
internal_weight=1010.47 873.626 691.213 668.223 268.828 182.413 54.7593 399.395 387.838 85.1451 302.693 117.805 82.6477 73.0078 35.1576 184.888 14.4262 170.461 161.104 10.6989 25.7492 24.8681 19.235 150.405 40.3834 60.277 214.068 156.522 80.9995 75.5221
internal_count=13437 10677 8136 7933 3423 2541 764 4510 4390 1003 3387 1245 872 755 373 2142 151 1991 1873 103 285 267 210 1770 470 736 2659 1960 976 984
is_linear=0
shrinkage=0.05


Tree=12
num_leaves=31
num_cat=0
split_feature=18 12 3 38 5 5 5 37 4 21 37 2 38 6 21 21 7 37 21 4 11 5 7 1 38 20 21 20 7 5
split_gain=111.133 16.878 10.8048 11.3262 30.83 19.4411 23.5209 13.8507 22.9492 11.2917 11.0002 10.5563 11.4827 15.9407 15.4004 23.4256 13.4673 10.5761 10.1901 12.6283 10.1648 9.74341 9.56768 9.08992 8.91809 13.7044 13.864 8.67754 8.60978 11.2898
threshold=0.0018232056295801509 0.60761541603672298 0.010858110711771729 0.26750028897798411 0.0043978822277210092 0.0031298707530680206 0.0028587085224941072 0.088725746354868365 205.60714285714184 -0.0021767017034539488 0.7122588869442712 0.0011378225497237562 0.18688700840916517 7.5000000000000009 0.0050912470601377604 0.0027559305143733232 1.5000000000000002 0.063675553933916745 0.00027768485473320413 194.27499999999995 0.50621812102306896 0.0022529969270142333 5.5000000000000009 0.003190391448158904 0.22955615938792159 -0.0024284405492722874 0.0028326506731751037 0.0034845535787462237 1.5000000000000002 0.0026867727598998527
decision_type=2 2 2 2 2 2 2 2 2 2 2 2 2 2 2 2 2 2 2 2 2 2 2 2 2 2 2 2 2 2
left_child=-1 22 3 11 5 6 7 8 -5 10 -4 23 13 -13 15 -15 -17 27 -9 -20 -18 -21 24 28 -2 -26 -27 -14 -3 -30
right_child=1 2 9 4 -6 -7 -8 18 -10 -11 -12 12 17 14 -16 16 20 -19 19 21 -22 -23 -24 -25 25 26 -28 -29 29 -31
leaf_value=-0.043149484071279803 -0.020850011941699515 -0.00055017993227882828 0.11348575873528347 0.0054937840962547193 0.12797986935639113 -0.0329204990840739 0.11635516712856178 -0.0044974528744400732 0.092518578684016653 0.010899304674085843 0.029673994990017685 -0.02181005436659017 0.052485397448000154 0.01136754317533336 -0.025315840591496538 0.026696496358858741 0.17865667746675812 -0.017955263101697799 -0.029469590081867798 0.077816993843041582 0.075169228171913238 -0.0015011759611124698 0.026026925880634016 -0.027692238848377928 0.062532329691300875 -0.012833674750135164 0.084375412293933402 -0.031948642644664953 0.024364846306256484 -0.002332033344476746
leaf_weight=131.58613175153732 98.3778091147542 91.401717733591795 7.2305167317390433 16.073626384139065 6.3958239629864684 17.89458430185914 6.3822477608919135 57.546056121587753 14.329122990369795 19.04384434223175 8.5377649515867216 22.748864620923996 10.196188472211359 21.135880261659622 10.017266683280466 4.8967829011380664 4.9219797477126104 116.18511324003339 5.9370897784829166 13.061337232589723 4.5814994648098946 5.5029647573828688 19.074682138860226 14.911382772028444 8.4327498450875265 51.37574640661478 3.9498777985572806 4.3375028297305098 160.81036542728543 52.539145983755589
leaf_count=2760 1475 1109 56 167 51 216 70 657 108 174 73 290 119 267 119 61 61 1553 77 145 50 61 227 200 94 695 50 53 1801 598
internal_value=-0.000298844 0.00612444 0.0096605 0.00823233 0.0206845 0.0156654 0.0229818 0.0176823 0.0465094 0.0368112 0.0681057 0.00479636 -0.00424371 0.0123711 0.0294408 0.0448761 0.094058 -0.0129252 0.00700033 0.034005 0.128767 0.0543049 -0.00746904 0.0104247 -0.0114097 0.00315649 -0.0058936 0.0272865 0.0122897 0.0177905
internal_weight=1009.42 877.83 696.619 661.807 143.123 136.727 118.832 112.45 30.4027 34.8121 15.7683 518.684 199.021 68.3023 45.5534 35.5361 14.4003 130.719 82.0474 24.5014 9.50348 18.5643 181.211 319.663 162.136 63.7584 55.3256 14.5337 304.751 213.35
internal_count=13437 10677 8136 7833 1552 1501 1285 1215 275 303 129 6281 2573 848 558 439 172 1725 940 283 111 206 2541 3708 2314 839 745 172 3508 2399
is_linear=0
shrinkage=0.05


Tree=13
num_leaves=31
num_cat=0
split_feature=18 11 38 32 18 1 1 12 5 19 13 1 7 18 18 11 6 37 18 3 13 13 32 38 0 13 38 38 6 16
split_gain=103.842 15.6267 15.1132 12.5398 12.4662 9.26288 9.04815 9.94522 13.3391 15.2034 9.17476 12.8472 15.486 8.46745 11.0041 15.5433 9.37163 12.2472 9.62095 8.38754 11.2502 10.7559 10.3396 14.7141 11.1363 8.95372 8.3095 12.0408 8.17015 8.13101
threshold=0.0018232056295801509 -0.21833189940407358 0.27359126189161181 6.5000000000000009 0.0030432479739625332 0.0022006940652357127 -0.00080489480022447816 0.60761541603672298 0.0035916749360927962 0.00033910987654021631 0.063878794289475835 0.0005075654001273544 2.5000000000000004 0.002415384410671855 0.002192649644251025 -0.11880387513042166 4.5000000000000009 0.061711239437196114 0.0024800592267715392 0.0017086481926894403 0.23622322018174433 0.086837729072112901 3.5000000000000004 0.18688700840916517 -0.0006940320902604234 0.13024386078951436 0.23329969775927714 0.24864312350552872 1.5000000000000002 0.44341409622277733
decision_type=2 2 2 2 2 2 2 2 2 2 2 2 2 2 2 2 2 2 2 2 2 2 2 2 2 2 2 2 2 2
left_child=-1 2 5 -4 -5 6 -2 8 28 -10 11 12 -9 14 15 -3 17 -15 -18 -12 21 -21 23 -23 -24 -26 -19 -28 -8 -20
right_child=1 13 3 4 -6 -7 7 10 9 -11 19 -13 -14 16 -16 -17 18 26 29 20 -22 22 24 -25 25 -27 27 -29 -30 -31
leaf_value=-0.042660872499075228 -0.010806015982895108 0.089101119008690444 0.0063548364441213274 0.088462541051124749 0.0150516416320174 -0.021914972489261563 0.059483348532192587 0.1535749710900336 0.11743612189225877 -0.011864372288752936 -0.029184125268169755 0.004200363616606851 0.037971490807981879 0.060940814619677312 -0.023891173524043921 0.0030310180672084332 0.077233596572418628 -0.02339563005037399 0.022756308953311256 -0.022717564851002962 -0.035743457022600476 0.079639802751448441 0.0018222751510237588 -0.03021185265111568 0.13846646564567655 0.052167637060370288 0.075132227939523108 -0.0056206098814464327 -0.018950338899759365 0.0014909780450636139
leaf_weight=126.56623773649335 136.52146385610104 5.9118939116597167 62.84793508425355 10.852952495217325 12.379232488572596 68.473022934049368 3.5150588601827613 4.5430876538157481 4.3656353652477247 4.743743259459734 11.772132162004707 10.155159074813126 7.9948945119976997 7.1972346231341353 33.679857164621353 46.527966253459454 7.1325980871915808 36.009873121976852 220.44106017053127 7.7440335229039183 7.9641197025775901 4.8321999013423946 4.3968320414423951 8.2573781311511976 5.9418983310461044 6.0822054594755173 6.111119411885741 18.869948416948318 59.895030207931995 56.465096727013588
leaf_count=2760 1778 77 710 96 127 1006 50 52 61 70 156 130 88 70 413 582 79 430 2335 98 106 61 55 112 74 80 70 209 882 620
internal_value=-0.000309428 0.00577056 -0.000849063 0.0179576 0.0493457 -0.00538124 -0.00146015 0.00692278 -0.0064747 0.0501024 0.0191157 0.0460024 0.0798599 0.0124646 -0.00158927 0.0127343 0.0159008 -0.000744806 0.0198969 0.00840969 0.0181968 0.0297279 0.0434904 0.0103414 0.0699144 0.0948135 -0.00802402 0.014134 -0.0146025 0.01842
internal_weight=1008.19 881.625 443.278 86.0801 23.2322 357.198 288.725 152.203 72.5195 9.10938 79.6839 22.6931 12.538 438.347 86.1197 52.4399 352.227 68.1882 284.039 56.9908 45.2187 37.2545 29.5105 13.0896 16.4209 12.0241 60.9909 24.9811 63.4101 276.906
internal_count=13437 10677 5792 933 223 4859 3853 2075 1063 131 1012 270 140 4885 1072 659 3813 779 3034 742 586 480 382 173 209 154 709 279 932 2955
is_linear=0
shrinkage=0.05


Tree=14
num_leaves=31
num_cat=0
split_feature=18 20 3 37 5 5 11 38 1 15 15 11 3 16 12 38 18 37 21 38 15 5 4 18 4 21 15 13 4 32
split_gain=97.0388 14.7363 12.0664 16.6236 22.7325 22.9839 17.832 15.4969 12.9559 10.6793 10.3024 10.1043 15.2294 10.4466 11.5195 9.14201 14.3145 18.1951 13.6304 10.9408 16.0158 12.7854 21.4251 18.1772 9.35363 9.29111 9.08166 8.97015 9.37973 11.406
threshold=0.0018232056295801509 -0.0014045994650473952 0.0015105506579673135 0.33089960714442801 0.0025165065434390801 0.0026713730476796995 -0.32239035301039648 0.25654543183078521 0.0043378315615853107 0.062659741542246447 0.3735101465987623 -0.46686456676670046 0.0030513042328173365 0.40263566312793148 0.70851249427432406 0.20556710782229196 0.0057038526046666619 0.99248837821003855 -0.0038275500740413498 0.2206608871930881 0.41528231929060244 0.0028978727045268918 255.00714285714071 0.0025415222500569669 465.24642857142948 -0.0030430327732110765 0.0013755184210529497 0.084801707680283098 266.44285714285701 2.5000000000000004
decision_type=2 2 2 2 2 2 2 2 2 2 2 2 2 2 2 2 2 2 2 2 2 2 2 2 2 2 2 2 2 2
left_child=-1 15 26 4 7 -6 -5 -4 9 -7 -11 13 -13 14 -9 27 19 18 -18 20 21 22 23 -17 -20 -21 -3 -2 -29 -30
right_child=1 2 3 6 5 8 -8 11 -10 10 -12 12 -14 -15 -16 16 17 -19 24 25 -22 -23 -24 -25 -26 -27 -28 28 29 -31
leaf_value=-0.04216602167618598 -0.023109997947084113 0.042531495478017864 -0.0050959899737862135 -0.021164604639509803 0.13407880560423266 0.11166748878386334 0.0062552677418675241 0.0018898651827668101 -0.019146292958660258 0.0045751150255358445 0.078813365068000227 -0.025157582635942085 0.041546675550807044 0.10455847586766152 0.093722636333713472 0.09710261453825425 0.034092511642693814 -0.014769837860259372 0.15554409525173418 -0.043390971445698923 -0.036645096477566023 -0.014826347557294865 0.13783829787201593 -0.02459893274214528 0.069098561895058502 0.011587726212696567 -0.027079120461660246 0.024373676796718959 -0.019836271209677479 0.01891794572742158
leaf_weight=121.77099840342999 25.392586339265108 5.1247246563434592 121.97970160841942 109.92645385861397 6.2950448021292678 5.365103334188464 128.7297389395535 11.028246134519579 9.6090424545109254 12.548649519681932 7.4464766383171073 16.542681232094765 17.725772723555565 6.7386550679802886 4.9466462209820738 5.8729224950075238 12.511958714574574 8.170057184994219 5.6509862616658229 8.1516364440321905 5.428627233952283 4.8725680485367766 8.207548610866068 6.4243853911757469 7.0121809393167496 134.11225747689605 54.666676733642817 58.411137312650681 41.786626987159252 34.795699343085289
leaf_count=2760 341 67 1596 1548 72 64 1514 123 116 157 93 201 180 65 51 64 117 78 58 94 68 56 84 72 62 1449 758 641 481 407
internal_value=-0.000316442 0.00543874 1.44313e-05 0.00276726 0.0126741 0.0461284 -0.00637449 0.0049603 0.0302958 0.0490296 0.0322225 0.0264875 0.009346 0.0523493 0.030326 0.0131089 0.020067 0.0500643 0.0711048 0.0142875 0.041303 0.0579773 0.0752777 0.033523 0.107675 0.00843748 -0.0211128 0.004154 0.00928242 -0.00222803
internal_weight=1007.25 885.475 518.674 458.882 220.226 41.2643 238.656 178.962 34.9693 25.3602 19.9951 56.982 34.2685 22.7135 15.9749 366.801 206.415 33.3452 25.1751 173.07 30.8061 25.3774 20.5049 12.2973 12.6632 142.264 59.7914 160.386 134.993 76.5823
internal_count=13437 10677 6605 5780 2718 502 3062 2216 430 314 250 620 381 239 174 4072 2202 315 237 1887 344 276 220 136 120 1543 825 1870 1529 888
is_linear=0
shrinkage=0.05


Tree=15
num_leaves=31
num_cat=0
split_feature=18 18 6 7 37 37 19 2 13 2 37 18 6 38 6 37 7 18 15 18 13 1 37 37 7 14 15 17 21 32
split_gain=90.8034 16.5891 15.2848 30.1608 23.8596 15.0882 16.1249 14.0419 12.5951 12.1515 15.2213 11.5828 11.1614 19.1482 16.9003 16.1539 17.7285 15.9893 14.1173 14.0202 15.6974 15.6711 13.2829 13.0583 12.0574 12.7428 11.8171 11.6981 11.2838 10.4362
threshold=0.0016395194565741878 0.0023772754865947839 17.500000000000004 5.5000000000000009 0.66085170009896832 0.18939182759928636 -0.0078046473854356908 -0.0012606285214784936 0.026745667791429065 -0.0017832245063903484 0.70630131554448006 0.003168470943653847 11.500000000000002 0.22618093103923334 14.500000000000002 0.60516307089574173 2.5000000000000004 0.0029269069585690232 0.019546585805260613 0.0058501000860842279 0.12019318481356013 -0.00017838227699826185 0.032545846677068564 0.31703884691653678 3.5000000000000004 0.29053887068519402 0.24322821601764263 1.3224160378473873 -0.0073873383676903584 12.500000000000002
decision_type=2 2 2 2 2 2 2 2 2 2 2 2 2 2 2 2 2 2 2 2 2 2 2 2 2 2 2 2 2 2
left_child=-1 9 12 5 7 8 -7 -5 11 10 -2 -4 13 18 15 17 26 24 -3 20 -15 -21 -20 -22 25 -14 -17 -27 -16 -30
right_child=1 2 3 4 -6 6 -8 -9 -10 -11 -12 -13 14 19 28 16 -18 -19 22 21 23 -23 -24 -25 -26 27 -28 -29 29 -31
leaf_value=-0.047906292317327265 0.0040524778077378719 0.035652021781401942 0.12329474372392223 0.053879785005466509 0.0077356572637878084 0.071343074673037285 -0.023623907221458719 0.17468529962901855 -0.0014633937952712166 -0.016193695510948337 0.10508300378268989 0.0073532183074942054 0.016967321750815469 0.029407760037940291 0.07529691276204159 0.065548592165577277 0.013246669581701951 0.011285988534196798 0.047406058077625761 0.11845450139898905 0.012876811893121294 0.0069805818505737404 -0.012968976719845763 -0.043172798780811844 -0.0013045230467414745 0.17079247849519794 0.15605392627745121 0.066146665823602707 0.0013676133682178856 0.066832516453190272
leaf_weight=91.184871431440115 52.436499807983637 19.565241925418377 4.6919426620006579 5.4217707961797714 15.584144331514834 4.6385962814092627 122.86887340247631 4.3236926570534724 21.185037039220333 141.81842836365104 4.0134484469890586 3.9826301969587803 4.7646817788481739 73.686420369893312 5.9944483637809745 8.0584156066179293 7.9499927647411814 56.158508457243443 9.694375701248644 7.2951287031173706 27.538207713514566 5.5523764193057996 151.12576297670603 16.689276821911335 5.4774335809051982 5.0304471366107446 6.5285457409918299 5.693001851439476 110.78692748397589 6.4418389759957781
leaf_count=2177 674 216 53 54 165 42 1690 46 256 2091 44 50 51 802 53 71 87 595 109 61 303 65 1922 205 60 51 59 56 1265 64
internal_value=-0.000325538 0.00441617 0.00795714 -0.00452648 0.0461106 -0.012677 -0.0201691 0.107477 0.0193162 -0.0083842 0.0112355 0.0700642 0.0122279 0.00610998 0.0207685 0.036078 0.0733166 0.0251963 -0.00445066 0.0206784 0.0152741 0.0702782 -0.00932952 -0.00827355 0.0624564 0.0850057 0.106055 0.115237 0.00838642 0.00496498
internal_weight=1006.18 914.996 716.728 182.697 25.3296 157.367 127.507 9.74546 29.8596 198.268 56.4499 8.67457 534.031 311.147 222.884 99.661 22.537 77.1241 180.385 130.761 117.914 12.8475 160.82 44.2275 20.9656 15.4881 14.587 10.7234 123.223 117.229
internal_count=13437 11260 8451 2356 265 2091 1732 100 359 2809 718 103 6095 3683 2412 1030 217 813 2247 1436 1310 126 2031 508 218 158 130 107 1382 1329
is_linear=0
shrinkage=0.05


Tree=16
num_leaves=31
num_cat=0
split_feature=4 3 2 7 12 38 38 5 35 37 35 5 12 14 14 12 4 5 14 14 32 37 31 21 5 13 15 12 37 12
split_gain=80.2559 14.2924 13.7482 11.9909 11.2806 9.79082 8.83031 11.1604 11.8219 10.0851 9.89902 14.3789 8.65568 8.66137 19.7227 8.53139 9.59232 8.30933 8.24727 16.5532 17.3105 8.51873 8.23256 8.10176 8.04013 7.94222 7.62143 7.51621 7.43414 7.98244
threshold=129.91428571428574 0.0042365755301520605 0.0011378225497237562 1.5000000000000002 0.51516150331749 0.30389763971955008 0.26750028897798411 0.0057454874315315358 0.15029469847814517 0.091392159528909542 1.0159596017787622 0.0031298707530680206 0.92376983659108536 0.2639156252724692 0.15222142146268444 0.52691381597580411 343.55714285714157 0.0013158666225935101 0.44019574085691032 0.39521154025641897 1.5000000000000002 0.074520235898923606 0.049455219536619181 0.0010963329397071871 0.0017187019090348168 0.22845457113873027 0.42972953945442244 0.76712368966939326 0.046080816314864596 1.6480032473087924
decision_type=2 2 2 2 2 2 2 2 2 2 2 2 2 2 2 2 2 2 2 2 2 2 2 2 2 2 2 2 2 2
left_child=-1 2 3 5 -5 24 9 8 25 -3 11 -10 13 14 -11 -6 17 22 19 -4 -21 -20 26 -22 -2 -8 -17 -7 -19 -30
right_child=1 6 18 4 15 27 7 -9 10 12 -12 -13 -14 -15 -16 16 -18 28 21 20 23 -23 -24 -25 -26 -27 -28 -29 29 -31
leaf_value=-0.045577974332847861 -0.031459047879581939 -0.035378418494191897 -0.0077671639249322555 -0.012898485816138189 0.089221376618778325 0.082765337043206516 0.022677180568836323 0.10028113353381918 0.091761561565592176 -0.034471037560352948 -0.0035384164783547273 0.00012029738869040722 0.016738861642094299 -0.015876053369623108 0.10649672387497709 -0.006678203194112566 -0.024859491920074153 0.046531879790921896 0.011412075586437665 -0.017203240473301195 0.048384738786577397 -0.026606469744954616 -0.054256766009496832 0.15035427837894633 -0.0026457587758944336 -0.032977908415808117 0.054635330207363719 -0.002196178363185303 0.013845723768051736 0.057314487655716242
leaf_weight=89.309842061251402 37.026707548648119 12.250231757760046 102.08613043278456 42.269117850810289 3.8222857862710944 4.9527262225747091 15.556844130158426 5.207608923316001 14.303800478577619 4.9728449769318086 7.2898069098591796 6.1082864031195632 170.01444232836366 43.702088512480259 4.9521062932908535 24.081879187375311 14.936178375035523 24.556796591728926 17.677289120852947 5.3781348057091218 3.8921303376555443 88.496094260364771 6.8986689634621134 3.8996895402669907 69.95187609270215 10.902655947953461 6.419343762099742 5.4871102496981621 147.10170921310782 11.378316551446913
leaf_count=2177 534 136 1414 616 52 51 153 35 122 69 63 61 1730 578 64 367 189 248 212 75 55 1273 105 52 924 123 96 58 1692 113
internal_value=-0.000335375 0.00407783 -0.000232135 0.0053139 0.0109131 -0.00810808 0.0131326 0.0303684 0.0236463 0.00879472 0.0464762 0.0643381 0.0112144 -0.00630004 0.0358656 0.015121 0.0139177 0.0165451 -0.0102228 -0.000961219 0.0517947 -0.0202766 -0.0049305 0.099419 -0.0126184 -0.000255539 0.00622596 0.0381101 0.0209332 0.0169666
internal_weight=1004.88 915.573 620.312 398.883 281.464 117.418 295.261 59.369 54.1614 235.892 27.7019 20.4121 223.641 53.627 9.92495 239.195 235.373 220.437 221.429 115.256 13.17 106.173 37.3999 7.79182 106.979 26.4595 30.5012 10.4398 183.037 158.48
internal_count=13437 11260 8126 5045 3478 1567 3134 557 522 2577 246 183 2441 711 133 2862 2810 2621 3081 1596 182 1485 568 107 1458 276 463 109 2053 1805
is_linear=0
shrinkage=0.05


Tree=17
num_leaves=31
num_cat=0
split_feature=18 18 6 2 37 3 18 13 14 21 6 38 6 37 32 5 18 15 37 18 13 2 37 17 1 19 19 1 18 21
split_gain=81.0413 13.935 13.1178 10.7558 14.6138 10.0093 9.67439 9.79763 22.8745 9.50203 9.41065 16.3613 13.8301 12.8938 15.359 14.8606 13.1138 12.4484 11.4908 10.8329 13.7916 12.2623 12.2012 11.5241 10.4074 11.0445 10.1949 13.7073 11.2614 9.45105
threshold=0.0016395194565741878 0.0023772754865947839 17.500000000000004 -0.0017832245063903484 0.74079755063598107 0.013560875254020775 0.0033610617966009981 0.056481095643046583 0.29314399903346239 -0.0018385996785796749 11.500000000000002 0.22618093103923334 14.500000000000002 0.60516307089574173 3.5000000000000004 0.0028792591266505866 0.0029269069585690232 0.019546585805260613 0.032545846677068564 0.0058501000860842279 0.12019318481356013 -0.0020912856915955582 0.3692452901279234 1.691597489089163 -0.0010798154093229068 0.00047431557205301222 -0.0013382012825265239 0.010510974608382788 0.005942162047401227 -0.0073873383676903584
decision_type=2 2 2 2 2 2 2 2 2 2 2 2 2 2 2 2 2 2 2 2 2 2 2 2 2 2 2 2 2 2
left_child=-1 3 10 4 -2 6 7 8 -4 -9 11 17 13 16 15 -15 24 -3 -19 20 -13 -21 23 -22 -12 -26 28 -28 -20 -14
right_child=1 2 5 -5 -6 -7 -8 9 -10 -11 12 19 29 14 -16 -17 -18 18 26 21 22 -23 -24 -25 25 -27 27 -29 -30 -31
leaf_value=-0.047338992628049685 0.0033962620367393326 0.03263063945896498 0.12195986176393728 -0.015366121038175508 0.10163871977793895 0.05980716379506839 -0.014691668321364496 0.060233933785419129 -0.00046099857373079601 -0.012352795437793634 0.015732048670744021 0.026841354016217029 0.066962154655815301 0.081788127544184103 0.12687454470115134 -0.011936847873655681 0.0099338244482986005 0.042425980364895644 0.013260051919540734 0.10878561348256442 -0.0037488920668278811 0.014268550564331552 -0.047555016485449658 0.081768647815378653 0.14018367532412454 0.04547421201384276 -0.026764402853487881 0.060945533208723195 -0.055184706655429107 0.0043789406477390538
leaf_weight=84.035598691552877 52.952339299023151 20.163730885833502 5.877256944775584 139.0543625690043 4.076754640787839 5.8650896847248069 119.19212946668267 5.1736226342618457 10.878633659332989 35.07522613927722 9.5234605520963687 75.694579351693392 6.3571744412183753 9.2246863692998939 6.9814698174595824 7.8098922036588183 57.148055586963892 10.149466559290884 47.800439167767763 6.755182608962059 25.857978347688917 6.9745913073420507 13.676829718053339 4.6475050747394553 5.2748038023710233 7.3919886723160744 90.38911646977067 4.6853341050446025 6.8739333786070338 118.15510392189026
leaf_count=2177 677 216 72 2091 41 47 1576 61 147 453 86 802 53 79 59 79 595 109 544 50 289 76 176 43 50 82 1246 48 84 1329
internal_value=-0.000338253 0.00395643 0.00716031 -0.0078667 0.0104192 -0.00445031 -0.00658926 0.0103522 0.0424791 -0.00302243 0.0110638 0.00544589 0.018797 0.0323172 0.0644159 0.0388178 0.0226008 -0.00439073 -0.00905925 0.0187027 0.0138844 0.0607719 -0.00831374 0.00927969 0.0552229 0.0849139 -0.0125487 -0.022442 0.00465484 0.00757423
internal_weight=1003.72 919.681 723.597 196.083 57.0291 182.062 176.197 57.0047 16.7559 40.2488 541.535 313.669 227.867 103.354 24.016 17.0346 79.3383 180.062 159.898 133.607 119.877 13.7298 44.1823 30.5055 22.1903 12.6668 149.749 95.0745 54.6744 124.512
internal_count=13437 11260 8451 2809 718 2356 2309 733 219 514 6095 3683 2412 1030 217 158 813 2247 2031 1436 1310 126 508 332 218 132 1922 1294 628 1382
is_linear=0
shrinkage=0.05


Tree=18
num_leaves=31
num_cat=0
split_feature=18 18 35 29 2 36 14 15 4 4 3 17 3 18 5 35 20 14 4 20 3 21 1 5 1 21 16 0 21 18
split_gain=76.2616 12.5299 11.2535 13.5202 9.80742 9.30155 9.73701 9.21444 10.203 6.8448 6.73 6.64716 6.60298 6.90916 6.89996 6.6249 8.476 6.85078 6.35643 6.35094 7.08355 8.79416 7.60886 8.2705 7.22133 20.1495 10.5812 8.34941 9.36833 12.0974
threshold=0.0016395194565741878 0.0023772754865947839 0.049649820021368855 1.0000000180025095e-35 -0.0017832245063903484 0.11080943448923256 0.065666470499420218 0.051247478408834472 151.96071428571204 172.33214285714195 0.0011624450031137731 0.62787147806802113 0.0015105506579673135 0.0019144968404336028 0.0015888660269496582 0.6240256683277644 0.0031071926142971621 0.41112490690193509 152.88571428571441 0.0055511632541990269 0.0098513944631942549 -0.0043627848876079192 0.0042222650161717014 0.0057454874315315358 0.0029183258301883346 -0.00055830999640181143 0.29424422790652144 0.0018589237951761237 -0.0023480253302732268 0.0029883528643715228
decision_type=2 2 2 2 2 2 2 2 2 2 2 2 2 2 2 2 2 2 2 2 2 2 2 2 2 2 2 2 2 2
left_child=-1 4 3 10 7 -4 -7 8 -2 12 -3 -8 -6 -14 15 16 17 18 -15 20 21 -12 23 24 27 -26 -27 28 29 -23
right_child=1 2 5 -5 9 6 11 -9 -10 -11 19 -13 13 14 -16 -17 -18 -19 -20 -21 -22 22 -24 -25 25 26 -28 -29 -30 -31
leaf_value=-0.047029792774435107 0.1080995407016995 0.055333206842834937 0.07876781203124962 -0.029359158057434033 -0.024802560193718747 -0.029081310714894955 0.063153484912377697 -0.0024953282354193964 0.017749460218104796 -0.031636432730860357 -0.023121568784330481 0.014151378063650086 -0.02316664866576269 0.0059266111728654754 -0.028865839551068719 -0.032935751845775393 0.10086302150812454 0.0012393336564336184 0.086586607017155051 -0.016348330969426495 0.057613034468924997 0.094951529483461361 -0.031340069250700965 0.062357096592179251 -0.018652108983278091 0.046811503114185374 0.15609854151423436 -0.01952884554287003 0.0044005738506435067 0.018392610420885223
leaf_weight=80.449530608952045 4.2959333956241599 6.3574817255139342 5.5514131784439078 32.160879220813513 34.660577680915594 12.856048379093407 7.1173172555863848 41.730118356645107 11.461190320551394 41.906643766909838 26.676189959049225 250.45363295823336 18.257869105786085 4.119654789566999 7.8003003038465968 4.5650289356708518 3.86180256307125 16.084638644009829 5.9996754676103592 36.734929528087378 6.3935605436563483 6.2722048945724955 12.671069320291279 6.8877463042736045 8.3351198919117468 5.8677910380065423 3.5576948747038841 30.737073704600334 239.35660475492477 29.096638757735491
leaf_count=2177 61 87 61 477 596 137 80 530 127 592 342 2499 345 53 105 59 52 212 77 513 52 68 173 66 117 77 48 385 2917 352
internal_value=-0.000343206 0.00373122 0.0067481 0.00188267 -0.00753244 0.014701 0.0133858 0.00980545 0.042382 -0.0147941 0.004281 0.0155054 -0.0073918 0.0025518 0.0136183 0.0231875 0.031709 0.0215174 0.0537493 0.00349434 0.00543372 0.00453075 0.00668272 0.0081422 0.0069869 0.0379809 0.0880624 0.00518481 0.00794985 0.0319693
internal_weight=1002.28 921.827 727.083 451.105 194.743 275.978 270.427 57.4872 15.7571 137.256 418.944 257.571 95.3495 60.689 42.4311 34.6308 30.0658 26.204 10.1193 412.587 375.852 369.458 342.782 330.111 323.223 17.7606 9.42549 305.463 274.725 35.3688
internal_count=13437 11260 8451 5674 2809 2777 2716 718 188 2091 5197 2579 1499 903 558 453 394 342 130 5110 4597 4545 4203 4030 3964 242 125 3722 3337 420
is_linear=0
shrinkage=0.05


Tree=19
num_leaves=31
num_cat=0
split_feature=18 18 6 7 37 37 20 2 18 0 13 2 2 37 37 5 5 7 38 6 12 37 5 4 38 7 27 15 20 4
split_gain=71.7778 11.3064 11.4109 25.5838 18.2918 13.0878 14.6798 10.8873 10.8147 12.1648 10.2284 9.79063 8.95131 11.889 8.57867 16.6987 20.8392 18.8347 16.3913 11.4638 10.2569 9.03896 9.41071 9.59802 8.63633 10.8836 10.146 8.43178 7.98733 7.838
threshold=0.0016395194565741878 0.0023772754865947839 17.500000000000004 5.5000000000000009 0.66085170009896832 0.18939182759928636 -0.018123240564587289 -0.0011177946808559544 0.0031535688317695597 0.00087341273027987775 0.035365617417316302 0.0016326858578422873 -0.0017832245063903484 0.74079755063598107 0.37528743890570998 0.0025165065434390801 0.0026713730476796995 1.0000000180025095e-35 0.2210885729894301 11.500000000000002 0.53481462150563797 0.18688367853598464 0.002945778340397295 325.02142857142883 0.19988650828733376 4.5000000000000009 0.34140767556341961 0.0037845810184279197 0.0039676650500255995 294.04642857142824
decision_type=2 2 2 2 2 2 2 2 2 2 2 2 2 2 2 2 2 2 2 2 2 2 2 2 2 2 2 2 2 2
left_child=-1 12 14 5 7 8 -7 -5 9 10 -4 -6 13 -2 15 20 18 -18 -17 27 -3 -19 -23 -24 26 28 -22 -16 -26 -10
right_child=1 2 3 4 11 6 -8 -9 29 -11 -12 -13 -14 -15 19 16 17 21 -20 -21 24 22 23 -25 25 -27 -28 -29 -30 -31
leaf_value=-0.046716833536322007 0.0027027955966389895 -0.037044766973307816 0.12151777844126802 0.045191715010834139 -0.022455209461512818 0.072491132653586796 -0.022617745282737883 0.1462750423458152 -0.040221967876129576 -0.031378561235490286 0.030572611712793241 0.059873557399267363 -0.014257876293249481 0.087908866537590336 0.041146086918982097 0.15332589389122631 0.10110282682790993 -0.013107305052160094 0.041628082446993342 0.012356464843360122 -0.01350556102967345 -0.014480125191212976 0.094410360987661285 0.024395589605336734 0.027219373717372763 -0.027249034664354289 0.060766493745567043 -0.011644044954667516 -0.0164791334625536 0.042439692870101221
leaf_weight=77.025782644748688 53.52480535954237 11.435192435979841 5.2452274300158077 5.8485830202698708 10.211201731115578 4.1983677558600894 120.60356978327036 4.8918599113822001 9.7046511434018594 4.0667215511202803 7.5298881307244301 5.5869890861213198 135.54718534648418 4.4330230914056292 8.1247665099799615 6.1840851008892042 6.9938225559890261 19.480585664510727 7.004812203347683 167.62332264706492 44.934399381279945 8.4179830215871352 7.3304515369236496 14.732357081025837 108.39138889312744 11.837587427347897 5.1223528943955889 109.60140680894256 11.573592014610766 4.0705723054707041
leaf_count=2177 677 160 52 55 105 36 1696 45 117 50 93 60 2091 41 87 62 78 210 67 1768 514 95 88 156 1110 121 53 1384 142 47
internal_value=-0.000343863 0.0035208 0.00636657 -0.00448429 0.0408869 -0.0122317 -0.0194183 0.0912313 0.0170625 0.0439375 0.067913 0.00666014 -0.00722589 0.00921996 0.00996431 0.0164705 0.0373676 0.0242531 0.0940016 0.00395771 0.00888721 0.0134953 0.0304973 0.0476583 0.0117754 0.0184902 -0.00590523 -0.00800078 0.0230036 -0.0157955
internal_weight=1001.28 924.251 730.746 181.958 26.5386 155.419 124.802 10.7404 30.6171 16.8418 12.7751 15.7982 193.505 57.9578 548.788 263.439 70.1441 56.9552 13.1889 285.349 193.295 49.9614 30.4808 22.0628 181.859 131.803 50.0568 117.726 119.965 13.7752
internal_count=13437 11260 8451 2356 265 2091 1732 100 359 195 145 165 2809 718 6095 2856 756 627 129 3239 2100 549 339 244 1940 1373 567 1471 1252 164
is_linear=0
shrinkage=0.05


Tree=20
num_leaves=31
num_cat=0
split_feature=18 12 7 6 1 1 6 4 18 38 12 12 39 12 11 37 1 11 2 11 6 21 12 19 14 13 6 21 7 17
split_gain=67.5499 10.4676 7.83267 9.65888 7.40262 11.17 8.44731 14.4409 7.55302 7.81487 7.45069 15.5624 6.86455 6.81107 17.9762 13.9436 9.40882 11.1015 9.00041 17.504 15.4174 9.102 8.81694 8.52648 7.75746 7.20662 13.4039 10.7177 16.1666 12.0472
threshold=0.0016395194565741878 0.58966256345152235 5.5000000000000009 18.500000000000004 0.010510974608382788 0.0015260414251989215 21.500000000000004 307.38928571428659 0.0075029233315097891 0.18426165721224377 0.93694963011612298 0.9580708712988818 1.0000000180025095e-35 0.77735831475099892 -0.28525569977251847 0.16548155736765149 -0.0012943824429322759 -0.70564184023516152 -0.0025096562530450258 -0.40088657846652653 16.500000000000004 -0.00092934972075492189 0.66698431371744749 -3.294486666623715e-05 0.95437378154611241 0.25678951359937796 7.5000000000000009 -0.00028828390814445066 1.5000000000000002 1.5214832966168543
decision_type=2 2 2 2 2 2 2 2 2 2 2 2 2 2 2 2 2 2 2 2 2 2 2 2 2 2 2 2 2 2
left_child=-1 2 -2 12 5 13 10 -8 9 -6 -7 -12 -4 15 -15 16 -3 22 19 20 21 -17 -18 -19 25 -16 -27 -28 -29 -30
right_child=1 4 3 -5 8 6 7 -9 -10 -11 11 -13 -14 14 24 18 17 23 -20 -21 -22 -23 -24 -25 -26 26 27 28 29 -31
leaf_value=-0.046399570636306398 -0.012013398945882622 0.010903502793408681 0.049085068757866078 0.090280812488971129 0.048337214117139343 -0.019681060697480462 -0.0054733774551122419 0.10520289404448931 0.084858734274530029 -0.021758376511798252 0.087740352418662293 -0.0033540482029555604 -0.022530420383693548 -0.020291066342111762 0.0013180161981145894 0.0047531607806361835 0.061721024144972131 0.14401084090434652 -0.0042097414064199519 0.11419232795596579 -0.026256419442348456 0.076822648170793845 -0.0092984883144185231 0.055902106303265933 0.068987266144563561 -0.014218542597547131 0.013347869535998216 -7.7733490448572253e-05 0.091275099596889758 0.02431350435590578
leaf_weight=73.75764236971736 145.92720666155219 16.816818192601204 5.2342765778303155 4.0921601653099051 8.9680505022406631 75.634398993104696 8.1345149278640729 4.6219179891049853 5.5570940524339667 7.1437590904533854 4.8843229487538329 116.93968756124377 9.2757875733077526 58.081007700413465 159.02439431473613 7.9946462400257614 11.193256966769701 5.1991023868322372 61.760781936347485 4.9827475212514392 13.807564742863176 9.6923243068158644 7.1693635620176783 5.8190606757998449 5.4607246853411189 29.500152461230755 90.981203973293304 14.05225622653961 17.451464455574754 10.920023322105406
leaf_count=2177 2219 182 59 48 81 1076 111 52 46 72 62 1416 121 715 1848 83 113 58 803 54 173 99 81 71 49 320 828 145 176 99
internal_value=-0.00034822 0.00331859 -0.00811831 0.0224372 0.0057887 0.00494534 -0.00480707 0.0346269 0.0345944 0.0172578 -0.00735463 0.000298224 0.00330374 0.00881414 0.00534422 0.0180747 0.040729 0.0578004 0.00742123 0.027114 0.0133373 0.0442467 0.0339927 0.0974777 0.00989208 0.00888968 0.016281 0.0230254 0.0437796 0.065502
internal_weight=1000.08 926.32 164.529 18.6022 761.791 740.122 210.215 12.7564 21.6689 16.1118 197.458 121.824 14.5101 529.907 385.471 144.436 46.1976 29.3808 98.2381 36.4773 31.4945 17.687 18.3626 11.0182 327.39 321.929 162.905 133.405 42.4237 28.3715
internal_count=13437 11260 2447 228 8813 8614 2717 163 199 153 2554 1478 180 5897 4180 1717 505 323 1212 409 355 182 194 129 3465 3416 1568 1248 420 275
is_linear=0
shrinkage=0.05


Tree=21
num_leaves=31
num_cat=0
split_feature=18 18 37 5 4 17 20 5 7 4 3 11 7 1 21 8 12 16 4 17 37 35 5 18 37 8 34 21 20 4
split_gain=63.5785 10.1049 10.4944 12.0631 13.9922 11.7295 9.75664 15.6729 15.1592 10.3336 9.32193 9.58416 10.74 9.2503 9.74479 8.71462 11.6753 11.8041 7.98202 9.7448 10.9064 10.3421 7.9315 7.86548 9.8853 8.13424 7.82462 7.48541 13.8839 12.5487
threshold=0.0016395194565741878 0.0023772754865947839 0.32535866455770474 0.0024829496538622069 217.99642857142894 2.9408598858773787 0.0009416680217610244 0.0026713730476796995 1.0000000180025095e-35 392.24642857142891 0.0011920160702539862 -0.33770917879627882 5.5000000000000009 0.0043378315615853107 0.0015273358560077524 1.0000000180025095e-35 3.1247942110725613 0.36793578933920285 192.52499999999836 0.70867718158681037 0.57304481964866538 0.34204860644412921 0.0019748830587194986 0.0019558152095295813 0.24857004231530319 1.0000000180025095e-35 2.0860817307671349 -0.00040350795593521531 -0.00169523939841119 162.70357142857083
decision_type=2 2 2 2 2 2 2 2 2 2 2 2 2 2 2 2 2 2 2 2 2 2 2 2 2 2 2 2 2 2
left_child=-1 18 3 -3 -5 10 8 -8 -6 -10 -4 12 -12 14 -9 16 17 26 19 -2 23 -22 -14 -21 25 27 -13 28 -25 -29
right_child=1 2 5 4 6 -7 7 13 9 -11 11 15 22 -15 -16 -17 -18 -19 -20 20 21 -23 -24 24 -26 -27 -28 29 -30 -31
leaf_value=-0.04607748045488657 -0.022863321130426075 0.0068570219878879013 0.072985875033155054 0.10933242466504806 0.087147599342057666 0.054289224993260721 0.12552678276545692 0.099714539423888152 -0.010389711240814963 0.064940688122634968 -0.014577925558689718 0.017491152642651872 0.065374428810686377 -0.013391055773804804 0.020509407910343613 -0.012693357756312943 -0.057898681146157309 -0.007415717184698134 -0.034882822062244537 -0.019426054212181423 0.016444148444663308 0.11354482829130874 0.0012164264079344992 0.022347831246929316 -0.020740222814202125 -0.0017492771490671116 0.076179721504099934 -0.022621483299892647 0.12633426006756884 0.067781340717333105
leaf_weight=70.638602327555418 46.449087616056204 211.86470159888268 4.2957073375582686 5.1436765342950812 5.5739982798695555 10.068314045667647 5.1802441515028503 6.399361386895186 35.604977797716856 5.2199343889951697 154.71250753104687 131.64704906567931 7.3347215279936817 8.231097396463154 9.8770963102579099 53.510383181273937 6.1282206922769538 54.811606843024492 22.739776436239481 37.972250051796436 8.3162524774670583 4.0913429148495188 14.034688685089348 7.7158614434301853 20.593862053006887 23.490611337125301 5.9353734403848639 9.3126070871949178 5.4966630302369595 6.5304434932768354
leaf_count=2177 735 2342 58 60 61 77 52 74 380 45 2214 1309 71 98 120 638 54 582 309 670 114 48 163 91 272 295 53 120 69 86
internal_value=-0.000349876 0.00312981 0.00579995 0.013138 0.0295199 0.000939297 0.0241243 0.046508 0.00980241 -0.000757854 -0.000302912 -0.00103829 -0.0099886 0.0298055 0.0516502 0.00521482 0.0100418 0.0122059 -0.00706216 -0.0033401 0.00400152 0.0484626 0.0232377 -0.000963323 0.00862201 0.0201296 0.020023 0.0378181 0.0656082 0.0146422
internal_weight=998.921 928.282 735.574 293.095 81.2304 442.479 76.0867 29.6878 46.3989 40.8249 432.41 428.115 176.082 24.5076 16.2765 252.033 198.522 192.394 192.709 169.969 123.52 12.4076 21.3694 111.112 73.14 52.5462 137.582 29.0556 13.2125 15.8431
internal_count=13437 11260 8451 3232 890 5219 830 344 486 425 5142 5084 2448 292 194 2636 1998 1944 2809 2500 1765 162 234 1603 933 661 1362 366 160 206
is_linear=0
shrinkage=0.05


Tree=22
num_leaves=31
num_cat=0
split_feature=18 11 20 17 3 6 7 4 4 38 37 5 5 17 1 38 18 37 37 4 5 37 21 37 37 0 2 20 6 37
split_gain=59.8397 9.6213 8.78619 10.4717 8.33375 10.2343 11.6217 9.71086 11.6533 9.33693 9.19328 13.5313 14.3259 12.4523 11.8654 9.45532 9.37417 8.60735 7.51408 7.15541 8.52471 14.4666 19.4326 12.3951 9.82126 10.4229 9.11505 8.71406 8.63795 7.8878
threshold=0.0016395194565741878 -1.4065668629788355 -0.0014045994650473952 0.39329720538235335 0.0015105506579673135 21.500000000000004 4.5000000000000009 295.73214285714295 218.96071428571409 0.21165255942311345 0.33089960714442801 0.002549976439384071 0.0026713730476796995 0.59034336933170783 0.010510974608382788 0.23973077901773299 0.0043202383282304746 0.19452779090270647 0.18449397993728409 640.27499999999952 0.0030233318168597823 0.70630131554448006 -0.00052331244493968542 0.8271866861084326 0.46861539230326527 0.0022236994373298537 -0.0060429673933999773 -0.0091934330182702837 14.500000000000002 0.61772447327470947
decision_type=2 2 2 2 2 2 2 2 2 2 2 2 2 2 2 2 2 2 2 2 2 2 2 2 2 2 2 2 2 2
left_child=-1 -2 3 -3 -4 10 7 8 18 -9 11 13 -13 -6 -12 16 -14 -17 -7 20 21 24 23 28 25 27 -25 -5 -23 -26
right_child=1 2 4 19 5 6 -8 9 -10 -11 14 12 15 -15 -16 17 -18 -19 -20 -21 -22 22 -24 26 29 -27 -28 -29 -30 -31
leaf_value=-0.045750050059143357 -0.027902455761402885 0.080461183524742852 -0.017863951283855185 0.059453880025423289 0.073699647435322854 0.043247222737536312 0.073007345059286494 0.001703681659531945 -0.054556147740706419 0.10310456151426231 -0.010992580836358887 0.11080938654766102 0.042555278438809685 -0.0015068770614282212 0.033171793761513461 0.0092586041784238713 -0.026751469841674064 0.095657625709932401 -0.040455658240971387 0.04022435017784546 -0.0060952979250858408 0.11134611211826713 0.11604197635946911 0.032745611883414787 -0.033490153733888396 -0.055750939821476657 -0.030373628456491015 0.010744456203954172 0.030142707974041144 0.012564596077513285
leaf_weight=67.662384754046798 24.599534403532743 5.1341090314090243 60.612873364239931 9.7016861438751203 5.6989391334354869 10.026971049606805 9.8679075017571432 4.3910900428891164 8.184003569185732 4.7001440972089767 200.14646609127522 5.2671575769782057 8.1704022437334114 160.89292424544692 16.458873823285103 5.1502601988613588 12.110750135034321 6.5471513606607914 3.6599046774208537 17.049727413803339 91.669065374881029 5.2663963697850695 6.7337084226310244 11.380046054720877 24.682534907013178 5.6259665302932254 11.499497696757318 171.39274381101131 8.660509776324032 14.915125533938406
leaf_count=2177 377 63 963 79 59 121 102 57 115 53 2655 46 100 2042 149 52 145 67 54 148 1001 47 50 94 286 63 125 1899 93 155
internal_value=-0.000351322 0.00295098 0.00378907 0.00953273 -0.000433888 0.00185648 0.0257557 0.0106961 -0.0073574 0.0541277 -0.000464412 0.00715715 0.0344022 0.00106586 -0.00763673 0.0218172 0.00116923 0.0576169 0.0208649 0.00857083 0.00707804 0.0115529 0.0379466 0.0236591 0.00647519 0.0112718 0.00102122 0.0133539 0.0608494 -0.0161429
internal_weight=997.859 930.196 905.597 383.711 521.886 461.273 40.83 30.9621 21.8709 9.09123 420.443 203.838 37.2457 166.592 216.605 31.9786 20.2812 11.6974 13.6869 378.577 361.527 269.858 43.5402 36.8064 226.318 186.72 22.8795 181.094 13.9269 39.5977
internal_count=13437 11260 10883 4103 6780 5817 502 400 290 110 5315 2511 410 2101 2804 364 245 119 175 4040 3892 2891 409 359 2482 2041 219 1978 140 441
is_linear=0
shrinkage=0.05


Tree=23
num_leaves=31
num_cat=0
split_feature=18 18 6 7 37 37 20 13 37 2 15 15 4 13 0 16 21 13 20 14 38 6 21 38 21 7 15 0 13 20
split_gain=56.7199 10.2337 9.90647 19.1651 14.9125 10.7968 12.0264 9.14153 12.7624 8.2937 7.69662 7.52252 10.3775 10.6313 13.6271 6.95717 8.92558 7.67937 7.02068 12.5207 12.1901 19.4983 15.8842 11.234 8.70818 14.4647 8.30197 13.4029 7.78804 7.77236
threshold=0.0015430670214092721 0.0023772754865947839 17.500000000000004 5.5000000000000009 0.66085170009896832 0.18939182759928636 -0.018123240564587289 0.039627302846584896 0.088725746354868365 0.0030985300071318493 0.41528231929060244 0.051247478408834472 159.3464285714285 0.095686046069500472 -0.00065675858268393779 0.00063919653668513424 -8.9732314539851658e-05 0.15905321078779605 0.0026199415933690945 0.094232599078911225 0.18688700840916517 11.500000000000002 0.0043257238782310513 0.23583055105729289 0.0027559305143733232 3.5000000000000004 0.25395364292581774 0.0021166584865018774 0.1354969793563246 0.0023226547609161842
decision_type=2 2 2 2 2 2 2 2 2 2 2 2 2 2 2 2 2 2 2 2 2 2 2 2 2 2 2 2 2 2
left_child=-1 11 15 5 -5 7 -7 8 -4 -6 -9 12 13 14 -2 16 -3 -18 29 -20 21 24 -23 -22 -21 -26 28 -28 -25 -17
right_child=1 2 3 4 9 6 -8 10 -10 -11 -12 -13 -14 -15 -16 18 17 -19 19 20 23 22 -24 26 25 -27 27 -29 -30 -31
leaf_value=-0.049750756444905245 0.13521132609765782 -0.044968513528572562 0.0083059764058297635 0.075565486764354678 -0.019694290125072317 0.061067802696126307 -0.02171273180168878 -0.029170962923352896 0.11113967619699841 0.058462585097707624 0.040782110712287892 -0.012378826854252267 -0.012981653199455984 0.00053809389626182855 0.019279812511242556 0.012126625968521071 0.055486733367520857 -0.024042078913911146 -0.047227436899235573 -0.047987895390808125 -0.023216550093848612 0.10937624953996493 0.018044169056329534 0.03558887236520232 -0.0066429031191454603 0.10311397739830169 0.0095558275160222052 0.11337179428760213 -0.027325044268511518 0.060074361338710171
leaf_weight=54.906687021255493 4.7330689877271652 13.450947400182487 8.1238344945013541 11.869074098765852 12.046675805002453 4.5577482506632796 117.46849214285612 13.101107701659204 4.7998355887830249 4.7259321920573703 5.6184022538363925 159.97294549643993 21.05941865593195 9.9891673605889064 5.4575568512082118 385.46658781170845 5.8384701348841173 6.3223983198404312 12.699186768382786 7.4852721914649036 45.356455653905869 9.6136042661964911 9.4303777217864972 7.6029493026435402 14.539962295442821 3.7828024290502062 9.2610420323908311 4.6800114773213854 13.93409977480769 8.641425281763075
leaf_count=1859 72 154 82 100 121 36 1696 154 60 44 63 2527 268 162 98 4009 70 74 164 100 575 94 103 85 196 45 116 47 160 103
internal_value=-0.000351689 0.00252879 0.00524608 -0.00487305 0.0326773 -0.0118719 -0.0186208 0.0141543 0.0464983 0.00232757 -0.00817551 -0.00747024 0.0115709 0.0371937 0.0731246 0.0085516 -0.0169029 0.0141399 0.00977591 8.72297e-05 0.00486783 0.0257722 0.0641496 -0.00673118 -0.00254689 0.0160168 0.0143443 0.0444068 -0.00511535 0.013178
internal_weight=996.536 941.629 740.417 182.311 28.6417 153.669 122.026 31.6432 12.9237 16.7726 18.7195 201.212 41.2392 20.1798 10.1906 558.106 25.6118 12.1609 532.494 138.386 125.687 44.852 19.044 80.8346 25.808 18.3228 35.4781 13.9411 21.537 394.108
internal_count=13437 11578 8451 2356 265 2091 1732 359 142 165 217 3127 600 332 170 6095 298 144 5797 1685 1521 538 197 983 341 241 408 163 245 4112
is_linear=0
shrinkage=0.05


Tree=24
num_leaves=31
num_cat=0
split_feature=5 5 5 6 2 12 5 15 21 17 13 37 37 16 32 11 20 2 5 21 21 7 5 37 2 5 13 38 6 2
split_gain=40.7349 10.937 10.6932 16.4817 12.8035 7.8218 10.095 7.74633 7.52713 7.26579 8.48913 9.07333 6.78478 9.90613 6.53518 10.3148 9.20886 9.66687 8.94269 9.21255 13.6383 11.3795 8.74054 12.2053 7.74853 13.1526 9.8841 11.9966 9.70144 8.83216
threshold=0.00094711412481789396 0.0013158666225935101 0.0013551064821425123 11.500000000000002 -0.0020912856915955582 0.57595511316161552 0.0021003824179008702 0.8275945744151143 0.0017168554766987647 0.6183350484952207 0.12638824554875674 0.6847845867674035 0.31377021734290828 0.41929250540865765 6.5000000000000009 -0.93620550780868828 -0.0032900332721452243 -0.0020912856915955582 0.0054176410030667586 0.0050912470601377604 0.004132334083710291 3.5000000000000004 0.0059399412295986845 0.66639989857017567 -0.0032611539112606283 0.0031298707530680206 0.055645067925163716 0.2499774997216552 6.5000000000000009 0.010425179049819204
decision_type=2 2 2 2 2 2 2 2 2 2 2 2 2 2 2 2 2 2 2 2 2 2 2 2 2 2 2 2 2 2
left_child=-1 8 3 4 -3 6 -4 14 -2 10 -8 -12 13 -11 18 -16 -17 -18 19 20 24 -22 -20 -24 25 -7 27 -26 -29 -28
right_child=1 2 5 -5 -6 7 9 -9 -10 12 11 -13 -14 -15 15 16 17 -19 22 -21 21 -23 23 -25 26 -27 29 28 -30 -31
leaf_value=-0.045452973518340684 -0.016357776875665177 0.080648567084333309 -0.027157241691541933 0.10860301786496865 -0.022758886711799171 0.016357893733904432 -0.024521774625170037 0.067999623455378855 0.065202172863250543 0.016785068067111487 0.088024246966745587 -0.010871443008658985 0.0011999502490963006 0.10344999815990681 0.066122426448070135 0.036182389153056042 -0.029476676659366347 0.011460190364572331 0.06753894328177687 -0.033782886557116316 0.019466120509445399 0.113879198459359 0.066889060510838871 -0.022304258335006846 -0.0031967951508127626 -0.013334893566893869 -0.0099680145970769754 0.019561988188701938 0.099800757241802346 0.023725209179689372
leaf_weight=47.670839298516512 94.827211121097207 4.3712099622935066 46.126398792490363 6.0738211348652831 9.4968210868537426 142.87861949205399 33.592354293912649 4.8424815796315661 2.9158730693161479 11.16100552678108 3.8630614317953569 5.8035733997821808 27.107879746705294 4.6798613965511313 9.117010045796631 27.393163606524467 18.191927447915077 69.571508666500449 9.9722421802580374 18.521413210779428 9.9997069686651212 4.6876744963228694 5.8636586777865913 11.089168898761271 23.008547393605113 50.468638941645622 255.71788813360035 8.8220722377300245 6.5744536519050589 21.051284234970808
leaf_count=1594 1815 47 705 77 141 1361 502 57 40 150 59 90 417 55 91 245 190 786 99 228 121 48 47 102 288 537 3187 81 59 218
internal_value=-0.000353542 0.00191482 0.00373613 0.0399176 0.00983519 0.00286693 -0.008278 0.00498059 -0.0139247 0.00182355 -0.01264 0.0286501 0.0163916 0.0423885 0.00454019 0.0149272 0.010874 0.00297465 0.00227023 0.000872357 0.00209914 0.0495993 0.0303952 0.008546 0.000727216 0.00860731 -0.00410692 0.019663 0.0538247 -0.00740528
internal_weight=995.461 947.791 850.047 19.9419 13.868 830.106 132.334 697.771 97.7431 86.2077 43.259 9.66663 42.9487 15.8409 692.929 124.274 115.157 87.7634 568.655 541.73 523.209 14.6874 26.9251 16.9528 508.522 193.347 315.174 38.4051 15.3965 276.769
internal_count=13437 11843 9988 265 188 9723 1978 7745 1855 1273 651 149 622 205 7688 1312 1221 976 6376 6128 5900 169 248 149 5731 1898 3833 428 140 3405
is_linear=0
shrinkage=0.05


Tree=25
num_leaves=31
num_cat=0
split_feature=18 11 18 37 38 38 17 37 7 37 17 17 20 14 37 4 6 34 5 38 17 12 4 38 38 37 21 3 16 0
split_gain=51.384 8.58723 7.6668 7.63851 12.3818 14.9531 9.16836 8.47972 8.44048 10.2027 7.46487 9.29699 13.944 11.4409 9.36588 7.09835 7.95305 8.9496 9.17622 11.3555 9.0097 12.9838 9.51663 7.32616 6.98905 11.6354 9.99167 9.92114 9.29518 12.4658
threshold=0.0015430670214092721 -1.4065668629788355 0.0023772754865947839 0.32535866455770474 0.13526510738066308 0.16121017211648428 2.9408598858773787 0.26899532659952674 3.5000000000000004 0.29379512603552438 0.63778515113474132 0.55491078325502063 -0.00073257502572463581 0.28663935465950491 0.15225111954999593 192.52499999999836 13.500000000000002 0.41642081741408038 0.0012320958722828667 0.17962177256113335 0.77688256792315102 1.0942832175054364 154.91071428571431 0.23120662881497622 0.25864919945265957 0.088725746354868365 -0.00045093197875543955 0.004203542470769709 0.27981528338292505 0.0014425740608211203
decision_type=2 2 2 2 2 2 2 2 2 2 2 2 2 2 2 2 2 2 2 2 2 2 2 2 2 2 2 2 2 2
left_child=-1 -2 15 4 -4 -6 -5 10 9 -9 11 14 -13 -14 -7 16 -3 18 -18 -20 22 23 -21 -22 28 -26 -27 -28 -12 -30
right_child=1 2 3 6 5 7 -8 8 -10 -11 24 12 13 -15 -16 -17 17 -19 19 20 21 -23 -24 -25 25 26 27 -29 29 -31
leaf_value=-0.049462852684426878 -0.027210334929072062 -0.0088432216306429424 0.08179716141149572 6.1611117094511242e-05 -0.04105013482731102 0.037797086127168311 0.047021903113378713 0.081045239001816691 -0.0030323426052987156 0.021469076610031567 -0.012736179750896207 0.0005492790905536019 0.13899901256600466 0.041579152922945901 -0.036526534246052927 -0.033177440609479442 -0.020292306548818494 0.088440010161051005 -0.043484958955313395 0.0590839431737189 0.15232049854054891 -0.0017802567681263288 -0.054156569414673041 0.060828839164193793 0.042378506082138924 -0.036719973908083063 -0.0070264704957886366 0.063075392753632761 0.006154088883663018 0.084308322848316367
leaf_weight=50.554508540779352 24.058791952207685 127.54373445920646 6.1628291569650164 423.94551390036941 13.573814753443001 8.9227933250367659 10.654924809932707 12.995931647717955 11.171690717339514 16.076037995517254 76.275844112038612 7.7720642201602486 5.5741160809993726 6.561048086732626 8.0744356177747232 21.069833789020777 16.447216145694256 3.8499972596764556 4.5826730132102993 3.5278737656772163 4.0938329286873323 4.4005846306681624 3.9133895225822926 4.7000869736075401 28.592726215720177 12.377780437469481 13.226070798933508 8.161598287522791 49.798490107059479 5.6846144348382941
leaf_count=1859 386 2002 70 4984 157 93 77 132 124 178 867 80 58 72 106 296 322 64 77 54 54 45 60 58 213 124 143 67 554 61
internal_value=-0.000352468 0.00227815 0.00304952 0.00541078 0.0116801 0.0101631 0.00121292 0.0127257 0.0339065 0.0481012 0.00903605 0.0296493 0.0528385 0.0863276 0.00249008 -0.0057762 -0.00244013 0.0155026 0.00876302 0.0277126 0.0435238 0.0683346 -0.000469686 0.103421 0.00511717 0.018908 -0.000966916 0.0197246 -0.00140968 0.0141615
internal_weight=994.345 943.79 919.732 725.602 291.002 284.839 434.6 271.265 40.2437 29.072 231.022 36.9045 19.9072 12.1352 16.9972 194.129 173.059 45.5157 41.6657 25.2184 20.6358 13.1945 7.44126 8.79392 194.117 62.3582 33.7654 21.3877 131.759 55.4831
internal_count=13437 11578 11192 8160 3099 3029 5061 2872 434 310 2438 409 210 130 199 3032 2736 734 670 348 271 157 114 112 2029 547 334 210 1482 615
is_linear=0
shrinkage=0.05


Tree=26
num_leaves=31
num_cat=0
split_feature=18 11 18 37 38 38 5 38 21 5 37 6 20 20 35 39 3 16 0 3 19 38 6 14 19 21 11 34 14 19
split_gain=48.5942 7.89743 6.92232 6.76756 14.6702 14.9666 8.33723 10.2127 12.1084 9.22525 10.9055 11.8687 9.43691 8.88046 9.71375 10.6114 8.97259 8.10536 7.79551 7.42148 7.81295 10.5026 10.5032 8.42157 8.50694 10.1003 18.7082 18.8368 8.12133 7.92129
threshold=0.0015430670214092721 -1.4065668629788355 0.0023772754865947839 0.32535866455770474 0.13347534871088043 0.16121017211648428 0.0024829496538622069 0.25864919945265957 0.00056826423187984418 0.0026713730476796995 0.18688367853598464 10.500000000000002 0.0009416680217610244 0.0012271210777024656 0.039252956635292845 1.0000000180025095e-35 0.0024573552289653233 0.15619371008170937 0.0015950417778719669 0.010354824866247897 0.00033910987654021631 0.18688700840916517 21.500000000000004 0.094232599078911225 0.0014044782411672676 0.0043257238782310513 -0.21833189940407358 0.73350373224601795 0.41422246990724138 0.0020583944036599755
decision_type=2 2 2 2 2 2 2 2 2 2 2 2 2 2 2 2 2 2 2 2 2 2 2 2 2 2 2 2 2 2
left_child=-1 -2 -3 4 -4 -6 7 8 13 12 18 -12 -8 14 16 -16 17 -7 -11 20 -5 23 -23 -22 -25 26 29 -28 -27 -26
right_child=1 2 3 19 5 6 9 -9 -10 10 11 -13 -14 -15 15 -17 -18 -19 -20 -21 21 22 -24 24 25 28 27 -29 -30 -31
leaf_value=-0.049298633300118549 -0.02647017254537163 -0.0055369997628973806 0.089591274785362274 0.0048760641400715813 -0.041251131381889711 0.047087825078141216 0.031060883297821584 0.023058748483397885 -0.021445423587147693 0.0080597321509955407 0.068537520257856741 0.0066546367597661573 0.10699167733561864 0.06316111486138834 0.0071644175956183847 0.067723450127123275 -0.035338988049665794 -0.010692712425290449 -0.056486217497607488 0.021377848702133974 -0.054578742630079141 -0.022466590550250118 0.043221412784706863 -0.02524785317706817 0.053173947810936498 0.033864465124401978 0.13475643948442731 0.014483719590520531 -0.037923804866599041 -0.044639727166185132
leaf_weight=48.24511855468154 23.509121116250753 193.20243377611041 5.8167553134262553 233.55484033748507 13.886950615793465 9.2100764475762862 11.783248629420997 64.588521365076303 47.518172163516283 17.578000526875261 14.632871549576523 16.468202099204063 6.2690422236919394 7.1771048903465262 24.221648767590523 10.313776835799215 19.739864096045494 17.798994891345501 6.3741330392658702 41.065837025642395 4.7896759919822207 100.53514014929533 6.4774787425994864 10.366952832788227 3.27327838167548 7.3346064686775199 7.840665567666294 5.5668136700987816 8.5114867165684682 5.6298359148204327
leaf_count=1859 386 3032 62 2587 165 109 112 571 598 182 141 176 52 89 241 89 231 212 69 317 67 1381 73 154 52 97 83 53 103 94
internal_value=-0.000351923 0.00214686 0.00287691 0.00510887 0.0109774 0.00938719 0.0119567 0.00668796 -0.00108795 0.0264118 0.0162409 0.0357702 0.0574295 0.00984732 0.00513991 0.02525 -0.00971624 0.00901041 -0.00911721 0.00115048 -0.000958421 -0.00945781 -0.0184905 0.00867295 0.0149164 0.0258288 0.0475087 0.084819 -0.00469551 -0.008678
internal_weight=993.281 945.036 921.526 728.324 293.377 287.561 273.674 200.568 135.98 73.1055 55.0532 31.1011 18.0523 88.4615 81.2844 34.5354 46.7489 27.0091 23.9521 434.947 393.881 160.326 107.013 53.3133 48.5236 38.1567 22.3106 13.4075 15.8461 8.90311
internal_count=13437 11578 11192 8160 3099 3037 2872 2140 1569 732 568 317 164 971 882 330 552 321 251 5061 4744 2157 1454 703 636 482 282 136 200 146
is_linear=0
shrinkage=0.05


Tree=27
num_leaves=31
num_cat=0
split_feature=18 11 2 38 5 37 6 38 16 6 7 37 4 15 23 13 37 7 0 13 2 16 12 32 16 17 2 15 7 17
split_gain=45.9591 7.27952 6.42168 8.23451 7.89428 15.8809 7.76925 13.2035 11.3599 11.005 16.1401 12.5885 11.1106 20.6107 13.4605 11.0937 10.4926 11.3308 10.2864 9.6084 12.4073 10.4156 13.9179 12.2496 10.1703 9.59575 9.31798 8.02199 7.89987 13.798
threshold=0.0015430670214092721 -1.306172003491741 -0.0032611539112606283 0.15160543142650165 0.0052335790113164785 0.56740190511432209 11.500000000000002 0.131278990438185 0.27981528338292505 14.500000000000002 5.5000000000000009 0.18175706546995171 222.94999999999973 0.047464589970266195 0.00016339399340212926 0.046842531732199162 0.62445933550993216 2.5000000000000004 0.0015258490170557005 0.10838047429123912 0.0084099102373275964 0.16101029652330415 0.60761541603672298 1.5000000000000002 0.059175890968899837 0.88879590708008005 0.00050229367020889946 0.03682479257379067 2.5000000000000004 0.46879637963404142
decision_type=2 2 2 2 2 2 2 2 2 2 2 2 2 2 2 2 2 2 2 2 2 2 2 2 2 2 2 2 2 2
left_child=-1 -2 3 -3 6 -6 8 -8 19 16 11 15 13 -12 -14 25 27 -18 26 21 -21 22 -4 -24 -22 -11 -10 -9 29 -13
right_child=1 2 4 -5 5 -7 7 9 18 10 12 28 14 -15 -16 -17 17 -19 -20 20 24 -23 23 -25 -26 -27 -28 -29 -30 -31
leaf_value=-0.049133515490103107 -0.020270441794073162 -0.017244764503715853 -0.029868370596246037 0.012125259725664334 0.092100266734582548 0.0027100799509991386 0.082045026080213648 0.06105881585128009 0.015261113004153844 0.024600854203721313 0.11679659373776295 0.070767576775189134 0.021776165815898575 -0.02302568745179423 0.11238277928993562 -0.0062493182332766448 0.10255654189472863 0.0094965960699844691 0.057368189081864043 -0.033015773847863958 -0.035353335760771543 -0.026931916469506597 -0.013436790484631894 0.043082201971862216 0.057411356149702011 0.11366270680685137 -0.012833187965923892 0.0054773367587008463 -0.02867210368861723 -0.010737324879980676
leaf_weight=46.042542830109596 35.254784377291799 26.41470992565155 16.468368176370859 247.28309224173427 6.9238679111003902 17.594543799757957 5.4193548765033475 7.2012120410799971 58.398204838857055 9.7404687013477069 3.1785406749695566 5.5855057686567298 10.70126859098673 15.429776031523941 6.6439508050680152 19.003671299666166 7.0629629679024202 6.0924317967146635 8.7098509073257429 80.346900744363666 4.8823953755199891 29.929734090343118 14.405641024932264 28.659065725281835 7.4832590240985155 4.3863012548536053 59.670732649043202 65.892961740493774 63.411686154082417 73.825023729354143
leaf_count=1859 569 285 265 2449 70 197 67 82 741 126 43 81 104 218 52 246 57 69 96 1120 56 410 195 341 88 51 828 757 899 1016
internal_value=-0.000351844 0.0020224 0.00288535 0.00929074 0.000133367 0.0279534 -0.000980217 0.00470059 -0.00656212 0.00329476 -0.00283368 -0.00907138 0.027693 0.000857763 0.0564823 0.0186965 0.0183517 0.0594593 0.00493083 -0.0145602 -0.0258401 -0.00287067 0.00922591 0.0241759 0.0207846 0.0522542 0.00106256 0.0109532 -0.0155127 -0.00500451
internal_weight=992.043 946 910.745 273.698 637.048 24.5184 612.529 303.575 308.954 298.156 211.906 175.953 35.9535 18.6083 17.3452 33.1304 86.2496 13.1554 126.779 182.175 92.7126 89.4628 59.5331 43.0647 12.3657 14.1268 118.069 73.0942 142.822 79.4105
internal_count=13437 11578 11009 2734 8275 267 8008 3868 4140 3801 2836 2419 417 261 156 423 965 126 1665 2475 1264 1211 801 536 144 177 1569 839 1996 1097
is_linear=0
shrinkage=0.05


Tree=28
num_leaves=31
num_cat=0
split_feature=18 11 1 1 16 21 20 38 3 15 38 18 37 1 11 20 38 5 13 6 21 21 18 37 12 17 6 16 32 21
split_gain=43.4677 6.78148 6.16428 11.9116 11.2283 10.1491 13.3816 9.66542 12.9805 12.8558 13.1046 12.5775 20.003 11.625 9.21257 11.9714 8.51812 8.39898 13.2549 9.05821 8.97425 12.323 7.52021 12.372 11.5299 8.2134 9.95827 7.98307 9.90412 7.16041
threshold=0.0015430670214092721 -1.4065668629788355 0.00045514193790847403 0.00027573547077175718 0.44708174972917158 0.00023638921319931168 -0.0014045994650473952 0.21165255942311345 0.0010456216158322167 0.035321281339000012 0.18375167591595823 0.0057038526046666619 0.98550078753535464 -0.0097755905780332834 -0.68313207128170095 -0.0050212330817842538 0.18551990814257677 0.0012417474604911208 0.095686046069500472 3.5000000000000004 0.0050912470601377604 0.0027559305143733232 0.0027317547370927049 0.12970460523281382 0.43607761720662391 1.0862783916301046 21.500000000000004 0.30485497105784526 4.5000000000000009 -0.0026120690276985499
decision_type=2 2 2 2 2 2 2 2 2 2 2 2 2 2 2 2 2 2 2 2 2 2 2 2 2 2 2 2 2 2
left_child=-1 -2 3 7 5 6 -5 9 -9 10 13 -10 14 -3 -13 -16 17 -4 -19 -20 21 -21 -18 27 -25 -26 29 28 -24 -27
right_child=1 2 16 4 -6 -7 -8 8 11 -11 -12 12 -14 -15 15 -17 22 18 19 20 -22 -23 23 24 25 26 -28 -29 -30 -31
leaf_value=-0.048967113004614857 -0.025163972219556949 0.059119194878794301 0.079635095228985667 0.088618845179799677 -0.024421813208403823 0.11446776978161893 -0.032281790431789296 0.088263227457643215 0.0049843230482913654 -0.0086824441061202021 0.054151264685318203 0.10215944638652824 -0.030857111059241851 -0.022494012716707909 0.067628055225574121 -0.0066653970461274933 -0.019425753937984583 -0.029303743254648587 -0.024765530648318206 0.016152413704091213 -0.01884639884248672 0.06748627799399036 -0.022998432017900024 0.063840347916437043 -0.019401883928194613 0.05657301783999287 0.073816840399213504 0.05441553421008001 0.053625995079377757 -0.0076759975188139115
leaf_weight=43.942133273929358 22.58904056251049 5.7786983773112324 4.1296753697097293 4.8270407281816006 4.6200047004967919 6.1085352785885325 4.3523531164973992 5.2596500460058442 256.44836081750691 190.2853719945997 17.989413443952799 7.629665374755862 8.8356463536620122 17.813761923462152 13.919396787881853 8.8824260495603067 84.856740709394217 20.188038159161806 11.586961477994917 40.433368604630232 10.736102294176815 16.446204025298357 11.710614625364544 5.46246563643217 90.449868176132441 4.7989891655743113 4.8149659410119048 14.342047929763792 6.5905255228281012 45.00374699011445
leaf_count=1859 386 41 81 54 55 73 62 90 2811 2330 200 69 79 210 99 95 1338 313 151 517 123 172 128 80 1253 47 42 131 57 491
internal_value=-0.000352994 0.00190303 0.00256453 0.00591224 0.0438853 0.0645277 0.0312946 0.0044935 0.0104042 -0.00317882 0.0220067 0.00901934 0.0353715 -0.00250381 0.0546007 0.0386871 -0.00241583 0.00976598 0.00686292 0.0160815 0.0230812 0.0309951 -0.00712077 -0.00142037 -0.00747161 -0.0101568 0.00515346 0.0264842 0.00459522 -0.00148497
internal_weight=990.832 946.89 924.301 552.75 19.9079 15.2879 9.17939 532.842 300.975 231.867 41.5819 295.715 39.2671 23.5925 30.4315 22.8018 371.55 103.52 99.3907 79.2026 67.6157 56.8796 268.03 183.173 150.53 145.068 54.6177 32.6432 18.3011 49.8027
internal_count=13437 11578 11192 6268 244 189 116 6024 3243 2781 451 3153 342 251 263 194 4924 1357 1276 963 812 689 3567 2229 1913 1833 580 316 185 538
is_linear=0
shrinkage=0.05


Tree=29
num_leaves=31
num_cat=0
split_feature=18 12 18 6 7 37 37 18 18 14 13 18 4 6 5 17 38 4 6 5 37 37 18 6 37 20 20 38 37 5
split_gain=41.1156 6.70405 6.4739 6.72877 13.7262 12.0698 8.66401 10.4629 9.04655 8.59748 7.61734 6.72452 6.61262 6.57769 7.86533 10.0057 8.37744 7.741 6.81762 12.4062 6.65337 10.634 6.29339 6.06761 12.8077 9.12669 12.801 15.1315 9.93781 9.76449
threshold=0.0015430670214092721 0.30283463797616922 0.0023772754865947839 17.500000000000004 5.5000000000000009 0.66085170009896832 0.18939182759928636 0.013439288814863115 0.0031535688317695597 0.39521154025641897 0.66877428783425574 0.0041840986033944592 192.52499999999836 13.500000000000002 0.0012039593128506209 0.77688256792315102 0.25864919945265957 153.75357142857061 17.500000000000004 0.0010254349142848585 0.57304481964866538 0.16548155736765149 0.0018232056295801509 11.500000000000002 0.89600154759434181 -0.0080362567585887442 -0.013030307746414298 0.18620931015693118 0.043388710389152492 0.0057454874315315358
decision_type=2 2 2 2 2 2 2 2 2 2 2 2 2 2 2 2 2 2 2 2 2 2 2 2 2 2 2 2 2 2
left_child=-1 -2 12 23 6 -6 8 10 9 -5 -8 -10 13 22 18 17 20 -16 19 -15 21 -17 -3 24 25 26 -4 -28 -27 -30
right_child=1 2 3 4 5 -7 7 -9 11 -11 -12 -13 -14 14 15 16 -18 -19 -20 -21 -22 -23 -24 -25 -26 28 27 -29 29 -31
leaf_value=-0.048799052560672379 -0.042253403177221288 -0.032397025334266291 -0.022063649056977566 0.071401297634572508 0.063119842067258181 -0.00067931500474118585 -0.022287429992405541 0.068422716106086634 -0.040359325685488799 0.0020896874030693229 0.040642499131161268 0.03456768582162504 -0.03261784091498672 0.11572850896057672 0.031630553911336047 0.066079160269347334 0.10523731848935308 -0.053782290252239323 -0.039134431312697893 -0.036858062313791212 0.084558604275531274 -0.03137180664700185 -0.0034366988981181057 0.012964279633383322 -0.031750285957772795 0.027349186235657286 0.016850308119758177 0.11561165025134151 -0.0023994593423309406 0.061764144778043852
leaf_weight=41.939405664801598 8.5615796856582147 22.872804533690214 6.6432090923190144 8.8022038564086014 12.909055754542353 17.413097150623798 107.23473511263728 3.4916534870862952 9.7686147131025773 9.098851338028906 5.0344702228903762 4.3182195834815493 20.728538498282433 2.3730168342590323 5.2490007635206002 4.9189718235284108 4.9093749783933154 5.3630946651101112 10.398831101134418 3.0369756426662207 4.1480819322168818 6.4966712109744549 104.31066182255745 242.42439839243889 25.167609035968781 36.139511611312628 8.7293297350406629 6.9790991358458987 234.06509552523494 6.0835292153060427
leaf_count=1859 139 619 57 90 100 163 1594 27 117 100 46 42 306 56 86 61 54 89 210 60 38 96 1420 2406 316 318 86 47 2776 59
internal_value=-0.000352976 0.00179102 0.00219256 0.0043164 -0.00416103 0.0264819 -0.0104498 -0.0168145 0.0125835 0.0361712 -0.0194655 -0.017391 -0.00592207 -0.00274323 0.0132631 0.0278661 0.0482894 -0.011535 -0.0154511 0.0300719 0.030326 0.0106196 -0.00864495 0.00698241 0.00250397 0.00539072 0.0361219 0.060729 0.00290458 -0.000774044
internal_weight=989.61 947.67 939.109 744.303 178.071 30.3222 147.749 115.761 31.9879 17.9011 112.269 14.0868 194.806 174.077 46.894 31.0852 20.4731 10.6121 15.8088 5.40999 15.5637 11.4156 127.183 566.232 323.807 298.64 22.3516 15.7084 276.288 240.149
internal_count=13437 11578 11439 8344 2279 263 2016 1667 349 190 1640 159 3095 2789 750 424 249 175 326 116 195 157 2039 6065 3659 3343 190 133 3153 2835
is_linear=0
shrinkage=0.05


Tree=30
num_leaves=31
num_cat=0
split_feature=18 18 17 17 1 15 19 38 35 38 6 37 7 18 0 38 5 38 14 18 2 17 16 12 15 6 7 3 2 1
split_gain=39.0165 6.62446 6.6513 7.6858 12.9737 8.44453 6.98992 7.92429 7.09301 6.30197 5.38574 6.69964 9.4768 6.68062 7.14404 6.10544 5.97584 12.0173 6.26361 5.48027 5.29077 8.23165 8.57597 7.96017 5.28209 5.26711 11.4337 10.2205 9.37731 8.34593
threshold=0.0014994821202804513 0.0019144968404336028 0.70328131617846423 0.71780910403621978 0.00039735988003468788 0.30334532374096418 -0.00015755008560400463 0.16023909112000462 0.29289860656245975 0.31489274884696616 3.5000000000000004 0.11599550484574898 4.5000000000000009 0.0047115009365383143 -0.0014301230854489289 0.11754251231319522 0.0018483756215725033 0.25451734396003228 0.56975533106434695 0.010710292719955232 -0.00084446298759152324 0.63778515113474132 0.35899353700400366 0.57595511316161552 0.00040576383871910828 14.500000000000002 5.5000000000000009 0.0055896434675236075 0.012224276551698512 -0.0026258371657814201
decision_type=2 2 2 2 2 2 2 2 2 2 2 2 2 2 2 2 2 2 2 2 2 2 2 2 2 2 2 2 2 2
left_child=-1 9 6 4 5 -4 7 -3 20 -2 11 12 16 -13 -15 -12 18 -18 -5 25 -9 22 23 -22 -8 28 -27 29 -17 -28
right_child=1 2 3 10 -6 -7 24 8 -10 -11 15 13 -14 14 -16 19 17 -19 -20 -21 21 -23 -24 -25 -26 26 27 -29 -30 -31
leaf_value=-0.051121429799185186 -0.01934888742909071 -0.032060746852576025 0.02731856826832953 0.031259764385957262 -0.016983820088229361 0.11570438714104968 0.031762083700093979 -0.00077477410636596258 0.069049610759954069 0.045190987772373313 0.064552189512169109 -0.02270654711057913 -0.040382814481551926 -0.022727999575077387 0.039651014354322743 0.0079156547510211162 0.0059730887962219249 0.10658594238765993 -0.037530274528178829 0.04604621937193875 -0.03373477612744185 -0.019844823814287593 0.084921848642738162 0.053839006065426756 -0.01550108659863219 -0.0057926593782291645 0.08550729365906648 -0.011601364941928431 0.056286014908294685 0.023553379152169381
leaf_weight=36.44508926384151 53.754813384264708 13.339169722050427 5.3733064755797404 8.5025059543550032 6.6505009457468978 5.4366841204464436 6.2367683537304393 72.913952633738518 4.6785990372300139 4.0686135794967404 4.4754562005400649 56.205265734344721 6.6004700474441043 8.274140592664482 10.308299459517 288.30555987358093 6.3891560211777669 5.542307436466217 5.4176516793668261 8.3687518909573537 4.6849808394908958 7.0640968009829512 7.4451710581779471 5.8163462318480015 113.36227268725634 183.23750444874167 7.8371559455990818 13.22625260055065 10.380585603415964 17.742313504219055
leaf_count=1700 1287 191 63 90 97 57 86 848 41 91 44 688 78 85 114 3037 68 37 61 60 67 91 89 60 1702 2179 60 106 89 171
internal_value=-0.000350649 0.00159373 0.00265478 0.00523484 0.037965 0.0717706 -0.00455578 0.00419235 0.00890553 -0.0148077 0.00434303 -0.00588156 0.0130904 -0.0141139 0.0118757 0.00639801 0.0267432 0.052709 0.00448705 0.0059061 0.00603199 0.0258759 0.0438725 0.0147695 -0.0130364 0.005261 -0.000571283 0.0240836 0.00959673 0.0425351
internal_weight=988.084 951.639 893.815 658.274 17.4605 10.81 235.541 115.942 102.603 57.8234 640.813 107.24 32.4521 74.7877 18.5824 533.574 25.8516 11.9315 13.9202 529.098 97.9245 25.0106 17.9465 10.5013 119.599 520.729 222.043 38.8057 298.686 25.5795
internal_count=13437 11737 10359 7184 217 120 3175 1387 1196 1378 6967 1221 334 887 199 5746 256 105 151 5702 1155 307 216 127 1788 5642 2516 337 3126 231
is_linear=0
shrinkage=0.05


Tree=31
num_leaves=31
num_cat=0
split_feature=18 3 3 0 3 1 38 18 37 38 13 11 21 21 13 38 21 17 3 1 1 32 21 38 1 17 5 21 38 5
split_gain=37.0121 6.04324 5.77906 9.33138 7.86994 6.54479 9.41222 5.57898 5.92848 10.1655 8.30643 8.51043 8.74308 12.2155 12.1638 8.08478 13.5524 9.80984 7.28839 9.09541 7.08679 7.89399 9.99123 9.80629 9.3876 11.6972 8.58711 12.3515 7.3474 6.75863
threshold=0.0014994821202804513 0.0014370551047404433 0.0011624450031137731 -0.00071381546182247644 0.0011264969101265562 7.3068735542168459e-05 0.22559718753996183 0.0019144968404336028 0.32535866455770474 0.12860251995539587 0.25678951359937796 -0.31195590427036729 0.0043257238782310513 0.0038202603493070315 0.26852223788607216 0.26001337084763093 -0.0010907660338701252 0.60506123400529443 0.0037502719568680699 0.0026511532317513901 0.010510974608382788 1.5000000000000002 -0.0014759195379176534 0.21659380010561854 0.00039735988003468788 0.90078826771062082 0.0027055133839116517 -0.0023480253302732268 0.17274538104620427 0.002447286792012475
decision_type=2 2 2 2 2 2 2 2 2 2 2 2 2 2 2 2 2 2 2 2 2 2 2 2 2 2 2 2 2 2
left_child=-1 2 4 -4 5 6 -2 -3 9 -9 20 -12 13 14 -13 29 -17 -18 -19 -20 21 -10 23 26 25 -25 27 28 -23 -11
right_child=1 7 3 -5 -6 -7 -8 8 10 15 11 12 -14 -15 -16 16 17 18 19 -21 -22 22 -24 24 -26 -27 -28 -29 -30 -31
leaf_value=-0.05106554380776971 -0.020280151204165243 -0.017287430931720475 0.032634890814035714 -0.033027619254554962 0.069514588067348046 -0.028922362583228469 0.06072949780609567 0.077741902660184339 -0.022368792127764062 -0.0019972768912372061 -0.021148463950504494 0.077028013497265985 -0.023419068802584309 0.085877760557193913 0.0081522432659870466 -0.021835752838582519 0.08367380363173868 0.011420316810929908 0.026234640570559117 0.093010558049658354 0.05622645567554635 0.013047496866458674 -0.011580939300503844 0.10482641186974831 -0.0025356345578819643 0.0084938571223619093 -0.022560663613353942 -0.043369641990509321 0.096389137207569725 0.016360856922073955
leaf_weight=34.704624323174357 7.4430516157299298 33.619987597689033 6.3081978894770137 38.028373969718814 4.0213040541857472 14.442856736481188 6.9184039290994406 5.1679659411311141 69.161210186779499 203.18949202075601 25.100516494363546 6.6527687087655059 18.185663461685181 5.5625990852713576 175.87984314933419 17.196875538676977 6.9519911855459204 55.275144658982754 20.172253437340263 6.8246842026710501 4.3346863314509383 5.0626693181693536 99.246809341013432 8.1062041893601435 7.5263927094638339 5.1552349627017966 20.161072868853807 4.3632160238921633 5.5366789437830448 66.557504408061504
leaf_count=1700 145 771 106 652 69 301 119 51 966 2461 350 67 197 53 1640 157 59 554 160 56 40 61 1390 72 97 46 278 59 62 698
internal_value=-0.000346107 0.00150254 -0.0119112 -0.0236852 0.00399148 -0.00515605 0.018745 0.00268545 0.00348354 0.00809342 -0.000337712 0.00634122 0.0096862 0.0128869 0.0106626 0.00713656 0.0188067 0.0266401 0.0218208 0.0431152 -0.0070963 -0.00831993 -0.00205771 0.0148467 0.0420654 0.0673782 -0.00126261 0.0274351 0.0565819 0.00253242
internal_weight=986.858 952.154 77.1622 44.3366 32.8256 28.8043 14.3615 874.991 841.371 381.336 460.036 231.381 206.281 188.095 182.533 376.168 106.421 89.2241 82.2721 26.9969 228.654 224.319 155.158 55.9115 20.7878 13.2614 35.1236 14.9626 10.5993 269.747
internal_count=13437 11737 1392 758 634 565 264 10345 9574 4196 5378 2307 1957 1760 1707 4145 986 829 770 216 3071 3031 2065 675 215 118 460 182 123 3159
is_linear=0
shrinkage=0.05


Tree=32
num_leaves=31
num_cat=0
split_feature=4 11 32 15 1 1 16 21 20 38 10 2 19 1 32 31 15 38 38 15 15 17 13 0 15 32 9 1 17 0
split_gain=32.2716 5.55227 5.48039 8.99817 5.32897 11.3792 9.91651 7.63773 11.1366 6.86083 10.8404 9.18911 9.34015 9.02244 8.4555 7.7254 6.80647 6.79249 6.30781 8.01264 10.3539 7.72261 9.97543 10.7601 14.848 10.2716 14.3678 8.63224 8.16898 6.52403
threshold=129.91428571428574 -1.4065668629788355 3.5000000000000004 0.31104059266301709 0.00045514193790847403 0.00027573547077175718 0.44341409622277733 0.00023638921319931168 -0.0014045994650473952 0.18551990814257677 1.0000000180025095e-35 0.0094228566826638129 0.0075924713792521184 0.001941934007142815 5.5000000000000009 0.15949974500414141 0.37085155345583076 0.15275510087182712 0.23583055105729289 0.03682479257379067 0.013193080077507965 1.2631126469566285 0.11199701022076462 0.0024119890006394236 0.21573161831777474 4.5000000000000009 1.0000000180025095e-35 0.0029183258301883346 0.91802761521912124 0.0026233130276720543
decision_type=2 2 2 2 2 2 2 2 2 2 2 2 2 2 2 2 2 2 2 2 2 2 2 2 2 2 2 2 2 2
left_child=-1 2 -2 -4 5 17 7 8 -7 10 11 -6 -13 16 15 -15 -12 -3 19 20 -11 22 25 -24 -25 28 -27 -23 -20 -29
right_child=1 4 3 -5 9 6 -8 -9 -10 18 13 12 -14 14 -16 -17 -18 -19 21 -21 -22 27 23 24 -26 26 -28 29 -30 -31
leaf_value=-0.039453655173132068 -0.045342693294357028 -0.016148881732932507 0.047143816847001863 -0.053820385578560927 -0.014919197408218647 0.080830233951894037 -0.023345214160203635 0.10245222503992746 -0.030555388922377053 -0.015478280194778994 0.037212954448994716 0.079087968503933084 -0.0034545895263937594 -0.015391369107386919 0.078444193199016563 0.043152744630716833 0.1204378531918906 0.0056352605285812001 -0.024593306656141969 -0.019468628892688123 0.075802447816351967 -0.0079985219956519287 -0.033341748715572647 -0.026318017947910895 0.08891454117823791 0.0068676580460642761 0.09422156300718118 0.086862504574552704 0.033230485634703252 0.024170868700485768
leaf_weight=50.06572680734098 12.224825708195569 38.59830273129046 5.3965292964130622 3.7335137259215117 48.037598066031933 5.0732283629477024 4.46246070601046 6.5242162980139247 4.0239978842437285 7.4919350016862136 6.4699100349098426 5.8822880648076525 8.2113705687224847 17.211514133960016 4.450930166989564 8.3779230043292028 3.9606271982192993 490.76985080726445 22.71957499533892 107.92266455478966 5.3073789980262518 15.237572085112332 41.702188326045871 6.7760349027812463 4.7587042264640331 14.047692412510516 7.0794780291616908 5.7480334267020252 8.3537752330303174 14.925932481884955
leaf_count=2177 220 481 92 65 699 53 54 71 59 101 88 62 76 208 54 85 49 5378 314 1579 65 170 578 85 48 173 67 51 100 135
internal_value=-0.000343551 0.00174957 -0.0234529 0.00585691 0.00233833 0.00544844 0.0423901 0.0611682 0.0315608 -0.00234767 0.00861302 -0.00450387 0.0309963 0.0287502 0.0148391 0.00377584 0.0688147 0.00404689 -0.00663884 -0.0150325 0.0223723 0.000529967 -0.00629068 -0.0215196 0.0212216 0.00924061 0.036139 0.0205556 -0.00904793 0.0416012
internal_weight=985.546 935.48 21.3549 9.13004 914.125 549.452 20.0839 15.6214 9.09723 364.673 102.602 62.1313 14.0937 40.4709 30.0404 25.5894 10.4305 529.368 262.071 120.722 12.7993 141.349 105.437 53.2369 11.5347 52.2005 21.1272 35.9115 31.0734 20.674
internal_count=13437 11260 377 157 10883 6096 237 183 112 4787 1321 837 138 484 347 293 137 5859 3466 1745 166 1721 1365 711 133 654 240 356 414 186
is_linear=0
shrinkage=0.05


Tree=33
num_leaves=31
num_cat=0
split_feature=18 12 18 2 37 39 7 6 37 7 5 20 6 7 37 13 37 37 18 21 1 19 5 37 2 37 6 37 11 5
split_gain=33.7723 6.0264 5.16245 5.73709 9.61741 5.91271 10.7284 16.4823 8.0431 6.9425 6.66826 6.35624 5.60341 11.118 9.88275 7.96874 9.24791 11.7556 7.99574 6.47553 7.12362 16.2188 7.68852 6.56751 5.43535 5.40628 5.16862 11.425 8.83766 8.96506
threshold=0.0014994821202804513 0.30283463797616922 0.0023772754865947839 -0.0017832245063903484 0.82004052744805545 1.0000000180025095e-35 3.5000000000000004 4.5000000000000009 0.063675553933916745 2.5000000000000004 0.001459616369199138 -0.0024284405492722874 17.500000000000004 5.5000000000000009 0.66085170009896832 0.039627302846584896 0.18175706546995171 0.088725746354868365 0.013439288814863115 0.00083566920135709 1.0000000180025095e-35 0.0012686680623888776 0.0025010029072672258 0.78348953682529821 0.0030985300071318493 0.17248275438318755 11.500000000000002 0.89600154759434181 -0.90943817086993572 0.0030894543855416478
decision_type=2 2 2 2 2 2 2 2 2 2 2 2 2 2 2 2 2 2 2 2 2 2 2 2 2 2 2 2 2 2
left_child=-1 -2 3 4 5 6 10 -8 -9 -7 -3 -12 26 15 -15 16 17 -14 19 -17 23 -22 -23 -21 -16 -10 27 -4 29 -28
right_child=1 2 12 -5 -6 9 7 8 25 -11 11 -13 13 14 24 18 -18 -19 -20 20 21 22 -24 -25 -26 -27 28 -29 -30 -31
leaf_value=-0.050975170402077108 -0.041474780539173944 -0.032822355788772746 0.0045485477809691843 -0.011306624889975669 0.080159143155282123 0.033141186294655747 -0.023013434136039939 0.13960666622885728 0.008040659747770797 -0.043324441148741802 -0.022213268125775662 0.058758268928892868 0.0068739122252228797 0.054655867877702324 -0.020526926617459404 -0.026476066709843423 -0.029816881725064606 0.1049398001009318 0.057088982946865 -0.037338941129950093 0.082565974071807144 0.037291928276312357 -0.025069826592716393 0.040791808291367283 0.039313765671170099 0.092073007419870068 0.023494118070449373 -0.030985037453857212 0.0091996784614286151 0.11165406343681715
leaf_weight=31.865844527259469 8.1437841411679965 13.711412826552989 301.13271127268672 134.09710272401571 4.2037472222000352 3.9594298657029858 6.3618799466639784 3.5769278779625875 3.9459095913916826 11.859654525294898 4.5132381692528725 5.2349209077656251 8.052362050861122 13.7250237390399 12.179708272218706 71.433665800839663 6.2811048962175837 4.9250907972455016 3.7798097841441622 17.840724807232622 6.4649828895926502 7.0008270032703903 16.81049519777298 3.1671303585171691 5.5119663812220088 3.7169877830892801 9.2949563562870008 24.458763007074594 233.06639772281051 4.1807583607733241
leaf_count=1700 140 207 3343 2432 38 52 95 54 55 152 54 65 77 100 119 998 105 53 27 272 91 97 246 50 44 49 111 316 2243 52
internal_value=-0.000341126 0.0013526 0.00172188 -0.00552099 0.00718014 0.00178662 0.0117925 0.0412981 0.0776992 -0.0241855 -0.0103454 0.0212698 0.00360852 -0.00416141 0.0228171 -0.00997643 0.0199862 0.044091 -0.0145381 -0.0167442 -0.0031888 0.0123339 -0.00673469 -0.02556 -0.00188314 0.0488016 0.00601463 0.00187923 0.011476 0.0508452
internal_weight=984.497 952.631 944.488 195.181 61.0841 56.8804 41.0613 17.6017 11.2398 15.8191 23.4596 9.74816 749.306 177.173 31.4167 145.756 19.2586 12.9775 126.498 122.718 51.2842 30.2763 23.8113 21.0079 17.6917 7.6629 572.134 325.591 246.542 13.4757
internal_count=13437 11737 11597 3253 821 783 579 253 158 204 326 119 8344 2279 263 2016 235 130 1781 1754 756 434 343 322 163 104 6065 3659 2406 163
is_linear=0
shrinkage=0.05


Tree=34
num_leaves=31
num_cat=0
split_feature=18 12 32 13 17 11 12 1 11 2 19 13 3 4 18 38 3 21 12 9 37 21 16 21 37 15 38 15 11 5
split_gain=32.0467 5.62978 5.22191 8.91886 7.42508 6.65177 8.41034 7.11359 8.79499 11.2483 8.35549 6.44637 11.9721 11.6365 12.9987 14.8688 12.9442 9.88234 9.70642 8.42803 11.1932 8.26642 7.3867 7.29732 11.224 7.18522 7.16506 6.94942 6.89656 6.3442
threshold=0.0014994821202804513 0.30283463797616922 4.5000000000000009 0.66877428783425574 0.39329720538235335 -0.21833189940407358 0.78500469351506263 0.00085600317869958338 -0.40741548823334484 -0.003111537993185213 -0.0031316352224559814 0.1330332560032165 0.0032899822828437409 343.55714285714157 0.0042144567478937809 0.23515397272326186 0.0034163536306859405 -0.0011879934038892509 1.0728143054545729 1.0000000180025095e-35 0.13450417889386809 0.00038927204362192023 0.1979009315206379 -0.0017542749272866991 0.080892405768575065 0.20051188644469611 0.32343846572860363 0.093733566531824797 -0.94561269598272191 0.0036283720502671844
decision_type=2 2 2 2 2 2 2 2 2 2 2 2 2 2 2 2 2 2 2 2 2 2 2 2 2 2 2 2 2 2
left_child=-1 -2 5 4 -4 6 7 8 10 -10 -3 13 -13 14 15 23 -16 -17 19 21 -21 28 -23 25 27 -6 -14 -25 -19 -12
right_child=1 2 3 -5 11 -7 -8 -9 9 -11 29 12 26 -15 16 17 -18 18 -20 20 -22 22 -24 24 -26 -27 -28 -29 -30 -31
leaf_value=-0.050926707137709748 -0.040877175372303148 -0.039164568382934778 0.063007479891692322 0.047851765870045762 0.080664709053056144 0.0035476190136474804 -0.022594698029179697 -0.014311905577279255 0.10849422051136795 0.0012128769093743272 0.0011170503721756274 -0.024480136886018675 0.0022466616385054604 -0.031124942106496536 0.12243077646481054 0.07685157355449683 0.0086302474281150302 0.035969699866380253 -0.046957882483848024 0.10844019364560126 0.010118248675487426 0.091717535690429647 0.016284189830522388 0.079877305040379071 -0.031928003345490535 -0.0099193260528825968 0.049301491917118682 0.0014848291614291437 -0.025153016523906342 0.037802689864404729
leaf_weight=30.339846536517143 7.8570108823478213 11.680694527924059 5.4665292985737315 12.891776144504545 4.3516553509980351 371.13849484175444 63.869130147621036 76.241776777431369 4.4961617421358824 5.351391399279235 108.27466728724539 45.685070088133216 77.241514155641198 14.312913425266741 5.5179393924772722 9.1389305349439365 4.5668402090668678 6.9106681421399072 4.8417404089123002 6.4248044807463867 5.268138037994504 5.2541256155818692 8.4886164143681508 3.6814756654203 31.376411182805896 4.4052958115935326 9.0365057066082937 12.181742032989858 13.892168261110788 13.224222656339405
leaf_count=1700 140 141 76 100 51 4074 863 1230 44 77 1533 637 807 186 61 90 49 84 54 58 61 57 92 49 484 58 76 159 169 177
internal_value=-0.000338369 0.00127205 0.00162242 0.00719559 0.00531052 -0.000855789 -0.00662779 -0.00197692 0.00459835 0.050195 0.00122684 0.00415341 -0.00378385 0.0116024 0.0164444 0.0117192 0.0708968 0.0289653 0.0203978 0.0274507 0.0641422 0.0150315 0.0451239 -0.00682728 -0.0145986 0.0350953 0.00717505 0.0196779 -0.00484815 0.00511
internal_weight=983.408 953.068 945.211 290.935 278.043 654.277 283.138 219.269 143.027 9.84755 133.18 272.577 131.963 140.613 126.301 116.216 10.0848 60.2192 51.0803 46.2385 11.6929 34.5456 13.7427 55.9966 47.2396 8.75695 86.278 15.8632 20.8028 121.499
internal_count=13437 11737 11597 3458 3358 8139 4065 3202 1972 121 1851 3282 1520 1762 1576 1466 110 665 575 521 119 402 149 801 692 109 883 208 253 1710
is_linear=0
shrinkage=0.05


Tree=35
num_leaves=31
num_cat=0
split_feature=18 11 32 36 37 37 16 16 29 0 14 3 15 15 37 20 6 11 21 14 37 18 4 19 13 11 0 11 18 3
split_gain=30.4129 5.29981 4.56613 9.97693 9.38705 15.0405 9.68162 8.25204 7.09349 8.07618 9.28276 7.78312 7.35168 6.29854 6.2161 5.43047 8.68729 6.30524 23.793 5.66064 5.5465 4.9712 17.5513 6.65696 11.9582 11.4621 8.95478 6.91075 8.4715 6.73638
threshold=0.0014994821202804513 -1.306172003491741 1.5000000000000002 0.17413900876760866 0.11387745405588075 0.098422975280178251 0.080122008710246065 0.40917097590993862 1.0000000180025095e-35 0.00010337563957605816 0.13331868178279679 0.0042365755301520605 0.17494251202964009 0.01773425158858917 0.061711239437196114 -0.0024284405492722874 3.5000000000000004 -0.92018747479158203 -0.0028868056866850522 0.015038317657623932 0.04071283247815382 0.0024613173359419346 210.19642857142858 -0.0023505365316005048 0.21283146906900061 -0.37793258562342563 -0.0020235307349392921 0.048533612461147901 0.006491057186688875 0.0065583098300168409
decision_type=2 2 2 2 2 2 2 2 2 2 2 2 2 2 2 2 2 2 2 2 2 2 2 2 2 2 2 2 2 2
left_child=-1 -2 3 8 5 6 -5 -6 9 -3 -11 -12 -13 -9 -8 16 -4 18 -18 -17 -19 -22 -23 24 25 -24 -27 -26 -29 -25
right_child=1 2 15 4 7 -7 14 13 -10 10 11 12 -14 -15 -16 19 17 20 -20 -21 21 22 23 29 27 26 -28 28 -30 -31
leaf_value=-0.050880693028445702 -0.018374926605117494 -0.016442766884617769 -0.015657877600864706 0.082616873617977662 0.0076480200508404128 0.11075334908031285 0.026559543050709816 0.031794484455509288 -0.029745583138442451 0.063889317156188133 -0.008292534055245061 -0.0063641860951723908 0.07614665316422585 -0.02880074934977149 -0.032542418407043097 0.049979836442646017 -0.027991264216690504 -0.03347660128169519 0.1102326740230148 0.00062783240091382649 -0.012107095541761767 0.075615661274369597 0.0082772831024680825 -0.013438883241416531 -0.024749553532222981 0.045304039410177514 0.13144521413589511 0.0059794589875590519 0.061519984062857219 0.051565174096404376
leaf_weight=28.885595180094242 33.382333742454648 76.440670929849148 24.6721401065588 4.2894759941846194 109.94290868379176 5.0526833906769744 9.5304700993001479 4.9995522648096076 39.089671142399311 6.6112835332751265 43.616654697805643 4.9170185513794404 5.986391868442297 30.152086801826954 8.3439639993011934 5.8989384230226269 5.5110239647328854 6.0724555384367696 7.1558018885552865 386.52091380208731 14.674334615468977 12.182773958891628 8.3609249144792575 31.52380595728755 12.135923452675341 6.6631718650460243 5.513349447399376 30.756132956594229 8.8386646732687932 4.5623365715146056
leaf_count=1700 577 1010 262 52 1126 52 109 48 659 83 598 56 66 322 97 69 73 57 78 5042 182 103 89 364 124 55 49 232 59 44
internal_value=-0.000335802 0.00119558 0.00190569 -0.00260024 0.00596002 0.0329055 0.0151587 0.000905624 -0.0109497 -0.00560904 0.0079378 0.00115294 0.0389374 -0.0201824 -0.00102984 0.00465933 0.0118864 0.0163006 0.0500948 0.0013697 0.0132708 0.0153703 0.0187154 0.0123178 0.0210754 0.0533551 0.0843075 0.0082601 0.0183777 -0.00522048
internal_weight=982.283 953.398 920.016 348.973 172.311 27.2166 22.1639 145.095 176.662 137.572 61.1313 54.5201 10.9034 35.1516 17.8744 571.043 178.623 153.951 12.6668 392.42 141.284 135.211 120.537 108.354 72.2682 20.5374 12.1765 51.7307 39.5948 36.0861
internal_count=13437 11737 11160 4278 1806 310 258 1496 2472 1813 803 720 122 370 206 6882 1771 1509 151 5111 1358 1301 1119 1016 608 193 104 415 291 408
is_linear=0
shrinkage=0.05


Tree=36
num_leaves=31
num_cat=0
split_feature=18 12 18 38 32 11 28 1 13 2 11 4 13 5 18 4 20 6 4 7 28 2 1 38 21 21 9 1 17 18
split_gain=28.8658 5.184 4.46758 5.76953 5.12987 7.81712 5.4785 5.62034 8.96725 12.4274 8.4527 6.37058 11.6048 10.7825 9.44744 6.75332 19.6798 6.62362 6.83916 7.46623 9.56406 8.29777 10.6354 6.64042 14.113 5.96927 6.6715 9.40405 7.76349 6.17111
threshold=0.0014994821202804513 0.30283463797616922 0.0019144968404336028 0.31489274884696616 3.5000000000000004 -1.4065668629788355 -0.17109857624631483 0.00099292292193519792 0.020902257325304426 0.00110288826823387 -0.21833189940407358 272.39642857142729 0.13687741166056902 0.0023413644591132807 0.0037925783970832678 246.7821428571427 -0.0028320797888348468 14.500000000000002 235.42142857142974 5.5000000000000009 0.72466609126014481 0.0016677030053506962 -0.0017042399730237228 0.20242162394119276 -0.00072836640719731985 0.00077207801397223541 1.0000000180025095e-35 0.00032277960421511461 0.7617077976456087 0.0026810741205704459
decision_type=2 2 2 2 2 2 2 2 2 2 2 2 2 2 2 2 2 2 2 2 2 2 2 2 2 2 2 2 2 2
left_child=-1 -2 3 -3 5 -4 -7 8 9 -8 -9 12 25 -13 -15 17 -17 18 19 20 21 22 23 -14 -25 26 27 -10 29 -28
right_child=1 2 4 -5 -6 6 7 10 11 -11 -12 13 15 14 -16 16 -18 -19 -20 -21 -22 -23 -24 24 -26 -27 28 -29 -30 -31
leaf_value=-0.050837010995325074 -0.040175777912416305 -0.017063395440094147 -0.04375241340751234 0.044731549615317015 0.0070225437999965439 -0.038607175755011769 0.010410602570143731 -0.020322483174611841 0.0054572782638726862 0.11581202592171978 0.001727111224951412 -0.042106509932724606 0.0065163401036555952 0.065538392592909472 -0.0028177565912730009 0.0057872251657652071 0.1019294067505058 -0.014017567164588698 -0.027437235088088804 -0.021013551132741379 -0.017876550904656393 -0.021042777275020921 0.096155370907311355 0.11631497961676805 0.017747208023752802 -0.028069472159799283 -0.024681483546055288 0.07680307480229949 -0.047305581348486947 0.05760261416520368
leaf_weight=27.499843554571271 7.5384987499564877 50.467753475531936 10.363584421575068 4.0828149691224089 349.75061002373695 8.9898792728781682 8.2129523083567602 67.425923191010952 36.32838011905551 4.2405333556234828 122.30589946359396 17.224798865616322 11.565037474036215 5.2892351932823649 114.01345814019442 13.055359642952682 8.9865775369107705 16.94779908657074 6.4591787159442893 7.085654590278863 7.522062797099351 4.442961983382701 9.7091499753296393 6.0151431336998895 9.1643077768385428 20.587662983685732 4.8103355281054991 5.2914159260690203 11.613714110106228 4.3294366225600243
leaf_count=1700 140 1272 194 90 3916 120 95 1057 408 43 1384 187 106 59 1198 115 87 176 58 77 72 60 98 53 87 281 59 69 132 44
internal_value=-0.000333114 0.00112298 0.00145198 -0.0124384 0.00230171 -0.000744741 9.367e-05 0.000759376 0.00467383 0.0463008 -0.00610876 0.00305606 0.00913024 -0.00512637 0.000212785 0.0205159 0.0449847 0.0136811 0.0212571 0.0269238 0.033939 0.0434693 0.0513321 0.0350597 0.0568065 -0.00472471 0.00298074 0.014528 -0.0201765 0.0142958
internal_weight=981.32 953.82 946.282 54.5506 891.731 541.98 531.617 522.627 332.895 12.4535 189.732 320.442 183.914 136.527 119.303 100.953 22.0419 78.9113 61.9635 55.5043 48.4187 40.8966 36.4536 26.7445 15.1795 82.9609 62.3733 41.6198 20.7535 9.13977
internal_count=13437 11737 11597 1362 10235 6319 6125 6005 3564 138 2441 3426 1982 1444 1257 989 202 787 611 553 476 404 344 246 140 993 712 477 235 103
is_linear=0
shrinkage=0.05


Tree=37
num_leaves=31
num_cat=0
split_feature=18 12 18 4 3 38 1 37 38 37 38 6 20 16 4 1 1 4 16 32 21 3 12 12 37 21 16 21 13 13
split_gain=27.4008 4.84113 4.13681 6.30054 5.45659 9.2662 8.15497 7.20602 6.50449 6.30218 8.31921 8.12186 10.002 6.94671 6.58076 10.8351 13.5562 6.21423 5.19149 5.78935 7.65541 7.94076 8.03121 11.8346 10.7341 10.1108 6.97443 6.47432 6.06422 10.7727
threshold=0.0014994821202804513 0.30283463797616922 0.0023772754865947839 192.52499999999836 0.0015105506579673135 0.27693116813941127 9.4513768898762444e-05 0.59520408648668732 0.19793009663835234 0.24857004231530319 0.19513100946450609 15.500000000000002 -0.00042073995739016904 0.0026728038650368699 147.57857142857239 -0.0007476517924532984 0.0017590677834132026 135.89642857143036 0.0011275390285516011 1.5000000000000002 -0.00028828390814445066 0.001596883838888487 1.1743980570295618 1.2798855574134453 0.17001911038051179 0.0008595618711577023 0.40917097590993862 0.0045007884627228491 0.66877428783425574 0.85008341653962638
decision_type=2 2 2 2 2 2 2 2 2 2 2 2 2 2 2 2 2 2 2 2 2 2 2 2 2 2 2 2 2 2
left_child=-1 -2 3 4 5 -3 -7 9 -9 10 14 13 -13 -12 17 -16 -17 -6 -4 20 26 -22 24 -24 25 -23 -20 28 -21 -30
right_child=1 2 18 -5 7 6 -8 8 -10 -11 11 12 -14 -15 15 16 -18 -19 19 27 21 22 23 -25 -26 -27 -28 -29 29 -31
leaf_value=-0.050795522137722898 -0.039568308031330358 -0.025995253680047181 -0.014650317330909008 -0.031738114317272303 0.05075928734945441 0.071847608016301398 -0.016340786535416357 -0.014291350484183519 0.066787882660992892 -0.020556489279055862 0.040976957932518848 0.081651494827360172 -0.019321478497674932 -0.017433432542436983 -0.0067989802728135613 0.13829156161122924 0.02069144457419754 -0.053853518581054541 -0.003013249364110248 0.0075221453436126037 0.058526684540053553 0.073037324800367232 0.07468776431164291 0.0086020144182013189 -0.017332399202729228 -0.011954473677011863 -0.028243063137235021 -0.018317942151100827 0.067594738712772454 -0.0040965062965896372
leaf_weight=26.179486596956849 7.2781626153737298 42.147637009620667 39.302837032824755 19.986968263983727 2.4103948511183289 5.0994214657694084 5.3946323990821838 3.6009580343961698 7.9013443402945995 28.21169763430953 5.7480423972010604 5.7447020169347525 4.279626524075864 44.480689715594053 5.19500806182623 5.1634103395044768 4.6641370393335819 3.4534279461950064 95.401013940572739 403.4556301496923 6.9987323544919482 7.1819819137454015 7.8878763280808917 47.996437694877386 55.779860880225897 6.8240224085748196 38.424262709915638 23.052170030772686 11.524702109396459 9.6090739592909795
leaf_count=1700 140 898 467 306 62 85 107 60 88 447 90 65 70 707 69 69 68 62 1017 4406 95 71 78 457 785 87 417 311 84 69
internal_value=-0.000330101 0.00105447 0.00136671 -0.00515482 -0.00209238 -0.0155278 0.026513 0.00375987 0.0414049 -0.000199895 0.00687797 -0.00254824 0.0385437 -0.0107491 0.0340707 0.0516053 0.0824787 -0.0108512 0.00304143 0.0040151 -0.00181956 0.00669172 0.00380496 0.0179298 -0.00750616 0.0316275 -0.0102573 0.00748865 0.00888976 0.0349983
internal_weight=980.378 954.199 946.921 193.482 173.495 52.6417 10.4941 120.853 11.5023 109.351 81.1394 60.2531 10.0243 50.2287 20.8864 15.0226 9.82755 5.86382 753.439 714.136 266.494 132.669 125.67 55.8843 69.7859 14.006 133.825 447.642 424.589 21.1338
internal_count=13437 11737 11597 3253 2947 1090 192 1857 148 1709 1262 932 135 797 330 206 137 124 8344 7877 3007 1573 1478 535 943 158 1434 4870 4559 153
is_linear=0
shrinkage=0.05


Tree=38
num_leaves=31
num_cat=0
split_feature=18 12 2 21 38 19 1 7 10 6 14 37 5 13 12 1 34 37 17 15 6 6 38 2 2 7 5 38 6 37
split_gain=26.0133 4.51986 3.91525 6.47616 6.45731 11.5913 9.05229 15.7432 8.36001 8.22585 9.46678 8.47492 9.9377 11.5119 8.60567 8.52266 8.87784 7.66518 7.51745 6.884 6.75753 5.86952 6.13752 11.526 9.39216 8.41581 8.25946 8.14124 9.95395 9.92651
threshold=0.0014994821202804513 0.30283463797616922 0.0017204079385611313 0.0046719836629968399 0.18688700840916517 0.0017279964253524829 0.0019813048218481101 3.5000000000000004 1.0000000180025095e-35 21.500000000000004 0.60969058720333058 0.32535866455770474 0.001459616369199138 0.14860236341069202 1.9886444705670103 -0.00014155348571935305 0.1434849767237257 0.39960295009547475 0.70582154040414746 0.38011507043593146 3.5000000000000004 22.500000000000004 0.30389763971955008 0.00080347872034530635 -0.0045147415493929496 1.5000000000000002 0.0019635147037312529 0.15051761314984957 9.5000000000000018 0.89600154759434181
decision_type=2 2 2 2 2 2 2 2 2 2 2 2 2 2 2 2 2 2 2 2 2 2 2 2 2 2 2 2 2 2
left_child=-1 -2 3 21 5 8 7 19 -4 11 17 12 -6 15 -15 -14 20 -11 -10 -7 -17 22 25 24 -24 26 -3 -28 29 -29
right_child=1 2 4 -5 9 6 -8 -9 18 10 -12 -13 13 14 -16 16 -18 -19 -20 -21 -22 -23 23 -25 -26 -27 27 28 -30 -31
leaf_value=-0.050756123607183047 -0.038955868565638332 -0.02207340046710592 -0.039949580558047378 -0.041628655310457043 -0.029226501947825625 -0.009113968659753684 0.0093180918533887196 0.13678774308084563 0.070264136600347707 0.015059072507964621 -0.035038267753231538 -0.021479408372045535 0.067716188511902087 -0.034482490698817314 0.038744393390737888 -0.041096457783837775 0.076338239671396635 0.094476706157009302 -0.019431240247481291 0.078993198781375423 0.01577940163782068 -0.018552454410440369 0.053333860268405434 0.078339704725334081 0.00043310522762225788 0.0073506962023400417 -0.04055477265098998 0.035942526054390814 -0.006797133560394031 -0.036989235533949588
leaf_weight=24.921540673822165 7.0293066948652259 54.317576574161649 17.681148264557123 7.8680580258369437 22.338442504405975 6.562819439917801 49.048358323052526 4.135590784251689 4.0086016748100537 7.4721432011574525 4.8215210121124974 98.94508608430624 9.010924004018305 18.722093805670742 5.1065631732344618 6.706165965646508 4.8065266869962207 5.1202567163854837 5.5984519254416227 3.3479040525853634 23.604176478460431 27.586194541305304 10.709137372672556 7.5169513113796702 38.750807909294963 396.17735200189054 10.240993876010178 33.656985756009817 58.165422596037388 5.4163739196956149
leaf_count=1700 140 799 287 121 408 95 560 50 63 91 63 1381 90 224 48 89 51 47 76 46 279 339 79 78 411 4573 135 362 682 70
internal_value=-0.000326788 0.000989936 0.0012863 0.00345843 -0.0034699 0.0076774 0.019453 0.0548433 -0.0195498 -0.00834532 0.0245396 -0.0113714 -0.000295044 0.00921522 -0.0187897 0.0243377 0.0132068 0.0473515 0.0179947 0.0206492 0.00319561 0.00401054 0.0050227 0.0206543 0.0118873 0.00342649 -0.00618232 0.00184863 0.00631447 0.0258327
internal_weight=979.393 954.472 947.443 650.406 297.037 90.3829 63.0947 14.0463 27.2882 206.654 17.4139 189.24 90.2949 67.9565 23.8287 44.1278 35.1169 12.5924 9.60705 9.91072 30.3103 642.538 614.952 56.9769 49.4599 557.975 161.797 107.48 97.2388 39.0734
internal_count=13437 11737 11597 7649 3948 1177 751 191 426 2771 201 2570 1189 781 272 509 419 138 139 141 368 7528 7189 568 490 6621 2048 1249 1114 432
is_linear=0
shrinkage=0.05


Tree=39
num_leaves=31
num_cat=0
split_feature=18 11 32 15 28 27 21 27 20 11 21 32 18 18 7 16 20 16 12 19 20 14 12 32 6 12 20 37 20 6
split_gain=24.6978 4.44312 4.97635 8.18235 3.92651 4.65766 4.50587 4.50596 4.02269 9.5558 11.5962 13.7273 15.0696 12.6981 13.2085 5.8629 5.90857 9.13327 5.28455 5.09877 4.78239 8.30616 6.38289 12.7856 11.0253 7.19973 5.49253 6.52433 8.11901 7.38485
threshold=0.0014994821202804513 -1.4065668629788355 3.5000000000000004 0.1730375577739785 -0.17109857624631483 0.75322942657999847 -0.00015219541349967842 0.42250934628173725 -0.0014045994650473952 -0.92817219646168792 -0.0035897627366039656 1.5000000000000002 0.004473152210045077 0.003820788459794834 2.5000000000000004 1.0000000180025095e-35 -0.0015272425305065231 0.33447415058396163 0.34535862605329842 -0.0015805177270834319 0.0009416680217610244 0.090013471733617775 0.48258956698051275 7.5000000000000009 10.500000000000002 0.43607761720662391 0.0014458472724836531 0.076577354644212239 0.0013215508235912227 4.5000000000000009
decision_type=2 2 2 2 2 2 2 2 2 2 2 2 2 2 2 2 2 2 2 2 2 2 2 2 2 2 2 2 2 2
left_child=-1 2 -2 -4 6 8 -3 -8 9 10 -6 19 13 14 -13 -11 -17 -18 -10 -12 -20 -22 23 24 -23 -26 27 -24 29 -29
right_child=1 4 3 -5 5 -7 7 -9 18 15 11 12 -14 -15 -16 16 17 -19 20 -21 21 22 26 -25 25 -27 -28 28 -30 -31
leaf_value=-0.050718706272622219 -0.044314480387768793 -0.055545572334897909 0.069668143302750563 -0.029259177174255559 -0.043774255219960687 0.044391017707128499 0.041146163733532207 -0.039221481152871426 -0.041203957699867566 -0.033370126568279777 0.023736380934195965 0.0059713792559769928 0.14201853404458478 -0.033621722067469655 0.10629291504023629 0.0029622428653966141 -0.0036031862173243711 0.098015145751230159 -0.0069848406609833852 -0.054656477076604863 -0.02621211030764194 -0.0027407059792453597 -0.018705404198837667 -0.054060738679602871 0.13192856810087858 0.039240651468463339 0.0010194221127687762 0.07433757230359149 0.089813051677496744 0.00082820702929541946
leaf_weight=23.723151434212923 11.306006334722044 6.4476184360682964 3.2072916179895383 6.0011041350662708 4.6177927665412417 6.382108634337782 3.6191906817257387 3.3662667702883482 8.1933892797678691 10.81323412619531 4.3434007354080677 5.6138182487338835 4.61707879602909 4.349559571593999 7.8955938536673784 340.2642458230257 4.6915685199201089 4.1823325268924236 191.10918179340661 3.9701917190104741 22.592519104480743 4.9283432364463833 6.9982551578432348 3.2273835949599734 4.772908937186001 3.7343684192746878 250.16051993332803 4.6209908071905437 5.4404411483556023 13.109016058966516
leaf_count=1700 231 84 53 109 68 69 51 54 154 132 49 75 42 48 87 3419 58 46 2609 57 333 89 88 50 67 62 3242 62 71 178
internal_value=-0.000324335 0.000928068 -0.0220899 0.00519729 0.0014336 0.00182519 -0.0254038 0.00241729 0.00152805 0.00532765 0.0301123 0.0411937 0.0614983 0.0406814 0.0646044 0.00288965 0.00401266 0.0442903 -0.001367 -0.0137005 -0.000727868 0.00301375 0.005237 0.0353022 0.0567681 0.0912421 0.0034499 0.0236035 0.0363822 0.019987
internal_weight=978.299 954.576 20.5144 9.2084 934.061 920.628 13.4331 6.98546 914.246 395.359 35.4074 30.7896 22.4761 17.859 13.5094 359.951 349.138 8.8739 518.887 8.31359 510.694 319.585 296.992 16.663 13.4356 8.50728 280.329 30.1687 23.1704 17.73
internal_count=13437 11737 393 162 11344 11155 189 105 11086 4081 426 358 252 210 162 3655 3523 104 7005 106 6851 4242 3909 268 218 129 3641 399 311 240
is_linear=0
shrinkage=0.05


Tree=40
num_leaves=31
num_cat=0
split_feature=18 11 28 21 27 31 35 26 37 3 3 21 19 0 5 7 7 38 3 1 1 5 13 35 19 21 38 38 12 4
split_gain=23.4518 4.21214 3.61617 4.3789 4.02205 4.24264 10.8488 7.29042 6.40196 7.92607 11.3848 5.97038 5.87866 12.6174 8.23377 6.63601 6.45413 4.9647 10.8893 10.5218 10.0125 8.08476 9.96082 8.65478 9.6791 8.29129 6.9698 7.24087 6.73922 8.93759
threshold=0.0014994821202804513 -1.306172003491741 -0.17109857624631483 -0.00015219541349967842 0.75322942657999847 0.032650316632162092 0.1637322981534951 0.3371313578846527 0.144983899530301 0.0038098437372960812 0.0025164305681096943 0.0038202603493070315 -0.00024700809173197076 0.00010337563957605816 0.0030558022780271137 2.5000000000000004 1.0000000180025095e-35 0.22661926533130181 0.0011624450031137731 0.0071008841763935595 9.4513768898762444e-05 0.0044856406922645234 0.12255136438533097 0.36868314585484713 -0.0045528880041561933 0.0023525739688523097 0.24669239910120619 0.26750028897798411 0.59699322235477859 343.55714285714157
decision_type=2 2 2 2 2 2 2 2 2 2 2 2 2 2 2 2 2 2 2 2 2 2 2 2 2 2 2 2 2 2
left_child=-1 -2 3 -3 5 17 12 8 9 10 -8 -10 13 16 15 -15 -7 -4 20 21 -19 22 25 24 -24 28 -25 -28 -20 -30
right_child=1 2 4 -5 -6 6 7 -9 11 -11 -12 -13 -14 14 -16 -17 -18 18 19 -21 -22 -23 23 26 -26 -27 27 -29 29 -31
leaf_value=-0.050683165700948656 -0.016933771852354229 -0.055256627754137512 -0.00067881038734116063 0.0026335421291379733 0.040766519125639458 0.023697694006721629 0.014435395783199776 -0.032666991627854268 -0.00050990819290727251 -0.003276382783737384 0.12094039905094252 0.04867857138939146 -0.031650744944365754 0.0060034548570493526 -0.025142085842576115 0.082680170728682292 -0.032115530303782176 0.10740276471203465 -0.0099861392718683887 0.057062539538942449 0.0043106006430282924 0.035929485656286481 0.051844159827993036 0.037875626308846402 -0.017760377639199278 0.076412145755479485 -0.032990229447259788 0.014158910389481178 0.01890947955920886 -0.04727181946480017
leaf_weight=22.581584952771664 32.104559250175953 6.1644240319728851 376.65108563564718 6.9488702695816738 6.5962478891015044 6.2393808197230092 4.9874847941100615 10.045636866241692 53.793037351220846 6.3745079524815074 5.0494794622063637 6.9681152850389472 39.893359748646617 4.6677047647535819 4.8297066017985335 7.1351732052862644 30.497600696980953 5.1681225765496475 33.216289602220058 9.8424043729901296 4.3272024001926184 19.362802106887102 5.2548306547105303 16.112275276333094 100.85093384794891 4.8227569423615924 12.22658611834049 24.380556900054216 105.13941003382206 5.3615501411259165
leaf_count=1700 577 84 4851 104 69 75 69 104 543 61 54 62 683 51 58 79 360 73 418 92 88 146 38 163 1239 49 129 230 1129 59
internal_value=-0.00032081 0.000870025 0.00148935 -0.02458 0.0018651 0.001581 -0.00527649 0.00739988 0.0126154 0.0403253 0.0680168 0.00513105 -0.0171313 -0.00627805 0.0298529 0.0523567 -0.0226363 0.00329349 0.00761687 0.00612714 0.0604217 0.00459275 0.00261866 -0.00608601 -0.0143133 0.0119261 0.0104726 -0.00158865 0.00976208 0.0156983
internal_weight=977.594 955.012 922.908 13.1133 909.794 903.198 180.481 87.2183 77.1726 16.4115 10.037 60.7612 93.2629 53.3696 16.6326 11.8029 36.737 722.717 346.066 336.57 9.49532 326.728 307.365 158.825 106.106 148.54 52.7194 36.6071 143.717 110.501
internal_count=13437 11737 11160 188 10972 10903 2199 893 789 184 123 605 1306 623 188 130 435 8704 3853 3692 161 3600 3454 1799 1277 1655 522 359 1606 1188
is_linear=0
shrinkage=0.05


Tree=41
num_leaves=31
num_cat=0
split_feature=18 3 3 0 3 12 10 32 16 38 23 38 18 5 11 37 38 13 18 38 21 17 3 6 7 6 15 5 5 7
split_gain=22.271 4.13211 5.18476 8.65921 6.18916 5.65909 5.36662 4.71001 4.49731 4.17109 6.36055 4.30084 3.93885 6.08099 9.76585 4.50649 8.81326 6.39649 5.96106 5.92406 11.4775 7.41798 6.73627 8.30358 13.5788 5.96278 5.99901 5.62178 8.69214 15.0397
threshold=0.0014994821202804513 0.0014370551047404433 0.0011624450031137731 -0.00071381546182247644 0.0011264969101265562 0.96873763769484766 1.0000000180025095e-35 2.5000000000000004 0.11621741874304888 0.22003217475886383 -9.4900337042247941e-05 0.24380985461904778 0.0019144968404336028 0.0010064481350111857 0.45134370527771256 0.32535866455770474 0.12860251995539587 0.058226199735963206 0.0020590786482374388 0.26001337084763093 -0.0010907660338701252 0.62438598754475716 0.0029062430251644567 7.5000000000000009 3.5000000000000004 4.5000000000000009 0.078637094446957004 0.002447286792012475 0.0026713730476796995 1.0000000180025095e-35
decision_type=2 2 2 2 2 2 2 2 2 2 2 2 2 2 2 2 2 2 2 2 2 2 2 2 2 2 2 2 2 2
left_child=-1 2 4 8 6 -5 9 -8 -4 -2 -11 -12 13 14 -3 16 -14 -17 -19 27 -21 -22 23 -23 -25 -24 -27 -18 -29 -30
right_child=1 12 3 5 -6 -7 7 -9 -10 10 11 -13 15 -15 -16 17 19 18 -20 20 21 22 25 24 -26 26 -28 28 29 -31
leaf_value=-0.050649403208965271 -0.042443142572247045 -0.024255697001434113 -0.0090807717455144241 -0.038439818169328233 0.060470181706641563 0.026527975691859353 -0.018399578209267051 0.062773887095934386 0.075051695384818706 0.060337567751918057 0.021777520163196031 -0.053224891182487369 0.069536810235672375 -0.026023243806178899 0.10376985294351333 -0.029056463895687307 -0.0026034924734775131 0.047037489133836485 -0.00041090432599619512 -0.022281242537473045 0.063261608389887689 -0.030488266514632895 0.052998698318106552 -0.0092815014154227354 0.074867473134503468 0.051280951350490281 0.002547579535205193 0.041198791156422297 0.06428595252269774 -0.01044516375848905
leaf_weight=21.494224363937974 9.1428568065166527 3.5544827673584214 3.2776389811187974 31.984905134886503 4.293962722644209 3.7442806717008343 2.8837065361440173 4.6990447770804167 3.0820575580000877 3.3843001797795313 3.2991648688912356 4.5437902342528105 5.4482453428208819 25.918289188295603 2.5640639942139387 19.353837378323078 204.4438634775579 6.7217662408947936 434.79629519581795 17.145664669573307 9.854173541069029 13.295704811811445 17.237581826746464 13.806374154984953 7.3442456535994998 8.8077638261020201 22.311763528734446 20.50422877073288 8.1127640493214113 39.571504350751638
leaf_count=1700 198 105 54 570 69 82 70 89 52 51 63 94 51 588 78 297 2461 80 5001 157 77 150 134 146 64 69 189 189 78 431
internal_value=-0.000317106 0.000815573 -0.0105049 -0.0220632 0.00458119 -0.0316314 -0.00400417 0.0319038 0.0316918 -0.0173709 0.00304663 -0.0216749 0.00177098 -0.0154392 0.0293952 0.00242058 0.00639192 -0.000921815 0.00031146 0.00549235 0.0152981 0.0222519 0.0173715 0.00047431 0.019938 0.0294079 0.0163406 0.00154306 0.0139753 0.00226922
internal_weight=976.623 955.128 74.3357 42.0889 32.2468 35.7292 27.9529 7.58275 6.3597 20.3701 11.2273 7.84296 880.793 32.0368 6.11855 848.756 387.884 460.872 441.518 382.436 109.803 92.6576 82.8034 34.4463 21.1506 48.3571 31.1195 272.632 68.1885 47.6843
internal_count=13437 11737 1392 758 634 652 565 159 106 406 208 157 10345 771 183 9574 4196 5378 5081 4145 986 829 752 360 210 392 258 3159 698 509
is_linear=0
shrinkage=0.05


Tree=42
num_leaves=31
num_cat=0
split_feature=18 11 2 5 37 1 6 6 7 7 14 16 28 11 7 17 13 5 2 13 37 11 20 32 37 16 18 34 2 38
split_gain=21.1523 3.81384 3.47464 6.37151 11.518 5.66965 5.48242 12.6211 12.3711 12.0434 12.4237 11.334 12.7695 11.0973 10.1099 13.3325 9.86211 9.72876 9.40444 11.7527 9.15584 8.60621 11.5403 8.45745 8.42126 8.38094 7.97252 7.65577 7.19265 10.3282
threshold=0.0014994821202804513 -1.306172003491741 -0.0032611539112606283 0.0052335790113164785 0.56740190511432209 0.0048963874404820531 12.500000000000002 14.500000000000002 5.5000000000000009 4.5000000000000009 0.19325911558299777 0.27981528338292505 0.41912763928386482 0.48632483021448247 2.5000000000000004 0.46879637963404142 0.025884808519927794 0.0017613445653673267 0.0094228566826638129 0.12019318481356013 0.47792983368974229 0.81605220194544248 0.0017280305746435675 9.5000000000000018 0.58284959244529244 0.11808084272246545 0.0018232056295801509 1.2668080642603416 0.00080347872034530635 0.21274446301611272
decision_type=2 2 2 2 2 2 2 2 2 2 2 2 2 2 2 2 2 2 2 2 2 2 2 2 2 2 2 2 2 2
left_child=-1 -2 -3 6 -5 -6 11 9 14 10 -8 18 26 -12 15 -9 -17 20 19 25 23 22 -10 -16 -15 28 -13 -20 -4 -30
right_child=1 2 3 4 5 -7 7 8 21 -11 13 12 -14 24 17 16 -18 -19 27 -21 -22 -23 -24 -25 -26 -27 -28 -29 29 -31
leaf_value=-0.050617332451702093 -0.016323062080806659 0.005956785374460761 -0.0077950636707228849 0.075356518535083863 -0.024730826924538096 0.031985712002801897 -0.017156438688820878 0.071128840200509857 0.017647960651156147 -0.024505391633159922 0.08061847419875065 -0.051731315648683489 0.067773987014692963 0.0091977831985592517 -0.020632027623787803 0.065240892471343431 -0.0061726912823739776 -0.032613313152267474 0.058756870406323485 -0.030926293103233672 0.08284909522469984 -0.020999858454070281 0.088112901791712411 0.061805951545966881 0.070098697957579933 -0.020795447585318261 0.0040807369984318127 -0.019362373741213509 -0.014050015628943265 0.054569586946058152
leaf_weight=20.458566937595606 31.573421811684966 283.54274578206241 31.100786594673991 7.6054832786321667 9.4253417849540728 8.2747698463499528 9.9390117265284044 6.69859505444765 23.110982701182369 10.963380699977277 14.395550629124044 6.7424743371084324 7.6261602435261002 19.918997654691342 18.550466118380434 5.1320541556924573 83.371597204357386 55.702102806419134 7.778366342186926 80.917343722656369 3.2647795770317307 8.6757281515747291 7.7619160693138829 3.738110063597559 7.9386459924280635 47.320077035576105 125.43029709532857 5.2551683261990547 8.762311929836871 14.655026046559213
leaf_count=1700 577 2744 420 70 119 78 100 92 279 145 159 221 90 185 311 57 1157 780 85 1167 49 78 81 48 59 669 1541 51 147 178
internal_value=-0.000312521 0.000764944 0.0013491 -0.000692089 0.0238959 0.00178405 -0.00170423 0.00347282 -0.00227581 0.0231344 0.0331415 -0.0060108 0.00486346 0.0449729 -0.00794064 0.00311606 -0.00203164 -0.0208951 -0.0137753 -0.0167018 0.00464862 0.0229995 0.0353639 -0.00680601 0.0265528 -0.00539941 0.00123362 0.0272589 0.00796387 0.0288935
internal_weight=975.63 955.172 923.598 640.056 25.3056 17.7001 614.75 279.162 216.006 63.1556 52.1922 335.588 139.799 42.2532 176.458 95.2022 88.5037 81.2555 195.789 182.756 25.5534 39.5486 30.8729 22.2886 27.8576 101.838 132.173 13.0335 54.5181 23.4173
internal_count=13437 11737 11160 8416 267 197 8149 3580 2932 648 503 4569 1852 403 2494 1306 1214 1188 2717 2581 408 438 360 359 244 1414 1762 136 745 325
is_linear=0
shrinkage=0.05


Tree=43
num_leaves=31
num_cat=0
split_feature=4 3 3 32 11 15 38 15 3 3 10 12 20 21 13 20 38 38 14 14 15 17 15 38 20 3 34 1 19 15
split_gain=17.7917 4.29654 4.76509 6.73489 6.69269 5.43031 9.17505 5.66063 5.11994 6.98016 5.97803 3.67637 3.70765 3.65379 4.90625 6.30051 4.3742 3.39314 3.34888 6.02547 10.1554 8.87756 6.57678 5.81387 10.4982 5.87494 5.3572 8.9473 4.95053 4.55142
threshold=110.1571428571411 0.0014370551047404433 0.0013545454468220639 2.5000000000000004 -0.21077219252837762 0.091835629638399377 0.2210885729894301 0.16421654189777182 0.0011624450031137731 0.001096659865961203 1.0000000180025095e-35 0.76712368966939326 -0.0011674380107797454 0.0050912470601377604 0.18131929695136892 0.0094712310619153861 0.11754251231319522 0.22559718753996183 0.56692022025297473 0.61999997662516881 0.25594480093153321 1.7283511283007016 0.232262493379496 0.22618093103923334 0.0013595816295667699 0.0022519296002831727 2.5567880411134625 0.0095625814793623299 -0.0011406835485185463 0.051247478408834472
decision_type=2 2 2 2 2 2 2 2 2 2 2 2 2 2 2 2 2 2 2 2 2 2 2 2 2 2 2 2 2 2
left_child=-1 2 3 11 -4 6 -5 -7 9 10 17 12 -2 16 15 -15 -3 -9 -18 21 22 -20 26 25 28 -22 27 29 -25 -21
right_child=1 13 4 5 -6 7 -8 8 -10 -11 -12 -13 -14 14 -16 -17 18 -19 19 20 23 -23 -24 24 -26 -27 -28 -29 -30 -31
leaf_value=-0.050652991549533448 0.021726783538116672 0.039801205223645345 -0.053938264479972908 -0.01230100677421698 0.031246014872735491 -0.053211169237178661 0.096480653505777683 -0.053103451738159863 -0.019652949923570837 0.091782881985103995 0.06667792283256789 -0.053255386904571003 -0.025522633146120327 -0.04107223825581624 -0.032506272871232596 0.039786123158009973 0.0043749093780096129 0.022475483407197173 -0.025877344935585862 0.0071026860714383166 0.057655062923721426 0.026364853189275061 -0.04163017497195947 0.056720590416841021 0.1089141065698644 -0.013829173087376648 -0.043791605610788951 0.057581152950647044 -0.011805690255095175 -0.0072079966393297727
leaf_weight=17.240785676054657 5.8167366841808024 7.6463763052597633 11.462229344062505 3.5621284805238238 2.8864527456462374 4.2791209788993028 4.2523140711709857 3.4679269678890723 8.6263836584985238 3.3800219986587754 2.8864851519465446 7.3536928817629805 14.506144530139862 3.7554652690887469 17.410560689866543 6.7202768139541149 508.96364799886942 2.5972436582669616 47.163697230629623 97.459551668725908 3.948446590453389 9.8260643891990167 10.21388083975762 5.0889090523123732 5.0451516546308985 10.564807146787642 6.9914084561169139 6.6978747844696036 5.4669774584472171 129.23677609022707
leaf_count=1435 94 87 204 79 56 98 75 90 168 53 64 195 338 59 221 83 6068 55 579 1082 58 84 127 44 51 135 74 51 67 1563
internal_value=-0.000311761 0.000594897 -0.0108877 -0.00476474 -0.0368022 0.0104723 0.0468937 -0.000805261 0.00989474 0.0305642 0.00744893 -0.0229609 -0.0119991 0.00157209 -0.0162382 0.0107991 0.00215345 -0.0207388 0.00181345 -0.00204701 0.000962279 -0.0168698 -0.00233445 0.0283964 0.049586 0.00561868 -0.000664796 0.000627084 0.0212303 -0.00105566
internal_weight=974.518 957.277 75.0769 60.7282 14.3487 33.0516 7.81444 25.2372 20.9581 12.3317 8.95166 27.6766 20.3229 882.2 27.8863 10.4757 854.314 6.06517 846.667 337.704 280.714 56.9898 250.599 30.1143 15.601 14.5133 240.386 233.394 10.5559 226.696
internal_count=13437 12002 1569 1309 260 682 154 528 430 262 209 627 432 10433 363 142 10070 145 9983 3915 3252 663 2897 355 162 193 2770 2696 111 2645
is_linear=0
shrinkage=0.05


Tree=44
num_leaves=31
num_cat=0
split_feature=18 12 15 13 19 0 5 19 20 3 18 21 21 4 21 32 21 18 37 37 18 14 1 1 20 7 12 16 3 21
split_gain=19.272 4.01794 3.36049 5.69239 8.59948 11.0868 11.3417 9.84489 4.87272 6.07771 4.79411 6.30806 5.77792 5.01896 4.5755 4.31202 5.36211 6.54229 8.43134 7.45638 6.48463 6.43067 11.3618 6.14442 6.62766 7.68409 5.19922 8.6196 8.19427 12.2615
threshold=0.0014994821202804513 0.30283463797616922 0.027287791597728397 0.73129415065252201 -0.0018453488212986692 -0.0019378526226678779 0.0022275585913722087 -0.0011406835485185463 -0.0025439984232202982 0.0048550452038038311 0.0036058720895415708 0.0019515008122603979 -0.0011879934038892509 165.56428571428532 -0.0011116210766945766 1.5000000000000002 0.0043257238782310513 0.0042663697870632018 0.33897108752551119 0.18939182759928636 0.0040367050068968249 0.71444242659066259 -0.0028511095375986866 0.0089393925940258901 -0.0021112977812938034 5.5000000000000009 1.1657146869347201 0.40917097590993862 0.0073708031247198139 0.0025008510514360426
decision_type=2 2 2 2 2 2 2 2 2 2 2 2 2 2 2 2 2 2 2 2 2 2 2 2 2 2 2 2 2 2
left_child=-1 -2 3 4 8 6 -6 -7 9 14 11 12 -9 -14 -3 26 17 20 19 -19 21 -17 -23 24 -20 -26 -4 28 -28 -30
right_child=1 2 15 -5 5 7 -8 10 -10 -11 -12 -13 13 -15 -16 16 -18 18 23 -21 -22 22 -24 -25 25 -27 27 -29 29 -31
leaf_value=-0.050563970541896687 -0.038077346846417212 -0.01029895900946767 -0.01048381342530855 0.040848014933394627 0.00033279493624071953 0.056628284474055851 0.088849423909435107 0.046560018467614296 -0.057112725508150122 -0.029842421205688714 -0.031056712230258795 0.063454111138799313 0.016174364108413899 -0.02759353031671076 0.043709206000427825 0.0049057332333994653 -0.020865089402007715 0.0027046008766077041 0.015372407668605929 0.057449719559971579 -0.025974165536042856 0.038979606188776335 -0.02356020184035397 0.062357885559758366 -0.016747525769096685 0.045450134922381591 0.01919521022720537 -0.020325872597071946 -0.032817356330890883 0.037734032315816596
leaf_weight=18.708233006298542 6.64112630393356 8.4519958160817605 176.44601390697062 12.39039373397827 6.0541575923562041 7.9419595133513203 8.9962516836822015 5.1896548364311377 5.7231023255735627 14.812825009226797 11.861226689070461 4.1627715006470671 10.582344986498365 17.189722415059805 7.3161069080233601 279.19565602205694 23.287111539393663 9.679401386529209 60.800144214183092 17.402091972529888 22.381831146776676 8.6072873752564174 46.475715950131416 4.7739718332886687 42.446724914014339 5.6236381195485583 69.89803334698081 31.055178944021463 21.017293091863397 8.7109041810035688
leaf_count=1700 140 86 2540 83 71 92 95 61 61 122 151 49 202 211 73 3536 322 86 594 154 257 74 645 35 581 52 784 330 179 71
internal_value=-0.00030604 0.000678383 0.000949748 0.00874477 0.00507129 0.0150783 0.0532428 0.00498847 -0.0147691 -0.00684466 -0.0033838 0.00545766 -0.00186677 -0.0109161 0.0147598 -0.00018657 0.00258499 0.0036829 0.012812 0.0378829 8.08653e-05 0.0018254 -0.0137877 0.00683761 0.00440305 -0.00947117 -0.0048852 0.00267406 0.00984352 -0.0121445
internal_weight=973.823 955.115 948.474 120.673 108.282 71.9781 15.0504 56.9277 36.304 30.5809 48.9857 37.1245 32.9617 27.7721 15.7681 827.801 520.674 497.386 140.726 27.0815 356.66 334.279 55.083 113.644 108.871 48.0704 307.127 130.681 99.6262 29.7282
internal_count=13437 11737 11597 1357 1274 932 166 766 342 281 674 523 474 413 159 10240 6336 6014 1502 240 4512 4255 719 1262 1227 633 3904 1364 1034 250
is_linear=0
shrinkage=0.05


Tree=45
num_leaves=31
num_cat=0
split_feature=18 12 5 5 6 2 18 30 17 21 17 18 18 6 7 37 15 13 23 18 15 4 0 7 5 6 7 37 13 11
split_gain=18.3079 3.74992 3.35697 10.4814 9.93185 10.6955 5.69416 5.52462 4.9512 4.74315 4.87621 4.33772 4.09088 3.95531 8.43794 8.08193 7.61208 6.95894 15.8012 6.96859 6.6403 7.35932 6.28971 6.78946 6.20435 6.03464 10.7291 10.4054 8.37086 6.16672
threshold=0.0014994821202804513 0.30283463797616922 0.0013158666225935101 0.0013551064821425123 11.500000000000002 -0.0021890044199331864 0.001858878012479545 1.0000000180025095e-35 0.83563345350592722 0.0018243402543351571 1.553574263589532 0.002019982540943066 0.0018074284538423368 3.5000000000000004 4.5000000000000009 0.11599550484574898 0.0037845810184279197 0.065769365542615296 -8.8353360755188796e-05 0.004636268966261365 0.46341790633674462 186.74642857142945 -0.0014301230854489289 1.0000000180025095e-35 0.0084405154524486471 17.500000000000004 5.5000000000000009 0.18939182759928636 0.026745667791429065 1.5230397964134144
decision_type=2 2 2 2 2 2 2 2 2 2 2 2 2 2 2 2 2 2 2 2 2 2 2 2 2 2 2 2 2 2
left_child=-1 -2 7 4 5 -4 -5 9 -7 10 -3 12 -12 14 15 20 -17 18 -18 -19 21 -8 -21 -24 25 -15 27 28 -27 -29
right_child=1 2 3 6 -6 8 13 -9 -10 -11 11 -13 -14 24 -16 16 17 19 -20 22 -22 -23 23 -25 -26 26 -28 29 -30 -31
leaf_value=-0.050536164635974372 -0.037446977862964345 -0.010951138047977482 0.074776546236395153 -0.044767134060155561 0.086101071539024909 0.021254159685414463 -0.014215568965642323 -0.043775775999647715 -0.054305461973037185 0.064083912740778279 0.043746632964333676 0.061955165376752011 -0.040488972772252219 0.0053767072353463662 -0.03493772011231288 0.042472588067877209 -0.038777902223030652 -0.0306327114635652 0.072450214143511049 -0.031381425097056312 -0.029562660114810013 0.049894661549162111 -0.01649888256891701 0.051762669846486004 0.061850940474429843 0.047830088822492407 0.01963938988064691 -0.021346293284753716 -0.0038566360703296714 0.030230858600839589
leaf_weight=17.805366893298924 6.4209003187715998 68.591987702995539 4.5016749240458021 6.7398698627948752 6.9072891324758521 3.9642056673765182 6.0287381932139459 9.7586960457265359 4.7850410509854555 2.4825958982110015 2.6011374499648792 4.6123228780925274 3.2325570173561573 503.06473633274436 21.746100723743439 6.7575842067599288 5.9409579150378704 44.912817947566509 6.903206888586281 8.4605377875268477 5.1023947633802882 17.383859202265739 6.3584975972771636 8.5286377705633623 4.4373772926628581 11.329542264342306 35.226798586547375 106.81219707988203 25.385130517184734 6.1278237253427497
leaf_count=1700 140 1381 43 190 73 67 72 185 73 29 75 48 45 5299 275 67 73 600 82 91 51 144 87 90 34 106 289 1678 295 55
internal_value=-0.000301599 0.000634889 0.000892636 0.00186309 0.0374908 0.0121517 0.00100529 -0.00822306 -0.0200701 -0.0039671 -0.00610459 0.0257194 -0.00292986 0.00137675 -0.00634878 -0.00100669 -0.00851304 -0.0127611 0.0210026 -0.0191143 0.0221224 0.0333863 0.00304327 0.0226072 0.00291792 0.00253779 -0.00518695 -0.0110307 0.012093 -0.0185479
internal_weight=972.911 955.105 948.684 857.405 20.1582 13.2509 837.247 91.2793 8.74925 81.5206 79.038 10.446 5.83369 830.507 138.123 116.377 87.8622 81.1047 12.8442 68.2605 28.515 23.4126 23.3477 14.8871 692.384 687.946 184.881 149.655 36.7147 112.94
internal_count=13437 11737 11597 9834 256 183 9578 1763 140 1578 1549 168 120 9388 1632 1357 1090 1023 155 868 267 216 268 177 7756 7722 2423 2134 401 1733
is_linear=0
shrinkage=0.05


Tree=46
num_leaves=31
num_cat=0
split_feature=18 12 2 38 19 38 1 7 6 14 37 5 5 38 4 37 39 15 21 6 38 16 38 37 5 4 21 34 38 2
split_gain=17.3928 3.49845 3.23177 6.05697 9.91815 8.3478 8.07654 11.8678 7.01359 7.92898 7.33644 8.37028 9.50279 11.1777 6.7637 8.30476 6.70011 5.70846 5.52737 5.35713 6.00456 5.11641 5.26438 9.15368 9.67751 5.90874 4.99081 4.96692 4.95953 9.15471
threshold=0.0014994821202804513 0.30283463797616922 0.0017204079385611313 0.18688700840916517 0.0017279964253524829 0.18279632462721493 0.0019813048218481101 3.5000000000000004 21.500000000000004 0.60969058720333058 0.32535866455770474 0.001459616369199138 0.0015805999435510576 0.22884888682379137 360.86071428571353 0.043388710389152492 1.0000000180025095e-35 0.38011507043593146 0.0046719836629968399 22.500000000000004 0.17916162555215212 0.066586749130255071 0.15417325228764736 0.22866920529833923 0.0023273462895819753 357.78214285714375 0.0015273358560077524 0.79384265338083704 0.30389763971955008 0.00080347872034530635
decision_type=2 2 2 2 2 2 2 2 2 2 2 2 2 2 2 2 2 2 2 2 2 2 2 2 2 2 2 2 2 2
left_child=-1 -2 18 4 5 -4 7 17 10 16 11 26 13 -13 15 -14 -10 -6 19 28 -21 -8 -23 -24 -25 -26 -5 -12 -3 -30
right_child=1 2 3 8 6 -7 21 -9 9 -11 27 12 14 -15 -16 -17 -18 -19 -20 20 -22 22 23 24 25 -27 -28 -29 29 -31
leaf_value=-0.050509742307317577 -0.036811403822019431 0.0028041044573436876 -0.028656113935991479 -0.037532627152108339 -0.0080555025640505259 0.059046439301870028 -0.015508230556636747 0.117508866085894 0.014014459419183179 -0.034298086467270554 -0.02658420786185069 -0.0036065532958410489 0.0334604364158285 0.11191223071707312 0.049287493128675121 -0.015009718482012994 0.087875122509694314 0.071018410295779405 -0.040396822360092989 0.036133792088358672 -0.028446479490187887 -0.0051138740369797951 -0.024462879350070688 0.11417304353810298 -0.01066013801264256 0.062898347685845957 0.03398495563879133 0.0012068613119655229 0.010196076559882949 0.067650871512028185
leaf_weight=16.945625211112201 6.2105488656088701 560.52582697849721 23.390639953315262 18.637870190665129 6.4086534176021797 3.0692617185413829 15.506320470944045 4.5599783807992926 8.2034161686897296 4.6558184530585995 76.084919314831495 3.9638325888663513 11.119499109685419 4.4392513521015644 6.4009236842393866 43.057002017274499 4.9070202112197867 3.5448989421129227 7.3225848898291579 4.2646412551403072 23.071731949225068 13.491291429847477 4.9082207754254368 4.6596958488225928 5.1751100383698923 5.7782660275697708 2.8067756630480281 20.384955046698451 50.140738796442747 8.0456832069903594
leaf_count=1700 140 6621 380 366 95 46 173 50 101 63 1168 62 89 51 59 520 37 46 121 53 286 154 67 47 53 66 42 213 490 78
internal_value=-0.000297951 0.000593259 0.00083817 -0.00350415 0.00726758 -0.0184829 0.0179084 0.050709 -0.00826695 0.0217539 -0.0111207 -0.000888625 0.00759325 0.0574207 0.000681364 -0.00506142 0.0416593 0.0201062 0.00279977 0.00328938 -0.0183716 0.00829481 0.0191466 0.0350962 0.0538195 0.0281444 -0.0281721 -0.0207117 0.00424642 0.0181406
internal_weight=971.681 954.735 948.525 295.154 90.4923 26.4599 64.0324 14.5135 204.661 17.7663 186.895 90.4252 68.9805 8.40308 60.5774 54.1765 13.1104 9.95355 653.371 646.049 27.3364 49.5189 34.0126 20.5213 15.6131 10.9534 21.4446 96.4699 618.712 58.1864
internal_count=13437 11737 11597 3948 1177 426 751 191 2771 201 2570 1189 781 113 668 609 138 141 7649 7528 339 560 387 233 166 119 408 1381 7189 568
is_linear=0
shrinkage=0.05


Tree=47
num_leaves=31
num_cat=0
split_feature=18 11 32 15 28 21 27 27 31 35 21 35 15 0 31 16 37 35 19 0 5 7 7 16 37 38 1 3 1 5
split_gain=16.5245 3.34117 4.75396 7.67743 3.18968 4.25939 3.99617 3.24094 3.49433 8.82676 5.39844 9.95723 5.56407 6.27205 5.37228 6.11226 5.60778 5.18925 4.85811 11.2519 7.04985 5.75955 5.38515 4.37051 3.77019 3.56478 7.53215 7.21456 7.11081 7.06277
threshold=0.0014994821202804513 -1.4065668629788355 3.5000000000000004 0.31104059266301709 -0.17109857624631483 -0.00015219541349967842 0.42250934628173725 0.75322942657999847 0.032650316632162092 0.1637322981534951 -0.00019663351021068418 0.25139634789556614 0.01773425158858917 0.0012100803803867038 1.0720631529243569 0.17989454005591829 0.28055527746203779 0.90010254798803302 -0.00024700809173197076 0.00010337563957605816 0.0030558022780271137 1.0000000180025095e-35 2.5000000000000004 0.36793578933920285 0.15225111954999593 0.22661926533130181 0.0071008841763935595 0.0010628634154229487 4.8196726601957018e-05 0.0044856406922645234
decision_type=2 2 2 2 2 2 2 2 2 2 2 2 2 2 2 2 2 2 2 2 2 2 2 2 2 2 2 2 2 2
left_child=-1 2 -2 -4 5 -3 -7 8 25 18 12 -12 -11 23 15 17 -17 -13 19 21 22 -10 -21 24 -14 -6 27 28 -27 -29
right_child=1 4 3 -5 7 6 -8 -9 9 10 11 14 13 -15 -16 16 -18 -19 -20 20 -22 -23 -24 -25 -26 26 -28 29 -30 -31
leaf_value=-0.050484636982930188 -0.043211838450253226 -0.05505105232249019 0.042186842569301088 -0.053543631432248898 -0.0007752158099107962 0.038022474676225264 -0.038219362001011808 0.035386441401788926 0.020742237206370685 0.035738748909519849 0.082568312412842737 -0.026399290927105547 0.026560253520901179 0.02642750636895419 -0.029795217905290924 -0.0030810623583185756 0.057642321265371277 0.037603620939330784 -0.029552787569070971 0.0051236852965080813 -0.024520440794125981 -0.031349556578245875 0.073201397068333798 -0.048091123308645747 -0.02354572844031012 0.096300564065025046 0.047862072731342714 0.0020318374921647168 -0.004192593312789328 0.032415667084060143
leaf_weight=16.126991173252463 10.308098262175919 5.8900061715394258 5.6299426034092885 3.3350372407585382 379.75002513639629 3.7212039027363044 3.1937737464904785 6.9300678204745045 6.4611107911914578 6.6828628443181506 5.3223737571388474 9.7766050789505261 5.3162848148495021 7.7009232603013507 7.0641851089894763 5.5840027071535614 11.914367306977509 4.6844303179532281 38.561145114712417 4.6998501829803008 4.7483226843178263 29.68773514777422 7.6059566214680672 11.647677727043627 12.77742065489292 4.213488293811678 10.52315194532275 317.48923859000206 3.0234043933451176 20.35233598574996
leaf_count=1700 231 84 96 66 4930 51 54 69 77 51 54 109 55 75 74 67 113 48 693 51 58 363 81 124 123 53 92 3582 62 151
internal_value=-0.000294391 0.000553526 -0.0200535 0.00657441 0.000978151 -0.0238052 0.00280918 0.00132216 0.00106432 -0.00517489 0.00609414 0.0184144 -0.00628776 -0.0137888 0.00966452 0.0183866 0.0382645 -0.00566653 -0.0160395 -0.0062452 0.0272319 -0.0220389 0.0472011 -0.024202 -0.00882361 0.00259356 0.0061911 0.00492035 0.0543169 0.00386223
internal_weight=970.722 954.595 19.2731 8.96498 935.322 12.805 6.91498 922.517 915.587 180.235 88.4711 44.346 44.1252 37.4423 39.0236 31.9594 17.4984 14.461 91.7641 53.203 17.0541 36.1488 12.3058 29.7414 18.0937 735.352 355.602 345.078 7.23689 337.842
internal_count=13437 11737 393 162 11344 189 105 11155 11086 2216 893 465 428 377 411 337 180 157 1323 630 190 440 132 302 178 8870 3940 3848 115 3733
is_linear=0
shrinkage=0.05


Tree=48
num_leaves=31
num_cat=0
split_feature=18 12 32 16 13 38 10 17 17 3 5 21 11 27 14 13 18 37 13 13 20 38 21 4 18 6 6 18 2 38
split_gain=15.7017 3.25694 3.04284 7.17115 6.7207 6.24911 11.1229 12.502 8.32279 4.84702 6.8549 4.77046 4.19279 4.17051 9.0572 6.66761 4.58086 5.06644 7.66695 6.77939 12.8952 8.59965 5.54814 7.9707 11.728 5.79614 5.48702 7.66723 12.5905 6.41422
threshold=0.0014994821202804513 0.30283463797616922 4.5000000000000009 1.0000000180025095e-35 0.66877428783425574 0.16786590730052647 1.0000000180025095e-35 0.83148992746421924 0.39329720538235335 0.0011624450031137731 0.0012968854862344507 -0.0093716597936842616 -1.4065668629788355 0.13031871276559989 0.5364768811596321 0.38103025546325803 0.0018729177152025194 0.093104642792145323 0.020902257325304426 0.071298738270734879 0.00090888345174537514 0.24807395826547912 -0.0023480253302732268 285.06178571428558 0.0047799010358294198 16.500000000000004 15.500000000000002 0.0036610804814019939 -0.0020328651450618232 0.2368971604897594
decision_type=2 2 2 2 2 2 2 2 2 2 2 2 2 2 2 2 2 2 2 2 2 2 2 2 2 2 2 2 2 2
left_child=-1 -2 11 -4 5 6 -5 -8 -7 10 -10 -3 -13 15 -15 16 -11 19 -19 20 21 -18 23 -20 -25 -26 27 29 -29 -24
right_child=1 2 3 4 -6 8 7 -9 9 13 -12 12 -14 14 -16 -17 17 18 22 -21 -22 -23 26 24 25 -27 -28 28 -30 -31
leaf_value=-0.05046077868136855 -0.036181134653388791 0.035279839156840923 -0.029088103756518324 -0.042709049549286372 0.04117120605926422 0.071242069468951244 -0.029381491020897411 0.079051589168302072 -0.0024465036613865163 -0.036553080177700023 0.090852403920890779 -0.031529198889339465 -0.0011180784465755951 0.003043172609189594 0.080587027896756716 -0.025277838248733871 -0.02315201189000668 -0.05567305657888863 0.083976630533997121 0.0013960333718788173 0.10156971778527313 0.048539585850813652 -0.022829192266213105 -0.055199033402920809 0.073643827662176392 0.0043617263623771533 -0.01350260691386365 0.077438736730774504 0.0043914745193396687 0.014837002154487867
leaf_weight=15.347538295201955 6.0076293647289267 8.8584181070327741 14.711962038651107 16.94901280105114 13.478919520974157 5.0253064539283505 5.5568186510354298 5.0960839930921793 3.889437571167945 6.1904255114495745 3.9867185279726982 11.541136646643279 631.1134688463062 11.37927927169949 5.6281012743711463 19.014035085216165 7.3077559284865918 5.4396077804267398 4.9224780276417759 21.220309361815453 6.3003086857497683 9.7824502028524858 21.790456674993038 4.720893599092963 5.8234156891703588 6.2682232260704041 43.554850373417139 9.2787033990025538 16.194878101348877 23.483423423022032
leaf_count=1700 140 74 202 258 96 59 78 53 84 169 48 253 7812 114 47 175 77 68 50 194 55 68 293 59 49 65 591 74 179 253
internal_value=-0.000288989 0.000517718 0.00075016 0.00494463 0.00671835 0.00499074 -0.0175455 0.0224902 0.00756968 0.00621487 0.0447791 -0.0011619 -0.00166422 0.00488444 0.0287041 0.00296714 0.00576024 0.00716784 0.00253508 0.02186 0.0404252 0.0178843 0.0048626 0.0280185 0.0116348 0.0377285 0.000459409 0.00905496 0.0309988 -0.00329185
internal_weight=969.862 954.515 948.507 296.994 282.282 268.803 27.6019 10.6529 241.201 236.176 7.87616 651.513 642.655 228.3 17.0074 211.292 192.278 186.088 141.477 44.6108 23.3905 17.0902 136.037 21.735 16.8125 12.0916 114.302 70.7475 25.4736 45.2739
internal_count=13437 11737 11597 3458 3256 3160 389 131 2771 2712 132 8139 8065 2580 161 2419 2244 2075 1681 394 200 145 1613 223 173 114 1390 799 253 546
is_linear=0
shrinkage=0.05


Tree=49
num_leaves=31
num_cat=0
split_feature=18 3 3 11 0 16 14 21 20 13 11 38 21 5 38 38 18 5 11 17 3 0 3 32 1 13 18 11 38 4
split_gain=14.9199 3.14439 4.68417 6.73657 6.37229 8.57393 4.63472 4.10764 4.15828 8.6392 4.67221 3.82998 3.17338 6.19373 3.99757 3.17899 3.09963 5.5301 7.87413 4.2117 7.64145 4.13898 3.83179 6.98783 6.67691 4.42172 3.75565 6.87164 7.67166 6.80832
threshold=0.0014994821202804513 0.0014370551047404433 0.0013545454468220639 -0.15331009428318659 -0.000518120399110586 0.1759324881224206 0.036455458095616282 0.0017417339901867274 -0.00079314926422396014 0.084801707680283098 -1.0815425623511465 0.2210885729894301 0.0050912470601377604 0.0052335790113164785 0.11754251231319522 0.15915024393527008 0.0019144968404336028 0.0010064481350111857 0.45134370527771256 0.97193442622949255 0.0015643930124410214 0.0017315352263209971 0.0015643930124410214 5.5000000000000009 0.00045514193790847403 0.088916838519340027 0.0021612684877606726 -0.61487827569797127 0.22354380066861204 164.71071428571463
decision_type=2 2 2 2 2 2 2 2 2 2 2 2 2 2 2 2 2 2 2 2 2 2 2 2 2 2 2 2 2 2
left_child=-1 2 4 -4 5 11 -6 8 9 10 -8 -2 14 15 -3 -14 17 18 -16 20 -19 -21 23 24 -18 -26 27 -24 29 -29
right_child=1 12 3 -5 6 -7 7 -9 -10 -11 -12 -13 13 -15 16 -17 22 19 -20 21 -22 -23 26 -25 25 -27 -28 28 -30 -31
leaf_value=-0.050438104607281022 -0.053240985160214617 0.037542480919655404 -0.053700960902377873 0.033220574991190042 0.051248617161350721 0.077300682360235684 0.019247096347269232 0.039236037718460896 -0.032012430418199164 0.055452334353769929 -0.047982363844385159 0.028340860933898166 -0.054698272826702338 0.023838013643626452 -0.02292033865387702 -0.013854544203600314 0.069193193049454635 -0.052391677605443721 0.09032968570657017 -0.046577454432996997 0.058909400257953361 0.019949239910487686 -0.026180789465462973 -0.026717648757344198 -0.031412996933037431 0.050128912757819624 0.00064369404349088385 0.022138214464059607 0.0023153574033996432 0.081073475636972203
leaf_weight=14.605427579022942 2.7878743633627874 7.7693596854805937 10.876484106294809 2.8036685120314351 2.7871631924062958 5.2265972439199686 4.0319153191521773 3.2166345939040175 25.440275857225068 4.9483587387949219 7.1978249158710179 2.9725716207176447 7.847493648529059 7.3288667276501647 3.3999949740245965 12.124820746481417 8.6989205498248356 2.7187045291066196 2.7978987712413073 15.689071487635376 3.5633167419582605 2.7474018875509492 8.605897091329096 5.2196649499237529 3.9291117526590815 2.8819941133260727 743.55284894257784 12.856706235557796 22.173606567084789 7.9185712635517111
leaf_count=1700 61 81 203 47 47 85 76 56 565 82 122 48 111 85 105 167 103 71 76 383 70 63 121 70 63 48 8205 159 273 91
internal_value=-0.000285173 0.00048256 -0.00954261 -0.0358869 -0.00339351 0.0309306 -0.0113125 -0.0152016 -0.019409 0.00040994 -0.0238444 -0.0111422 0.00130439 -0.0154763 0.00184052 -0.0299028 0.00151294 -0.0140271 0.0282038 -0.0246161 0.010741 -0.0366637 0.00210184 0.0233238 0.0401645 0.00308996 0.00154855 0.0145989 0.0227701 0.0446016
internal_weight=968.719 954.114 72.2894 13.6802 58.6092 10.987 47.6222 44.835 41.6184 16.1781 11.2297 5.76045 881.824 27.3012 854.523 19.9723 846.754 30.9164 6.19789 24.7185 6.28202 18.4365 815.837 20.7297 15.51 6.81111 795.108 51.5548 42.9489 20.7753
internal_count=13437 11737 1392 250 1142 194 948 901 845 280 198 109 10345 363 9982 278 9901 768 181 587 141 446 9133 284 214 111 8849 644 523 250
is_linear=0
shrinkage=0.05


Tree=50
num_leaves=31
num_cat=0
split_feature=18 12 28 21 27 2 38 19 10 12 21 13 18 17 6 37 19 15 4 21 38 21 2 6 38 21 38 0 1 0
split_gain=14.1783 3.02258 2.95598 4.04919 3.43702 3.12242 6.69577 8.85175 7.80062 7.12437 7.48465 9.9485 12.4625 6.52159 6.33472 7.0981 5.77118 5.7566 5.95338 5.05303 4.8629 4.85945 6.30953 4.73028 5.54208 4.72107 8.4199 7.1979 7.05029 6.59219
threshold=0.0014994821202804513 0.30283463797616922 -0.17109857624631483 -0.00015219541349967842 0.42250934628173725 0.0017204079385611313 0.18688700840916517 0.0017279964253524829 1.0000000180025095e-35 2.9511914183713381 0.0050912470601377604 0.25066349625000467 0.0041097981923167914 0.70582154040414746 21.500000000000004 0.063675553933916745 0.0023041675159958109 0.19643061239180845 294.04642857142824 0.0046719836629968399 0.16364048343826473 0.00058306547002402568 0.0040692357153268976 22.500000000000004 0.17916162555215212 0.0001474871643067893 0.22661926533130181 -0.0010893505338181013 -2.3706902576372179e-05 0.0021166584865018774
decision_type=2 2 2 2 2 2 2 2 2 2 2 2 2 2 2 2 2 2 2 2 2 2 2 2 2 2 2 2 2 2
left_child=-1 -2 3 -3 -5 19 7 8 -7 10 11 16 20 -10 15 21 -9 -16 -19 23 -13 22 -8 -4 -25 -17 -27 -28 -29 -30
right_child=1 2 5 4 -6 6 14 9 13 -11 -12 12 -14 -15 17 25 -18 18 -20 -21 -22 -23 -24 24 -26 26 27 28 29 -31
leaf_value=-0.050416554784595072 -0.035514927476507217 -0.054815778132988636 0.0042760933864783154 0.033214247101217918 -0.037447307030539098 -0.038209229002566861 0.0074876537982539945 0.049849827350352122 0.066348068254297052 -0.02997220734331198 -0.0073565176313292223 0.053849658752404599 0.10700821364523015 -0.017544376707004872 -0.020745997057291032 -0.026464264449518823 -0.010253185360405429 0.0089850319229090644 0.081216483788288218 -0.039474789758870976 -0.0031792566271164192 -0.015419567467050239 0.075762696643222785 0.034610684007772889 -0.027329609058945121 -0.024306990857852234 -0.034762600960894341 0.059191934566862475 -0.013045022207195634 0.028403222802058425
leaf_weight=13.89890102855861 5.8064393503591409 5.6517560686916113 613.91903656534851 3.9096108153462392 3.0739791411906481 15.95472417306155 9.3850794006139058 5.6874407809227732 4.1208580881357193 6.8978000432252875 14.364724360406397 8.9271654505282658 7.9760785475373259 5.2909310087561607 5.6689993031322983 56.977404331788421 13.414344729855655 6.4871334303170425 5.0917050316929817 6.9524050671607247 6.4308092370629302 8.4906189553439599 5.291900059208273 4.3110485449433353 22.249572265893221 46.113604010082781 9.6300557851791364 6.9454816970974198 22.607592381536961 16.664156552404165
leaf_count=1700 140 84 7090 52 54 280 115 84 63 63 176 88 60 73 77 804 193 77 38 121 69 112 46 52 281 711 127 90 340 177
internal_value=-0.000280257 0.000449959 0.000670128 -0.0233522 0.00211103 0.000994465 -0.00333264 0.00806507 -0.0169134 0.0180122 0.0238394 0.0343993 0.0563034 0.0191871 -0.00842478 -0.0111678 0.00764212 0.0205364 0.0407483 0.00292211 0.0299701 0.0146877 0.0321048 0.00338233 -0.0172761 -0.0149366 -0.00849476 0.00456155 0.0127553 0.00454269
internal_weight=968.191 954.292 948.486 12.6353 6.98359 935.851 288.419 89.0649 25.3665 63.6984 56.8006 42.4358 23.3341 9.41179 199.354 182.106 19.1018 17.2478 11.5788 647.432 15.358 23.1676 14.677 640.48 26.5606 158.938 101.961 55.8473 46.2172 39.2717
internal_count=13437 11737 11597 190 106 11407 3863 1149 416 733 670 494 217 136 2714 2522 277 192 115 7544 157 273 161 7423 333 2249 1445 734 607 517
is_linear=0
shrinkage=0.05


Tree=51
num_leaves=31
num_cat=0
split_feature=18 3 3 12 0 38 3 18 15 1 7 25 11 16 16 37 5 3 2 5 38 38 37 38 3 1 3 7 38 1
split_gain=13.4742 2.83156 4.43499 6.57921 5.64575 7.58981 4.64627 7.66871 5.18347 4.34046 2.99353 5.94747 7.80333 8.88411 8.05967 8.03759 5.6506 14.373 5.62456 6.44759 10.3047 4.65953 9.41491 4.65957 5.36535 9.25458 8.34035 6.36944 5.01113 10.4768
threshold=0.0014994821202804513 0.0014370551047404433 0.0013545454468220639 0.90074866778043228 -0.000518120399110586 0.2210885729894301 0.0011624450031137731 0.0023521895906269481 0.67201589833167985 2.7685167289180874e-05 1.0000000180025095e-35 1.0000000180025095e-35 0.84231337973425602 0.60429731081445415 0.39262281301923446 0.43447353600597644 0.0021488990061823885 0.0072173233067380745 -0.0026370089276534507 0.0027055133839116517 0.22661926533130181 0.12860251995539587 0.39669345177127441 0.15275510087182712 0.0035825639055740367 -0.00080489480022447816 0.0027425567243382471 2.5000000000000004 0.16364048343826473 0.0042222650161717014
decision_type=2 2 2 2 2 2 2 2 2 2 2 2 2 2 2 2 2 2 2 2 2 2 2 2 2 2 2 2 2 2
left_child=-1 2 4 -4 5 9 7 8 -6 -2 11 12 13 18 16 -15 -14 -18 19 -3 -21 22 -12 24 25 -23 27 -27 29 -25
right_child=1 10 3 -5 6 -7 -8 -9 -10 -11 21 -13 14 15 -16 -17 17 -19 -20 20 -22 23 -24 28 -26 26 -28 -29 -30 -31
leaf_value=-0.050396075317804045 -0.053127381492249472 -0.024833299305062034 -0.053557679716054275 0.0324831795778164 -0.022463257579725546 0.070898713213910891 -0.028998673266038905 0.046743895560297441 0.059242029132265041 0.033515316779358699 0.073609342625702776 -0.056824718577235138 -0.0038068259798389259 0.089980955581115754 -0.037607021375169213 -0.012830847795399745 0.09909291926407017 0.0041454707804766096 -0.022183232351571672 -0.0074591937134203135 0.072791018174953981 -0.04574740288144586 -0.0087728841337718407 0.0091833367850820344 -0.029988942792949853 0.047384500270620161 0.088955682179104073 -0.042243569407906155 0.0019077782439416804 0.084028077209277505
leaf_weight=13.226280767004935 2.9925532098859531 11.165709972381594 10.438749706372617 2.8225513808429232 17.526415631175048 5.4604745022952557 20.117352017201483 7.2449158392846575 2.1829264704138032 2.7960397396236658 6.7255894839763624 5.4474994949996463 7.5407146178186002 4.0619666874408713 5.0723564215004435 3.5732724964618683 7.5085763074457672 8.4956904463469964 65.941822683438659 10.132894415408375 6.6094565019011489 5.7693513408303287 7.1603475548326969 27.894683143123984 23.663618683815002 3.8537641093134862 4.1216322667896748 4.0816865246742964 658.01274407003075 5.617241069674491
leaf_count=1700 66 132 203 47 409 82 405 92 42 46 65 58 94 49 56 52 65 69 1003 126 52 92 83 324 257 58 52 63 7540 55
internal_value=-0.000275856 0.000418988 -0.00914512 -0.0352446 -0.00321046 0.0286125 -0.0108154 0.00275564 -0.0134139 -0.0112767 0.0011948 -0.00564114 -0.00349804 -0.0100005 0.0195617 0.0418653 0.0318777 0.0486911 -0.0142201 0.00459525 0.0242216 0.00243541 0.0311286 0.00189186 -0.014383 0.00633292 0.0312535 0.00128331 0.00286832 0.0217288
internal_weight=967.259 954.033 71.582 13.2613 58.3207 11.2491 47.0716 26.9543 19.7093 5.78859 882.451 135.55 130.102 101.485 28.6173 7.63524 23.545 16.0043 93.8499 27.9081 16.7424 746.901 13.8859 733.015 41.4901 17.8264 12.0571 7.93545 691.525 33.5119
internal_count=13437 11737 1392 250 1142 194 948 543 451 112 10345 1756 1698 1414 284 101 228 134 1313 310 178 8589 148 8441 522 265 173 121 7919 379
is_linear=0
shrinkage=0.05


Tree=52
num_leaves=31
num_cat=0
split_feature=18 12 32 16 13 11 21 11 15 1 1 32 38 21 38 38 10 7 13 13 38 15 15 16 15 16 13 13 34 20
split_gain=12.8051 2.80355 2.78467 6.47638 5.91086 6.00256 6.65268 8.46754 6.76611 5.0896 5.82909 5.06235 5.07887 5.6152 4.74914 4.50667 6.7232 6.52412 7.27521 7.75548 5.9811 9.40864 5.6965 5.61006 6.52734 4.74008 5.1452 10.558 6.2857 7.84315
threshold=0.0014994821202804513 0.30283463797616922 4.5000000000000009 1.0000000180025095e-35 0.66877428783425574 -0.94561269598272191 0.00047142903892087492 -1.1674964256515099 0.32869870588917366 -0.0005986844113353533 0.00042271560273438215 10.500000000000002 0.27359126189161181 0.0024540929030282279 0.25391036500788072 0.16978052477403799 1.0000000180025095e-35 3.5000000000000004 0.071298738270734879 0.059140619957945166 0.20819923235212034 0.31570414731826918 0.2387643657600895 0.45599430150646164 0.28658285919656934 0.67640783305823693 0.38103025546325803 0.34380582532468662 0.41074765977621797 0.003561820231394204
decision_type=2 2 2 2 2 2 2 2 2 2 2 2 2 2 2 2 2 2 2 2 2 2 2 2 2 2 2 2 2 2
left_child=-1 -2 -3 -4 5 6 7 8 14 -9 -11 12 13 -8 -5 16 -7 18 19 23 21 -19 -18 24 -17 26 27 28 29 -20
right_child=1 2 3 4 -6 15 11 9 -10 10 -12 -13 -14 -15 -16 17 22 20 25 -21 -22 -23 -24 -25 -26 -27 -28 -29 -30 -31
leaf_value=-0.050376611781483255 -0.034853299278973411 -0.0012337037399780513 -0.028204468286559748 -0.0020538592331104293 0.038177289835485351 -0.038736458986260783 -0.033038289925792289 0.020187693842888314 -0.047099851542212273 0.12080896015693131 0.047602269410107922 -0.054974605214946848 0.063047045396598972 0.044347196104401632 0.074458797086493819 -0.04627434645299653 0.047258716417426468 -0.011160957398984511 0.004036918448127042 0.081470368034986237 -0.019494502016962088 0.061342727902777554 -0.026380959917660481 0.061471476156068822 0.034820812890194293 0.050362877095118497 -0.021597796593199839 0.077095964922701765 0.040422745521566959 -0.048256453267281681
leaf_weight=12.5859660631977 5.610135566443204 651.09150914475322 14.314540602266787 4.765969034284355 13.804369028657673 15.885435117408633 6.9327121339738387 5.7476680297404572 4.2461740486323825 4.6580286398529971 6.5327997896820307 3.7513081319630137 3.4536346644163123 3.5417102202773094 3.5304136406630278 4.850878821685912 5.6055577080696821 13.163940850645306 63.107092285528779 6.6997138615697613 44.269790692254901 6.7786259697750202 4.9410254023969173 4.7086875662207595 5.079764885827899 5.4744702260941258 18.109214941039681 5.1559507995843878 10.003361489623783 8.0894230566918832
leaf_count=1700 140 8139 202 79 96 246 113 61 58 49 77 55 31 58 35 60 60 166 687 71 518 87 58 42 53 59 160 53 102 122
internal_value=-0.000272687 0.000388393 0.000596884 0.00460722 0.00626754 0.00463052 0.0208302 0.0353728 0.00423259 0.0584314 0.0780735 -0.0034201 0.0104653 -0.00687198 0.0305051 0.00118795 -0.0181894 0.00380794 0.0101962 0.036913 -0.00925243 0.0134836 0.0127589 0.0165213 -0.00479221 0.00501047 0.00263379 0.00771526 0.00330979 -0.00190471
internal_weight=966.49 953.904 948.294 297.202 282.888 269.083 47.1604 29.4811 12.5426 16.9385 11.1908 17.6794 13.9281 10.4744 8.29638 221.923 26.432 195.491 131.279 21.339 64.2124 19.9426 10.5466 14.6393 9.93064 109.94 104.465 86.3558 81.1999 71.1965
internal_count=13437 11737 11597 3458 3256 3160 616 359 172 187 126 257 202 171 114 2544 364 2180 1409 226 771 253 118 155 113 1183 1124 964 911 809
is_linear=0
shrinkage=0.05


Tree=53
num_leaves=31
num_cat=0
split_feature=18 11 32 15 1 1 16 38 10 1 1 2 19 7 38 32 12 11 38 32 2 35 16 17 17 1 37 31 6 38
split_gain=12.1705 2.72538 4.40161 6.79863 2.94076 8.81807 7.99575 6.29436 6.67278 7.60852 8.02617 5.89182 6.47235 5.84187 8.91502 5.82995 5.54225 12.3033 5.37237 5.35223 8.17233 7.16683 5.32985 5.30436 7.89337 6.28492 5.42676 4.89928 4.77111 4.60511
threshold=0.0014994821202804513 -1.4065668629788355 3.5000000000000004 0.31104059266301709 0.00045514193790847403 0.00027573547077175718 0.44341409622277733 0.18551990814257677 1.0000000180025095e-35 0.0017113045813469537 0.0009349146275852235 0.0094228566826638129 0.0075924713792521184 3.5000000000000004 0.23401634864116952 6.5000000000000009 0.43607761720662391 -1.104770900402767 0.23583055105729289 5.5000000000000009 -0.00063183756640434877 1.0250636057255984 0.08583252170667359 0.711585928489054 0.63778515113474132 0.0006467551206560374 0.12704437908922431 0.15949974500414141 12.500000000000002 0.15275510087182712
decision_type=2 2 2 2 2 2 2 2 2 2 2 2 2 2 2 2 2 2 2 2 2 2 2 2 2 2 2 2 2 2
left_child=-1 2 -2 -4 5 29 13 8 11 10 -10 -6 -13 14 -7 27 17 -9 19 21 -21 -18 -22 24 26 -25 -20 -11 -24 -3
right_child=1 4 3 -5 7 6 -8 16 9 15 -12 12 -14 -15 -16 -17 18 -19 23 20 22 -23 28 25 -26 -27 -28 -29 -30 -31
leaf_value=-0.050358109625130543 -0.04224263522610619 -0.015222325836037835 0.038475981138543093 -0.053327064372809867 -0.011739475428588502 0.030939607180318053 -0.024637548158728165 -0.025706278618958391 0.0055145979421848835 -0.012219587076273554 0.096361862751710423 0.061019037453283131 -0.0051171159905719034 0.01285332655231371 0.12365798584077087 0.060649625535164481 -0.025828141421393343 0.085996472929310785 0.039546723476985596 0.071140693966966581 -0.046845839920375075 0.02960037789052284 -0.021302135394054723 -0.048081908357731094 -0.054430773600794402 0.0066450168804944067 -0.016227517283024431 0.032227210137709329 0.041216236570090763 0.0029956747165216253
leaf_weight=11.976428926922379 9.5512661505490559 37.220245504751801 5.8132804501801711 3.0880141295492649 46.745580057613552 5.6660314407199674 4.5159319583326569 4.9551829304546118 4.0218094643205387 19.105612477287654 6.1473664715886116 6.6617556922137728 8.318904619663952 6.4525584299117318 4.7794974762946367 5.0247822776436797 83.428768960759044 4.9054520372301322 5.7466644197702434 3.9042803011834648 6.0690590888261822 6.2700603622943154 6.0021616462618095 5.5374243650585404 10.725836530327795 99.720209464430809 18.090759171172976 9.1785253696143609 6.2081711459904909 509.84819696098566
leaf_count=1700 231 495 96 66 723 68 59 84 54 231 76 63 76 82 43 54 1339 73 68 45 93 74 92 69 169 1148 281 90 88 5607
internal_value=-0.000268242 0.000360777 -0.0186681 0.00662791 0.000736218 0.00298824 0.0344636 -0.00275437 0.00757377 0.0225777 0.0604327 -0.00299457 0.024293 0.050258 0.0733642 0.0110207 -0.00690848 0.0298634 -0.00834904 -0.0165151 0.00547527 -0.0219536 -0.00855015 -0.00181467 -0.0188096 0.00376593 -0.00278161 0.00220391 0.0104844 0.0017562
internal_weight=965.68 953.703 18.4526 8.90129 935.251 568.482 21.414 366.768 105.204 43.4781 10.1692 61.7262 14.9807 16.8981 10.4455 33.3089 261.564 9.86063 251.703 111.883 22.1837 89.6988 18.2794 139.821 34.5633 105.258 23.8374 28.2841 12.2103 547.068
internal_count=13437 11737 393 162 11344 6354 252 4990 1367 505 130 862 139 193 111 375 3623 157 3466 1731 318 1413 273 1735 518 1217 349 321 180 6102
is_linear=0
shrinkage=0.05


end of trees

feature_importances:
range_compression=147
atr_percentile=138
stop_distance=124
volatility_lookback=95
trend_strength=88
hour_of_day=80
log_return_3=76
range_1=72
relative_volume=70
day_of_week=69
volume_percentile=65
atr_proxy=58
upper_wick_ratio=58
volume_zscore=56
dist_ema_slow=54
log_return_6=52
lower_wick_ratio=48
atr_normalized_range=46
fvg_age_candles=41
dist_ema_fast=34
log_return_1=33
body_ratio=30
rejection_volume_confirmation=19
sweep_rejection_ratio=9
breakout_volume_confirmation=9
session_newyork=8
sweep_volume_zscore=7
high_volatility_flag=7
fvg_size_atr=6
ema_slow_slope=4
bullish_fvg_present=4
volume_block_strength=4
session_london=3
session_asia=2
sweep_depth_atr=2
sweep_low_detected=1
bearish_fvg_present=1

parameters:
[boosting: gbdt]
[objective: binary]
[metric: binary_logloss]
[tree_learner: serial]
[device_type: cpu]
[data_sample_strategy: bagging]
[data: ]
[valid: ]
[num_iterations: 500]
[learning_rate: 0.05]
[num_leaves: 31]
[num_threads: 2]
[seed: 42]
[deterministic: 0]
[force_col_wise: 0]
[force_row_wise: 0]
[histogram_pool_size: -1]
[max_depth: -1]
[min_data_in_leaf: 50]
[min_sum_hessian_in_leaf: 0.001]
[bagging_fraction: 0.9]
[pos_bagging_fraction: 1]
[neg_bagging_fraction: 1]
[bagging_freq: 0]
[bagging_seed: 400]
[bagging_by_query: 0]
[feature_fraction: 0.9]
[feature_fraction_bynode: 1]
[feature_fraction_seed: 30056]
[extra_trees: 0]
[extra_seed: 12879]
[early_stopping_round: 0]
[early_stopping_min_delta: 0]
[first_metric_only: 0]
[max_delta_step: 0]
[lambda_l1: 0]
[lambda_l2: 0]
[linear_lambda: 0]
[min_gain_to_split: 0]
[drop_rate: 0.1]
[max_drop: 50]
[skip_drop: 0.5]
[xgboost_dart_mode: 0]
[uniform_drop: 0]
[drop_seed: 17869]
[top_rate: 0.2]
[other_rate: 0.1]
[min_data_per_group: 100]
[max_cat_threshold: 32]
[cat_l2: 10]
[cat_smooth: 10]
[max_cat_to_onehot: 4]
[top_k: 20]
[monotone_constraints: ]
[monotone_constraints_method: basic]
[monotone_penalty: 0]
[feature_contri: ]
[forcedsplits_filename: ]
[refit_decay_rate: 0.9]
[cegb_tradeoff: 1]
[cegb_penalty_split: 0]
[cegb_penalty_feature_lazy: ]
[cegb_penalty_feature_coupled: ]
[path_smooth: 0]
[interaction_constraints: ]
[verbosity: 1]
[saved_feature_importance_type: 0]
[use_quantized_grad: 0]
[num_grad_quant_bins: 4]
[quant_train_renew_leaf: 0]
[stochastic_rounding: 1]
[linear_tree: 0]
[max_bin: 255]
[max_bin_by_feature: ]
[min_data_in_bin: 3]
[bin_construct_sample_cnt: 200000]
[data_random_seed: 175]
[is_enable_sparse: 1]
[enable_bundle: 1]
[use_missing: 1]
[zero_as_missing: 0]
[feature_pre_filter: 1]
[pre_partition: 0]
[two_round: 0]
[header: 0]
[label_column: ]
[weight_column: ]
[group_column: ]
[ignore_column: ]
[categorical_feature: ]
[forcedbins_filename: ]
[precise_float_parser: 0]
[parser_config_file: ]
[objective_seed: 16083]
[num_class: 1]
[is_unbalance: 0]
[scale_pos_weight: 1]
[sigmoid: 1]
[boost_from_average: 1]
[reg_sqrt: 0]
[alpha: 0.9]
[fair_c: 1]
[poisson_max_delta_step: 0.7]
[tweedie_variance_power: 1.5]
[lambdarank_truncation_level: 30]
[lambdarank_norm: 1]
[label_gain: ]
[lambdarank_position_bias_regularization: 0]
[eval_at: ]
[multi_error_top_k: 1]
[auc_mu_weights: ]
[num_machines: 1]
[local_listen_port: 12400]
[time_out: 120]
[machine_list_filename: ]
[machines: ]
[gpu_platform_id: -1]
[gpu_device_id: -1]
[gpu_device_id_list: ]
[gpu_use_dp: 0]
[num_gpu: 1]

end of parameters

pandas_categorical:[]
