tree
version=v4
num_class=1
num_tree_per_iteration=1
label_index=0
max_feature_idx=56
objective=binary sigmoid:1
feature_names=log_return_1 log_return_3 log_return_6 range_1 atr_proxy volatility_lookback hour_of_day day_of_week session_asia session_london session_newyork volume_zscore relative_volume volume_percentile body_ratio upper_wick_ratio lower_wick_ratio atr_normalized_range stop_distance dist_ema_fast dist_ema_slow trend_strength trend_direction ema_slow_slope sweep_high_detected sweep_low_detected sweep_depth_atr sweep_rejection_ratio sweep_volume_zscore bullish_fvg_present bearish_fvg_present fvg_size_atr fvg_age_candles price_inside_fvg breakout_volume_confirmation rejection_volume_confirmation volume_block_strength atr_percentile range_compression high_volatility_flag market_regime funding_rate funding_rate_abs funding_rate_mean_4 funding_rate_std_4 mark_basis mark_premium mark_premium_mean_4 futures_pressure eth_return_1 eth_return_3 eth_trend eth_volume_block sol_return_1 sol_return_3 sol_trend sol_volume_block
feature_infos=[-0.042987859726516954:0.034681446642307004] [-0.066498243478271851:0.052595133325355273] [-0.060898334737803365:0.07165610367187554] [9.1496208486352442e-05:0.049878511063459759] [0:1355.8885714285705] [0:0.014951767895152509] [0:23] [0:6] [0:1] [0:1] [0:1] [-2.3947117909429774:4.2430039261029089] [0.14763151714142861:84.005931000000004] [0:1] [0:1] [0:1] [0:0.99126637554597641] [0:8.073879387938808] [0:0.021082094317917528] [-0.047067099330635:0.028727138877080012] [-0.063992887007529184:0.038957759116279744] [-0.019787657958767413:0.016381332003521824] [-1:1] [-0.0060144092868428863:0.004053698938400214] [0:1] [0:1] [0:2.8968629136228139] [0:0.97882136279936882] [-1.604217534834721:7.9078267832017044] [0:1] [0:1] [0:4.69062327793735] [0:999] [-1:1] [0:4.212392812987364] [0:3.67990051332829] [0:4.3559803852000476] [0:1] [0:0.49444049101581422] [0:1] [-1:1] [-0.00016191999999999999:0.0001] [0:0.00016191999999999999] [-0.00016191999999999999:0.0001] [0:9.3172786441821884e-05] [-0.0013200525403595205:0.00092460641171060627] [-0.0013200525403595205:0.00092460641171060627] [-0.00083327971107574747:0] [-0.0013754925403595204:0.00091588641171060623] [-0.033159034716756866:0.056874486908954934] [-0.075866222961239196:0.058901978424821803] [-1:1] [0:4.4553227398709785] [-0.079245424771289902:0.052676153475590584] [-0.10208175498977012:0.072340264490005357] [-1:1] [0:4.4534558454569444]
tree_sizes=3371 3466 3464 3457 3466 3474 3481 3473 3466 3464 3473 3470 3460 3449 3473 3490 3473 3477 3455 3491 3488 3472 3493 3484 3475 3503 3485 3488 3473 3489

Tree=0
num_leaves=31
num_cat=0
split_feature=18 3 19 38 12 42 56 37 18 32 3 6 7 37 37 18 52 37 18 12 45 3 42 38 21 17 45 13 50 47
split_gain=245.778 59.3497 45.7218 34.5289 27.892 34.3461 40.0324 26.0886 56.4396 30.3968 18.3831 18.0049 20.6505 20.4597 17.6939 17.4741 15.9501 15.7719 14.586 14.7181 16.3205 18.8646 20.9623 14.4595 27.7817 19.3959 22.6879 18.0936 13.8379 13.7531
threshold=0.0018180277790743537 0.0094241993810127624 -0.00091723544570446256 0.26792041813734352 1.4584025708929713 1.2240000000000003e-05 0.8117352867083959 0.097583070545048098 0.0027556941637900578 4.5000000000000009 0.0041212035518388059 17.500000000000004 4.5000000000000009 0.66334789182449982 0.052688976942788901 0.0035000574564064252 0.047645018615663302 0.027551600687074941 0.0024544433729606564 0.51516150331749 -0.00046107394054428319 0.0020410778177191468 3.7415000000000007e-05 0.23386458588139436 -0.0024730245123429154 2.4091626313253802 -0.00045968326894000016 0.3306759604690821 -0.00021019434586984264 -0.00050556145346936597
decision_type=2 2 2 2 2 2 2 2 2 2 2 2 2 2 2 2 2 2 2 2 2 2 2 2 2 2 2 2 2 2
left_child=-1 2 4 14 11 6 -6 8 17 -10 -9 18 -13 -14 -4 -12 -7 -5 28 -20 21 22 -21 25 -25 27 -27 -3 -2 -18
right_child=1 23 3 7 5 16 -8 10 9 -11 15 12 13 -15 -16 -17 29 -19 19 20 -22 -23 -24 24 -26 26 -28 -29 -30 -31
leaf_value=-2.4626772160786037 -2.4335597594019931 -2.3259042370878529 -2.3867711234256115 -2.4686873759074328 -2.1789807421301739 -2.2985536207528803 -2.3768151481239745 -2.41541873679355 -2.3283270279049271 -2.1304214391883818 -2.2707949554381903 -2.4339865608703635 -2.2859785171110221 -2.4238548323194089 -2.4232073121060203 -2.3829824967483271 -2.4294257401025363 -2.3495937472992461 -2.4382970715515815 -2.3674722097053178 -2.399087203344207 -2.369665931808667 -2.2125913023590016 -2.1824623525297739 -2.3507279723336101 -2.2350529938289982 -2.3886071773605488 -2.4370911070930159 -2.3480470767978412 -2.3656929712944681
leaf_weight=207.98115938901901 25.620867460966114 5.9530839100480106 36.622769370675087 5.2748844772577304 5.3502399697899801 5.8777284175157538 4.8981070145964622 53.502399697899818 3.9184856116771689 3.8431301191449165 4.2952630743384388 47.54931578785181 5.1995289847254735 5.5763064473867416 369.39262439310551 18.085318207740784 12.735078237950797 5.8777284175157547 9.871569521725176 4.4459740594029409 43.103341728448868 64.127524144947529 4.2952630743384361 3.8431301191449165 6.7819943279027921 5.3502399697899818 4.3706185668706876 9.4947920590639097 5.8023729249835005 25.244089998304847
leaf_count=2760 340 79 486 70 71 78 65 710 52 51 57 631 69 74 4902 240 169 78 131 59 572 851 57 51 90 71 58 126 77 335
internal_value=-2.41422 -2.40172 -2.40464 -2.41358 -2.38804 -2.35594 -2.27353 -2.38641 -2.33387 -2.23033 -2.3995 -2.3961 -2.41982 -2.35733 -2.41992 -2.36145 -2.3752 -2.40592 -2.3873 -2.37969 -2.3747 -2.36027 -2.29137 -2.33878 -2.28987 -2.35942 -2.30409 -2.39424 -2.41777 -2.38706
internal_weight=1014.28 806.304 770.51 500.813 269.697 54.1052 10.2483 94.7972 18.9142 7.76162 75.883 215.592 58.3252 10.7758 406.015 22.3806 43.8569 11.1526 157.267 125.844 115.972 72.8688 8.74124 35.7939 10.6251 25.1687 9.72086 15.4479 31.4232 37.9792
internal_count=13460 10700 10225 6646 3579 718 136 1258 251 103 1007 2861 774 143 5388 297 582 148 2087 1670 1539 967 116 475 141 334 129 205 417 504
is_linear=0
shrinkage=1


Tree=1
num_leaves=31
num_cat=0
split_feature=18 11 38 5 37 18 19 3 47 45 7 6 1 12 15 38 42 18 18 38 41 5 48 43 35 37 6 42 19 1
split_gain=228.634 50.6921 41.5193 36.3911 31.773 46.3113 27.5241 25.3208 17.66 17.5606 16.3408 15.3243 14.9266 15.8028 16.4277 14.7504 16.4382 29.4437 17.6753 22.5222 22.26 16.6511 16.5963 15.3076 15.0297 14.5189 14.3 17.769 14.1532 20.9963
threshold=0.0018180277790743537 -0.21822553219590804 0.27321086781664722 0.0042885685917365786 0.095289908055268824 0.0027556941637900578 -0.0023377977051632207 0.0085149449584040384 -0.00055666716573829738 -0.00053423405736135359 5.5000000000000009 11.500000000000002 0.00238558959050103 0.58957448047695504 0.73364989954750792 0.14946078995293174 1.2240000000000003e-05 0.0049247296475303281 0.0057483305199288815 0.20957680664101927 -3.0514999999999998e-05 0.0045652243388915412 -0.00052079975228492181 -1.571749999999999e-05 1.3363882426989051 0.67582624682486137 16.500000000000004 3.8645000000000007e-05 -3.294486666623715e-05 -9.1565705896975999e-05
decision_type=2 2 2 2 2 2 2 2 2 2 2 2 2 2 2 2 2 2 2 2 2 2 2 2 2 2 2 2 2 2
left_child=-1 2 10 4 5 -4 15 9 -6 -8 12 -11 13 -2 -15 -3 17 22 20 -20 -18 -21 -17 -22 -25 -9 27 -10 29 -12
right_child=1 6 3 -5 8 -7 7 25 26 11 28 -13 -14 14 -16 16 18 -19 19 21 23 -23 -24 24 -26 -27 -28 -29 -30 -31
leaf_value=-0.048000635160668985 -0.018754070755676353 -0.0060687490823590649 0.0053980029013502417 0.18046488825406959 0.10244378031561069 0.17469437288679676 0.039143218486870954 0.097573358391035397 0.05504414418382985 -0.0077488846016408666 0.022536242783630759 0.020832587498665751 -0.031719430967377442 0.0029599253219413551 0.10456195522128045 0.18790991191747175 -0.019219362843023374 -0.02127969575796251 0.0073223402126654904 0.18862708414176174 0.11140519487394714 0.064134757110953317 0.083214740142495011 0.024785162513198598 0.12493580793962492 0.020285726885383382 -0.032856784247252531 -0.027159271499735717 -0.007669077265888515 0.14485439251812146
leaf_weight=199.69038784503937 116.26169138401747 12.33120211213827 8.34418733417988 4.0405089929699889 4.4574922397732726 7.8302878811955443 45.366532526910305 14.111920662224295 16.428061798214916 109.04558955132961 11.675163723528387 82.287353150546551 63.740515626966953 150.53244258463383 4.0864288732409468 6.1764030903577813 16.921671122312546 4.4832564443349829 5.6558591499924686 5.7527081966400129 7.829547479748725 5.0383978337049484 9.7775480523705482 36.509604580700397 4.1744574233889571 10.671674206852911 20.78088354319334 10.959481604397295 14.968025296926497 5.0154562443494823
leaf_count=2760 1550 157 110 52 58 93 596 178 216 1437 153 1085 847 1988 54 76 217 57 74 73 101 62 122 470 53 137 274 144 200 66
internal_value=-5.0793e-05 0.0116942 0.00015503 0.0346314 0.0260669 0.0873567 0.0251656 0.0162095 0.00722964 0.0111748 -0.00670119 0.00454327 -0.00994959 -0.00482696 0.00564517 0.0455919 0.0518178 0.0919324 0.0418055 0.0881419 0.030159 0.130501 0.123746 0.0473823 0.0350613 0.0642937 -0.00158145 0.0221494 0.0276333 0.0592923
internal_weight=1014.94 815.254 439.121 72.8409 68.8004 16.1745 376.134 261.483 52.6259 236.699 366.28 191.333 334.621 270.881 154.619 114.651 102.319 20.4372 81.8822 16.447 65.4353 10.7911 15.954 48.5136 40.6841 24.7836 48.1684 27.3875 31.6586 16.6906
internal_count=13460 10700 5805 947 895 203 4895 3433 692 3118 4858 2522 4439 3592 2042 1462 1305 255 1050 209 841 135 198 624 523 315 634 360 419 219
is_linear=0
shrinkage=0.05


Tree=2
num_leaves=31
num_cat=0
split_feature=4 35 38 5 37 4 47 6 39 45 47 1 6 37 7 52 37 7 42 21 41 12 29 54 21 37 3 48 55 45
split_gain=191.83 48.0403 25.8602 32.5665 37.5992 28.9269 35.2546 24.6942 29.3375 20.6303 16.828 16.8199 16.2541 26.4616 42.6678 20.994 15.5224 15.5158 17.276 15.6798 20.9411 15.2841 18.9549 14.7826 14.4102 16.1675 25.3874 14.0707 13.9922 12.9378
threshold=144.80000000000192 0.049649820021368855 0.27321086781664722 0.0043696048892682198 0.095289908055268824 188.27142857142985 -0.00049682005614811679 10.500000000000002 1.0000000180025095e-35 -0.00054816263014317325 -0.00056905326856012631 -0.0090294249914866231 14.500000000000002 0.62133844603215904 2.5000000000000004 0.78730091591375129 0.5030500394906946 5.5000000000000009 4.5395000000000008e-05 -0.0035897627366039656 1.9155000000000002e-05 0.58957448047695504 1.0000000180025095e-35 -0.0085768491306957174 -0.0067571983893858012 0.49913805492564584 0.0061895254670594662 -0.00049524019516791024 1.0000000180025095e-35 -0.00048134859254285586
decision_type=2 2 2 2 2 2 2 2 2 2 2 2 2 2 2 2 2 2 2 2 2 2 2 2 2 2 2 2 2 2
left_child=-1 2 11 4 5 -4 -7 9 -9 -3 -6 -2 13 16 15 -15 27 21 19 -19 -21 -13 -23 -11 -14 26 -26 29 -22 -10
right_child=1 7 3 -5 10 6 -8 8 12 23 -12 17 24 14 -16 -17 -18 18 -20 20 28 22 -24 -25 25 -27 -28 -29 -30 -31
leaf_value=-0.043726248331021449 0.090031423882890468 0.057159335127285493 0.014050012812215698 0.14868587169833222 0.097340248098657697 0.051993055035238912 0.23725315051255672 -0.0031111236934858125 0.069799489468764672 0.057193980341734889 -0.0053134265493191401 -0.020419870066980719 0.12328610848126283 0.27942242429793895 0.017022219654076094 0.12051418249353947 -0.026714119301436513 -0.042860144651321402 -0.021576300273054433 0.029329086577177112 0.19335346740287637 0.0045119832942788441 -0.040746139104912371 -0.0049777659280778467 0.02196813714595278 0.018387218799030807 0.16193525612252024 0.032734953601637397 0.063254082894354219 0.1680296446724944
leaf_weight=201.82738824933767 4.8262534365057936 20.086783237755299 8.7442244887352008 5.1428091228008261 4.267391324043273 5.5557968690991402 4.7751261815428716 30.024475872516632 11.617547959089281 10.701798692345617 61.932551942765713 137.03321657329798 4.4868964701890937 4.3359355553984624 4.8770288228988639 3.9921022281050682 5.3381641805171958 4.1965664699673679 13.667507544159887 16.669812843203548 4.0302775055170041 239.69686201959848 25.606400981545448 89.696391470730305 7.8259874656796438 53.295217297971249 5.5282254964113235 16.562650293111805 4.241924375295639 4.7114554047584489
leaf_count=2868 59 251 115 58 52 59 51 382 142 132 811 1861 55 53 62 50 67 53 181 215 51 3158 344 1170 100 672 66 208 55 59
internal_value=-9.35105e-05 0.0107321 0.00209444 0.0264949 0.0191257 0.0809762 0.137623 0.0278248 0.0411851 0.0109037 0.00130385 -0.00280864 0.0520357 0.0734485 0.13447 0.203249 0.0523711 -0.00381522 0.0248034 0.0465579 0.0616028 -0.00686006 0.000143784 0.00164934 0.0365532 0.0307143 0.0799101 0.0652062 0.126639 0.0981421
internal_weight=1015.29 813.467 540.387 90.4179 85.2751 19.0751 10.3309 273.081 152.596 120.485 66.1999 449.969 122.571 51.4349 13.2051 8.32804 38.2298 445.143 42.8061 29.1386 24.942 402.336 265.303 100.398 71.1363 66.6494 13.3542 32.8917 8.2722 16.329
internal_count=13460 10592 7123 1146 1088 225 110 3469 1916 1553 863 5977 1534 641 165 103 476 5918 555 374 321 5363 3502 1302 893 838 166 409 106 201
is_linear=0
shrinkage=0.05


Tree=3
num_leaves=31
num_cat=0
split_feature=18 11 38 32 18 3 54 19 38 53 18 6 38 42 4 41 42 32 14 47 37 14 54 1 56 56 50 43 50 12
split_gain=200.615 39.1085 32.7875 25.9547 26.053 20.8376 18.5883 18.3276 16.2533 18.4761 14.5454 21.7729 13.6779 15.6201 29.4468 19.7363 13.6128 22.9844 16.8815 17.7815 13.4202 13.3548 12.7496 12.386 12.2285 13.4317 11.5054 11.2788 11.0589 10.7867
threshold=0.0018180277790743537 -0.21822553219590804 0.27321086781664722 6.5000000000000009 0.0030382723038892292 0.010827882386426976 -0.00021674483659010841 -0.0011360521951256314 0.33405090898738904 -0.0054226101380373034 0.0024884936337479287 16.500000000000004 0.15147603510560589 1.2240000000000003e-05 211.07499999999919 7.6950000000000017e-06 2.1880000000000004e-05 3.5000000000000004 0.84114623505065089 -0.0005612750741664916 0.038598617385821529 0.49516053962449752 -0.0011403377046741838 -0.0016696872424870719 1.281727234650303 2.5760386017886465 3.4664910130541595e-05 2.0186250000000007e-05 0.0011591806835093024 0.54719492460472352
decision_type=2 2 2 2 2 2 2 2 2 2 2 2 2 2 2 2 2 2 2 2 2 2 2 2 2 2 2 2 2 2
left_child=-1 2 16 6 -5 7 10 12 9 -9 -4 23 -3 14 -14 21 17 26 19 -19 -21 -16 -6 -12 -7 -26 -2 -22 29 -18
right_child=1 5 3 4 22 24 -8 8 -10 -11 11 -13 13 -15 15 -17 28 18 -20 20 27 -23 -24 -25 25 -27 -28 -29 -30 -31
leaf_value=-0.047160601798202369 0.0071158697767290183 -0.0169515803773914 -0.018488311250050092 0.1486137114993194 0.089508361657056945 0.10473350921170904 -0.013025085373384485 0.099854764016249514 0.082662440424783767 0.0041195468046139423 0.065680517120743825 0.0071280754906089608 0.16759976021175121 0.02825323105221543 0.066256956437606221 0.13698429241018378 -0.026392956945918079 0.10023285415989353 0.13113322473758635 0.10261666196329432 -0.0018449233567163527 -0.022647845233766586 -0.020548170282583943 0.17251289706558484 -0.017278874491581723 0.081177743304610805 -0.03130049401477316 0.087010637783369926 -0.028733298606816057 0.0036057868866676496
leaf_weight=185.3725995272398 38.964800238609314 13.159603454172609 6.9428361877799061 8.0949894115328807 4.827805794775486 11.225698761641981 31.055057004094124 5.171732895076274 7.2681713178753844 197.44440492242575 6.1951407864689854 8.8395549133419973 6.0513610765337971 115.37841742485762 7.8223457261920037 4.40677586197853 42.993527963757515 6.4662237018346778 3.7709830254316321 3.8176120370626441 44.68997348099947 9.1826257482171041 5.7844992429018003 4.827054224908351 6.5783319398760778 7.316987656056881 38.9946523681283 3.8815611898899069 79.985094480216503 98.890598960220814
leaf_count=2760 518 162 92 99 56 126 391 65 90 2556 72 109 69 1419 93 48 590 87 50 50 599 107 71 57 77 83 528 50 1086 1300
internal_value=-0.000132617 0.0103703 0.000127732 0.0298572 0.0810537 0.0218706 0.0133043 0.0188461 0.00919844 0.00656317 0.0438088 0.0655853 0.0318262 0.0363199 0.07021 0.0426858 -0.00615249 0.00602041 0.0285769 0.0220059 0.0123506 0.0182487 0.0295193 0.112467 0.0659216 0.0345663 -0.0120997 0.00525591 -0.0138658 -0.00548439
internal_weight=1015.4 830.028 439.022 76.5669 18.7073 391.006 57.8596 365.885 209.884 202.616 26.8046 19.8617 156.001 142.842 27.4631 21.4117 362.455 140.586 62.6264 58.8554 52.3891 17.005 10.6123 11.0222 25.121 13.8953 77.9595 48.5715 221.869 141.884
internal_count=13460 10700 5805 947 226 4895 721 4609 2711 2621 330 238 1898 1736 317 248 4858 1882 836 786 699 200 127 129 286 160 1046 649 2976 1890
is_linear=0
shrinkage=0.05


Tree=4
num_leaves=31
num_cat=0
split_feature=18 12 3 1 17 50 21 38 12 47 13 17 3 21 2 45 54 11 7 3 16 48 38 20 21 47 12 37 38 15
split_gain=187.018 34.6473 26.6308 23.8457 17.253 19.2677 19.5643 16.7041 37.0296 18.2421 17.7765 16.6007 16.3137 17.7753 15.8339 14.8441 24.6997 14.6249 13.4768 12.9539 17.4583 14.1085 11.9286 20.9845 16.1427 11.841 11.5119 11.3842 19.7007 11.2509
threshold=0.0018180277790743537 0.60750303752795487 0.0094241993810127624 0.00052863401949442977 0.71107085372728707 0.00030611051818385 0.00062123725420953283 0.2688862099148896 0.73486499711474074 -0.00050899215853392188 0.34839200055394531 0.9213596210179037 0.0030189968622009599 -0.00019663351021068418 -0.002680823045812652 -0.00046510726814937806 0.002631819108485485 -0.76030771550897081 5.5000000000000009 0.0070399139059276541 0.38033200051623356 -0.00057210840282260881 0.22994893501841632 -0.0024260670298374906 0.0028326506731751037 -0.00042176728595664804 0.62854421920356862 0.082612271854553568 0.24969046280020268 0.027277003335373202
decision_type=2 2 2 2 2 2 2 2 2 2 2 2 2 2 2 2 2 2 2 2 2 2 2 2 2 2 2 2 2 2
left_child=-1 18 3 7 26 6 11 10 9 -9 15 -6 -10 -14 -15 16 -3 -11 22 20 21 -12 -2 -24 -25 -23 -5 28 -7 -4
right_child=1 2 29 4 5 27 -8 8 12 17 19 -13 13 14 -16 -17 -18 -19 -20 -21 -22 25 23 24 -26 -27 -28 -29 -30 -31
leaf_value=-0.046702234317259152 -0.023737477156193506 0.015942050645101766 0.1143611026452885 0.059206271487046984 0.15419650668822116 0.00087481756416552404 -0.0016152588952893087 0.037061856454202104 -0.0067221499426609781 0.22108383887492386 0.15090293811694344 0.041978150402236486 0.017571589119462893 0.16254904549630642 0.048603798175580783 -0.0053517285552666105 0.12693616705919222 0.094827111338950706 0.032174935140243978 -0.0039986280672495251 0.013209371295707218 0.040742940224075992 0.083990244761231819 -0.013739525411451167 0.094351268479271819 0.12895181760833754 -0.029308404027583026 -0.0030610414492591755 0.096806264760156635 0.042661891318427826
leaf_weight=178.01904551684856 106.54932564496994 123.57420114427805 6.4661499336361876 3.9436074048280707 5.7369366735219973 15.334996961057188 10.37065729498863 4.8558626621961585 23.850586913526058 4.5118519589304915 5.3332670703530303 7.7445761114358902 19.239645391702652 5.0456740632653236 7.7039679139852542 98.359153099358082 5.2241240516304961 4.6652252078056327 17.832559615373611 12.693185813724993 16.820432990789413 17.175414301455024 7.2038316801190367 52.604193061590195 3.6968890205025664 4.8870899230241802 53.592058233916759 148.47678253799677 8.2207842022180539 35.566109709441662
leaf_count=2760 1481 1544 71 51 71 201 134 55 297 50 62 97 229 58 91 1267 65 56 228 150 201 202 92 696 50 58 712 1940 99 392
internal_value=-0.000163256 0.00973168 0.0152026 0.012539 0.00083064 0.00790114 0.050015 0.0209222 0.0428237 0.115432 0.015535 0.0897317 0.0245766 0.0479124 0.0936977 0.00927447 0.020444 0.1569 -0.0091776 0.0405243 0.0533055 0.0779238 -0.013514 0.00363911 -0.00664198 0.0602822 -0.0232414 0.00206208 0.0343541 0.0536919
internal_weight=1015.3 837.279 649.392 607.36 253.42 195.885 23.8522 353.94 69.8728 14.0329 284.067 13.4815 55.8399 31.9893 12.7496 227.157 128.798 9.17708 187.887 56.9094 44.2162 27.3958 170.054 63.5049 56.3011 22.0625 57.5357 172.033 23.5558 42.0323
internal_count=13460 10700 8153 7690 3305 2542 302 4385 836 161 3549 168 675 378 149 2876 1609 106 2547 673 523 322 2319 838 746 260 763 2240 300 463
is_linear=0
shrinkage=0.05


Tree=5
num_leaves=31
num_cat=0
split_feature=18 35 18 37 3 38 20 18 21 7 45 44 1 41 50 50 4 42 47 2 1 41 38 18 42 42 1 19 35 32
split_gain=174.417 31.6266 23.4771 20.6829 19.6563 19.9422 18.2573 18.2327 24.7799 25.4545 15.6835 14.4184 15.2219 14.224 13.5672 14.8081 13.4714 13.461 13.8242 12.7388 15.7186 14.5394 16.1297 16.0032 16.7225 19.4326 16.9287 20.9048 15.8699 14.1961
threshold=0.0018180277790743537 0.049649820021368855 0.0024407386575078073 0.15131829967531912 0.0014604366868386093 0.26043699659358949 -0.001128343266483009 0.0024544433729606564 -0.0010907660338701252 1.5000000000000002 -0.00057434103411281286 1.3580000000000034e-05 0.00090983814917394549 2.3730000000000001e-05 0.0020992514641448739 -0.0020083031622663747 667.25357142857126 7.6149999999999999e-06 -0.00039859007308572984 0.0017597243107287349 0.010510974608382788 -6.0939999999999989e-05 0.21329735888092774 0.0057483305199288815 2.4260000000000005e-05 5.5515000000000006e-05 -0.0010484782243800233 -0.0037573224655369076 0.43598509107834688 3.5000000000000004
decision_type=2 2 2 2 2 2 2 2 2 2 2 2 2 2 2 2 2 2 2 2 2 2 2 2 2 2 2 2 2 2
left_child=-1 3 10 4 -2 14 16 -7 -9 -10 -3 -8 -13 -11 15 -6 -5 -17 -19 21 -21 -4 29 24 26 -26 27 -24 -25 -23
right_child=1 2 19 6 5 7 11 8 9 13 -12 12 -14 -15 -16 17 -18 18 -20 20 -22 22 23 28 25 -27 -28 -29 -30 -31
leaf_value=-0.046243075275206914 -0.022386519196185863 0.083255415124218191 -0.025017369654861399 0.0063775448379892706 -0.0081435879721700154 0.0022066180970007781 -0.014521355893783448 -0.010256655976637189 0.202726343908711 0.034012816481015985 -0.01174530903424769 0.099339040414244961 -0.0172823211125397 0.14218143425939833 -0.02272494719857298 0.12687492407597201 0.076221223588833528 0.047323364532879574 -0.044124129544463001 0.0058761897854118974 0.064918245860918086 0.010837038246375186 0.041978196964402401 0.16147815718759706 0.0012775966127315215 0.077663052250383613 0.022296546307057394 0.16183370026009983 0.044219469735843786 0.066500601942231785
leaf_weight=170.9761136546731 23.398164816200733 4.6956709250807753 8.3124416545033437 161.13397718220949 20.437851890921593 9.6532045006751996 239.17398522049189 5.4329335242509869 5.3846812322735813 8.3063066005706769 58.071769908070564 5.8429870158433896 5.3691587299108505 4.7928487285971633 18.939555436372757 4.4071717485785475 7.2129909247159949 27.962946698069572 4.8494309037923804 74.065077908337116 13.296485520899294 46.769799783825874 6.1212090551853189 6.8923623263835889 23.919652938842773 12.772155493497847 7.7497824281454077 8.9682012796401978 4.9635245129466057 15.169346399605272
leaf_count=2760 315 56 100 2064 265 123 3214 58 52 88 735 75 71 53 256 57 84 365 65 924 154 538 65 72 285 147 93 101 50 175
internal_value=-0.000191653 0.00913664 0.0224527 0.00210203 0.0192341 0.0280739 -0.00336267 0.0602076 0.0836178 0.11121 -0.00463825 -0.0119235 0.0434926 0.0735906 0.0139907 0.0260512 0.00937007 0.0448281 0.0338081 0.0298782 0.0148624 0.0391398 0.0431398 0.0593392 0.0487745 0.0278668 0.0823632 0.113213 0.112387 0.0244694
internal_weight=1015.04 844.066 291.767 552.298 133.565 110.167 418.733 33.57 23.9168 18.4838 62.7674 250.386 11.2121 13.0992 76.597 57.6574 168.347 37.2195 32.8124 229 87.3616 141.638 133.326 71.3869 59.531 36.6918 22.8392 15.0894 11.8559 61.9391
internal_count=13460 10700 3495 7205 1697 1382 5508 374 251 193 791 3360 146 141 1008 752 2148 487 430 2704 1078 1626 1526 813 691 432 259 166 122 713
is_linear=0
shrinkage=0.05


Tree=6
num_leaves=31
num_cat=0
split_feature=18 12 3 1 7 50 38 11 13 3 50 45 54 15 42 14 15 9 12 47 11 16 11 42 37 38 3 18 2 21
split_gain=162.735 28.6207 20.2315 22.6709 14.2602 13.9605 13.9223 26.9722 16.2634 15.5209 14.3036 24.0291 17.639 15.573 14.9599 14.199 13.7872 13.2878 16.5137 12.2135 12.3011 27.4921 11.802 12.2766 11.1517 16.9487 12.2067 11.6658 11.2675 10.5824
threshold=0.0018180277790743537 0.58957448047695504 0.0085149449584040384 0.00052863401949442977 5.5000000000000009 0.00030611051818385 0.2688862099148896 -0.65254883706233324 0.35786500035758056 0.0030627843288835443 -0.0021447885883556879 -0.00052193229758608925 0.0011361357410366248 0.1660724019853658 3.3050000000000005e-06 0.28638198822187161 0.027277003335373202 1.0000000180025095e-35 0.90372546000042342 -0.00041655256054250184 -0.67441033994265409 0.17947099543157355 -0.64595566482344602 3.2660000000000009e-05 0.082612271854553568 0.24969046280020268 0.0041587128144214593 0.0029660212593701362 0.010425179049819204 -0.00013740896550798706
decision_type=2 2 2 2 2 2 2 2 2 2 2 2 2 2 2 2 2 2 2 2 2 2 2 2 2 2 2 2 2 2
left_child=-1 4 3 6 -2 17 8 -8 10 -9 -3 12 13 -12 -13 -15 -4 -5 -19 20 21 -16 23 -6 25 -7 28 -27 -26 -11
right_child=1 2 16 5 22 24 7 9 -10 29 11 14 -14 15 19 -17 -18 18 -20 -21 -22 -23 -24 -25 26 27 -28 -29 -30 -31
leaf_value=-0.045782309494658675 -0.014604265231080868 -0.0037612704943631066 0.099505569365017144 0.0079650904712154341 0.098891914860016292 -0.0064831158692011922 0.091930886480781224 -0.008736058023676772 0.038539061413201799 0.020270251017168926 0.093098729570349481 0.089144944882045496 0.13544277028889548 0.069859977774516233 0.14963793879202614 -0.028428244940464687 0.031140936998972149 0.15033984537285805 0.021883395504102995 -0.032089474392345517 0.00061867447177967169 0.0019262351666287374 -0.041639417932929301 -0.0032444068416639447 -0.022670169848486209 0.030470031854432103 0.0067205483125327703 0.13406252404228497 0.053198317107567443 0.077774673570816119
leaf_weight=164.23324987664819 152.37339691072702 124.96103351563215 8.6541397050023061 22.265732981264591 7.4674084037542361 18.738683268427852 17.520160317420959 24.851696401834488 53.07890834659338 19.800343379378319 8.7723020389676147 5.2079375609755507 6.0292931422591201 6.004034921526908 4.8923662900924674 9.4702594727277738 49.888943456113338 4.3718567714095098 5.8493723794817924 20.048607751727104 46.043209962546825 8.8452943190932256 3.849975921213626 4.8549095839262009 116.54508253186941 6.9874289780855161 70.017011791467667 4.4474754855036736 5.1082940325140944 13.425205253064631
leaf_count=2760 2117 1539 87 277 90 248 184 307 594 227 106 65 71 73 62 119 531 51 72 264 584 115 50 62 1571 82 900 44 68 140
internal_value=-0.000216809 0.00858332 0.013144 0.0105044 -0.00986615 -0.000981055 0.0184217 0.0375547 0.0134911 0.021151 0.00795774 0.0206572 0.0589094 0.0398781 0.00703831 0.00970764 0.0412469 0.0296309 0.0768272 0.00168181 0.0130076 0.0545305 0.0347758 0.0586509 -0.00546388 0.0227902 -0.00991176 0.0707611 -0.0194844 0.0435056
internal_weight=1014.6 850.37 681.825 623.282 168.546 254.331 368.951 75.5974 293.353 58.0772 240.274 115.313 30.2759 24.2466 85.0374 15.4743 58.5431 32.487 10.2212 79.8295 59.7809 13.7377 16.1723 12.3223 221.844 30.1736 191.67 11.4349 121.653 33.2255
internal_count=13460 10700 8381 7763 2319 3313 4450 858 3592 674 2998 1459 369 298 1090 192 618 400 123 1025 761 177 202 152 2913 374 2539 126 1639 367
is_linear=0
shrinkage=0.05


Tree=7
num_leaves=31
num_cat=0
split_feature=18 11 38 4 37 38 23 43 16 18 45 42 38 17 42 15 15 42 41 18 18 4 45 7 37 45 11 2 19 6
split_gain=151.899 26.9146 22.1755 15.3297 19.3786 21.4629 18.2243 20.2976 14.3255 13.4431 17.8918 13.0716 12.3713 12.9096 13.6503 15.6718 13.7555 11.8254 13.7116 10.6187 10.1897 12.9407 14.4153 14.4618 16.6771 19.1744 9.94273 9.80131 9.6372 9.62767
threshold=0.0018180277790743537 -0.21822553219590804 0.27321086781664722 580.43214285713896 0.34366050400412346 0.28390387347727913 -9.1588693509896989e-05 -6.6750000000000007e-07 0.4474478972251294 0.0023837595670746169 -0.00057103424325354751 3.0830000000000008e-05 0.33931661391261381 2.2558263433777106 3.6810000000000008e-05 0.039174959189339158 0.18087636291080436 2.1880000000000004e-05 2.0265000000000003e-05 0.0022016074277827536 0.0022416624142781523 312.63928571428454 -0.00036901393161330257 2.5000000000000004 0.46302383347489556 -0.00048414399490958243 -0.68701151875448663 -0.0022896850797466104 -0.00028197103823717553 3.5000000000000004
decision_type=2 2 2 2 2 2 2 2 2 2 2 2 2 2 2 2 2 2 2 2 2 2 2 2 2 2 2 2 2 2
left_child=-1 2 17 4 5 11 7 -6 -7 10 -3 -4 13 29 15 -15 -17 18 20 -12 -2 22 23 -22 26 -26 -25 -19 -14 -11
right_child=1 9 3 -5 6 8 -8 -9 -10 12 19 -13 28 14 -16 16 -18 27 -20 -21 21 -23 -24 24 25 -27 -28 -29 -30 -31
leaf_value=-0.045319160009018644 -0.031499718556435206 0.07015954542371837 0.1544326662053056 0.11386667333808509 0.096168418740383357 -0.00042162500879418165 -0.042058112392081425 -0.026491925077990815 0.08083153625970696 -0.0027733401649979936 0.0050902260013200524 0.052244865415103141 0.028886966790801511 0.15048864496851497 0.013415229717147689 -0.0095880778465766946 0.10399752958849962 0.004120807530566417 0.073770140737495479 -0.034992598517925931 -0.010059526434258372 -0.015161560504698102 0.10444294896632447 -0.0084767738408791284 0.17387647356568781 0.024337381896149736 0.051126290195191382 -0.019655476953663705 0.12604311788760778 0.021007801192196713
leaf_weight=157.77999434620142 19.579286932945251 7.9575146287679663 5.2233608961105329 4.3827349171042433 6.5943652391433716 25.145401954650879 19.60777498036623 6.9034540280699712 6.9167950004339209 51.662337400019169 47.694905526936054 7.8066497072577477 5.2808086723089218 5.5422910973429742 12.938861720263956 5.3657071068882924 5.2965467646718025 59.637098632752895 6.9695677906274787 25.281603038311005 32.722170300781727 40.703347183763981 4.7217537909746161 16.269192509353161 4.1503711193799973 4.4335612803697568 12.27693021297455 158.66011399030685 4.9401836022734624 241.53987113386393
leaf_count=2760 262 91 57 41 76 283 250 81 75 633 618 84 55 53 136 56 54 787 82 322 447 546 64 215 51 58 157 2189 52 2825
internal_value=-0.00023808 0.00806939 -0.000498154 0.0228707 0.0177707 0.0390978 -0.0112785 0.0334338 0.0171072 0.017242 -0.00103288 0.0932091 0.0216894 0.0199722 0.0517102 0.0822876 0.0468363 -0.0058569 0.00538391 -0.00879586 0.00184962 0.00751384 0.0198903 0.0141749 0.0355323 0.0966402 0.0171569 -0.01316 0.0758461 0.0168176
internal_weight=1013.98 856.205 442.704 82.5805 78.1978 45.0922 33.1056 13.4978 32.0622 413.501 80.934 13.03 332.567 322.346 29.1434 16.2045 10.6623 360.123 141.826 72.9765 134.857 115.277 74.574 69.8522 37.1301 8.58393 28.5461 218.297 10.221 293.202
internal_count=13460 10700 5805 947 906 499 407 157 358 4895 1031 141 3864 3757 299 163 110 4858 1882 940 1800 1538 992 928 481 109 372 2976 107 3458
is_linear=0
shrinkage=0.05


Tree=8
num_leaves=31
num_cat=0
split_feature=18 11 38 5 37 32 38 20 43 20 19 1 56 7 46 42 54 7 1 38 17 49 0 42 53 42 32 38 11 50
split_gain=141.83 23.8426 19.6659 18.6097 16.9104 16.0597 19.4257 14.5829 21.0496 12.0891 15.1775 12.1 14.7583 12.5575 17.3728 12.5823 11.224 11.1821 12.4093 10.9137 13.3047 10.8478 10.8436 16.5193 10.549 10.4953 13.3615 16.4392 15.5277 18.9487
threshold=0.0018180277790743537 -0.21822553219590804 0.27321086781664722 0.0043696048892682198 0.34366050400412346 4.5000000000000009 0.29752467427386925 -0.00091672655301510179 -6.6750000000000007e-07 -0.0087775949779575809 -0.0053629948641260444 0.010510974608382788 1.2585862513403716 1.5000000000000002 -0.00054554822550846756 1.7150000000000003e-06 0.0042480175366170362 5.5000000000000009 0.00238558959050103 0.29126477735047274 1.1259601521456883 -0.010770748654288448 0.00013153350720160128 3.5685000000000008e-05 -0.0015079460047698905 2.0890000000000002e-05 4.5000000000000009 0.19725431019023701 -1.1534426663272794 -0.0015888843063711611
decision_type=2 2 2 2 2 2 2 2 2 2 2 2 2 2 2 2 2 2 2 2 2 2 2 2 2 2 2 2 2 2
left_child=-1 2 17 4 5 22 -7 8 -6 10 21 13 -13 19 -15 -16 -17 18 25 -11 -21 -3 -4 -24 -19 26 -2 -28 -29 -30
right_child=1 9 3 -5 7 6 -8 -9 -10 11 -12 12 -14 14 15 16 -18 24 -20 20 -22 -23 23 -25 -26 -27 27 28 29 -31
leaf_value=-0.044852904802590923 -0.0058802905516945588 0.081516163422676854 -0.02059715746641794 0.10847146842735995 0.086733704657515912 0.11963794136582573 0.018278549754722671 -0.041323957466307876 -0.03914529739826493 -0.0084713538511150249 0.10590618583107743 0.10266669289443482 0.0086022198747941134 0.044896992339475375 0.071566485276223821 0.015029611312813674 -0.014373778876088783 0.070547819897005024 -0.029305150321480379 -0.010311472728351874 0.081676258332315149 0.014692484265409778 0.10006296552080435 -0.011946200295366659 0.0057790476551498743 -0.011703337852246398 -0.0079624231586588531 -0.023104819029676295 0.0034813990132677095 0.1106283671256597
leaf_weight=151.60598687082529 61.713748715817928 7.5474009588360778 14.169689357280733 5.7017875239253035 7.0058706477284431 9.5927463695406932 9.3193187937140447 18.795943826436996 6.3143106997013074 99.646090306341648 7.4002854228019705 8.1890448629856127 8.4962319210171682 47.20629408210516 8.2311962917447072 143.78906165808439 41.917126603424549 8.3398277685046178 58.542166955769062 7.7495896443724614 7.9770093038678169 31.094232305884361 6.3955484405159932 6.7827763184905052 25.536176428198814 164.10210946947336 16.086988314986229 4.8043986931443241 5.9840966314077439 13.29088363796472
leaf_count=2760 825 68 162 49 75 92 97 248 78 1207 78 88 89 526 89 1723 522 99 847 90 83 332 71 75 320 2248 212 66 74 167
internal_value=-0.00025604 0.00759005 -0.000505573 0.0212577 0.014913 0.0342644 0.069691 -0.0129609 0.0270619 0.0161343 0.0403072 0.0131521 0.0547686 0.0112045 0.0176952 0.011074 0.00839275 -0.00561106 -0.00846451 -0.00236204 0.0363475 0.0277443 0.00976575 0.0424128 0.0217243 -0.00387752 0.00872782 0.0311725 0.0573178 0.0773636
internal_weight=1013.33 861.722 442.478 84.078 78.3762 46.2601 18.9121 32.1161 13.3202 419.244 46.0419 373.202 16.6853 356.516 241.144 193.937 185.706 358.4 324.524 115.373 15.7266 38.6416 27.348 13.1783 33.876 265.982 101.88 40.1664 24.0794 19.275
internal_count=13460 10700 5805 947 898 497 189 401 153 4895 478 4417 177 4240 2860 2334 2245 4858 4439 1380 173 400 308 146 419 3592 1344 519 307 241
is_linear=0
shrinkage=0.05


Tree=9
num_leaves=31
num_cat=0
split_feature=18 12 1 17 6 7 18 21 12 1 56 50 12 35 50 3 9 12 7 20 53 17 43 45 20 50 15 18 42 19
split_gain=132.461 22.039 14.0778 17.6797 13.5352 19.3504 14.763 17.6531 12.7336 11.9887 12.186 11.9505 15.1678 11.9158 11.5949 14.9608 18.5699 10.4164 9.98089 9.43823 9.32511 13.8365 11.8649 13.2405 12.3623 11.6408 17.6463 10.8569 9.0677 13.706
threshold=0.0018180277790743537 0.60750303752795487 0.00052863401949442977 0.71107085372728707 17.500000000000004 4.5000000000000009 0.0024250974371765326 0.0027559305143733232 0.7314499731626728 0.010510974608382788 1.1281365300773813 0.0010625524861591921 0.81622182359382245 0.25170272719260894 0.00030611051818385 0.003492960388575789 1.0000000180025095e-35 0.62854421920356862 5.5000000000000009 -3.0069716200630936e-05 -0.0012967878476184602 0.83088060488261217 -3.5902499999999997e-05 -0.0004626413586193828 -0.0017317801277059958 -0.00229696246331863 0.24092736762923031 0.00251840500263871 6.9850000000000009e-06 0.00010057684974150225
decision_type=2 2 2 2 2 2 2 2 2 2 2 2 2 2 2 2 2 2 2 2 2 2 2 2 2 2 2 2 2 2
left_child=-1 18 4 17 6 -6 8 11 19 14 -11 20 -13 -14 15 16 -5 -4 28 -3 21 25 -23 24 -24 26 -8 -22 29 -2
right_child=1 2 3 9 5 -7 7 -9 -10 10 -12 12 13 -15 -16 -17 -18 -19 -20 -21 27 22 23 -25 -26 -27 -28 -29 -30 -31
leaf_value=-0.044382868297848745 0.05025509233074326 0.074874501654279474 0.05435352872512364 0.023941463005558463 -0.018384507277953873 0.036890112635723379 -0.020518019688328403 -0.014904989307366934 -0.007887731264764386 0.08979531996602419 0.008000891002162145 0.12502845602273976 -0.010536882422901551 0.086690646458603013 0.00077785976227485489 0.001271262557047725 0.14485234389437973 -0.028468851002398245 0.026035891947963703 -0.0084194134186051858 0.08149123130419636 -0.011386278012535998 0.044310153278794256 0.0099830009843181137 0.12202626141552203 0.11813502702311923 0.10010747353310286 0.01323826001766918 -0.017242547600785002 -0.022470327334418248
leaf_weight=145.70102657005191 13.349919989705088 9.211602218449114 4.0950147062540045 7.5909098982810992 52.87853217869997 22.601023569703102 5.7671292498707789 22.428288839757442 60.629316419363022 8.8736534863710421 9.3533910289406759 7.4444675073027637 6.7164059504866582 5.9367205277085304 177.0461732968688 14.961995929479597 5.4594267383217812 52.044741936028004 19.063136875629425 5.3915856406092635 6.1982683911919585 14.712911896407602 38.615702994167805 26.527022860944271 5.8986874520778647 8.9067502915859205 6.3926888704299927 97.129280298948288 138.96559140458703 12.586790844798086
leaf_count=2760 179 109 51 92 636 245 69 275 759 89 98 82 80 61 2255 171 57 713 228 69 71 167 387 288 64 101 69 1095 1962 178
internal_value=-0.000272124 0.00714268 0.0112811 0.00265494 0.0172563 -0.0018335 0.0216506 0.0274396 0.00220772 0.00896132 0.0478217 0.0315644 0.0683992 0.0350813 0.00550714 0.0353976 0.0745228 -0.0224275 -0.00821743 0.0441219 0.0280416 0.0384006 0.0294814 0.0379452 0.0546085 0.0747072 0.0428975 0.0173325 -0.0121772 0.0149623
internal_weight=1012.48 866.777 682.812 279.425 403.386 75.4796 327.907 252.674 75.2325 223.286 18.227 230.246 20.0976 12.6531 205.059 28.0123 13.0503 56.1398 183.965 14.6032 210.148 106.821 85.7543 71.0414 44.5144 21.0666 12.1598 103.328 164.902 25.9367
internal_count=13460 10700 8153 3526 4627 881 3746 2809 937 2762 187 2534 223 141 2575 320 149 764 2547 178 2311 1145 906 739 451 239 138 1166 2319 357
is_linear=0
shrinkage=0.05


Tree=10
num_leaves=31
num_cat=0
split_feature=18 11 38 32 18 54 3 54 38 35 4 15 4 42 0 3 13 48 0 37 43 37 42 32 14 47 1 50 43 20
split_gain=123.739 19.7498 16.9791 15.6259 14.0612 11.5995 10.3564 15.7374 10.0553 13.5734 10.8218 11.5902 15.2425 10.4654 9.78861 11.8175 11.37 9.67498 15.0478 10.4728 20.5308 12.1144 9.51364 18.0556 12.0142 14.2122 11.3654 9.4532 9.17437 13.1827
threshold=0.0018180277790743537 -0.21822553219590804 0.27321086781664722 6.5000000000000009 0.0030382723038892292 -0.00021674483659010841 0.0040934909211464013 -0.0082363534646175424 0.26700014152835511 0.15336920489270253 166.2035714285698 0.036809275710584337 304.76785714285671 3.4560000000000008e-05 0.00013153350720160128 0.0029731191295043857 0.060847382920056217 -0.00059038658920931126 -0.00057961989927157417 0.052688976942788901 1.8390000000000005e-05 0.01303614694909745 2.1880000000000004e-05 3.5000000000000004 0.84114623505065089 -0.0005612750741664916 -0.00098562693993121107 3.4664910130541595e-05 2.8275000000000051e-06 -0.0019775405008567869
decision_type=2 2 2 2 2 2 2 2 2 2 2 2 2 2 2 2 2 2 2 2 2 2 2 2 2 2 2 2 2 2
left_child=-1 2 22 5 -5 14 7 -3 10 -10 -8 12 13 -12 15 -4 -16 18 -9 20 21 -19 23 27 25 -25 -27 -2 -28 -30
right_child=1 6 3 4 -6 -7 8 17 9 -11 11 -13 -14 -15 16 -17 -18 19 -20 -21 -22 -23 -24 24 -26 26 28 -29 29 -31
leaf_value=-0.043908433700471365 0.0048913478249826454 0.066817221741258009 -0.028187156979551615 0.096652147713974942 0.017829724960153066 -0.014685175777929854 -0.054953712616150535 0.11223983812609351 0.0046538107728778229 0.065694230294145298 0.1048605191411375 0.01321822186894576 0.0074925926477476066 0.017223191560532741 0.1172825233844404 0.051077652817439027 0.019518663362570306 0.011493461980495445 0.0015760169076819907 -0.0041465683799410576 -0.039227590249856524 0.10958743256135291 -0.01216737663072966 0.084091318799701498 0.10351700654878133 -0.025016319337298594 -0.0015360884040076404 -0.030065081960709186 0.11949329901410338 0.024732658348290099
leaf_weight=140.05506493896246 40.243284329771996 10.176152057945727 10.899704381823545 10.66926207393408 12.046269383281468 31.940480694174767 5.1029679700732222 5.0450890436768532 13.966775417327879 26.176117219030857 11.728870473802095 149.7642615288496 13.29430368542671 4.8010136783123007 5.4133586809039098 8.2699531093239766 6.5999695807695389 5.2425321787595767 7.8540150076150876 161.16202198714018 6.3347370252013198 7.8758009001612663 213.57849996909499 7.1822323426604262 4.3964023217558852 16.751224339008331 17.898401364684105 37.234985891729593 4.849325269460679 15.094012029469013
leaf_count=2760 518 109 128 99 127 391 63 53 147 264 113 1645 138 54 51 78 73 63 88 1989 78 91 2976 87 50 212 237 528 55 195
internal_value=-0.000285309 0.00672444 -0.000677535 0.01929 0.0548518 0.0064927 0.0143776 0.00621118 0.021776 0.0444567 0.0168464 0.0188866 0.0473506 0.0794067 0.028185 0.00600836 0.0635723 0.00302415 0.0448588 3.64191e-05 0.034691 0.0703857 -0.00547556 0.00447384 0.0236551 0.0179715 0.0092728 -0.0119082 0.0244514 0.0477742
internal_weight=1011.65 871.592 443.067 85.839 22.7155 63.1235 428.525 203.69 224.834 40.1429 184.691 179.588 29.8242 16.5299 31.183 19.1697 12.0133 193.514 12.8991 180.615 19.4531 13.1183 357.228 143.65 66.1716 61.7752 54.593 77.4783 37.8417 19.9433
internal_count=13460 10700 5805 947 226 721 4895 2471 2424 411 2013 1950 305 167 330 206 124 2362 141 2221 232 154 4858 1882 836 786 699 1046 487 250
is_linear=0
shrinkage=0.05


Tree=11
num_leaves=31
num_cat=0
split_feature=18 2 41 37 3 42 6 12 7 6 1 41 42 32 5 15 37 42 47 45 38 38 14 45 38 48 42 7 38 18
split_gain=115.614 19.002 16.2528 16.6753 19.999 15.1072 13.5008 14.0526 13.0627 13.8668 13.6823 12.0895 12.9614 12.5529 13.0948 12.0023 11.3597 12.4408 14.3152 11.1681 14.0534 11.0827 10.3495 10.2557 10.1349 12.3143 13.7129 11.8632 10.923 10.5051
threshold=0.0018180277790743537 -0.003251561273640693 9.9015000000000013e-05 0.082612271854553568 0.0041921891979399481 9.0375000000000015e-05 17.500000000000004 1.4730752453151734 5.5000000000000009 18.500000000000004 0.0014517969082536448 8.5485000000000012e-05 1.8375000000000003e-05 8.5000000000000018 0.0038630213808219919 0.032818761397780442 0.68229617842313861 1.4215e-05 -0.00048142953197725469 -0.00039109182723360761 0.26298397217783132 0.15147603510560589 0.39077956101293326 -0.00054816263014317325 0.27321086781664722 -0.00053496184416141886 4.1650000000000008e-06 3.5000000000000004 0.29599810512440528 0.0027085395359281624
decision_type=2 2 2 2 2 2 2 2 2 2 2 2 2 2 2 2 2 2 2 2 2 2 2 2 2 2 2 2 2 2
left_child=-1 6 3 5 8 24 21 -8 11 15 -11 12 13 14 -5 -10 17 -6 23 20 -20 -2 -13 -19 25 27 -27 -3 -26 -30
right_child=1 2 -4 4 16 -7 7 -9 9 10 -12 22 -14 -15 -16 -17 -18 18 19 -21 -22 -23 -24 -25 28 26 -28 -29 29 -31
leaf_value=-0.043429018783822049 -0.010783418489847646 0.088293131279047365 -0.03619179066076595 -0.0096057689727198081 -0.0030350030819640602 0.11396604788420467 -0.014214645137111509 0.05391258629425312 0.072964277985782977 0.021357243690407261 0.14056932814131465 -0.0078836819633725293 -0.019103809532527896 0.047520363776402515 0.065520698179830486 -0.0071065773018887841 -0.0013735290437761648 0.048169784305420502 0.05136403352365973 0.0092644080209619388 0.13147694553778064 0.028520330150262254 0.1005887182018937 -0.0087467096274951167 0.086182481762029889 0.073928480660947787 -0.013655838128821788 -0.012121214156320351 -0.026260865990774519 0.060463625812174494
leaf_weight=134.65827338024974 20.033885736018419 8.0096967630088312 27.068943992257118 79.93542604893446 25.699073389172554 4.3923063650727263 47.633054628968239 8.9993444830179197 5.4443776831030837 5.8611162677407247 4.0840381011366844 4.3008291609585267 203.65312503278255 13.607967711985109 6.2541502155363551 33.340149186551571 61.824415735900402 13.461671501398085 16.403577558696274 7.7467599622905245 8.2159226313233358 171.25418262928724 4.4995407573878765 19.207022894173861 9.9867009967565554 5.0091688223183146 41.44868266955018 4.6483914107084265 6.8877748250961286 7.0824374333024025
leaf_count=2760 230 97 356 1061 300 48 588 86 64 68 49 60 2781 165 86 410 718 150 197 93 82 1850 59 221 87 56 542 57 82 57
internal_value=-0.000296172 0.00633423 0.00170755 0.00341452 -2.26352e-05 0.0235953 0.0180553 -0.00338868 -0.00643714 0.0176397 0.0703124 -0.0101946 -0.01187 0.00289176 -0.00415439 0.00413337 0.0151552 0.0264176 0.0380561 0.0616237 0.078099 0.024404 0.0475772 0.0147067 0.0188171 0.00769946 -0.00421234 0.0514183 0.0462509 0.0177056
internal_weight=1010.65 875.994 628.073 601.004 513.539 87.4652 247.92 56.6324 360.981 48.7297 9.94515 312.251 303.451 99.7975 86.1896 38.7845 152.558 90.734 65.035 32.3663 24.6195 191.288 8.80037 32.6687 83.0729 59.1159 46.4579 12.6581 23.9569 13.9702
internal_count=13460 10700 7946 7590 6564 1026 2754 674 4803 591 117 4212 4093 1312 1147 474 1761 1043 743 372 279 2080 119 371 978 752 598 154 226 139
is_linear=0
shrinkage=0.05


Tree=12
num_leaves=31
num_cat=0
split_feature=18 18 6 7 37 20 37 2 37 13 50 42 5 38 6 37 5 42 37 38 20 12 15 38 12 20 13 5 21 2
split_gain=108.134 19.422 19.4361 29.4499 18.2663 17.7891 19.268 13.8566 18.2242 13.3119 16.042 13.1043 23.3164 15.5589 20.668 18.0074 21.1566 19.8635 20.8538 17.8507 18.8148 15.6475 15.334 14.2834 16.3535 14.0848 13.7162 13.1326 12.9308 12.7652
threshold=0.0016321540952098834 0.0023837595670746169 17.500000000000004 5.5000000000000009 0.66334789182449982 -0.018123240564587289 0.18811210030430361 -0.0017733560222664439 0.73050126626982681 0.026745667791429065 0.0002244494687579576 1.7150000000000003e-06 0.0021352231366220174 0.23562673894827391 11.500000000000002 0.092556542567385214 0.0043696048892682198 1.8375000000000003e-05 0.31214183661485001 0.18069336622857413 0.0039370821877216253 1.26502771263396 0.032818761397780442 0.24192141887985222 1.0509277693540164 0.0031542335435937193 0.21314560649548212 0.0025603384326825401 -0.0010907660338701252 -0.005869985782263761
decision_type=2 2 2 2 2 2 2 2 2 2 2 2 2 2 2 2 2 2 2 2 2 2 2 2 2 2 2 2 2 2
left_child=-1 7 11 5 -5 -4 9 8 -2 10 -7 12 -3 14 -13 21 17 18 27 29 22 28 -21 24 -19 -18 -24 -17 -15 -16
right_child=1 2 3 4 -6 6 -8 -9 -10 -11 -12 13 -14 15 19 16 25 23 -20 20 -22 -23 26 -25 -26 -27 -28 -29 -30 -31
leaf_value=-0.049152699753698223 0.0050593353131887847 0.1373567811043091 0.097272992484697673 0.095568923116244375 0.0097644356595677009 0.1361343433987198 -0.024118275942970835 -0.016610025604596786 0.12005124655655688 -0.00048016426475317689 -0.0025468343724063054 -0.0045444927079242156 0.015779605828845359 0.020853878295503323 0.0039777321836975748 0.050888541184342155 0.10429007803699214 -0.0015071351593821493 0.011235342999335689 0.098712175494956769 -0.030461039953409482 -0.0080634083829075193 -0.022019674913160536 -0.0076927355368726835 0.11712489820133727 0.0092774489553039425 0.034094425101112623 0.14394807909530746 0.098336564393174897 0.068258154888128628
leaf_weight=101.87174306064844 52.598220869898796 5.9088386073708561 3.5746973007917395 10.469700984656813 15.218429356813429 4.6507875360548514 124.84483307227492 145.98424664139748 3.68703269958496 20.889607906341553 3.7801918461918831 192.19694091752172 11.857527710497378 7.6554932147264507 10.744790807366369 11.140273474156858 10.734713621437551 6.5964839309453946 26.072141416370869 6.1237275898456565 22.186925712972879 7.1875700503587714 16.636376574635506 92.827586509287357 5.1910754218697548 6.1268012896180144 31.528322517871857 5.7468601465225211 18.15282316505909 27.466757725924253
leaf_count=2177 694 57 36 100 165 52 1695 2125 43 253 50 2418 132 75 110 115 93 88 291 65 268 72 206 1074 55 68 330 62 167 324
internal_value=-0.000306719 0.00517481 0.00909079 -0.0049102 0.0447357 -0.0129951 -0.0155519 -0.00848401 0.012592 0.020923 0.073954 0.0140099 0.0562144 0.0125231 0.00547893 0.0234724 0.0167082 0.0106459 0.0392719 0.0222766 0.00833291 0.0571822 0.0241875 -0.00110917 0.0507367 0.0697663 0.0147123 0.0825576 0.075353 0.050183
internal_weight=1009.65 907.78 705.51 183.428 25.6881 157.74 154.165 202.27 56.2853 29.3206 8.43098 522.082 17.7664 504.316 306.884 197.432 164.436 147.574 42.9593 114.687 76.4754 32.9959 54.2884 104.615 11.7876 16.8615 48.1647 16.8871 25.8083 38.2115
internal_count=13460 11283 8421 2351 265 2086 2050 2862 737 355 102 6070 189 5881 3721 2160 1846 1685 468 1303 869 314 601 1217 143 161 536 177 242 434
is_linear=0
shrinkage=0.05


Tree=13
num_leaves=31
num_cat=0
split_feature=18 12 3 1 17 38 38 13 52 52 17 18 16 47 42 5 5 37 2 21 18 37 5 4 5 4 48 6 15 47
split_gain=101.705 17.8412 11.7363 13.6191 13.1805 11.6859 14.5387 12.7143 13.0858 13.8703 17.8972 10.8721 11.8417 10.187 17.9276 10.2626 12.2526 23.6841 17.0022 34.4295 16.136 15.1058 15.939 13.8533 13.7027 13.5555 11.9861 11.749 10.1169 10.0188
threshold=0.0016321540952098834 0.58957448047695504 0.012213075786427432 0.00052863401949442977 0.71107085372728707 0.18544541870504203 0.2362324170064258 0.11183084894433322 0.41328315736285287 0.69912777225651757 1.8091727237751452 0.0027085395359281624 0.26959892994068163 -0.00040847723325193884 2.3900000000000004e-06 0.0054162605384238506 0.0030393089859881962 0.62133844603215904 -0.0033736941416547569 -0.00080215669248121955 0.0044268647478720741 0.44923530517132321 0.0025094580383521457 310.91071428571223 0.0019816636268597718 284.61428571428615 -0.00048645502322707061 11.500000000000002 0.036809275710584337 -0.00042516517433815229
decision_type=2 2 2 2 2 2 2 2 2 2 2 2 2 2 2 2 2 2 2 2 2 2 2 2 2 2 2 2 2 2
left_child=-1 -2 3 13 -5 29 28 11 -9 -10 -11 -8 -13 15 -15 16 17 21 19 20 25 22 -3 27 26 -19 -20 -24 -7 -6
right_child=1 2 -4 4 5 6 7 8 9 10 -12 12 -14 14 -16 -17 -18 18 24 -21 -22 -23 23 -25 -26 -27 -28 -29 -30 -31
leaf_value=-0.04887247727231956 -0.0097234224096807709 0.012558256891462375 0.042819451930890234 -0.02237459672169833 0.011237012381742122 0.03721724055960015 0.0064981319433078822 -0.022917413746562729 0.097618083184978152 -0.024071679541679946 0.079519315236137617 0.027457702366510579 0.11599206112712002 0.084470362932014972 -0.015102505321602917 0.066540248446120401 -0.0045581540488174614 0.051780595901136456 0.11690557883052746 0.16706613224348202 0.11224302139625314 -0.019143362489057 0.11884075064395075 -0.00019164314733049399 -0.01628514027266614 -0.04698901492199007 0.0027158018622930706 0.028740536881551589 -0.023439805532701474 0.058625358164136401
leaf_weight=97.445088472217321 170.26671753823757 187.9145530834794 23.73203781247139 59.240227472037077 43.797374207526445 7.58063706383109 13.815923597663643 32.527294389903545 5.2208028174936798 14.278400894254448 5.8892061635851851 8.298618867993353 6.9315008930861941 4.9371492043137541 53.558789044618607 9.6857260912656766 69.065388336777687 9.1967783495783859 4.9240198768675327 7.5616199448704711 5.9067623242735854 32.849938914179802 9.3752648383379 7.1684982031583777 12.813702315092085 5.5824433490633956 4.3092241287231463 5.8921088278293601 73.769065786153078 14.964410927146671
leaf_count=2177 2450 2198 203 839 554 97 179 402 61 166 63 90 74 48 667 95 764 91 62 69 58 377 94 78 152 60 53 64 983 192
internal_value=-0.000321758 0.00487116 0.00822566 0.00708073 -0.00137119 0.0041083 -0.00259377 0.0116194 -0.00191997 0.0249817 0.00617825 0.0386159 0.0677513 0.0126987 -0.0066984 0.0157468 0.0143899 0.0188488 0.0500822 0.0757652 0.0423907 0.0123896 0.017314 0.0571465 0.0171759 0.0144731 0.0636124 0.0840685 -0.0177874 0.023305
internal_weight=1008.5 911.054 740.787 717.055 286.313 227.073 168.311 86.9617 57.9157 25.3884 20.1676 29.046 15.2301 430.742 58.4959 372.246 362.56 293.495 50.2946 28.2476 20.686 243.2 210.35 22.4359 22.0469 14.7792 9.23324 15.2674 81.3497 58.7618
internal_count=13460 11283 8833 8630 3700 2861 2115 1035 692 290 229 343 164 4930 715 4215 4120 3356 545 278 209 2811 2434 236 267 151 115 158 1080 746
is_linear=0
shrinkage=0.05


Tree=14
num_leaves=31
num_cat=0
split_feature=18 18 6 7 37 19 37 2 37 18 13 37 6 6 42 38 18 54 37 5 47 17 15 3 42 5 21 42 42 53
split_gain=95.6933 17.0341 16.5512 25.2291 15.0914 16.2956 14.766 12.1293 15.4141 11.8558 13.2985 11.3485 17.1168 20.0112 18.7835 17.2787 18.5811 20.3968 16.7165 21.6002 21.0774 20.7081 16.6021 16.4226 17.2992 15.7752 15.7462 13.8993 13.2559 16.1072
threshold=0.0016321540952098834 0.0023837595670746169 17.500000000000004 5.5000000000000009 0.18811210030430361 -0.0077673632564455525 0.66334789182449982 -0.0017733560222664439 0.74683717275085881 0.0031464650398026514 0.025884808519927794 0.036502486129074641 11.500000000000002 14.500000000000002 7.6149999999999999e-06 0.22596333496360596 0.0059098953257905483 0.0011974619542230579 0.60806908352462774 0.0029341087984688743 -0.00043602825257964094 1.1976784158849949 0.019536540931143823 0.00510437466258772 4.7900000000000007e-06 0.0016852975962578945 -0.0023480253302732268 1.3965000000000001e-05 1.8450000000000005e-05 0.001330913925752013
decision_type=2 2 2 2 2 2 2 2 2 2 2 2 2 2 2 2 2 2 2 2 2 2 2 2 2 2 2 2 2 2
left_child=-1 7 11 4 9 -6 -5 8 -2 10 -4 -3 15 18 23 22 28 -18 20 21 25 -20 27 24 -15 -14 -16 -13 29 -17
right_child=1 2 3 6 5 -7 -8 -9 -10 -11 -12 12 13 14 26 16 17 -19 19 -21 -22 -23 -24 -25 -26 -27 -28 -29 -30 -31
leaf_value=-0.048591921208381648 0.0041298727024645229 0.041626927802901004 0.11822103199189582 0.083488960064530687 0.072166158794610524 -0.02354744797299424 0.0083513843060528843 -0.016005285337605504 0.10638377607010099 -0.014951566974091944 0.019026664147108411 0.10373956982144367 0.073911523083155115 0.044159745568787816 0.02945334015749361 0.057057715562455605 0.13447210493666248 0.0056634994506826403 0.1887585770285643 0.020990020001771387 0.073066135499631049 0.058974642846397224 -0.013004595934202624 -0.0042224499459738891 0.16396131229800059 -0.00060562176137692882 -0.013671461989002695 0.0079873231688713988 -0.001723153557496493 -0.02453774333330834
leaf_weight=93.214403610676527 53.365499459207058 31.835870318114758 4.7999092750251355 11.30493561178446 4.6160150468349448 121.41417652368546 15.508720710873602 143.91728940606117 3.9589360095560542 13.568146798759697 11.412781603634356 5.5674296170473125 8.4340930357575399 9.0157563649117964 30.044721398502588 24.533334650099277 6.7109484001994115 5.6699866428971291 5.8705441206693667 9.6751599460840207 18.516146659851074 6.450961671769619 149.01088802143931 8.5771002173423749 4.5259729325771323 44.980695031583309 71.63693505898118 11.870997700840233 69.446639459580183 8.0271852985024434
leaf_count=2177 697 326 49 100 42 1689 165 2125 40 165 141 53 87 105 299 250 59 64 54 101 193 61 1896 87 45 488 844 147 820 91
internal_value=-0.000331919 0.00458844 0.0082142 -0.00476817 -0.0124776 -0.0200418 0.0400302 -0.00825812 0.0111917 0.0195338 0.048394 0.0126842 0.0108361 0.0213579 0.00815455 0.00267871 0.0176393 0.0754828 0.0387605 0.0769044 0.027096 0.12081 -0.00760259 0.0499123 0.0842003 0.0111605 -0.000929019 0.0385574 0.0106187 0.0369419
internal_weight=1007.48 914.268 713.026 182.625 155.811 126.03 26.8137 201.242 57.3244 29.7808 16.2127 530.401 498.565 217.728 123.8 280.837 114.388 12.3809 93.9276 21.9967 71.9309 12.3215 166.449 22.1188 13.5417 53.4148 101.682 17.4384 102.007 32.5605
internal_count=13460 11283 8421 2351 2086 1731 265 2862 737 355 190 6070 5744 2364 1380 3380 1284 123 984 216 768 115 2096 237 150 575 1143 200 1161 341
is_linear=0
shrinkage=0.05


Tree=15
num_leaves=31
num_cat=0
split_feature=18 18 37 35 5 5 20 37 42 42 32 3 6 16 0 0 56 2 37 45 19 0 1 48 37 15 32 37 41 47
split_gain=90.0471 15.2864 15.3218 17.6024 12.3078 21.704 29.3409 17.5364 18.5789 23.8009 28.5784 12.1983 12.0292 13.5424 12.8304 13.6173 14.778 11.0623 12.6777 11.2286 10.8948 9.99324 9.09018 8.78073 12.4812 8.70708 8.65733 8.64117 11.9197 15.7533
threshold=0.0016321540952098834 0.0023837595670746169 0.32401625918892801 0.049649820021368855 0.0025094580383521457 0.002679277664584985 0.00093998955517831924 0.18811210030430361 2.6470000000000006e-05 1.3015000000000002e-05 1.5000000000000002 0.0011902281363915664 9.5000000000000018 0.36137904311583952 -0.0035454935674525613 -0.00061715155495227221 0.13685686063400446 -0.0017733560222664439 0.74683717275085881 -0.00056375713987750337 0.00073737299101096505 -0.0059861313621748955 -0.0090294249914866231 -0.00048772717828113782 0.05707467203016877 0.19271145839056525 4.5000000000000009 0.043350723794698766 -5.9839999999999989e-05 -0.00055507811644784613
decision_type=2 2 2 2 2 2 2 2 2 2 2 2 2 2 2 2 2 2 2 2 2 2 2 2 2 2 2 2 2 2
left_child=-1 17 4 11 27 6 -6 -7 9 25 -11 -4 22 14 26 16 -16 18 19 -2 -10 -13 -5 -21 -25 -9 -14 -3 -29 -30
right_child=1 2 3 12 5 7 -8 8 20 10 -12 21 13 -15 15 -17 -18 -19 -20 23 -22 -23 -24 24 -26 -27 -28 28 29 -31
leaf_value=-0.048310406194051581 0.05916781891596188 0.032883574678707062 0.079674160802791591 0.049690807531624338 0.040582475729089629 -0.010586754607123525 0.19348264033325221 -0.034319064510031715 -0.042102032321849267 0.034988828277914101 0.19042074240133755 0.052669393391411481 -0.017446231298528833 -0.0031438986317398848 0.12406832359330983 0.0292134621034385 0.036809962142555185 -0.015417825820996073 0.093374980960041931 -0.032748083302611863 0.060510402938718469 -0.0089173591678591707 -0.019158057995168464 0.078454821380575607 -0.0048836583854537062 0.055741516898054733 0.050443500262386892 -0.035891445887901552 0.073341927633097423 0.0059898114288721195
leaf_weight=89.172032371163368 7.8462442569434634 35.772369164973497 4.0889166705310336 5.5750604420900336 9.8352835066616517 25.261892847716808 4.6074399352073661 4.6913742050528544 7.6500890776514989 5.4527425505220872 6.4619946293532848 6.7588824853301039 17.468103677034382 38.120594061911106 9.3450925722718257 48.384770326316357 10.092577189207075 141.98120779544115 4.27599799260497 18.01419327780604 3.9083177149295807 258.64691414311528 34.230363734066486 5.6426680795848432 22.043926987797022 6.2713568732142448 6.4223580360412589 15.543557271361349 9.2417526841163617 143.28548926860094
leaf_count=2177 95 353 55 51 112 288 53 56 96 57 65 62 161 384 86 501 98 2125 40 233 53 3389 391 80 289 74 54 190 103 1689
internal_value=-0.000343979 0.00432083 0.00772855 0.00191366 0.0169144 0.0343594 0.0893599 0.0210531 0.0442638 0.0703685 0.119288 -0.00602862 0.0145311 0.0219034 0.0323143 0.0434137 0.0787614 -0.00790982 0.0105257 0.00390973 -0.00740504 -0.00734898 -0.00951524 -0.00557738 0.0121011 0.0172011 0.000804239 0.0105694 0.00582005 0.0100707
internal_weight=1006.09 916.922 717.117 439.134 277.984 74.1405 14.4427 59.6978 34.4359 22.8775 11.9147 269.495 169.639 129.833 91.7129 67.8224 19.4377 199.804 57.823 53.547 11.5584 265.406 39.8054 45.7008 27.6866 10.9627 23.8905 203.843 168.071 152.527
internal_count=13460 11283 8421 5232 3189 854 165 689 401 252 122 3506 1726 1284 900 685 184 2862 737 697 149 3451 442 602 369 130 215 2335 1982 1792
is_linear=0
shrinkage=0.05


Tree=16
num_leaves=31
num_cat=0
split_feature=4 12 1 1 50 38 13 5 4 42 21 5 5 56 2 50 54 5 45 42 4 10 12 5 17 20 4 6 48 12
split_gain=80.5746 14.9087 9.64454 13.4059 11.634 15.1798 15.5059 8.85361 12.322 17.6542 8.84802 10.184 12.9696 8.72202 9.25823 8.55099 12.1482 8.89551 7.87405 9.04466 18.1078 12.3324 11.0166 9.84383 9.34708 8.62495 8.59207 8.51791 8.26369 8.24794
threshold=130.43214285714308 0.58957448047695504 0.00045514193790847403 0.010510974608382788 0.0010262787493361702 0.23562673894827391 0.1540428073348693 0.0020963622330240485 216.26071428571441 2.2355000000000002e-05 0.0026809239379518694 0.0013137474264749889 0.0013443458945119821 1.2585862513403716 0.013699330866400202 -0.00029509816263442555 -0.001469674279043838 0.0027537734047547798 -0.00046107394054428319 8.8050000000000012e-06 212.29642857142974 1.0000000180025095e-35 0.76389723191466252 0.0025094580383521457 0.88746851574690078 0.0026632943208161424 500.62142857142584 14.500000000000002 -0.0004377746033952116 0.70205414709828307
decision_type=2 2 2 2 2 2 2 2 2 2 2 2 2 2 2 2 2 2 2 2 2 2 2 2 2 2 2 2 2 2
left_child=-1 7 4 15 10 -6 -7 -2 9 -9 11 -3 -13 14 -5 16 -4 -18 25 20 -20 22 23 29 -22 -14 27 28 -23 -21
right_child=1 2 3 13 5 6 -8 8 -10 -11 -12 12 18 -15 -16 -17 17 -19 19 21 24 26 -24 -25 -26 -27 -28 -29 -30 -31
leaf_value=-0.045177173886362998 -0.022937497145905865 -0.012126510723247323 -0.029582438295793708 0.022280053643726802 0.0076646076798080279 0.12141696151073522 0.027839488166070327 0.12288781277200518 -0.0055192298972878764 -0.01277235716475441 -0.017668283405758056 0.087496509735403058 0.017043450679604336 0.0028286275782743444 0.11188802980303843 -0.0054667311013766023 0.065062050886470615 -0.0098871723154128725 0.10551625894438375 -0.031696624907388692 0.048817535084134035 0.086587146173091628 -0.027996517027588493 0.085160394165772507 -0.04108847892063764 0.077891953432991962 0.077582362864010074 -0.012350578403186076 0.0081284102677057473 0.055179843894200088
leaf_weight=91.161252290010452 70.047162715345621 41.023821726441383 7.6727234683930901 5.6481977477669734 18.961857687681913 8.3810136280953902 9.3828487992286664 4.7354843877255899 87.04279001802206 4.8588781841099262 28.116304498165846 5.9378653615713111 205.42850245907903 9.2455834709107858 5.8868785575032234 254.48513523861766 14.420561131089928 5.4570643380284301 6.1032632514834431 8.3549054637551325 5.2444123029708845 5.5794611349701873 48.835006635636091 4.2133497446775428 6.4420709386467934 5.9935793019831172 5.5013432800769797 18.411933980882168 8.4218569546937925 4.0594046860933295
leaf_count=2231 1038 594 90 54 228 90 96 58 1254 73 350 70 2100 92 53 3343 168 63 56 105 58 56 570 47 66 70 46 210 81 50
internal_value=-0.000352529 0.00411875 0.007135 0.000253495 0.0118242 0.0387779 0.0719895 -0.00940245 0.000408381 0.0541854 0.00939598 0.0114008 0.014252 0.0390106 0.0680111 -0.00260217 0.0238581 0.044486 0.0129443 0.00278185 0.0357126 -0.00288506 -0.0160278 0.0191239 -0.000742363 0.0187684 0.019807 0.0100011 0.0393939 -0.00328854
internal_weight=1005.05 913.893 747.209 302.816 444.393 36.7257 17.7639 166.684 96.6372 9.59436 407.667 379.551 338.527 20.7807 11.5351 282.035 27.5503 19.8776 332.589 121.167 17.7897 103.377 65.4627 16.6277 11.6865 211.422 37.9146 32.4133 14.0013 12.4143
internal_count=13460 11229 8806 3863 4943 414 186 2423 1385 131 4529 4179 3585 199 107 3664 321 231 3515 1345 180 1165 772 202 124 2170 393 347 137 155
is_linear=0
shrinkage=0.05


Tree=17
num_leaves=31
num_cat=0
split_feature=18 12 42 43 51 41 15 18 12 4 47 14 21 32 0 13 7 38 20 43 20 47 37 37 10 47 6 38 5 54
split_gain=80.5306 13.1911 8.73102 18.3381 16.7991 13.6935 13.25 10.9678 10.8497 11.4086 18.688 10.8305 10.5032 10.2653 13.1546 14.5836 14.0822 24.7962 22.6397 13.4175 11.2404 21.1468 14.8958 10.0453 11.117 10.0385 9.70848 9.68175 9.03931 10.4578
threshold=0.0016321540952098834 0.58957448047695504 6.5340000000000008e-05 6.0970000000000007e-05 -1.0000000180025095e-35 5.2460000000000003e-05 0.035297431921195895 0.001921463791246877 2.4892178397187168 159.85357142857075 -0.00048363446662444496 0.27850243159742694 -0.0018802145801676438 3.5000000000000004 0.0062650745649709969 0.097702104943823101 3.5000000000000004 0.22251436636851249 0.00090811211200536037 -4.3049999999999944e-06 -0.0044034029596463171 -0.00044701107069311611 0.57509096112116664 0.8751381890627814 1.0000000180025095e-35 -0.00050013663525520606 15.500000000000002 0.18610856850487398 0.0016767406534695674 -0.00095562340348333524
decision_type=2 2 2 2 2 2 2 2 2 2 2 2 2 2 2 2 2 2 2 2 2 2 2 2 2 2 2 2 2 2
left_child=-1 -2 3 5 12 6 8 -8 9 10 -3 -11 -5 -9 15 16 17 -15 -19 -18 21 22 25 24 -4 -17 -26 -24 29 -22
right_child=1 2 23 4 -6 -7 7 13 -10 11 -12 -13 -14 14 -16 20 19 18 -20 -21 28 -23 27 -25 26 -27 -28 -29 -30 -31
leaf_value=-0.047785892295848488 -0.0088452332291915001 0.14588983953828447 -0.013365156670049703 0.070034385627513809 0.12568759566319199 -0.030445198150418545 -0.02529043958279097 0.0021765144702639355 0.074047361334296111 0.080545332338771161 0.0054418259602522778 0.0068804624683302083 -0.033992810297735591 -0.0023434381713009229 0.095618904694645623 -0.031493580994380398 0.047418517034077068 0.061549510123479603 0.18603454326963614 -0.040039419528829279 0.064676978075539834 -0.038520812644564022 0.046552641867990026 -0.055096513691584886 0.037969726557247632 0.065123218111063572 -0.016994839707970433 0.13269334576411967 -0.011664365300787329 -0.001103721727623592
leaf_weight=82.167080197483301 166.95813749358058 4.4824764654040337 69.254199083894491 5.1185540482401839 6.265970353037118 22.764891568571329 26.50403718277812 307.46546662226319 10.835242111235855 5.444734174758195 5.022148445248602 59.690675929188728 4.6133553162217131 10.397875171154739 5.1930435746908179 5.9563358500599861 8.6772113665938395 14.180812768638136 4.919407006353139 8.8665444850921613 9.4832166060805339 7.995948188006877 6.2710981667041761 9.5377627275884134 25.349065504968166 4.9002500846982056 11.761441774666308 6.7979360297322273 70.454586990177631 16.650638408958912
leaf_count=2177 2450 63 884 50 65 308 470 3539 88 59 77 633 56 128 45 62 98 136 50 93 102 79 63 119 262 48 151 61 836 208
internal_value=-0.0003551 0.00387271 0.00668565 0.0089759 0.0618337 0.00761848 0.00906221 0.00603481 0.0272926 0.0205054 0.0716785 0.0130382 0.0207209 0.0077354 0.0171916 0.0148716 0.0386907 0.0597881 0.0936116 0.00321762 0.00615252 0.031875 0.0554013 -0.00594014 -0.00153227 0.0121156 0.0205498 0.0913592 -0.00234852 0.0227662
internal_weight=1003.98 921.813 754.855 638.952 15.9979 622.955 600.19 514.714 85.4753 74.64 9.50462 65.1354 9.73191 488.21 180.745 175.552 47.0419 29.4981 19.1002 17.5438 128.51 31.9216 23.9256 115.902 106.365 10.8566 37.1105 13.069 96.5884 26.1339
internal_count=13460 11283 8833 7417 171 7246 6938 6018 920 832 140 692 106 5548 2009 1964 505 314 186 191 1459 313 234 1416 1297 110 413 124 1146 310
is_linear=0
shrinkage=0.05


Tree=18
num_leaves=31
num_cat=0
split_feature=18 18 6 7 2 48 37 23 13 54 37 23 38 42 3 7 37 38 6 18 11 6 7 7 42 3 23 4 42 37
split_gain=75.8213 12.46 13.7501 20.663 13.2781 14.8277 12.7548 13.9431 10.5283 11.352 9.69777 12.5635 12.783 15.5419 19.5349 18.8419 18.4037 12.4749 11.9827 11.809 11.1422 9.6452 20.649 22.0492 18.9003 13.022 12.3706 13.1161 11.5764 11.2822
threshold=0.0016321540952098834 0.0023837595670746169 17.500000000000004 5.5000000000000009 -0.0011513270669921648 -0.00049820573359650184 0.18811210030430361 -0.0017800628168747991 0.047739018182457557 -0.00021674483659010841 0.37763867849662541 -0.00090812456861187867 0.23562673894827391 3.5360000000000007e-05 0.0031609610015304111 3.5000000000000004 0.043350723794698766 0.13330721257033001 11.500000000000002 0.0025349101659305202 -0.48104730675980217 14.500000000000002 2.5000000000000004 1.5000000000000002 8.0100000000000012e-06 0.00510437466258772 -0.00076563414386832649 433.66428571428543 4.7900000000000007e-06 0.60806908352462774
decision_type=2 2 2 2 2 2 2 2 2 2 2 2 2 2 2 2 2 2 2 2 2 2 2 2 2 2 2 2 2 2
left_child=-1 -2 10 6 -5 -6 8 -8 9 -4 11 -3 17 14 20 -16 -15 -13 -12 -18 -14 22 23 29 25 28 27 -26 -23 -20
right_child=1 2 3 4 5 -7 7 -9 -10 -11 18 12 13 16 15 -17 19 -19 21 -21 -22 24 -24 -25 26 -27 -28 -29 -30 -31
leaf_value=-0.047498329596244393 -0.0074762088986423617 0.07936513819059704 0.090774426206824507 0.0030604776705157981 0.13061074132120645 0.022494950267167618 0.068829440812228956 -0.02268207190262634 -0.010692644322234121 0.0014972084619599333 -0.0079040318420269332 0.078884211550903249 0.044321809579376079 0.069580768784157615 0.10294758937974342 0.015252289065968198 0.072960491022374646 0.0025235752635734275 -0.016850809281317988 -0.010998124822674343 -0.023558597745756162 0.041225007437683314 -0.007293607817790114 0.1114961730963857 -0.021998043524830625 -0.003520492164654325 -0.01386263632961145 0.063768372930625206 0.13455628193555355 0.063534729341201163
leaf_weight=78.621094819158316 197.80573047697544 7.9985014945268622 7.4178146235644817 15.551788613200189 5.8346005529165268 6.9474475011229497 4.312334068119525 119.74005487188697 16.550080709159374 6.847654841840269 117.80825612321496 5.5719485729932776 14.083213694393637 10.751203894615172 19.828038629144434 8.8629222139716131 4.6392878890037528 133.42056137695909 8.8485767953097838 43.068671047687531 10.592193748801945 9.2593909017741698 20.285760652273893 11.70360913872719 7.1694573909044292 8.4200441017746908 75.318520504981279 11.78536421060562 5.1817994862794867 8.6143486723303777
leaf_count=2177 2862 70 80 141 53 71 36 1695 190 85 1463 69 133 88 178 81 51 1586 92 478 110 104 209 98 71 84 886 96 45 78
internal_value=-0.000360713 0.00364917 0.00667866 -0.00516677 0.0340914 0.0718464 -0.0123492 -0.0195009 0.0164409 0.0479199 0.0106736 0.0176767 0.0157094 0.0282938 0.0478032 0.0758576 0.010484 0.00558473 0.00430043 -0.0028337 0.0151834 0.0129313 0.0314476 0.0583927 0.00511399 0.0458995 -0.00477647 0.0313281 0.0747142 0.0228029
internal_weight=1002.84 924.219 726.413 183.202 28.3338 12.782 154.868 124.052 30.8156 14.2655 543.212 258.817 250.818 111.826 53.3664 28.691 58.4592 138.993 284.395 47.708 24.6754 166.587 49.4523 29.1665 117.135 22.8612 94.2733 18.9548 14.4412 17.4629
internal_count=13460 11283 8421 2351 265 124 2086 1731 355 165 6070 2844 2774 1119 502 259 617 1655 3226 529 243 1763 477 268 1286 233 1053 167 149 170
is_linear=0
shrinkage=0.05


Tree=19
num_leaves=31
num_cat=0
split_feature=18 12 42 45 2 11 21 5 42 37 13 19 50 18 37 52 53 12 5 47 50 50 38 37 48 53 1 41 29 12
split_gain=71.3941 11.3568 8.17761 11.2048 9.55437 10.3304 10.3414 9.27458 13.0155 23.7762 8.55382 8.15411 14.3058 7.60075 7.71734 10.9126 11.0834 10.6367 10.4697 10.3838 9.7395 14.0394 9.19854 8.43294 9.07087 7.90433 13.0715 7.72991 7.36344 10.8424
threshold=0.0016321540952098834 0.58957448047695504 1.2570000000000002e-05 -0.00038973371145365485 0.0025801232524968174 -0.94298912235705235 -0.00052331244493968542 0.0024283631219751156 2.2355000000000002e-05 0.44923530517132321 0.077107674410886937 -0.0013327307984340217 -0.0026459614581810166 0.001907056899299941 0.052688976942788901 0.034574403912867313 -0.0017035434941511005 1.7780336812805875 0.0054162605384238506 -0.0004226174681083531 0.002852323372684771 0.0010625524861591921 0.29599810512440528 0.78133434333620133 -0.0004793750276656374 0.00045182425382187745 -9.1565705896975999e-05 -5.3669999999999993e-05 1.0000000180025095e-35 1.1006894624068471
decision_type=2 2 2 2 2 2 2 2 2 2 2 2 2 2 2 2 2 2 2 2 2 2 2 2 2 2 2 2 2 2
left_child=-1 2 3 4 5 6 10 -4 9 -9 -2 12 -10 -3 15 16 -15 18 28 23 21 -19 25 -20 -25 26 -18 -17 -16 -30
right_child=1 13 7 -5 -6 -7 -8 8 11 -11 -12 -13 -14 14 17 27 22 20 19 -21 -22 -23 -24 24 -26 -27 -28 -29 29 -31
leaf_value=-0.047207562868837337 0.031794125224609615 -0.01566038833932842 -0.02634073448329672 0.089149079215885607 -0.042707144460691349 -0.029255485454708005 0.0018425357034923388 0.13525608485315596 0.1053197109904771 -0.010943186862098685 0.13230865470811373 -0.022429550290140477 -0.024137315868506971 0.083183534157042563 0.0030655258028707143 0.052198672808974535 0.060736105621362106 0.023934955543872465 0.10245349271141223 -0.0095969132477685386 -0.0027236298882861347 0.10714169098693932 -0.037953089045726918 -0.0068579531130082087 0.08171286329526127 0.060957437471136626 -0.041006234434618198 -0.021029043195234402 -0.038918589761830019 0.0092755141856992011
leaf_weight=75.235805913805962 4.513349764049055 38.38214385509491 72.064663153141737 4.1738853566348544 8.7458455935120565 7.9701507166028049 8.9121254794299585 4.6645653843879682 3.7518371716141701 6.8866870030760765 3.9858611635863781 34.817359305918217 4.9489871934056264 10.43762034922838 477.41191052645445 4.5862821564078358 5.9467693492770195 68.15758454054594 6.1802262254059377 9.4524228163063508 32.539306867867708 5.4769322872161856 5.0670764930546275 6.8683143258094814 4.9915827848017171 14.296292841434477 6.729171574115755 16.823199644684792 26.39886798709631 20.916944615542889
leaf_count=2177 54 698 1113 58 129 113 129 48 53 97 48 536 72 92 5551 47 61 611 56 100 345 54 52 66 45 146 79 179 395 256
internal_value=-0.000366363 0.003439 -0.00843374 0.0118195 0.00236181 0.0178915 0.0394733 -0.0145353 0.000913356 0.0480942 0.0789323 -0.0116101 0.0316852 0.00602118 0.00717334 0.023765 0.0384359 0.00556339 0.00277674 0.0328542 0.020057 0.0301239 0.0238582 0.0550972 0.0304197 0.0354702 0.00672499 -0.0053424 0.00120087 -0.0176134
internal_weight=1001.33 926.098 165.435 38.3012 34.1273 25.3815 17.4113 127.134 55.0694 11.5513 8.49921 43.5182 8.70082 760.663 722.281 63.8864 42.4769 658.394 552.22 27.4925 106.174 73.6345 32.0393 18.0401 11.8599 26.9722 12.6759 21.4095 524.728 47.3158
internal_count=13460 11283 2450 531 473 344 231 1919 806 145 102 661 125 8833 8135 656 430 7479 6469 267 1010 665 338 167 111 286 140 226 6202 651
is_linear=0
shrinkage=0.05


Tree=20
num_leaves=31
num_cat=0
split_feature=18 18 6 7 37 20 20 48 18 14 56 42 5 4 4 17 37 41 5 18 37 45 47 16 42 21 19 1 37 5
split_gain=67.2407 10.4188 11.9291 17.9402 11.6267 11.826 11.2398 11.26 9.48369 11.5356 9.40498 8.89683 14.4303 8.2926 8.05423 10.9038 9.61686 11.498 7.9818 7.87874 9.90349 13.2058 12.0267 11.2582 7.91629 7.82982 7.72279 11.2598 14.9615 10.8943
threshold=0.0016321540952098834 0.0023837595670746169 17.500000000000004 5.5000000000000009 0.18811210030430361 -0.018123240564587289 -0.0032844074030987116 -0.00049454553841001166 0.0031464650398026514 0.3944792093280694 0.75062790647897482 1.7150000000000003e-06 0.0021352231366220174 294.84642857142745 196.73571428571401 0.70834202971784943 0.57509096112116664 8.8050000000000012e-06 0.0032554984635399732 0.001921463791246877 0.25027409135198764 -0.00054554822550846756 -0.00044701107069311611 0.55402503209010145 2.7650000000000005e-05 0.0016228452469970402 0.00033910314905956834 0.010510974608382788 0.3617825219611725 0.0025094580383521457
decision_type=2 2 2 2 2 2 2 2 2 2 2 2 2 2 2 2 2 2 2 2 2 2 2 2 2 2 2 2 2 2
left_child=-1 14 11 4 8 -6 -5 -8 9 -4 -7 12 -3 -10 15 -2 19 -18 -14 -17 21 24 -22 25 -21 -23 -13 28 29 -28
right_child=1 2 3 6 5 10 7 -9 13 -11 -12 26 18 -15 -16 16 17 -19 -20 20 22 23 -24 -25 -26 -27 27 -29 -30 -31
leaf_value=-0.046913060202732962 -0.023962869576675431 0.098751463102965453 0.083123189549635892 -0.0025096686342183498 0.059643645740612927 -0.027168364080668125 0.10256081745870289 0.017792624179312183 -0.040411918646587941 0.0016549360509882033 0.016640635426067359 0.013383937578598713 -0.019726590971401739 0.045341263196109594 -0.038334128248119874 -0.021422096536251684 0.11473962173646966 0.012885415725159818 0.062610869672338074 0.11562715468399004 -0.040536510613114557 -0.0086514525526249393 0.04355378546957344 0.077969568396868208 0.033351140862683815 0.067452428147742896 0.0018311124811897104 0.040387418469141928 -0.015107128952582004 0.040430092266330646
leaf_weight=72.00454419106245 48.368677172809839 7.2452242746949223 8.1644750423729473 13.575759999454023 4.6111413091421118 103.55867381393909 7.7373278476297855 7.9353390261530858 9.8015833497047407 9.2884814850985986 13.894742142409084 316.43618549033999 8.0653354264795762 3.9575344063341609 18.56266675144434 32.807412207126617 4.0416361466050139 8.8120131678879243 4.6348105892539015 4.6503368914127332 17.608520913869146 38.964244604110718 5.6056184321641913 4.9004338160157195 7.8735098391771317 3.7006927691400042 65.772054892033339 16.78051645308733 105.42266288772225 25.316979479044676
leaf_count=2177 769 57 89 124 36 1520 65 76 118 101 175 3281 80 47 257 596 46 122 52 50 230 506 76 65 92 53 784 153 1372 291
internal_value=-0.000367237 0.00324394 0.00598413 -0.00509104 -0.0119386 -0.0189021 0.0307937 0.0596412 0.0152943 0.0397657 -0.0219858 0.00966176 0.0424442 -0.0157467 -0.00699809 -0.00371793 0.00387503 0.0449119 0.0103218 -0.000667826 0.00750584 0.0182213 -0.0202309 0.00619375 0.0639018 -0.00205032 0.00842744 0.00107407 -0.00228297 0.0125592
internal_weight=1000.1 928.095 732.199 182.525 153.277 122.065 29.2484 15.6727 31.2121 17.453 117.453 549.674 19.9454 13.7591 195.896 177.333 128.964 12.8536 12.7001 116.111 83.3034 60.0892 23.2141 47.5654 12.5238 42.6649 529.728 213.292 196.512 91.089
internal_count=13460 11283 8421 2351 2086 1731 265 141 355 190 1695 6070 189 165 2862 2605 1836 168 132 1668 1072 766 306 624 142 559 5881 2600 2447 1075
is_linear=0
shrinkage=0.05


Tree=21
num_leaves=31
num_cat=0
split_feature=18 11 18 37 37 42 43 32 20 17 53 2 37 45 17 12 5 48 37 11 3 13 5 37 11 6 12 13 42 17
split_gain=63.3305 10.1059 8.6088 10.3159 12.1263 12.1832 13.6205 14.859 14.0114 10.5325 9.24716 8.61258 9.28149 8.86988 8.02657 10.7505 17.6125 7.93062 9.90729 8.182 7.35566 8.67392 10.0525 13.873 9.22251 13.71 13.425 9.79385 9.14369 10.3971
threshold=0.0016321540952098834 -1.4065668629788355 0.0023837595670746169 0.32401625918892801 0.26760673592631906 8.3800000000000028e-06 -2.4889999999999997e-05 4.5000000000000009 0.0013577475276617507 2.9408598858773787 -0.00078835048825813124 -0.0017733560222664439 0.74683717275085881 -0.00056375713987750337 0.63765261860052114 0.57574535601297694 0.0023341040471264052 -0.00048772717828113782 0.05707467203016877 -0.59225571348015882 0.0011902281363915664 0.2602002989034326 0.0052301003609104245 0.58707671217625546 -0.2848700920863893 9.5000000000000018 3.1157045468516742 0.38838831715809258 5.5380000000000008e-05 1.3392506267152484
decision_type=2 2 2 2 2 2 2 2 2 2 2 2 2 2 2 2 2 2 2 2 2 2 2 2 2 2 2 2 2 2
left_child=-1 -2 11 4 14 -6 -7 8 10 20 -8 12 13 -3 15 -4 -17 -15 -19 -20 -5 22 -22 -24 -23 -26 27 28 29 -27
right_child=1 2 3 9 5 6 7 -9 -10 -11 -12 -13 -14 17 -16 16 -18 18 19 -21 21 24 23 -25 25 26 -28 -29 -30 -31
leaf_value=-0.046614274908875361 -0.028404737914895162 0.052047260578200021 -0.0086306262956367553 0.067317649630968632 -0.021668366576827809 -0.0046105737866712019 0.059201285296024635 0.12222500948396041 0.12030614273733629 0.051729032042232337 -0.018057025378921662 -0.012554465141829209 0.078053349612584921 -0.031180702407861263 0.0054113073276311503 0.023591990450189976 0.11720374115107207 0.068806687916754913 0.062702143630198701 -0.017963955159847653 -0.010502468951051436 -0.020434707219911731 0.09366247595543413 0.00099145118012083705 -0.01772888407989966 0.042871678812566844 -0.057779019052176118 0.011654812102068564 0.082303647373207292 -0.020884789674578665
leaf_weight=68.92087285220623 24.838220242410898 8.3111663274466974 11.835211779922245 4.067224543541669 7.2049497552216044 8.9012566693127138 7.6885105222463608 8.3686713837087137 4.52338983118534 10.235365152359007 7.8047381564974838 132.42841416597366 4.6874727644026271 16.90969397500157 198.96521136537194 18.452542074024681 6.9047101475298396 6.0558604970574441 3.8244385235011604 17.656085312366486 199.77859769016504 26.092685252428055 5.5686387717723873 14.697755135595797 32.70868843793869 28.01540244743228 5.5850661918520919 89.42465615272522 10.005826361477373 8.2856565639376623
leaf_count=2177 378 94 160 51 79 111 74 91 52 77 86 2050 40 227 2131 197 75 80 50 234 2628 346 60 169 369 293 50 850 99 82
internal_value=-0.000368289 0.00305957 0.00392314 0.00643597 0.0139079 0.0378529 0.0493543 0.066277 0.0428859 0.00160938 0.0202823 -0.00554089 0.0106276 0.00463687 0.00939672 0.0307171 0.0490822 -0.00422861 0.0123223 -0.00360199 0.000400146 -0.000247622 -0.00709866 0.0264549 0.00728561 0.0114419 0.0181937 0.0213198 0.0399841 0.0283194
internal_weight=998.747 929.826 904.988 715.115 280.649 44.4915 37.2866 28.3853 20.0166 434.466 15.4932 189.873 57.4447 52.7572 236.158 37.1925 25.3573 44.4461 27.5364 21.4805 424.23 420.163 220.045 20.2664 200.118 174.025 141.317 135.732 46.3069 36.3011
internal_count=13460 11283 10905 8130 3056 493 414 303 212 5074 160 2775 725 685 2563 432 272 591 364 284 4997 4946 2857 229 2089 1743 1374 1324 474 375
is_linear=0
shrinkage=0.05


Tree=22
num_leaves=31
num_cat=0
split_feature=18 11 38 5 37 4 6 42 20 53 17 1 42 45 43 32 16 5 37 21 48 20 17 16 15 21 45 14 27 12
split_gain=59.6743 9.29372 8.26785 18.4854 10.1061 14.6673 12.0958 11.9416 9.39937 10.9386 10.8366 10.5801 10.3082 14.2719 11.4556 11.7564 10.5309 10.0344 12.471 15.2557 11.4376 11.1109 10.5336 9.75152 10.4293 9.74537 8.90409 8.42363 9.39649 8.29821
threshold=0.001615633744484144 -1.4065668629788355 0.26792041813734352 0.0057454874315315358 0.088358528979624831 228.04642857142818 11.500000000000002 3.0830000000000008e-05 -0.001403624146763363 0.007412948683475004 0.39329720538235335 0.010510974608382788 3.3500000000000005e-06 -0.00038559709167586368 2.2437500000000016e-06 3.5000000000000004 0.25491114908950335 0.0029341087984688743 0.70957215986764532 -0.0012206850703803107 -0.00054582756481317109 -0.0091644705019982946 1.5040200671871744 0.69526858822852566 0.060749858781641887 -0.0031468022700297488 -0.00047643430576079773 0.15199072707068886 0.56714328473978337 1.5350989853698453
decision_type=2 2 2 2 2 2 2 2 2 2 2 2 2 2 2 2 2 2 2 2 2 2 2 2 2 2 2 2 2 2
left_child=-1 -2 8 4 5 6 -4 -8 9 10 -3 12 13 14 15 -10 -16 18 21 20 -20 22 -12 25 -25 -23 -17 -14 -29 -6
right_child=1 2 3 -5 29 -7 7 -9 11 -11 17 -13 27 -15 16 26 -18 -19 19 -21 -22 23 -24 24 -26 -27 -28 28 -30 -31
leaf_value=-0.046950013688833558 -0.027684727466628901 0.081777468272745527 -0.0091972583124814832 0.10854062406643004 -0.0014465614703484189 0.081803086533563663 0.11121626743803424 0.0054831829193212108 -0.037142707501305723 0.080906459546572274 0.099094057824187065 0.031568378092348005 -0.027008878741383725 0.11025961327076395 0.0040877084724863641 0.083403137061255475 0.11695895027411184 -0.0078779059874589767 0.074011541626301677 0.099327038341148144 -0.00089583240817971512 -0.034196954031635529 0.0080020459006819433 0.10604768989391677 -0.00073955107839365633 0.0044048953683067087 -0.018499260982273724 -0.006276559101636648 0.05851368851184368 0.030746746978549233
leaf_weight=64.322345394641161 24.284657649695873 4.7092386968433848 19.480065774172548 4.9322478622198096 116.71133488044143 10.954314194619654 5.2074157632887346 5.4812824912369251 14.288986848667269 5.0196985676884642 6.0397385284304601 20.083335347473621 51.091081324964762 3.9072578288614741 4.2215244919061643 4.6823526546359062 4.0481778495013714 97.723349876701832 7.1176070347428313 8.096465837210415 17.941508829593662 18.590873472392559 6.6878070160746574 4.5931347385048849 4.5527408793568611 135.65520057454705 3.9538370408117753 293.34627303108573 5.7049409858882418 24.160407599061728
leaf_count=2124 379 57 219 34 1342 74 44 61 203 45 54 184 731 47 55 61 46 1032 63 64 193 217 53 47 53 1569 46 4070 70 223
internal_value=-0.000368913 0.00284154 0.00365709 0.0130292 0.0104407 0.032248 0.0142545 0.0569952 0.00123081 0.0076843 0.00650514 -0.00381201 -0.00565644 0.0201751 0.00889169 -0.00930644 0.0593403 0.00535049 0.0115276 0.0396588 0.0203803 0.00623178 0.0512289 0.0027267 0.0528899 -0.000247684 0.03675 -0.00824608 -0.00504057 0.0040748
internal_weight=997.589 933.267 908.982 186.927 181.995 41.1231 30.1688 10.6887 722.055 316.727 311.708 405.328 385.244 35.1021 31.1949 22.9252 8.2697 306.998 209.275 33.1556 25.0591 176.119 12.7275 163.392 9.14588 154.246 8.63619 350.142 299.051 140.872
internal_count=13460 11336 10957 1997 1963 398 324 105 8960 3447 3402 5513 5329 458 411 310 101 3345 2313 320 256 1993 107 1886 100 1786 107 4871 4140 1565
is_linear=0
shrinkage=0.05


Tree=23
num_leaves=31
num_cat=0
split_feature=18 11 29 12 12 37 17 14 5 5 5 54 11 12 48 16 45 15 54 37 1 43 43 18 4 32 37 15 2 14
split_gain=56.2445 8.63984 10.6807 11.1091 13.2845 13.4188 9.66836 14.702 15.3282 8.62291 7.66234 12.6128 15.2735 15.5695 11.379 7.29656 7.78922 6.37931 6.07952 6.0537 10.0337 5.83977 8.58889 7.99609 12.4619 7.71392 8.85232 8.61317 9.61773 5.98105
threshold=0.001615633744484144 -0.21822553219590804 1.0000000180025095e-35 0.80456024674930393 0.596759378005706 0.15131829967531912 0.87581642115432323 0.63801547074103204 0.0023494815300435473 0.0054162605384238506 0.0035495007873798984 0.0011686112497765772 -0.69292279244603405 0.41174016442117939 -0.00047650947250583384 0.1457575845048161 -0.00060566554238380987 0.69044294504594961 0.0011361357410366248 0.65208991105398006 2.7685167289180874e-05 3.0830000000000008e-05 2.3607500000000011e-05 0.0021794235867225783 189.26428571428553 7.5000000000000009 0.39853565664562102 0.42529750279726336 -0.0023894401122817742 0.29666969513869429
decision_type=2 2 2 2 2 2 2 2 2 2 2 2 2 2 2 2 2 2 2 2 2 2 2 2 2 2 2 2 2 2
left_child=-1 2 3 4 10 6 7 8 -6 17 15 12 13 -12 -15 -2 -17 21 -8 -5 -21 22 23 -7 -25 27 -27 -26 -29 -23
right_child=1 -3 -4 19 5 9 18 -9 -10 -11 11 -13 -14 14 -16 16 -18 -19 -20 20 -22 29 -24 24 25 26 -28 28 -30 -31
leaf_value=-0.046665802874466332 -0.029593761526113649 0.0073881364779737517 -0.030231551854789547 -0.025875104028695518 0.015121463586128812 -0.047522794608908382 -0.010417441520804895 0.11349662929585036 0.10951490751024034 0.050867804019444407 -0.010999947525112226 -0.026949683814215693 -0.04254801967421834 0.14989436289865307 0.042270439071210607 0.066996780226706756 -0.0074700186650505738 0.052779710664391771 0.043128564646400525 0.046721764491923438 -0.038023272536389818 -0.054316730931869922 0.062990406193947898 0.060648077037135942 -0.020468912443611757 0.078279666960689859 -0.0072514238878480172 0.083731534700314497 -0.0063188139231657031 -0.0069079590646559707
leaf_weight=61.548629302531481 42.64954868145287 477.04519636556506 31.693044856190681 55.43693058937788 23.278323292732242 7.8873969167470923 15.980877973139288 6.9831777624785891 5.275436006486415 8.997082803398369 4.6084371022880104 11.049772597849367 4.285545781254771 5.3280042596161383 4.5562165193259681 3.6691382452845565 81.801225580275059 5.5330535676330319 7.9321087524294844 8.2007457129657251 6.0840841792523852 9.1973212808370572 5.8644867334514847 8.9946725778281671 43.224200580269098 5.8727063685655576 6.2390360869467258 4.6361312493681899 8.2265511751174909 24.046033427119255
leaf_count=2124 658 5183 512 700 261 129 178 76 46 85 71 167 61 64 58 48 1230 67 88 88 85 131 71 102 550 59 78 52 109 329
internal_value=-0.00036895 0.00268003 -0.00222887 -0.00014477 0.00342857 0.0120501 0.0319248 0.0484653 0.0325611 0.00353254 -0.00738843 0.0154355 0.0403764 0.0648976 0.100284 -0.0127021 -0.00427325 0.000249519 0.00734415 -0.0183963 0.0106278 -0.00209089 0.00446436 0.000430251 0.00532996 -0.00196591 0.0342206 -0.00978026 0.0261383 -0.0200244
internal_weight=996.125 934.576 457.531 425.838 356.116 198.169 59.4499 35.5369 28.5538 138.719 157.948 29.828 18.7782 14.4927 9.88422 128.12 85.4704 129.722 23.913 69.7218 14.2848 124.189 90.9452 85.0807 77.1933 68.1986 12.1117 56.0869 12.8627 33.2434
internal_count=13460 11336 6153 5641 4768 2411 649 383 307 1762 2357 421 254 193 122 1936 1278 1677 266 873 173 1610 1150 1079 950 848 137 711 161 460
is_linear=0
shrinkage=0.05


Tree=24
num_leaves=31
num_cat=0
split_feature=4 42 43 37 2 38 39 19 50 42 38 56 6 41 37 50 21 21 5 7 4 53 6 54 48 23 4 3 49 6
split_gain=50.3885 9.4959 16.114 12.1046 11.0108 9.56134 14.4617 11.1865 17.8353 17.7299 10.3382 18.5126 9.46376 13.9232 9.16905 10.0665 9.86448 12.6587 8.92377 8.8956 8.78558 8.46477 8.29685 9.604 7.76037 20.3438 11.1493 9.7485 7.39199 7.83317
threshold=130.43214285714308 6.5340000000000008e-05 6.0970000000000007e-05 0.5030500394906946 0.0017142408153273875 0.18678546440977581 1.0000000180025095e-35 0.0014952686726772419 0.002852323372684771 1.6850000000000003e-05 0.15262271428225274 0.8912383065652888 17.500000000000004 5.2460000000000003e-05 0.89600154759434181 -0.0067968507644222817 0.0027559305143733232 0.0032776127090350157 0.0033885788585846619 4.5000000000000009 262.79642857142926 0.007412948683475004 21.500000000000004 0.0044464799866527488 -0.0005178886548758083 0.00019001907473593289 182.66428571428597 0.0060108456727213802 0.0040063182010038898 5.5000000000000009
decision_type=2 2 2 2 2 2 2 2 2 2 2 2 2 2 2 2 2 2 2 2 2 2 2 2 2 2 2 2 2 2
left_child=-1 2 4 -4 12 6 -6 -8 9 -9 -10 -12 13 21 15 -3 -17 -18 -19 24 -21 -2 28 -24 25 26 -14 -28 -7 -30
right_child=1 14 3 -5 5 22 7 8 10 -11 11 -13 19 -15 -16 16 17 18 -20 20 -22 -23 23 -25 -26 -27 27 -29 29 -31
leaf_value=-0.042114680066351551 0.012247073641302508 0.044286358814988491 0.085183461174596228 0.0042913618345440481 -0.01989888045284198 -0.019724616731556274 -0.017774014218549645 0.17543693154361786 -0.019583580304741721 0.043404286913081937 -0.0021575627733469447 0.11330963758881328 0.062573502244885323 -0.044774894434358441 -0.054792975706435654 -0.014799573128377553 0.10457519266588716 -0.054971461759036666 0.047669908843699753 0.040561829174960706 -0.013465553003236581 0.073836049701621331 -0.0042808794283444151 0.085268328251140682 -0.021556012756919415 0.11690403571891789 -0.030972336240214022 0.053835894615274951 0.058978266821042437 -0.0052077316078272123
leaf_weight=67.386881157755852 378.96534559316933 9.2943154424428922 10.760443098843099 8.1102781612426025 25.907208079472184 130.57363424450159 10.88757975026965 4.1210051309317333 10.910377783700826 6.6385720148682594 8.5045211557298881 5.86532681249082 5.0568403340876129 10.660162270069121 10.330173116177319 104.58913612365723 4.0718058198690406 4.1578153334557992 4.3155116252601147 19.095910636708144 12.417670119553803 5.66226553171873 8.7285152450203878 4.5574453901499501 64.366006238386035 3.7981482259929171 22.809568684548143 3.9796473905444136 6.0323156677186516 22.418753601610661
leaf_count=2231 4209 86 107 85 368 1736 155 55 125 93 112 61 63 166 138 1363 52 54 50 200 120 51 112 54 902 56 307 36 65 248
internal_value=-0.000368221 0.00266456 0.00476832 0.0504176 0.00365241 -0.00510141 0.0100867 0.0266409 0.0400586 0.0939739 0.0171116 0.0449726 0.0077259 0.0115915 -0.00950078 -0.00580007 -0.0097743 0.0321215 -0.00269565 -0.00389203 0.0192728 0.0131538 -0.0115213 0.0264369 -0.0111913 0.00752507 -0.0055201 -0.0183737 -0.0146926 0.00840125
internal_weight=994.973 927.586 790.828 18.8707 771.957 245.145 72.8346 46.9274 36.0398 10.7596 25.2802 14.3698 526.812 395.288 136.759 126.429 117.134 12.5451 8.47333 131.524 31.5136 384.628 172.311 13.286 100.01 35.6442 31.8461 26.7892 159.025 28.4511
internal_count=13460 11229 9486 192 9294 3184 969 601 446 148 298 173 6110 4426 1743 1605 1519 156 104 1684 320 4260 2215 166 1364 462 406 343 2049 313
is_linear=0
shrinkage=0.05


Tree=25
num_leaves=31
num_cat=0
split_feature=18 11 41 2 7 12 46 16 48 16 42 53 31 35 15 48 3 42 4 42 26 1 2 5 26 56 0 1 43 41
split_gain=50.5335 7.98223 7.42519 11.4768 6.12475 7.95874 13.1302 10.1813 11.0578 8.79805 10.5546 7.07418 6.63373 11.5516 9.59394 8.03147 11.0066 7.41134 10.1345 8.52273 6.9645 9.04671 11.6416 8.3024 8.09422 6.91468 6.84873 12.2244 18.8133 6.69764
threshold=0.001615633744484144 -1.4065668629788355 9.9015000000000013e-05 -0.0033175697910745147 1.0000000180025095e-35 1.4407704564194199 -0.00036747254600523325 0.39269368527811011 -0.00049072644484452431 0.58622720082500812 1.8810000000000001e-05 -0.0046265666063941098 0.0040589949239308734 0.16863371814505429 0.017717194323807008 -0.00036575531860783754 0.015457910267973262 3.5685000000000008e-05 279.86071428571398 1.5255000000000002e-05 0.15394603804342508 7.3068735542168459e-05 -0.0043915140763342167 0.0020859494114826077 0.015280435059183807 3.2922082249492353 0.00013153350720160128 -0.0012190791795087012 -1.4226249999999998e-05 8.5485000000000012e-05
decision_type=2 2 2 2 2 2 2 2 2 2 2 2 2 2 2 2 2 2 2 2 2 2 2 2 2 2 2 2 2 2
left_child=-1 -2 4 -4 5 6 9 8 -7 11 -11 -3 15 26 -15 16 20 18 19 -17 24 22 -22 -23 25 29 -14 28 -28 -6
right_child=1 2 3 -5 12 7 -8 -9 -10 10 -12 -13 13 14 -16 17 -18 -19 -20 -21 21 23 -24 -25 -26 -27 27 -29 -30 -31
leaf_value=-0.046140163703918352 -0.02646214891336425 0.023726011417394929 0.034313500768807938 -0.035493639061740641 0.008220069175488896 0.064573348677686035 0.060261070853065847 -0.04016311572639529 -0.0037633810065346041 0.091532842064586242 -0.016087800725623859 -0.023881889432779375 -0.028258643410116521 0.062360269812462121 0.0049736932603360482 0.076003335925095727 0.069854829978754238 -0.038137969660400096 -0.033533511675599613 -0.0092420213793997716 0.015650446354332301 -0.0357601385819405 0.089255587511525347 0.048905685237261284 -0.03222932155118962 -0.047675749078468464 0.11465554220056443 -0.023261537341307273 -0.0036024315057366731 0.043249039466620814
leaf_weight=56.854695983231068 23.347001407295465 8.5400733947753888 7.5902103185653678 26.252726493403316 465.41367440484464 12.561501473188404 6.0527797304093829 6.075440101325511 11.195829946547747 4.0655049718916398 5.1821119375526905 90.400125881657004 47.691911084577441 8.1965331174433214 65.353857899084687 6.366230785846712 7.5569164231419554 17.191703744232655 9.0752368979156 5.4355219006538391 11.328673526644705 7.5452550593763572 10.216746915131809 4.6986544914543629 12.44175544194877 5.3950817175209513 4.9658389873802671 22.510741759091616 10.420418415218588 14.05825477093458
leaf_count=2124 379 86 75 376 5567 114 79 64 114 48 73 1242 612 70 683 68 51 223 109 71 99 93 102 46 140 58 57 340 119 178
internal_value=-0.000369583 0.00240728 0.00314489 -0.0198375 0.00402881 -0.00539866 -0.011404 0.0175979 0.0323691 -0.0154134 0.0312252 -0.0197726 0.0058746 -0.00316285 0.0113689 0.00836836 0.00993696 -0.0138266 0.00619318 0.036742 0.0090844 0.0310504 0.0505537 -0.00326925 0.00759193 0.00861375 -0.0156506 0.00021605 0.0345647 0.00924713
internal_weight=993.981 937.126 913.779 33.8429 879.936 144.073 114.241 29.8328 23.7573 108.188 9.24762 98.9402 735.863 159.139 73.5504 576.724 538.655 38.0687 20.877 11.8018 531.098 33.7893 21.5454 12.2439 497.309 484.867 85.5889 37.897 15.3863 479.472
internal_count=13460 11336 10957 451 10506 1820 1528 292 228 1449 121 1328 8686 1881 753 6805 6334 471 248 139 6283 340 201 139 5943 5803 1128 516 176 5745
is_linear=0
shrinkage=0.05


Tree=26
num_leaves=31
num_cat=0
split_feature=18 18 37 38 38 13 3 21 21 38 38 11 38 20 6 54 4 21 20 1 20 32 38 32 45 42 44 14 4 3
split_gain=47.6283 7.73043 9.12514 11.0674 17.3298 8.87982 9.43224 8.55208 12.5818 18.6825 12.442 9.28927 8.1214 8.06034 7.47156 9.31171 7.84584 8.84342 12.4537 7.4296 8.9316 11.0748 9.95836 13.7278 14.0437 18.6005 7.81719 7.36604 7.26169 8.15149
threshold=0.001615633744484144 0.0023837595670746169 0.32401625918892801 0.13330721257033001 0.16102671682351608 0.2602002989034326 0.0011902281363915664 0.0050912470601377604 0.0030980004347871833 0.18470955276623754 0.16718341029443592 -0.33747363616064951 0.33405090898738904 -0.0091644705019982946 10.500000000000002 -0.011384771460143715 565.23928571428314 0.0011436761495506281 0.0039370821877216253 0.010510974608382788 -0.001403624146763363 1.5000000000000002 0.17096419641428631 5.5000000000000009 -0.00052011868034228302 2.3045000000000004e-05 1.3580000000000034e-05 0.17858148893359663 196.73571428571401 0.0015075391706846225
decision_type=2 2 2 2 2 2 2 2 2 2 2 2 2 2 2 2 2 2 2 2 2 2 2 2 2 2 2 2 2 2
left_child=-1 28 3 -3 -5 6 -4 8 11 10 -10 -7 13 -6 15 -13 17 -16 -19 20 21 27 -23 24 25 -24 -22 -8 29 -2
right_child=1 2 5 4 12 7 19 -9 9 -11 -12 14 -14 -15 16 -17 -18 18 -20 -21 26 22 23 -25 -26 -27 -28 -29 -30 -31
leaf_value=-0.045840835321651834 -0.01991435684042837 0.082570065898273537 0.064519072001981453 -0.044958521896247716 0.072557159976714816 -0.026964826922828068 0.024891344570972862 -0.032278026923077151 0.048109525853202904 -0.0029365603532336411 0.15424234413441851 0.036000367601148872 0.064083216019227618 0.010147578982847346 0.0037777716258736052 -0.026423536895480066 0.051210038486691825 0.081804914718224944 0.0072172890329318274 0.056748095072407738 -0.021359813295310559 -0.018970165329468457 0.12571591210507435 0.05796739827041917 -0.021283242300664029 -0.0044111484135549257 0.031283722235263496 -0.036401708758859584 -0.037234693444098514 0.0034741143300230769
leaf_weight=54.426172956824303 53.260731060057878 5.3641792498528948 4.5582243613898745 13.626061227172611 5.2769198492169371 19.59996348246932 6.1985296122729805 12.777283214032648 7.1613207198679465 10.492158740758894 4.4944779202342033 7.8217474818229666 7.5104952603578559 264.17379487678409 91.548241689801216 25.289319738745689 13.374413236975668 9.6311265453696269 13.358523827046154 4.3297869116067877 117.93701171502471 17.919048242270947 4.6184790842235106 18.99612832814455 19.882842574268579 6.7741669192910194 7.5002725012600413 23.430220205336809 17.593210898339748 123.95945048518479
leaf_count=2124 923 58 55 159 39 262 74 146 78 130 47 64 56 2877 824 283 99 88 146 40 1729 226 46 202 233 80 93 287 257 1735
internal_value=-0.000367509 0.00226973 0.00459242 0.0114046 0.0100909 8.91605e-05 -0.00669623 0.00739699 0.00989705 0.0454649 0.0890344 0.00553573 0.0127993 0.0113698 0.00949173 -0.0116773 0.0149715 0.01074 0.0384645 -0.00812257 -0.00938066 0.00194421 0.0130339 0.0244416 0.00407869 0.0483412 -0.0182121 -0.0235788 -0.00659648 -0.00355492
internal_weight=992.884 938.458 743.645 295.951 290.587 447.693 232.145 215.549 202.771 22.148 11.6558 180.623 276.961 269.451 161.023 33.1111 127.912 114.538 22.9897 227.586 223.257 97.8194 68.1907 50.2716 31.2755 11.3926 125.437 29.6287 194.813 177.22
internal_count=13460 11336 8421 3189 3131 5232 3065 2167 2021 255 125 1766 2972 2916 1504 347 1157 1058 234 3010 2970 1148 787 561 359 126 1822 361 2915 2658
is_linear=0
shrinkage=0.05


Tree=27
num_leaves=31
num_cat=0
split_feature=18 18 37 37 43 32 38 13 17 11 20 17 0 53 53 13 3 15 49 52 20 49 37 4 41 54 46 49 16 14
split_gain=45.1955 7.84653 8.1591 9.20594 9.44918 11.9779 9.31828 9.4497 9.11191 8.72765 8.3597 8.25146 7.73333 15.6079 13.173 8.54944 11.9471 9.16315 7.69084 8.25973 7.73213 11.6814 9.85972 13.9979 9.44427 7.09291 6.98842 6.93974 6.67937 6.73229
threshold=0.0015405578118904725 0.0023837595670746169 0.32401625918892801 0.26760673592631906 9.0487500000000021e-06 3.5000000000000004 0.23386458588139436 0.11286949107692273 1.8769693730682893 -0.59952450852066808 -0.00073220195130545296 2.9408598858773787 0.0017247973486713842 0.0019513321223866905 0.0027610441160445744 0.096625249471494659 0.0020848052028411604 0.027277003335373202 0.0033048436157868152 0.67909420563346379 -0.00079171213070705594 -0.0011429928251147586 0.15903238140807349 196.73571428571401 1.8155000000000002e-05 -0.0082363534646175424 -0.00052749494059929527 -0.00010054224218312493 0.39626135569536935 0.46793790129014667
decision_type=2 2 2 2 2 2 2 2 2 2 2 2 2 2 2 2 2 2 2 2 2 2 2 2 2 2 2 2 2 2
left_child=-1 25 3 6 9 10 12 18 -9 -5 -6 28 13 15 -15 -3 -17 -18 19 20 21 -8 23 -22 -25 -2 -11 -24 29 -4
right_child=1 2 11 4 5 -7 7 8 -10 26 -12 -13 -14 14 -16 16 17 -19 -20 -21 22 -23 27 24 -26 -27 -28 -29 -30 -31
leaf_value=-0.049084684349211261 0.056341471322179683 -0.019786821429860879 0.01217545765527322 -0.035350339663703607 -0.0017268191987498652 0.097381703140651907 0.045499485545993291 -0.011385171041910433 0.054322247861351973 0.071454007473336342 0.078984739906787504 0.042900307923747938 -0.029998167086543855 0.11727923980333464 0.006804105679515342 0.073083491959191435 0.053117732030154158 -0.008529977163173762 -0.030081195475415365 0.089082028692135981 0.00029220427377637186 -0.020146413600721225 -0.037657451743101991 0.051911393077351355 0.12240773041954067 -0.0082126570572365106 0.0045526211372208759 0.040443283531725875 -0.011643985559876079 -0.0027992383102383341
leaf_weight=45.424820072948933 4.3495701663196078 43.68666085973382 117.19282150641084 7.6611268781125572 9.7756409309804422 9.3116782493889314 11.390834510326387 37.030268643051386 6.1528722047805777 6.1557190120220229 4.7753735929727581 10.964915908873079 21.364847429096699 5.1966586895287019 5.6126831844449043 6.5959044136106959 7.1437626406550399 38.58200304582715 5.4744113087654105 5.7135801799595347 7.8968076556921032 16.729570358991623 5.6710120588541031 12.435179628431799 7.68818325549364 196.04937338083982 10.668602582067248 5.7062282077968103 110.41724196448922 208.75087833032012
leaf_count=1859 46 556 1429 105 97 94 102 373 49 55 52 77 254 61 69 78 65 413 54 48 83 157 72 107 58 3134 116 71 1332 2394
internal_value=-0.0003668 0.00197217 0.00433255 0.0107357 0.0307082 0.0530991 0.00687428 0.0167721 -0.00202297 0.00888681 0.0247612 6.08824e-05 -0.00253754 0.00295492 0.0599157 -0.00345815 0.0101757 0.00110128 0.0270842 0.0313576 0.0264728 0.00644501 0.0407679 0.0567066 0.0788447 -0.00681154 0.0290306 0.00151379 -0.00101559 0.0025849
internal_weight=991.569 946.144 745.745 298.42 48.3481 23.8627 250.071 121.889 43.1831 24.4854 14.551 447.326 128.183 106.818 10.8093 96.0083 52.3217 45.7258 78.7058 73.2314 67.5178 28.1204 39.3974 28.0202 20.1234 200.399 16.8243 11.3772 436.361 325.944
internal_count=13460 11601 8421 3189 519 243 2670 1174 422 276 149 5232 1496 1242 130 1112 556 478 752 698 650 259 391 248 165 3180 171 143 5155 3823
is_linear=0
shrinkage=0.05


Tree=28
num_leaves=31
num_cat=0
split_feature=18 18 6 7 37 37 13 13 54 18 2 42 43 38 6 38 37 20 21 35 12 4 54 21 2 5 37 38 12 2
split_gain=42.7537 7.07169 8.47706 14.183 10.0227 9.35798 9.58431 9.18767 8.19674 8.07779 7.32639 7.16878 10.7428 8.11678 10.1352 10.9085 10.8223 11.1511 19.2988 12.8058 10.464 10.6204 10.2232 9.65705 17.8343 9.57181 10.8428 13.6765 9.49461 9.33842
threshold=0.0015405578118904725 0.0023837595670746169 17.500000000000004 5.5000000000000009 0.66334789182449982 0.18811210030430361 0.047739018182457557 0.66877428783425574 -0.00021674483659010841 0.013439288814863115 0.0016284107193051569 1.7150000000000003e-06 -1.4874999999999985e-06 0.23562673894827391 11.500000000000002 0.17649455029679492 0.85889358901202917 -0.0080207523207231676 -0.0058872583535092308 0.29352065939803357 0.78413036562143257 242.192857142858 0.0055812609787267665 0.0043257238782310513 -0.0066935411344297658 0.0043696048892682198 0.092556542567385214 0.24849274567428198 1.26502771263396 0.0094228566826638129
decision_type=2 2 2 2 2 2 2 2 2 2 2 2 2 2 2 2 2 2 2 2 2 2 2 2 2 2 2 2 2 2
left_child=-1 -2 11 5 -5 6 8 9 -4 -7 -6 12 -3 14 16 20 17 18 -13 -20 -16 -22 -17 24 -23 26 28 -28 -15 -19
right_child=1 2 3 4 10 7 -8 -9 -10 -11 -12 13 -14 25 15 22 -18 29 19 -21 21 23 -24 -25 -26 -27 27 -29 -30 -31
leaf_value=-0.048917877698095837 -0.00651172851242654 0.093059517903675393 0.075323674296615378 0.058096800032118305 -0.024750878602788698 -0.023420802094110998 -0.013114425599108748 0.046692811776843424 0.0009504064124412734 0.054395211797707677 0.042500750042296268 -0.039252704004935024 0.013536163728617706 0.045724678438559069 0.082464378910977035 0.0099933038701276265 -0.03828274758321587 -0.0097515379543681516 0.12175840200295639 0.021609168359638255 -0.035283068844857955 0.00064070367907838376 -0.034432986151207941 -0.017676743074053269 0.10024630949119913 0.04651845238327601 0.031668719625488499 -0.0035170988754912747 -0.014961753231351172 0.037566743527463899
leaf_weight=43.353081207722425 199.22546678967774 5.8849359452724483 8.1724880859255773 13.418428704142572 10.788276717066767 110.16363434121013 17.214548319578171 5.2334211617708197 6.77649251371622 3.4391024559736243 6.4835021272301665 6.0364464893937138 15.257146805524824 31.83976324647665 8.6050722673535329 73.530018344521523 23.139347575604916 143.20387257635593 6.0822583138942701 6.7168903425335884 6.7593750841915634 8.3665614947676712 15.717312153428791 6.3162659108638755 9.7089393585920316 19.874200500547886 35.514269471168518 124.1977093629539 8.0809493362903577 11.245720170438288
leaf_count=1859 3180 49 80 100 105 1658 190 48 85 25 60 67 140 242 99 751 293 1822 51 53 64 72 171 63 83 161 383 1302 72 132
internal_value=-0.000363688 0.00185911 0.00408933 -0.00530751 0.0256793 -0.0116055 0.0123203 -0.0180811 0.0416097 -0.0210651 0.000494123 0.00710537 0.0356716 0.00599707 0.000985361 0.0118735 -0.00616555 -0.00187683 0.0344436 0.0692009 0.033658 0.0201759 0.00216941 0.0355446 0.0541421 0.0134271 0.0101328 0.00430698 0.0334402 -0.00630622
internal_weight=990.345 946.992 747.767 181.69 30.6902 151 32.1635 118.836 14.949 113.603 17.2718 566.077 21.1421 544.935 325.428 129.004 196.425 173.285 18.8356 12.7991 39.7562 31.1511 89.2473 24.3918 18.0755 219.507 199.633 159.712 39.9207 154.45
internal_count=13460 11601 8421 2351 265 2086 355 1731 165 1683 165 6070 189 5881 3721 1303 2418 2125 171 104 381 282 922 218 155 2160 1999 1685 314 1954
is_linear=0
shrinkage=0.05


Tree=29
num_leaves=31
num_cat=0
split_feature=18 11 41 19 38 5 7 5 15 38 38 5 37 15 5 5 5 21 4 18 43 41 43 3 47 0 2 18 47 38
split_gain=40.5322 7.28644 6.66638 14.2345 6.51997 13.2345 9.45836 15.5781 8.22348 7.88296 13.6916 11.1031 8.78183 7.69272 8.7302 15.1295 10.8948 8.01808 9.74513 10.2581 8.85022 22.1844 11.573 11.1667 7.89977 7.05854 10.8572 7.03641 7.0305 6.99599
threshold=0.0014975039329905759 -1.4065668629788355 9.9015000000000013e-05 -0.0018372673167544303 0.26792041813734352 0.0057454874315315358 1.5000000000000002 0.0019588064606903192 0.027277003335373202 0.21940780815128497 0.18470955276623754 0.0018449983002050991 0.23885376730035854 0.6057045393863606 0.0031503699492192046 0.0028002690583328023 0.0043696048892682198 0.0007124912587086412 205.34642857142902 0.0032731081546774356 -1.4874999999999985e-06 -2.3504999999999996e-05 1.5237500000000004e-05 0.0047865841360972177 -0.00056905326856012631 -0.0012890015146601881 0.00018458533998805078 0.0024884936337479287 -0.00047354318421307035 0.15042797698386126
decision_type=2 2 2 2 2 2 2 2 2 2 2 2 2 2 2 2 2 2 2 2 2 2 2 2 2 2 2 2 2 2
left_child=-1 -2 4 -4 6 13 7 -3 9 10 27 12 -11 14 15 17 -16 20 -19 -20 21 24 -22 -24 -6 -12 -27 -8 -23 -9
right_child=1 2 3 -5 5 -7 8 29 -10 11 25 -13 -14 -15 16 -17 -18 18 19 -21 22 28 23 -25 -26 26 -28 -29 -30 -31
leaf_value=-0.05116341855022203 -0.02612171988491125 -0.027720241610521959 0.041236851327161705 -0.037017399753431865 0.055982820556205751 0.088031243620973421 -0.038372602172217066 -0.025419062898416413 0.0024484013991054906 -0.0044221071997758996 0.098312460183402617 -0.038378001286547454 0.083289757178632129 -0.028533501662750638 -0.028767781564207142 0.077077874860341067 0.043479185621232694 -0.0090983137621044076 0.1011906392222687 0.022501431417478363 -0.049652472042251067 0.046516745637365534 -0.0051531510163664463 0.063984769812613848 -0.0087428733608760981 0.090791795595202937 -0.020809157107718888 0.026476600591640323 0.12151458323577186 0.0051887520381795884
leaf_weight=37.764523448422551 23.038056127727032 66.851229045540094 7.4812254272401324 26.032744927331805 5.6465133726596788 5.479618437588214 5.8556657582521465 21.59764738380909 420.6971403285861 6.8553992155939358 9.2065840922296065 10.667181618511675 4.8887322712689638 12.594946241006253 23.197427403181795 9.8218306116759759 6.7326672673225394 7.3581249304115799 7.9175272099673775 8.6846493817865831 12.169489648193126 7.1398713476955891 39.038289936259389 6.8677021935582152 28.548502380028371 4.4016579408198577 4.316462904214859 14.64309426769614 5.5568799450993449 137.68530591949821
leaf_count=1700 393 983 68 395 54 34 86 279 5224 98 89 111 57 152 252 93 55 93 69 89 123 73 487 56 314 53 61 146 58 1715
internal_value=-0.000362479 0.0016549 0.00234452 -0.0195489 0.00316487 0.0114749 0.000971848 -0.00746331 0.00493312 0.0221159 0.0358619 -0.00145101 0.0320897 0.0091607 0.0119752 0.0172584 -0.0125161 0.0127012 0.0387996 0.0600281 0.00674392 0.0229012 -0.00630192 0.00519013 0.00194507 0.0677799 0.0355366 0.00795181 0.0793404 0.00103855
internal_weight=988.737 950.972 927.934 33.514 894.42 186.754 707.666 226.134 481.532 60.8348 38.4235 22.4113 11.7441 181.274 168.679 138.749 29.9301 128.928 23.9603 16.6022 104.967 46.8918 58.0755 45.906 34.195 17.9247 8.71812 20.4988 12.6968 159.283
internal_count=13460 11760 11367 463 10904 2002 8902 2977 5925 701 435 266 155 1968 1816 1509 307 1416 251 158 1165 499 666 543 368 203 114 232 131 1994
is_linear=0
shrinkage=0.05


end of trees

feature_importances:
atr_percentile=72
stop_distance=68
range_compression=58
funding_rate_abs=55
volatility_lookback=43
relative_volume=35
hour_of_day=31
range_1=29
atr_proxy=29
log_return_3=26
day_of_week=26
trend_strength=26
dist_ema_slow=25
volume_zscore=23
mark_basis=23
log_return_6=22
mark_premium_mean_4=22
upper_wick_ratio=21
eth_return_3=21
atr_normalized_range=20
volume_percentile=19
funding_rate_mean_4=19
sol_return_3=19
fvg_age_candles=18
funding_rate=18
futures_pressure=17
dist_ema_fast=14
body_ratio=12
lower_wick_ratio=12
sol_return_1=12
log_return_1=10
sol_volume_block=10
rejection_volume_confirmation=9
eth_volume_block=6
ema_slow_slope=5
eth_return_1=5
bullish_fvg_present=3
mark_premium=3
session_london=2
session_newyork=2
sweep_depth_atr=2
high_volatility_flag=2
funding_rate_std_4=2
sweep_rejection_ratio=1
fvg_size_atr=1
eth_trend=1
sol_trend=1

parameters:
[boosting: gbdt]
[objective: binary]
[metric: binary_logloss]
[tree_learner: serial]
[device_type: cpu]
[data_sample_strategy: bagging]
[data: ]
[valid: ]
[num_iterations: 500]
[learning_rate: 0.05]
[num_leaves: 31]
[num_threads: 2]
[seed: 42]
[deterministic: 0]
[force_col_wise: 0]
[force_row_wise: 0]
[histogram_pool_size: -1]
[max_depth: -1]
[min_data_in_leaf: 50]
[min_sum_hessian_in_leaf: 0.001]
[bagging_fraction: 0.9]
[pos_bagging_fraction: 1]
[neg_bagging_fraction: 1]
[bagging_freq: 0]
[bagging_seed: 400]
[bagging_by_query: 0]
[feature_fraction: 0.9]
[feature_fraction_bynode: 1]
[feature_fraction_seed: 30056]
[extra_trees: 0]
[extra_seed: 12879]
[early_stopping_round: 0]
[early_stopping_min_delta: 0]
[first_metric_only: 0]
[max_delta_step: 0]
[lambda_l1: 0]
[lambda_l2: 0]
[linear_lambda: 0]
[min_gain_to_split: 0]
[drop_rate: 0.1]
[max_drop: 50]
[skip_drop: 0.5]
[xgboost_dart_mode: 0]
[uniform_drop: 0]
[drop_seed: 17869]
[top_rate: 0.2]
[other_rate: 0.1]
[min_data_per_group: 100]
[max_cat_threshold: 32]
[cat_l2: 10]
[cat_smooth: 10]
[max_cat_to_onehot: 4]
[top_k: 20]
[monotone_constraints: ]
[monotone_constraints_method: basic]
[monotone_penalty: 0]
[feature_contri: ]
[forcedsplits_filename: ]
[refit_decay_rate: 0.9]
[cegb_tradeoff: 1]
[cegb_penalty_split: 0]
[cegb_penalty_feature_lazy: ]
[cegb_penalty_feature_coupled: ]
[path_smooth: 0]
[interaction_constraints: ]
[verbosity: 1]
[saved_feature_importance_type: 0]
[use_quantized_grad: 0]
[num_grad_quant_bins: 4]
[quant_train_renew_leaf: 0]
[stochastic_rounding: 1]
[linear_tree: 0]
[max_bin: 255]
[max_bin_by_feature: ]
[min_data_in_bin: 3]
[bin_construct_sample_cnt: 200000]
[data_random_seed: 175]
[is_enable_sparse: 1]
[enable_bundle: 1]
[use_missing: 1]
[zero_as_missing: 0]
[feature_pre_filter: 1]
[pre_partition: 0]
[two_round: 0]
[header: 0]
[label_column: ]
[weight_column: ]
[group_column: ]
[ignore_column: ]
[categorical_feature: ]
[forcedbins_filename: ]
[precise_float_parser: 0]
[parser_config_file: ]
[objective_seed: 16083]
[num_class: 1]
[is_unbalance: 0]
[scale_pos_weight: 1]
[sigmoid: 1]
[boost_from_average: 1]
[reg_sqrt: 0]
[alpha: 0.9]
[fair_c: 1]
[poisson_max_delta_step: 0.7]
[tweedie_variance_power: 1.5]
[lambdarank_truncation_level: 30]
[lambdarank_norm: 1]
[label_gain: ]
[lambdarank_position_bias_regularization: 0]
[eval_at: ]
[multi_error_top_k: 1]
[auc_mu_weights: ]
[num_machines: 1]
[local_listen_port: 12400]
[time_out: 120]
[machine_list_filename: ]
[machines: ]
[gpu_platform_id: -1]
[gpu_device_id: -1]
[gpu_device_id_list: ]
[gpu_use_dp: 0]
[num_gpu: 1]

end of parameters

pandas_categorical:[]
