tree
version=v4
num_class=1
num_tree_per_iteration=1
label_index=0
max_feature_idx=64
objective=binary sigmoid:1
feature_names=log_return_1 log_return_3 log_return_6 range_1 atr_proxy volatility_lookback hour_of_day day_of_week session_asia session_london session_newyork volume_zscore relative_volume volume_percentile body_ratio upper_wick_ratio lower_wick_ratio atr_normalized_range stop_distance dist_ema_fast dist_ema_slow trend_strength trend_direction ema_slow_slope sweep_high_detected sweep_low_detected sweep_depth_atr sweep_rejection_ratio sweep_volume_zscore bullish_fvg_present bearish_fvg_present fvg_size_atr fvg_age_candles price_inside_fvg breakout_volume_confirmation rejection_volume_confirmation volume_block_strength atr_percentile range_compression high_volatility_flag market_regime funding_rate funding_rate_abs funding_rate_mean_4 funding_rate_std_4 mark_basis mark_premium mark_premium_mean_4 futures_pressure eth_return_1 eth_return_3 eth_trend eth_volume_block sol_return_1 sol_return_3 sol_trend sol_volume_block btc_1h_trend_direction btc_1h_trend_strength btc_1h_return_3 btc_1h_atr_percentile btc_4h_trend_direction btc_4h_trend_strength btc_4h_return_3 btc_4h_atr_percentile
feature_infos=[-0.047965858971904363:0.031568184591943091] [-0.078009406844934195:0.063346432335985012] [-0.080308237789362469:0.083134006785349254] [9.3304384098526407e-07:0.10584322697971499] [0:2960.1500000000005] [0:0.014907333497675101] [0:23] [0:6] [0:1] [0:1] [0:1] [-2.8008097505243228:4.2445094466640851] [0.061223000401633913:422.63936100000001] [0:1] [0:1] [0:1] [0:1] [0:8.0293398533007405] [0:0.026360948589849772] [-0.054534802376594485:0.039646031936467881] [-0.074730465963056131:0.06212087717119108] [-0.027387549847263003:0.024440634941971594] [-1:1] [-0.0069534146774270491:0.0066235483506470036] [0:1] [0:1] [0:3.4554441524168111] [0:0.99705304518664761] [-2.0541229992943224:8.4165964683687182] [0:1] [0:1] [0:3.481111967711247] [0:999] [-1:1] [0:4.2376640406536961] [0:4.0925023271096421] [0:4.309937392268882] [0:1] [0:0.48606319318558494] [0:1] [-1:1] [-0.00029357:0.00108552] [0:0.00108552] [-0.00029357:0.00108552] [0:0.00044666703575855393] [-0.0033984728708763615:0.0047546055862322583] [-0.0033984728708763615:0.0047546055862322583] [-0.0013999059336263216:0.0034534823541112081] [-0.0034984728708763613:0.0044427355862322587] [-0.099789740127447749:0.093010238747904317] [-0.13729346134722348:0.10986901874042833] [-1:1] [0:4.5524963345642142] [-0.061285913393805867:0.096476662990186007] [-0.16848398472608775:0.13430291005597131] [-1:1] [0:4.5316027421448242] [-1:1] [-0.045485637974321438:0.027153173533924255] [-0.075982633830520577:0.10077106503998827] [0:1] [-1:1] [-0.058533161656173976:0.039273273349937049] [-0.12497771883709037:0.091067112082388726] [0:1]
tree_sizes=3415 3488 3456 3468 3505 3504 3526 3515 3533 3509 3521 3522 3517 3523 3509 3532 3532 3554 3526 3498 3539 3520 3534 3525 3528 3535 3551 3545 3542 3522 3515 3528 3513 3530 3522 3541 3521 3510 3519 3512 3540 3530 3528 3511 3524 3525 3546 3544 3543 3527 3532 3506 3549 3514 3532 3535 3529 3520 3527 3516 3535 3527 3514 3519 3557 3518 3522 3520 3522 3526 3557 3505 3525 3500 3510 3539 3512 3530 3530 3518 3548 3525 3542 3529 3516 3496 3499 3538 3537 3541 3529 3506 3502 3496 3534 3518 3526 3516 3529 3515 3521 3521 3523 3523 3544 3490 3481 3517 3501 3493 3483 3539 3471 3524 3465 3518 3483 3502 3500 3493 3478 3524 3480 3511 3498 3505 3478 3492 3521 3474 3497 3503 3529 3492 3464 3465 3491 3508 3500

Tree=0
num_leaves=31
num_cat=0
split_feature=18 19 63 17 6 0 21 6 58 18 18 63 6 42 58 63 20 9 42 42 58 42 5 63 63 20 64 62 38 15
split_gain=779.033 312.355 171.369 114.531 80.1045 63.0108 59.2015 55.5087 55.2714 49.3351 48.5824 43.6095 42.8334 39.6047 39.3742 38.0773 48.3259 37.6143 38.9331 40.4643 37.5252 34.7437 33.9339 32.3723 30.3868 29.8709 29.7526 29.4511 29.0202 28.6435
threshold=0.0019749762891991232 -0.0031404118103948108 -0.0076586823696834462 1.1801108793696586 11.500000000000002 -0.0060608371280843733 -0.00094262693215808662 5.5000000000000009 -0.001464033692087411 0.0015049588247114159 0.0029909747897693324 -0.029424514007218856 14.500000000000002 4.7045000000000008e-05 -0.012710339364398712 -0.019512898241769258 0.001733515044692219 1.0000000180025095e-35 8.1955000000000024e-05 2.5770000000000002e-05 -0.0046447294811446053 0.00030071000000000004 0.0042945548558801583 -0.033721642016703683 -0.024167135166569743 -0.012409115078305976 0.44093127484050115 -0.015840942909463245 0.272609187354728 0.0014947716508153686
decision_type=2 2 2 2 2 2 2 2 2 2 2 2 2 2 2 2 2 2 2 2 2 2 2 2 2 2 2 2 2 2
left_child=9 5 6 7 -5 24 11 -4 13 -1 20 17 -12 -9 22 16 -8 18 19 -3 -6 27 25 -16 -2 -7 -25 -10 -26 -14
right_child=1 2 3 4 10 14 15 8 21 -11 12 -13 29 -15 23 -17 -18 -19 -20 -21 -22 -23 -24 26 28 -27 -28 -29 -30 -31
leaf_value=-2.4859298386762383 -2.1882560334689742 -2.3276344891933483 -2.449428562725863 -2.4302855804096288 -2.2840692013931614 -2.333035144705768 -2.1535689172868779 -2.4298262477054191 -2.2975348358041283 -2.4619612207569541 -2.343451372109596 -2.4132319754869704 -2.2692341804319267 -2.3990017062221538 -2.2860690480878594 -2.3536796843651087 -2.3586760947512211 -2.4606468601784814 -2.385971299638316 -2.0976219557028513 -2.42154224365897 -2.3759980516988004 -2.3725352879303272 -2.4472544319667429 -2.3494098259334617 -2.1549315599109384 -2.3865268257675791 -2.438655151987811 -2.2303771148177871 -2.3999483511393089
leaf_weight=403.62004745751619 3.8616821467876425 3.7874190285801905 466.89222417026758 221.45261849462986 5.1984182745218268 4.901365801692009 6.0153125748038274 207.19409979879856 3.7131559103727332 458.64901804924011 70.475699178874493 78.273326590657234 4.3815239742398253 209.64478269964457 7.5005749389529219 43.815239742398262 5.4954707473516464 3.9359452649950972 5.4954707473516464 3.8616821467876434 110.05794118344784 23.170092880725861 12.773256331682203 21.907619871199131 40.250610068440437 4.5300502106547373 254.20265362411737 855.51112174987793 5.8667863383889189 96.393527433276176
leaf_count=5435 52 51 6287 2982 70 66 81 2790 50 6176 949 1054 59 2823 101 590 74 53 74 52 1482 312 172 295 542 61 3423 11520 79 1298
internal_value=-2.43166 -2.41878 -2.4252 -2.42862 -2.4077 -2.37503 -2.37356 -2.43464 -2.42933 -2.47318 -2.39024 -2.39744 -2.37335 -2.41432 -2.38354 -2.33242 -2.25149 -2.32505 -2.28445 -2.21151 -2.41534 -2.43642 -2.31942 -2.38856 -2.32299 -2.24749 -2.39135 -2.43805 -2.33427 -2.39427
internal_weight=3642.83 2780.56 2424.77 2274.09 507.96 355.795 150.68 1766.13 1299.23 862.269 286.507 95.3538 171.251 416.839 305.816 55.326 11.5108 17.0805 13.1446 7.6491 115.256 882.394 22.2047 283.611 49.9791 9.43142 276.11 859.224 46.1174 100.775
internal_count=49053 37442 32651 30622 6840 4791 2029 23782 17495 11611 3858 1284 2306 5613 4118 745 155 230 177 103 1552 11882 299 3819 673 127 3718 11570 621 1357
is_linear=0
shrinkage=1


Tree=1
num_leaves=31
num_cat=0
split_feature=18 3 63 58 2 62 58 63 21 18 2 10 58 52 5 56 38 21 58 47 60 6 3 7 54 42 21 60 28 50
split_gain=720.418 267.643 143.415 103.697 88.6309 53.604 54.8493 68.6488 62.1533 49.6426 46.2707 46.7238 43.8896 43.7251 41.3726 39.2361 37.3755 34.6733 34.1032 31.1361 30.1873 33.1006 27.6958 27.2322 28.3471 26.8368 26.1317 24.4364 25.2653 22.9759
threshold=0.0019749762891991232 0.0049526571962564504 -0.009060312014716727 -0.001464033692087411 -0.003931060583437289 -0.011299054055422367 -0.0041518603969802692 -0.019512898241769258 -0.0026934465383442662 0.0015049588247114159 -0.0023918187330407331 1.0000000180025095e-35 -0.00034931459597387483 0.11868342368142069 0.001223354200574518 2.5603121527342272 0.26413968813639188 0.0026651481205561076 -0.0081954303491995981 -0.00041466249684222724 0.47903207038813594 13.500000000000002 0.0016115675621344659 5.5000000000000009 -0.0013543881789279922 8.5775000000000011e-05 -0.00028941789048107927 0.19775888610111966 2.3280052840496661 0.0036348128775135638
decision_type=2 2 2 2 2 2 2 2 2 2 2 2 2 2 2 2 2 2 2 2 2 2 2 2 2 2 2 2 2 2
left_child=9 2 5 10 15 16 -7 8 -8 -1 14 25 -10 -6 -4 27 -2 20 19 -16 23 -22 -5 -13 -25 -12 -9 -3 -29 -15
right_child=1 4 3 22 13 6 7 26 12 -11 11 17 -14 29 18 -17 -18 -19 -20 -21 21 -23 -24 24 -26 -27 -28 28 -30 -31
leaf_value=-0.054032732214585856 0.087459387896719157 0.003950476132050653 0.17297607268694812 -0.024821432554670227 0.0072416237989893556 -0.0053099670743563063 0.02877214355052983 0.015087062819872488 0.32193245579150281 -0.029549274587448493 -0.01254899148980995 0.038566611975139886 0.12553402062575059 0.058473446495551785 0.1338048419410158 0.11282861070404482 0.23789019656449192 0.17991697564703205 0.025352131516231308 0.014608517244982112 0.11870798262969195 7.8898496701989085e-05 -0.004477992822116892 0.23659347017846166 0.069303079696267519 0.0179202156431203 0.092013440457210202 0.058763434425220785 0.1867983636938593 0.025287549836537984
leaf_weight=385.58317106217146 16.875234566628937 20.494957819581032 5.4958396703004828 194.69509939849377 175.70373691618443 42.597253620624542 6.5975517034530666 37.349414713680744 5.570998691022397 447.11320328712463 213.86405672878027 47.280367888510227 5.8126581236720058 99.498780362308025 14.862727560102941 35.208739019930363 5.466685138642787 3.8398307785391799 157.80007589608431 8.6773831024765951 6.3485009744763365 79.717004030942917 1189.1549946144223 3.7789590284228325 7.6756104007363302 109.15330707281828 15.672042541205881 189.11049614846706 3.9332142621278754 109.61545195430517
leaf_count=5435 214 266 73 2642 2320 553 86 491 68 6176 2879 625 70 1294 194 446 69 51 2086 114 83 1055 16040 50 102 1454 198 2430 50 1439
internal_value=-3.63263e-05 0.0120609 0.00374159 0.000431632 0.0406641 0.0534692 0.0395453 0.0664557 0.15088 -0.0408864 0.0167643 0.00842241 0.221649 0.0256285 0.0378229 0.0639244 0.124267 0.0316215 0.0337269 0.0898666 0.0276889 0.00882941 -0.00734013 0.0553242 0.124494 -0.0022529 0.0378249 0.0558609 0.0613721 0.0410778
internal_weight=3644.55 2811.85 2178.29 2042.34 633.565 135.942 113.6 71.0027 17.9812 832.696 658.494 471.658 11.3837 384.818 186.836 248.747 22.3419 148.64 181.34 23.5401 144.8 86.0655 1383.85 58.7349 11.4546 323.017 53.0215 213.539 193.044 209.114
internal_count=49053 37442 29197 27448 8245 1749 1466 913 224 11611 8766 6299 138 5053 2467 3192 283 1966 2394 308 1915 1138 18682 777 152 4333 689 2746 2480 2733
is_linear=0
shrinkage=0.05


Tree=2
num_leaves=31
num_cat=0
split_feature=59 20 59 21 18 59 59 20 20 58 38 58 17 63 12 17 19 59 21 18 21 37 4 59 20 4 59 12 59 6
split_gain=1959.83 386.748 301.79 399.583 294.005 159.801 145.194 171.34 120.192 112.941 97.0407 89.8011 76.848 71.0532 68.5037 67.8194 63.4894 73.232 62.8845 62.4726 61.6641 54.9295 51.5765 49.0101 48.7625 46.7623 46.2793 48.5662 45.6172 45.2424
threshold=-0.0061689085290375445 -0.0018243673345402292 -0.012547761691782089 -0.0029607929270476165 0.0019749762891991232 -0.0093969255485101336 -0.00041165604713674328 0.001366290668902092 -0.0079470147657480974 0.0005210340258493297 0.21433946963759001 0.0065011111403653092 1.1375087250685378 -0.019512898241769258 1.5343145488794474 1.0355813790356998 0.0027580477193436207 0.0047908622865074964 0.0021609720074456371 0.0054209411371115837 -0.00018127702225217754 0.41275440644494693 258.35357142857282 -0.0086456657403263856 -0.0031337608232080189 245.51785714285771 -0.0024226649129499987 0.42309925778921376 -0.015125858816423589 12.500000000000002
decision_type=2 2 2 2 2 2 2 2 2 2 2 2 2 2 2 2 2 2 2 2 2 2 2 2 2 2 2 2 2 2
left_child=1 2 3 -1 -2 11 7 13 -5 20 -4 19 21 24 26 -11 -8 18 -18 -3 25 -10 23 -12 -6 -7 27 -9 -23 -20
right_child=4 5 10 8 6 9 16 14 12 15 22 -13 -14 -15 -16 -17 17 -19 29 -21 -22 28 -24 -25 -26 -27 -28 -29 -30 -31
leaf_value=0.070910228622286464 -0.042384224131125629 0.40155289927319893 0.0088278297152187303 0.13313528989776247 0.02297392143505872 0.29986920376941234 -0.021982088381474738 0.012938248713508195 0.34300743281190282 0.028222011317163415 0.21344028600734358 0.1401333090158868 0.36089342090640436 -0.0012377960733682214 0.20058543715857843 0.19461279622428429 0.021243174701666957 -0.0089292518528071418 0.039763787719719945 0.19721172292583988 0.32324038809741712 0.24581547670132756 0.048902380461503837 0.079857266682231573 0.17969115084611539 0.10091864428771298 0.0301144447190572 0.14172486625948644 0.062243857955609418 0.20550325261430205
leaf_weight=154.20635136961937 788.73158758878708 13.592826843261724 162.32577979564667 22.051133282482624 10.880114734172823 4.0925486981868771 1116.5618322119117 10.400209493935106 5.7830518484115627 22.407092504203323 10.071332044899465 7.4507501721382132 16.469857215881348 630.96670947223902 9.4010037928819639 8.4272190257906896 57.421150624752045 331.37481774389744 7.4333618730306652 5.1604129374027243 8.8650934472680074 7.1554989218711862 97.468970507383347 21.576372556388378 9.1275787129998189 10.61255896091461 54.993758700788021 24.719855189323425 6.4210815727710697 9.2304685041308385
leaf_count=1907 11388 178 2104 265 131 55 14925 141 74 305 130 99 200 8368 120 110 758 4385 100 66 115 92 1243 284 100 139 736 329 84 122
internal_value=-6.77204e-05 0.0838587 0.0675806 0.112957 -0.0160823 0.185542 -0.0069536 0.0110446 0.224978 0.136684 0.0345595 0.28698 0.281503 0.00170375 0.0721479 0.0736977 -0.0158283 0.00111811 0.046059 0.345323 0.219081 0.213962 0.0669094 0.122368 0.0944689 0.156288 0.0587489 0.103587 0.158995 0.131571
internal_weight=3645.38 584.138 503.529 212.087 3061.24 80.6085 2272.51 750.489 57.8806 54.4045 291.442 26.204 35.8295 650.974 99.5148 30.8343 1522.02 405.46 74.085 18.7532 23.5702 19.3596 129.117 31.6477 20.0077 14.7051 90.1138 35.1201 13.5766 16.6638
internal_count=49053 7450 6383 2622 41603 1067 30215 9925 715 724 3761 343 450 8599 1326 415 20290 5365 980 244 309 250 1657 414 231 194 1206 470 176 222
is_linear=0
shrinkage=0.05


Tree=3
num_leaves=31
num_cat=0
split_feature=59 18 20 59 21 59 20 17 20 20 12 63 58 17 20 59 38 56 38 18 59 58 21 21 59 59 35 18 50 12
split_gain=1659.42 280.842 255.638 224.835 265.236 130.832 141.745 111.438 98.0847 85.1112 61.1577 55.5274 54.7502 54.6507 71.9383 49.8382 49.0212 58.9278 45.0592 63.0573 43.7156 45.4285 48.4161 42.4449 45.8871 42.0307 61.0507 38.2345 36.4855 37.4391
threshold=-0.0061689085290375445 0.0019864189724699199 -0.0018243673345402292 -0.012547761691782089 -0.0036490567267909355 -0.00041165604713674328 0.00017929556237097016 0.69981818922572958 -0.0079470147657480974 -0.0048795018415858744 1.7179967433687493 -0.019512898241769258 0.0038700253107293294 0.80772714718287697 0.0028078308548858811 -0.022612264641119751 0.27899661321519359 1.0118346840752281 0.272609187354728 0.0034942999627211114 -0.028360432417434332 -0.010806516223081968 -0.010957888437366134 -0.0014109390012139523 -0.0076965161478502438 -0.0091213094159296165 0.61961309101659934 0.0015049588247114159 0.00052015008593273709 1.3581102663034845
decision_type=2 2 2 2 2 2 2 2 2 2 2 2 2 2 2 2 2 2 2 2 2 2 2 2 2 2 2 2 2 2
left_child=2 27 3 4 20 6 11 -4 15 -5 -7 -3 23 -8 -15 -6 25 -18 19 -10 21 22 -1 -9 -25 26 -11 -2 -16 -30
right_child=1 5 7 9 8 10 13 12 18 16 -12 -13 -14 14 28 -17 17 -19 -20 -21 -22 -23 -24 24 -26 -27 -28 -29 29 -31
leaf_value=0.085577161816745351 -0.053637956621988184 0.079096627555040114 0.069558834337596201 0.0056740490952497061 0.23057643118592752 -0.01885598639607115 0.018485999769343762 0.11415609009941437 0.2688812324382735 0.069154707398333334 0.012329811417500981 -0.0057924291666569261 0.1116575939080474 0.047341909278355951 0.23687699485281352 0.07592083622091679 0.084352961673572299 0.28689670209580753 0.32378061968057292 0.14574990916697797 0.040657420771000041 0.059016352605096113 0.28292409430614957 0.28233977466085369 0.17082674336581183 0.028294474075494503 0.27260882870908121 -0.031322581028519141 0.05441490987561845 0.20189193904895039
leaf_weight=6.3851467072963715 352.46283459663391 19.989431366324425 29.656584821641445 152.69592478871346 6.285932943224906 1315.0737899765372 94.490769580006599 8.5463312640786153 16.286928161978722 35.081214003264904 178.55394196510315 530.73900020122528 17.676828354597092 81.37016686797142 7.3645692914724377 30.411348126828671 15.435210116207601 4.6798379421234122 7.3513960018753997 28.755491323769093 112.13230936974287 19.230094887316227 6.0552660450339335 22.880843497812744 15.457581311464311 88.01013670861721 4.1202664971351615 421.49241623282433 12.363837040960791 6.6010748147964469
leaf_count=73 5394 217 356 1888 68 17850 1247 97 162 440 2323 7028 209 1052 89 337 190 57 69 309 1317 220 67 232 173 1136 50 6174 156 73
internal_value=-0.000142966 -0.0155098 0.073869 0.0604463 0.0973076 -0.00656105 0.0104338 0.14979 0.165099 0.0318326 -0.0151279 -0.00271127 0.186645 0.0462384 0.070587 0.102412 0.0589444 0.131475 0.209006 0.190273 0.0553084 0.107182 0.181634 0.214918 0.237379 0.0474756 0.0905387 -0.0414851 0.142425 0.105747
internal_weight=3647.64 3020.5 627.135 532.917 232.894 2246.55 752.919 94.2182 89.0911 300.023 1493.63 550.728 64.5616 202.19 107.7 36.6973 147.327 20.115 52.3938 45.0424 143.803 31.6705 12.4404 46.8848 38.3384 127.212 39.2015 773.955 26.3295 18.9649
internal_count=49053 41603 7450 6383 2622 30035 9862 1067 945 3761 20173 7245 711 2617 1370 405 1873 247 540 471 1677 360 140 502 405 1626 490 11568 318 229
is_linear=0
shrinkage=0.05


Tree=4
num_leaves=31
num_cat=0
split_feature=59 18 21 59 59 20 59 59 19 19 5 19 59 2 59 63 20 6 18 63 5 38 58 38 59 20 20 21 63 58
split_gain=1422.12 270.708 190.039 236.615 134.166 136.18 95.8866 78.363 100.888 69.4002 63.6528 60.4602 58.78 57.965 56.6273 55.643 54.4551 51.704 51.6998 46.8473 43.4187 41.4994 40.5227 40.3236 37.5272 50.4513 37.1434 36.3266 36.2242 35.5188
threshold=-0.0061689085290375445 0.0017244628137603202 -0.0019802456127705217 -0.0086456657403263856 -0.00041165604713674328 0.00021271673288434344 -0.012547761691782089 -0.012547761691782089 -0.0027472799154432529 0.0031793667262910497 0.0016483495604684903 -0.00092164877215380559 -0.0043354466300243562 -0.013155698870434043 0.0064530211313289692 -0.0028931570253594159 0.0088244155927068597 18.500000000000004 0.0032358270406103386 -0.016286760816373844 0.0021444916467571232 0.26484009379465284 -0.0039663190967052326 0.20822626736994884 0.0026711989739723143 0.0016186378463087692 -0.0067770852366986958 -0.0026934465383442662 -0.022382380957596957 0.00073527631257493218
decision_type=2 2 2 2 2 2 2 2 2 2 2 2 2 2 2 2 2 2 2 2 2 2 2 2 2 2 2 2 2 2
left_child=2 -2 6 7 5 19 10 13 -9 24 -1 -5 17 -4 16 -14 -11 -7 -13 27 -10 -22 -17 -12 25 -6 -8 -3 -28 -27
right_child=1 4 3 11 9 12 26 8 20 14 23 18 15 -15 -16 22 -18 -19 -20 -21 21 -23 -24 -25 -26 29 28 -29 -30 -31
leaf_value=0.20386944253790557 -0.048014974444578973 -0.0095594805561966811 0.084567767892917214 0.028305316976921943 -0.021710633654973319 0.14472646499219075 -0.013189149791267233 0.047038159144961428 0.20865547300094855 0.026213299931297569 0.047507833856358012 0.16547512994928293 0.129347943587063 0.20874690212937519 -0.0081479972337167462 0.099990797235962714 0.16333540623282361 -0.016141879252804428 0.049219031847150263 -0.0070809986899815673 0.076185717363498634 0.20410301051497265 0.017064028466537824 0.10005425199297523 -0.02918254109297419 0.046296485211699295 0.15729098361105329 0.10327440318304229 0.027155301672953516 -0.004589375609078402
leaf_weight=8.0422162413597089 512.57791091501713 12.02299351245165 11.66529483348131 97.659645989537239 373.46645255386829 22.015150114893917 68.193612225353718 36.600205041468143 22.053810514509678 74.891211494803429 149.18247754126787 17.586159095168114 13.520275838673113 48.337690308690071 252.83423989266157 16.135822728276253 8.0153396204113943 6.4606724455952635 20.961702421307564 603.47026308625937 20.385920777916912 9.2027621492743474 169.27412908524275 48.34072232991457 743.97524512559175 51.210878320038319 5.6439847573637953 17.539222963154316 101.77413828670979 103.80510146170855
leaf_count=76 8049 141 111 1173 5201 267 832 421 225 981 1638 184 156 413 3395 200 98 81 233 8168 215 92 2179 508 10338 709 66 185 1263 1455
internal_value=-0.000196017 -0.0149496 0.0658823 0.0968089 -0.00808408 0.00785168 0.0428033 0.14052 0.110544 -0.0166102 0.0659819 0.0492342 0.0410395 0.184605 0.00361065 0.0314218 0.0394702 0.108228 0.102257 -0.00407049 0.155552 0.115971 0.024281 0.0603678 -0.0219456 -0.0117576 0.0156712 0.0573847 0.0339929 0.0122212
internal_weight=3646.85 2981.21 665.63 284.453 2468.64 860.439 381.177 148.246 88.2427 1608.2 205.565 136.208 227.406 60.003 335.741 198.93 82.9066 28.4758 38.5479 633.032 51.6425 29.5887 185.41 197.523 1272.46 528.482 175.612 29.5622 107.418 155.016
internal_count=49053 41603 7450 3067 33554 11377 4383 1477 953 22177 2222 1590 2883 524 4474 2535 1079 348 417 8494 532 307 2379 2146 17703 7365 2161 326 1329 2164
is_linear=0
shrinkage=0.05


Tree=5
num_leaves=31
num_cat=0
split_feature=59 18 20 59 21 59 19 20 19 59 17 21 53 20 11 17 18 59 20 63 35 58 59 18 58 11 59 18 1 59
split_gain=1230.21 260.173 149.712 130.09 145.236 122.7 124.32 70.8777 65.3521 62.6815 60.124 58.899 52.8188 46.3228 46.3695 45.8802 45.3755 63.455 55.2087 43.7498 34.8581 34.654 33.9924 54.8215 33.8297 32.0148 30.2875 30.1164 31.0017 29.7136
threshold=-0.0061689085290375445 0.0017244628137603202 -0.0013996581686368745 -0.012547761691782089 -0.0036490567267909355 -0.00041165604713674328 -0.00030283431224006777 -0.0048795018415858744 0.0027580477193436207 0.0046945351988532374 0.69981818922572958 0.0012388711701541105 -0.0026431106143283175 0.0027436729518762848 -0.092335971494900151 1.207112229514067 0.0068733209489973864 -0.020508045326491867 -0.0067770852366986958 -0.014583752450720343 0.17700948253608242 0.0019810760136002798 -0.018863133693344004 0.0047025084821377223 -0.010806516223081968 -0.36752719600243478 -0.0029129703432650019 0.0037660275744283074 -0.00066496408287888646 0.0026711989739723143
decision_type=2 2 2 2 2 2 2 2 2 2 2 2 2 2 2 2 2 2 2 2 2 2 2 2 2 2 2 2 2 2
left_child=2 -2 3 4 22 6 -3 -5 29 11 -4 -10 -8 26 -15 19 17 -6 -19 -9 -11 -21 23 -1 -25 -24 27 28 -14 -7
right_child=1 5 10 7 16 8 12 15 9 20 -12 -13 13 14 -16 -17 -18 18 -20 21 -22 -23 25 24 -26 -27 -28 -29 -30 -31
leaf_value=0.16937996043469511 -0.047602564235832784 -0.0078106029330143201 0.057022968501985308 0.0045741230330295082 0.23616640656265592 -0.01295315849758279 0.089152675444850615 0.1474199453643972 0.0034025376307351717 -0.021524869534389039 0.14357354470449862 0.091909886640362218 0.18320558680935425 0.034298727792206246 0.14163741123322782 0.09098495496796799 0.033791194417640245 0.074218526452396613 0.15424429241847373 0.044535813643578774 0.011412154030120511 -0.014307614106622913 0.069748721727891178 0.096487857227729457 0.026898557354605626 -0.0042194856856630743 0.0037843601935059236 -0.0046251386951429354 0.04869907366221591 -0.028982912975058651
leaf_weight=11.091135226190088 491.69734217226505 527.00868588685989 28.699834771454334 155.24486003816128 12.5534236356616 511.794513463974 35.01693444699049 8.0905744135379773 43.082239113748074 198.33874633908272 66.694920301437378 33.346188232302666 4.622400850057601 29.052755497395992 15.391876451671122 50.722951471805573 13.622142702341078 41.420265667140484 44.930505491793156 85.531583398580551 135.0100856050849 35.366336308419704 21.133148781955242 26.461953587830067 51.36285424977541 47.527374513447285 169.56078103929758 26.907113298773766 58.49780235439539 664.38611664623022
leaf_count=117 8049 7056 302 1888 104 7216 433 82 558 2728 583 408 59 346 156 556 117 383 352 993 1786 413 233 262 550 515 2228 341 758 9481
internal_value=-0.000237005 -0.0144081 0.0593181 0.0501396 0.0759576 -0.00775167 0.00738403 0.0293204 -0.016017 0.00117862 0.117535 0.0420188 0.0310021 0.0243046 0.0714718 0.0506977 0.119345 0.131128 0.115858 0.0348552 -0.008185 0.0273223 0.0449745 0.0653815 0.0505603 0.0185473 0.0162291 0.0396678 0.0585492 -0.0220078
internal_weight=3644.17 2943.71 700.454 605.059 270.103 2452.02 866.058 334.956 1585.96 409.777 95.3948 76.4284 339.05 304.033 44.4446 179.711 112.526 98.9042 86.3508 128.988 333.349 120.898 157.576 88.9159 77.8248 68.6605 259.588 90.0273 63.1202 1176.18
internal_count=49053 41603 7450 6565 2633 33554 11377 3932 22177 5480 885 966 4321 3888 502 2044 956 839 735 1488 4514 1406 1677 929 812 748 3386 1158 817 16697
is_linear=0
shrinkage=0.05


Tree=6
num_leaves=31
num_cat=0
split_feature=59 18 59 40 20 59 20 58 20 12 59 18 20 17 63 20 20 63 20 18 19 59 59 5 59 58 63 59 20 12
split_gain=1075.26 231.001 125.113 202.694 86.7459 81.5423 118.178 55.5639 52.1984 49.4679 47.3985 67.785 46.198 44.1812 40.9117 45.2644 39.0034 37.0347 36.5149 35.1973 34.755 34.0669 33.9675 32.7772 32.1894 34.6019 30.4164 30.28 53.7579 29.6645
threshold=-0.005173393328614855 0.0019864189724699199 -0.0086456657403263856 -1.0000000180025095e-35 -0.0031337608232080189 0.0027456073984877647 0.0015432951595676374 0.00027330157841675844 0.0056310268244556625 1.4005471817487998 -0.018863133693344004 0.0047904824260039357 0.0018133834874483222 1.0904707667225575 -0.0093321214120904803 -0.0017762059209727552 0.00096959038621778225 -1.0000000180025095e-35 -0.0087102715156730775 0.0015049588247114159 -0.006852110447760411 -0.015943980570770767 0.0064530211313289692 0.0016217850669421993 -0.002295102883644891 -0.0004504940351024482 -0.024994001782563488 -0.0016163438634930174 0.00067179191343334397 1.2264200719260951
decision_type=2 2 2 2 2 2 2 2 2 2 2 2 2 2 2 2 2 2 2 2 2 2 2 2 2 2 2 2 2 2
left_child=2 19 3 10 -4 6 14 -5 26 24 11 20 21 -6 15 -3 -15 -10 -12 -2 -1 -9 -19 -23 25 -8 -7 28 -21 -24
right_child=1 5 4 7 13 8 9 12 17 -11 18 -13 -14 16 -16 -17 -18 22 -20 27 -22 23 29 -25 -26 -27 -28 -29 -30 -31
leaf_value=0.097735520242340057 -0.053092151657501613 -0.0043341707994582973 0.00079486727604291302 0.13813994801349377 0.033745422812103569 0.064601311170501094 0.16635510288755423 0.13142007378594478 0.10485777759922839 0.081479869511088793 0.0030602952564550878 0.049379108367085908 0.17975838473478717 0.071422633147593131 -0.010179621164652972 0.07691933122587899 0.19562916917508685 0.039578142904904939 0.044872873289540163 -0.018509038231821647 0.23035671568603167 0.15762547402978208 -0.026078862555503648 0.041085453237129754 0.014076134993631341 0.04103744367411509 -0.026950477066217077 -0.039275645346583427 0.11007496908322251 0.0090308740076260417
leaf_weight=12.572138346731665 305.63769852742553 41.1281952932477 173.02987418323755 82.146926067769527 119.75595554709435 9.2005614414811117 6.9594516009092322 17.484730198979378 8.1459400132298452 40.798301473259926 87.406159669160843 88.671527169644833 10.688451841473578 47.454212047159672 810.19714491069317 29.387058056890965 7.2917434461414805 39.739154875278473 129.68995528668165 100.84131406992674 8.1376324817538244 6.7162056863307944 133.73152975738049 59.345905631780624 197.40271796286106 26.415982253849506 650.41644690185785 271.34195908904076 8.8411154262721521 109.36001826822758
leaf_count=114 5325 489 2129 658 1393 115 71 129 104 465 945 874 88 531 11024 335 63 508 1406 1573 69 60 1904 559 2613 301 9345 4289 132 1442
internal_value=-0.000268797 -0.0152733 0.0489507 0.0648943 0.0258812 -0.00705141 0.00189134 0.108083 -0.0178916 0.0307269 0.0415614 0.0684013 0.081881 0.0507559 -0.00700038 0.029528 0.087966 -0.000250819 0.0280385 -0.0404528 0.149847 0.0693592 -0.0032781 0.0529335 0.0217545 0.0671687 -0.0256735 -0.0303141 -0.00814433 -0.010284
internal_weight=3639.94 2789.54 850.391 502.86 347.532 2102.88 1152.29 176.382 950.594 271.576 326.477 109.381 94.2353 174.502 880.712 70.5153 54.746 290.977 217.096 686.662 20.7098 83.5468 282.831 66.0621 230.778 33.3754 659.617 381.024 109.682 243.092
internal_count=49053 40035 9018 4902 4116 28716 15298 1494 13418 3450 3408 1057 836 1987 11848 824 594 3958 2351 11319 183 748 3854 619 2985 372 9460 5994 1705 3346
is_linear=0
shrinkage=0.05


Tree=7
num_leaves=31
num_cat=0
split_feature=59 18 59 21 59 19 20 19 59 2 59 21 59 5 19 49 1 20 11 60 54 13 57 21 56 6 43 37 20 57
split_gain=945.564 222.419 101.925 169.91 79.0073 95.1112 74.4342 58.7561 51.6674 51.0732 46.4278 46.0544 44.0441 49.5477 38.2594 39.3143 36.3306 35.3965 41.6183 35.0078 33.1054 31.8351 29.677 31.9302 34.1281 31.6014 29.0688 28.0236 27.8684 30.094
threshold=-0.005173393328614855 0.0017244628137603202 -0.0086456657403263856 -0.0021987815304257436 -0.00041165604713674328 -0.00031950271485360274 -0.0034237410945002211 0.0027580477193436207 0.0046945351988532374 -0.0066188492560003498 -0.011508317009568387 0.00025344135328514325 -0.018863133693344004 0.0049556294246824806 -0.00021000364744539415 -0.00054827074899260915 -0.00063976751395854452 -0.012409115078305976 -0.20362746438255677 0.90504276615960388 0.002668004656705325 0.24617630876861046 1.0000000180025095e-35 0.0015477628315014992 0.7294905093390428 5.5000000000000009 1.7785000000000003e-05 0.30278023793556985 0.0020648553062117179 1.0000000180025095e-35
decision_type=2 2 2 2 2 2 2 2 2 2 2 2 2 2 2 2 2 2 2 2 2 2 2 2 2 2 2 2 2 2
left_child=2 -2 3 12 5 -3 -4 -6 11 10 19 -9 13 17 20 -16 -7 -1 -19 -5 -8 -10 25 24 -24 -11 -27 -17 29 -18
right_child=1 4 6 9 7 16 14 8 21 22 -12 -13 -14 -15 15 27 28 18 -20 -21 -22 -23 23 -25 -26 26 -28 -29 -30 -31
leaf_value=0.057147158050036319 -0.047116389811700743 -0.010672409267494182 -0.0016921968362200548 0.1205128652468333 -0.02081158426700528 0.070308468111160455 0.040061071119322306 -0.015838515526382262 -0.021117280706475491 0.072135138063550486 0.0083634065005926215 0.064372943593787577 0.022526400443351455 0.010692632710702268 0.15331307763709318 0.10798926669249685 0.027016780823476833 0.056119687328195736 0.17643509330925075 0.034002620630557999 -0.028725613573453868 0.010273340545847979 0.048450572132250833 0.15606156783574798 0.14189256344333712 0.21759865340909595 0.13243564299334107 0.028124500554154764 0.048248765384526063 -0.0097432720021105746
leaf_weight=49.897904902696609 444.41295583918691 433.22987743467093 156.69692980498075 33.289445243775845 1138.9279774203897 39.021251142024994 115.90802559256554 27.007722347974777 185.99000051990151 13.608844868838785 26.243632085621357 53.038381867110729 209.15519307553768 33.984084218740463 13.291499067097901 16.933209434151649 125.29011832922697 12.340532243251802 17.213098950684071 18.026737652719021 20.600457973778248 142.76916968077421 38.332196928560734 14.595223151147364 13.114916890859602 14.476523876190184 32.548049047589302 31.262150179594755 63.203372873365879 100.20443913340569
leaf_count=467 7894 5897 1925 237 16697 473 1337 345 2623 106 268 621 2227 320 129 165 1608 115 143 134 241 1891 335 112 102 100 236 319 676 1310
internal_value=-0.000293839 -0.0147247 0.0447755 0.0587259 -0.00848938 0.00470205 0.0240549 -0.014975 0.00128567 0.0944125 0.0624582 0.0373094 0.0361323 0.0612193 0.0444315 0.0771807 0.0250264 0.0828312 0.126196 0.0901229 0.0296805 -0.00748538 0.113977 0.0907884 0.0722708 0.139235 0.158653 0.0561846 0.0189059 0.0106815
internal_weight=3634.61 2753.1 881.519 526.826 2308.68 760.949 354.692 1547.73 408.805 204.236 77.5598 80.0461 322.591 113.436 197.995 61.4869 327.719 79.4515 29.5536 51.3162 136.508 328.759 126.676 66.0423 51.4471 60.6334 47.0246 48.1954 288.698 225.495
internal_count=49053 40035 9018 4902 32141 9964 4116 22177 5480 1630 639 966 3272 1045 2191 613 4067 725 258 371 1578 4514 991 549 437 442 336 484 3594 2918
is_linear=0
shrinkage=0.05


Tree=8
num_leaves=31
num_cat=0
split_feature=59 18 38 59 21 59 20 19 20 62 59 12 19 63 21 16 58 59 58 59 19 21 63 19 5 35 1 13 59 58
split_gain=834.451 213.955 100.53 90.0782 88.4854 72.729 103.674 59.34 58.6563 52.233 43.5576 40.1326 38.3331 36.5135 53.0378 34.6736 34.3455 38.1816 29.534 30.069 43.2201 29.6943 28.436 27.0957 33.6234 25.6007 25.4948 25.4564 25.3629 24.4387
threshold=-0.005173393328614855 0.0017244628137603202 0.26561858808891486 -0.012547761691782089 -0.0035111788048073889 0.0026711989739723143 0.0016566585819816589 0.0031793667262910497 -0.0040568552701839749 -0.0091482616760727217 -0.0073502114018449763 1.3306173494128417 -0.0034449902917867352 -0.012713450008000577 -0.00094262693215808662 0.1098589207263999 -0.00070488703101406584 -0.0070109487086862064 -0.0015730992063802652 -0.00064508471716270691 -0.00030283431224006777 0.00037355221757939247 -0.024994001782563488 -0.00021000364744539415 0.0018071479726241826 0.17700948253608242 0.0010199224064966878 0.34543613133390877 -0.0024226649129499987 0.005926017202040848
decision_type=2 2 2 2 2 2 2 2 2 2 2 2 2 2 2 2 2 2 2 2 2 2 2 2 2 2 2 2 2 2
left_child=2 -2 3 4 -1 6 13 22 -5 -4 -11 28 -6 14 -3 -13 17 -10 19 20 -15 -22 -7 27 -25 -9 -26 -18 -8 -30
right_child=1 5 9 8 12 7 11 25 16 10 -12 15 -14 18 -16 -17 23 -19 -20 -21 21 -23 -24 24 26 -27 -28 -29 29 -31
leaf_value=0.032777984219107062 -0.046711545570287144 -0.0013058952660833228 0.18804492233525164 0.0015909585420443636 0.068283706987201986 0.065510967356323835 0.059847383758603948 -0.013225424894829037 0.088573606821985812 0.095001296490973178 0.034989363723192515 0.02272982297475102 0.1273412483304503 -0.0046900293808704134 0.10235861144167258 0.10596529316129831 0.0029014789053438666 0.026821403996114098 -0.016404633340091263 -0.016547759292746766 0.034189295372339973 0.15176223717678802 -0.027684154455348498 0.15614603357207124 0.10769839663317049 0.015672361884941591 0.0062098739971227371 0.082537429848712485 0.02133901832628746 -0.019260946449701916
leaf_weight=174.55907081067562 426.31059872731566 39.656476013362408 10.433393642306326 218.88055475056171 81.778367318212986 8.2855413854122144 30.965617693960667 169.51702175289392 53.392422012984753 77.788855582475662 49.462037477642298 23.461613398045301 41.379775352776051 120.74055744707584 17.911508150398731 26.808658491820097 106.88307646289468 47.125012215226889 630.44813590869308 131.74815763533115 74.201923348009586 5.7892872095108023 674.88781448453665 7.2269677259027949 8.7538465857505816 139.88549000024796 21.112832441926003 11.074803337454794 148.11071516573429 49.437105976045132
leaf_count=1678 7894 465 81 2575 599 100 317 2384 476 618 552 258 276 1638 188 293 1183 531 8974 1885 944 67 10238 65 80 1785 195 109 1955 650
internal_value=-0.000312672 -0.0141861 0.0411339 0.0341158 0.0556742 -0.00813597 -0.000350932 -0.0183266 0.0205879 0.0804931 0.0716748 0.0266716 0.0881264 -0.00773307 0.0309479 0.0671185 0.0368576 0.0596227 -0.0100456 0.00201243 0.0141942 0.0426985 -0.0265539 0.0220994 0.0593726 -0.000160305 0.0359559 0.0103783 0.0177738 0.0111787
internal_weight=3628.02 2718.17 909.851 772.167 297.717 2291.86 1299.28 992.576 474.45 137.684 127.251 278.784 123.158 1020.5 57.568 50.2703 255.569 100.517 962.928 332.48 200.732 79.9912 683.173 155.052 37.0936 309.403 29.8667 117.958 228.513 197.548
internal_count=49053 40035 9018 7767 2553 32141 17634 14507 5214 1251 1170 3473 875 14161 653 551 2639 1007 13508 4534 2649 1011 10338 1632 340 4169 275 1292 2922 2605
is_linear=0
shrinkage=0.05


Tree=9
num_leaves=31
num_cat=0
split_feature=59 5 38 59 21 59 19 6 6 20 47 59 58 21 5 19 59 48 2 21 26 59 42 63 12 20 58 32 37 59
split_gain=738.96 180.207 81.4291 75.5047 71.8827 63.9925 77.81 60.1955 75.2243 51.8319 40.666 39.5383 37.4441 46.1898 36.4513 35.2124 46.3702 33.737 32.0731 30.943 29.6576 29.5311 38.1974 29.5195 28.6201 25.3646 35.2395 28.6938 26.0201 25.6336
threshold=-0.005173393328614855 0.0011411787201982403 0.26561858808891486 -0.012547761691782089 -0.0036490567267909355 -0.0013639540657373152 -0.00052335718672781085 11.500000000000002 14.500000000000002 -0.00033402460998699748 0.00075255412080416984 -0.0073502114018449763 -0.0015730992063802652 0.00037355221757939247 0.0025973032003906668 0.0012147586984114984 0.0026711989739723143 -0.00048335129370249399 -0.0097081318085432845 0.0022481178581148101 0.41839811840059543 0.001554153422281483 1.6810000000000003e-05 -0.011116368576625076 0.87634418180485973 -0.0067770852366986958 -0.00028854892153602052 7.5000000000000009 0.56989844008125279 -0.010375813110932755
decision_type=2 2 2 2 2 2 2 2 2 2 2 2 2 2 2 2 2 2 2 2 2 2 2 2 2 2 2 2 2 2
left_child=2 -2 3 4 -1 6 -3 -7 15 20 23 -4 13 -8 -11 21 17 -17 -6 -12 25 22 -9 -10 -14 -5 27 29 -29 -27
right_child=1 5 11 9 18 7 12 8 10 14 19 -13 24 -15 -16 16 -18 -19 -20 -21 -22 -23 -24 -25 -26 26 -28 28 -30 -31
leaf_value=0.029670022451729505 -0.041209012347140077 -0.0097222322802992464 0.092350775994152479 -0.015397765130560917 0.048533021616720684 -0.022622988279526 0.039841067700050289 0.1496392963808886 0.042788397531069236 0.10221500248566789 -0.0084731939065404074 0.038352083822310125 -0.0006323079199888526 0.14712448507664055 0.026483304429055571 0.19615997752940439 0.024807555742679673 0.066547444310786602 0.098269556340621705 0.12823071637905289 0.069028263768206199 -0.025127356352818576 0.012769307627185931 -0.015638330121898355 0.045802856596370733 0.075069248594578517 -0.0025389744749302031 0.12962165634030226 0.0065142788429457966 0.01583452309000798
leaf_weight=174.10241798311472 486.29593278467655 309.41942697390914 91.426591105759144 80.483266957104206 54.165713593363762 779.08700707182288 79.298394449055195 5.8711354471743098 22.399470590054989 29.284229464828968 7.6499310284853008 53.875409573316574 111.6986325532198 11.485968228429554 34.736120797693729 6.9655478820204761 81.283255476504564 17.980043821036816 80.715729124844074 9.0204889699816686 22.212701249867678 50.174463968724012 38.685147877782583 620.09314074739814 47.207394290715456 21.154053196310997 140.88712586462498 12.870232611894609 6.4399250447750083 133.68806738778949
leaf_count=1638 8909 4309 673 958 399 11537 945 76 270 236 109 578 1445 108 300 86 1090 208 516 119 229 738 534 9003 549 206 1591 134 73 1487
internal_value=-0.00032804 -0.0136661 0.0379263 0.0316046 0.050897 -0.00757329 0.00703361 -0.0125555 -0.00343647 0.019231 -0.0116009 0.072329 0.0277976 0.0534145 0.0611245 0.0233435 0.0431081 0.102739 0.0782963 0.0654983 0.0128106 0.00118001 0.0308045 -0.0136014 0.0131625 0.00965342 0.0160533 0.0310942 0.0885654 0.023927
internal_weight=3620.66 2684.62 936.042 790.74 308.984 2198.32 559.11 1639.21 860.123 481.756 659.163 145.302 249.69 90.7844 64.0204 200.96 106.229 24.9456 134.881 16.6704 417.735 94.7307 44.5563 642.493 158.906 395.523 315.039 174.152 19.3102 154.842
internal_count=49053 40035 9018 7767 2553 31126 7356 23770 12233 5214 9501 1251 3047 1053 536 2732 1384 294 915 228 4678 1348 610 9273 1994 4449 3491 1900 207 1693
is_linear=0
shrinkage=0.05


Tree=10
num_leaves=31
num_cat=0
split_feature=59 18 59 21 19 6 6 17 38 59 19 20 59 18 58 47 21 63 59 20 18 21 19 59 5 43 19 41 16 58
split_gain=656.375 194.756 89.0865 109.191 73.7046 55.2335 101.227 39.8862 37.1069 35.3804 50.5824 44.7549 33.8085 38.5658 31.6547 31.2446 39.793 31.5993 30.7855 30.3661 29.8571 29.5856 29.2457 31.7141 28.8376 27.6342 27.5733 26.686 25.6013 25.4281
threshold=-0.0043354466300243562 0.0019864189724699199 -0.0086456657403263856 -0.0021987815304257436 -0.00028549282742163271 11.500000000000002 14.500000000000002 0.68418100176318697 0.25213807370844882 0.0026711989739723143 0.00034724214391066653 0.0056310268244556625 -0.018863133693344004 0.0047904824260039357 0.0065011111403653092 0.0006944107283385813 0.0025227754528946958 -0.011116368576625076 0.0026711989739723143 0.0031574993579079219 0.0015049588247114159 -0.0013830287465108366 -0.0033354644004555275 -0.011508317009568387 0.0019507971618624462 0.00019835 0.00034724214391066653 0.0003311050000000001 0.31505331818967192 -0.0050120470784510594
decision_type=2 2 2 2 2 2 2 2 2 2 2 2 2 2 2 2 2 2 2 2 2 2 2 2 2 2 2 2 2 2
left_child=2 20 3 12 8 18 9 -6 29 10 -7 -11 13 -1 22 17 27 21 26 24 -2 -8 23 -5 -9 -18 -3 -17 -12 -4
right_child=1 5 4 14 7 6 15 19 -10 11 28 -13 -14 -15 -16 16 25 -19 -20 -21 -22 -23 -24 -25 -26 -27 -28 -29 -30 -31
leaf_value=0.10369302822722809 -0.052503466901571066 -0.016970428192722264 0.030329153127643262 0.077518946504250522 0.0033700415880354127 0.019971985385344851 -0.0098144889878522996 0.096511364489538273 0.031355586835937706 -0.013617833860342857 0.055038201994063687 0.051770773753933276 0.016358096940673358 0.034761319163047734 0.025861978580948991 -0.041928643507343821 0.21653541181393768 -0.011506021391885958 -0.026103704705983135 0.1488347943290986 -0.029664057944132169 0.087230208566305409 0.095873309883574467 0.011602118175558486 0.030765754294799354 0.057001600308274815 0.0066959050616335032 0.11330958505068088 0.12352377314482935 -0.010190407470800515
leaf_weight=25.471472077071667 252.85338149219751 309.73088379949331 46.625513181090355 59.669651187956333 29.343297887593508 76.911612905561924 15.396211266517641 29.378041669726372 107.24962540343404 76.505941219627857 34.545473031699657 39.772118367254734 224.57871317863464 99.76809523999691 31.925628781318665 12.311357915401461 4.2311299890279752 736.40925109013915 396.96035609394312 10.97047286480665 329.6416096650064 16.031595766544342 115.58138972520828 26.285661816596985 38.584315836429596 7.5725544169545174 204.22392576560378 3.5714768171310416 22.555768556892872 228.33282763883471
leaf_count=180 5200 4366 549 364 311 1001 184 276 1228 1101 372 484 2227 865 248 177 51 10495 6086 80 5702 175 762 256 373 91 2681 47 254 2867
internal_value=-0.000340247 -0.0141988 0.0324322 0.0456389 0.0167268 -0.00664357 0.00119646 0.0531425 0.0064106 0.0289294 0.0464401 0.00874789 0.0279658 0.0487808 0.0721201 -0.00752899 0.0446543 -0.0094106 -0.0156446 0.0716455 -0.0395783 0.0396888 0.0794479 0.0573612 0.0591856 0.114188 -0.00756643 -0.00702116 0.0820909 -0.00331938
internal_weight=3612.99 2539.22 1073.76 583.281 490.484 1956.73 1045.81 108.276 382.208 250.291 134.013 116.278 349.818 125.24 233.462 795.524 27.6865 767.837 910.915 78.9328 582.495 31.4278 201.537 85.9553 67.9624 11.8037 513.955 15.8828 57.1012 274.958
internal_count=49053 38467 10586 4902 5684 27565 14432 1040 4644 3212 1627 1585 3272 1045 1630 11220 366 10854 13133 729 10902 359 1382 620 649 142 7047 224 626 3416
is_linear=0
shrinkage=0.05


Tree=11
num_leaves=31
num_cat=0
split_feature=59 3 38 59 6 6 59 21 7 17 2 59 20 47 59 20 63 21 20 43 37 37 4 20 21 16 59 20 50 11
split_gain=586.543 120.5 63.8966 57.3694 53.4318 56.1388 48.6402 46.5393 43.8706 33.5662 31.7467 34.2292 31.6969 31.0442 30.5719 41.4098 30.0768 40.1889 28.5731 30.3759 27.6209 28.0332 27.3589 27.2545 27.2051 26.7833 24.0316 34.5727 33.1081 24.0165
threshold=-0.005173393328614855 0.0016688699455948356 0.20885466674616546 -0.0073502114018449763 11.500000000000002 14.500000000000002 -0.012547761691782089 -0.0035111788048073889 4.5000000000000009 1.0307080183338171 0.0021622167373258725 0.0026711989739723143 -0.00068344836023858898 0.0006944107283385813 -0.0015268842226218613 0.00037237382979769693 -0.0093321214120904803 -0.0013830287465108366 -0.00095432466034850742 9.6249999999999917e-06 0.75489592407731743 0.43208218220743932 206.61428571428459 -0.0087102715156730775 0.0025227754528946958 0.4791724559358585 -0.00079834679863081406 0.0016186378463087692 0.0004020668098901155 -0.67362989428300657
decision_type=2 2 2 2 2 2 2 2 2 2 2 2 2 2 2 2 2 2 2 2 2 2 2 2 2 2 2 2 2 2
left_child=2 22 6 9 14 8 7 -1 10 18 25 -12 -8 16 15 -3 17 -7 19 20 21 -4 -2 -9 -15 -6 27 -18 -29 -19
right_child=1 4 3 -5 5 13 12 23 -10 -11 11 -13 -14 24 -16 -17 26 29 -20 -21 -22 -23 -24 -25 -26 -27 -28 28 -30 -31
leaf_value=0.021264371513403709 -0.038852184933108477 -0.010873380643427806 0.065708558671797743 0.021497442014969972 0.0018558397292087793 -0.016583489158633086 -0.0016724478966665725 0.025908734727882233 -0.019577822828571369 0.073999226105185209 0.088938604809458005 0.029014494810727168 0.047476714070022644 0.0012797716711592105 -0.020990042026200983 0.040433296942149421 -0.005088161340507929 0.16531129756912677 0.089761196701589371 0.020960988054279355 0.003359165133486483 0.20034431223887436 -0.016484263167579529 0.089712981078187842 0.098510607169207925 0.060451609223193176 -0.016120158267101271 0.12015618526034676 0.015218962500535045 0.047074998276081331
leaf_weight=158.49380544573069 429.92409624159336 188.02644088864326 9.4728572294116073 162.94321285933256 107.84392833337188 19.438596714287996 226.8376862667501 24.87099527567625 58.063761778175831 161.28761798143387 35.876568011939526 70.974120516330004 38.349698830395937 16.185683913528923 675.34808984026313 49.728584829717875 164.48086567223072 6.2909073606133488 25.693582259118557 108.22206173837185 7.3110252991318694 6.5324349105358115 200.44146619364619 51.176725037395954 12.95035123080015 23.806640543043613 516.65165567025542 11.327267885208128 22.342286299914122 13.535878006368874
leaf_count=1421 8229 2714 76 1732 1453 237 2596 181 895 1174 353 914 317 227 10384 554 2282 63 165 934 67 53 3045 302 142 309 7734 119 235 146
internal_value=-0.000350059 -0.0126856 0.0326294 0.0456286 -0.00665865 0.000870127 0.0201053 0.0366923 0.0193975 0.0579733 0.0288861 0.0491348 0.00543519 -0.00614538 -0.0155616 -0.000142131 -0.00810212 0.0345037 0.041534 0.0321137 0.0838787 0.120659 -0.0317397 0.0688461 0.0444968 0.0124518 -0.0104425 0.00436114 0.0505224 0.0845906
internal_weight=3604.43 2623.24 981.192 481.463 1992.87 1079.77 499.729 234.542 296.565 318.52 238.501 106.851 265.187 783.203 913.103 237.755 754.067 39.2654 157.232 131.538 23.3163 16.0053 630.366 76.0477 29.136 131.651 714.802 198.15 33.6696 19.8268
internal_count=49053 40035 9018 4201 28761 15109 4817 1904 3924 2469 3029 1267 2913 11185 13652 3268 10816 446 1295 1130 196 129 11274 483 369 1762 10370 2636 354 209
is_linear=0
shrinkage=0.05


Tree=12
num_leaves=31
num_cat=0
split_feature=59 18 59 40 19 59 19 20 20 59 19 17 18 63 38 18 59 20 59 37 60 45 4 5 12 1 49 58 5 20
split_gain=526.266 180.913 66.1422 75.8264 60.0823 49.9206 77.8355 42.5129 37.4824 33.0766 34.951 31.7365 31.5842 31.0817 31.0497 30.6796 28.3401 31.2826 31.0693 37.1404 44.8029 39.9797 28.3537 27.7475 27.0013 31.7819 26.8362 26.3432 27.5349 25.2479
threshold=-0.0043354466300243562 0.0019864189724699199 -0.0086456657403263856 -1.0000000180025095e-35 -0.00028549282742163271 0.0027456073984877647 0.00034724214391066653 0.0056310268244556625 0.0088244155927068597 0.010567303106569028 0.0062623029751807226 0.68418100176318697 0.0054209411371115837 -0.021029265674987634 0.24621690849543817 0.0015049588247114159 -0.024660633804338413 -0.010208992455516448 -0.012042605746047022 0.68958922619382668 0.7183190627757583 -0.00046151598025872268 478.54642857143028 0.0056490377116819954 0.67018521079653492 -0.0016282935860777435 -0.00021868638607753675 0.0065011111403653092 0.0043800769835698585 -0.016022840779575758
decision_type=2 2 2 2 2 2 2 2 2 2 2 2 2 2 2 2 2 2 2 2 2 2 2 2 2 2 2 2 2 2
left_child=2 15 3 16 14 6 13 -7 24 10 -9 -6 -12 -3 -4 -2 23 -18 19 20 -19 -21 -23 29 -8 -26 -13 28 -5 -1
right_child=1 5 4 27 11 7 8 9 -10 -11 12 26 -14 -15 -16 -17 17 18 -20 21 -22 22 -24 -25 25 -27 -28 -29 -30 -31
leaf_value=0.042842450837940152 -0.052262526435450346 0.060287233175284755 -0.0044932267918372784 0.074657497517458524 0.0022274566951279938 -0.022330756126864353 0.001357116080290732 0.011192963170571529 0.12265060353870194 -0.012702320517698186 0.14479782759990056 0.11487575268722204 -0.0068054504970699124 -0.011953858604825181 0.025717099793964665 -0.028344387164163865 -0.0025674805420026056 0.038781824904851277 0.0081385754048479541 -0.025143514609228309 0.12910140973950474 0.098607000201243133 0.006531603525362405 0.0074266543184138695 0.15044613084978251 0.023920610651131765 0.047129570881662378 0.020688373056218436 0.011762086127635076 0.11662948645606948
leaf_weight=25.63385334610939 233.77297085523605 15.270708277821539 262.22911145910621 179.71131151169538 29.82481561601162 597.92138002067804 189.9930108524859 97.580190312117338 8.3090533912181836 170.79586636275053 9.9871962219476682 18.811384782195091 5.2370289713144293 596.26143265143037 125.88143103569746 314.35949482396245 108.86515435576439 32.714449480175972 87.902859143912792 26.905462317168713 23.660979270935059 18.322833620011806 15.378674641251562 21.34826398640871 5.0705886557698241 234.38589072227478 65.578627526760101 33.576854541897774 19.267116621136665 21.165697745978832
leaf_count=209 5200 149 3247 1122 311 9460 2529 1358 75 2412 118 152 70 8477 1397 5702 983 257 931 231 179 148 130 180 57 2860 577 248 124 160
internal_value=-0.000355076 -0.013194 0.0281439 0.039146 0.014686 -0.00599716 0.00137184 -0.0147686 0.0174673 0.00117486 0.0221861 0.0465622 0.0926473 -0.0101499 0.00530532 -0.0385452 0.0254395 0.0190916 0.0306001 0.0474781 0.0766893 0.0203064 0.0565911 0.0546651 0.0154322 0.0265998 0.0622309 0.0616545 0.0685673 0.0762136
internal_weight=3595.72 2478.94 1116.78 614.454 502.325 1930.81 1049.29 881.522 437.759 283.6 112.804 114.215 15.2242 611.532 388.111 548.132 381.898 313.75 204.885 116.982 56.3754 60.607 33.7015 68.1478 429.449 239.456 84.39 232.555 198.978 46.7996
internal_count=49053 38467 10586 4902 5684 27565 14147 13418 5521 3958 1546 1040 188 8626 4644 10902 3408 2859 1876 945 436 509 278 549 5446 2917 729 1494 1246 369
is_linear=0
shrinkage=0.05


Tree=13
num_leaves=31
num_cat=0
split_feature=59 18 59 38 20 6 6 18 59 20 21 20 59 18 47 59 58 21 52 18 5 18 58 2 59 21 59 2 21 59
split_gain=471.145 172.116 64.7107 63.0891 48.8199 48.6992 73.4589 37.0955 31.8555 34.9174 32.5861 31.5367 36.0814 50.691 31.1752 30.4535 33.934 40.7574 29.5998 28.7251 27.3437 26.4876 25.9802 24.9271 24.7466 25.9225 28.0329 27.5535 23.1165 22.7264
threshold=-0.0040234056559891639 0.0017244628137603202 -0.0073502114018449763 0.19655976854508064 -0.0030732943684944258 11.500000000000002 14.500000000000002 0.0022052367935837072 0.0024754487150094938 0.0059226946334849867 -0.0011413260300944623 -0.0018243673345402292 -0.015943980570770767 0.0071635099243238373 0.0006944107283385813 -0.0015715729347782264 -0.0022259228237224448 0.00035929525599773314 0.6294003467758037 0.0033944793539690417 0.0016391139994139856 0.0015049588247114159 3.648043103849376e-05 0.0011989162521907463 -0.028360432417434332 -0.0049432923254642547 -0.022612264641119751 -0.0058903868675708494 0.0025227754528946958 0.011294299539410612
decision_type=2 2 2 2 2 2 2 2 2 2 2 2 2 2 2 2 2 2 2 2 2 2 2 2 2 2 2 2 2 2
left_child=2 -2 3 24 -4 15 7 -7 10 -10 -9 12 13 -5 -8 16 17 -3 20 22 23 -6 -14 -12 -1 -26 -27 -28 -16 -11
right_child=1 5 4 11 21 6 14 8 9 29 18 -13 19 -15 28 -17 -18 -19 -20 -21 -22 -23 -24 -25 25 26 27 -29 -30 -31
leaf_value=0.056057180772115037 -0.046015120319070554 0.017290994350137503 -0.011357689798408045 0.09725150023397805 -0.053197752892656082 -0.0168922477455219 -0.009894591309601403 -0.0059078118062075398 -0.0091674709942280528 0.089458533666607457 0.088623080048921152 0.075717100109587279 0.07857342470917629 0.020258046253944343 0.00095133732834257786 -0.02024771927172701 -0.011373591452862744 0.13993994986913411 0.027030256766553285 0.018936247199481157 0.05918969822386231 0.026537571183439038 0.013000667955092443 0.20579775727829885 -0.0080074672888553172 0.10916402761653883 0.0014823540599175791 0.03840836665647894 0.090396602144987487 0.014036491897873496
leaf_weight=39.293145321309566 339.87103889882565 49.839575354009867 164.02023562788963 55.599346548318863 10.856704145669935 51.054201550781727 780.76260331645608 22.206925384700298 73.307843770831823 18.536975622177124 12.154523313045503 81.127964101731777 46.801235347986221 34.732271321117878 15.403984721750023 774.12753208354115 145.18926176056266 7.8389558903872958 37.625598452985287 162.84059491753578 37.298797093331814 256.2976159080863 22.304477870464325 7.2438921853899947 93.59452611207962 9.1580266356468183 102.25738955289125 99.846311412751675 13.601928800344465 21.656702756881714
leaf_count=304 7568 638 2062 341 206 774 11468 266 1053 198 151 475 354 261 221 12138 2034 76 405 1388 419 2828 201 77 888 56 916 894 138 255
internal_value=-0.000360517 -0.0130405 0.0255401 0.0344374 0.0101144 -0.00762081 -0.000359177 0.0216635 0.0302207 0.0113675 0.0485841 0.0478535 0.0408394 0.0676477 -0.00800365 -0.0157287 0.00151545 0.0339599 0.0614134 0.0303988 0.0842308 0.0232973 0.0574092 0.132379 0.0187112 0.0138977 0.0236022 0.0197251 0.0428955 0.0488205
internal_weight=3586.45 2407.72 1178.73 747.555 431.175 2067.85 1090.85 281.085 230.031 113.502 116.53 403.406 322.278 90.3316 809.769 976.995 202.868 57.6785 94.3228 231.946 56.6972 267.154 69.1057 19.3984 344.149 304.856 211.262 202.104 29.0059 40.1937
internal_count=49053 37879 11174 6078 5096 30311 15425 3598 2824 1506 1318 3020 2545 602 11827 14886 2748 714 1052 1943 647 3034 555 228 3058 2754 1866 1810 359 453
is_linear=0
shrinkage=0.05


Tree=14
num_leaves=31
num_cat=0
split_feature=59 18 59 20 20 6 6 38 5 17 59 59 49 47 19 63 5 47 37 52 20 59 62 32 20 59 18 60 38 16
split_gain=422.5 165.279 56.5564 63.9202 60.6551 44.8163 65.4011 42.0386 33.1921 33.0018 30.1668 29.1591 28.1992 27.5319 26.2062 25.216 23.4768 23.1307 24.0243 23.8147 23.1153 23.9039 22.8306 22.756 22.5472 33.5504 23.4254 27.4991 22.0436 21.5271
threshold=-0.0040234056559891639 0.0017244628137603202 -0.010375813110932755 -0.0067770852366986958 0.00012345502278583587 11.500000000000002 14.500000000000002 0.22474865288165649 0.0013085766683720362 0.70348843559554652 -0.024660633804338413 0.0026711989739723143 -0.00026753064602728514 0.0006944107283385813 0.0011405968102880333 -0.014736940946530207 0.0049556294246824806 -0.00050397056398145178 0.81857222775313443 0.05763514628739045 -0.010208992455516448 -0.012547761691782089 -0.011299054055422367 8.5000000000000018 -0.0013282392529904109 0.0026711989739723143 0.0044029355355522633 0.17137478074231047 0.1719647879289925 0.31505331818967192
decision_type=2 2 2 2 2 2 2 2 2 2 2 2 2 2 2 2 2 2 2 2 2 2 2 2 2 2 2 2 2 2
left_child=2 -2 3 10 7 11 8 23 -7 -6 16 14 -11 -8 -3 -13 28 -5 -19 -20 -12 -22 -9 -4 -10 29 -27 -28 -1 -26
right_child=1 5 4 17 9 6 13 22 24 12 20 15 -14 -15 -16 -17 -18 18 19 -21 21 -23 -24 -25 25 26 27 -29 -30 -31
leaf_value=0.045959837322492987 -0.045627329744695813 -0.0134313573622493 -0.0076719754585522623 0.021872673284677135 0.0078979577420238197 -0.018545676502512081 -0.0094811804688427134 0.086852128506658258 -0.0034926676699348655 0.11176916864747495 -0.0031041786269696901 0.069504468807924533 0.045482141169887663 0.039350209930027712 0.012908119410030172 -0.027069983399313359 0.015458452213543535 0.07703486693507304 0.0024380439762687698 0.080456985912524565 0.041533080115510816 -0.014018391774945516 0.019478573256792697 0.044740908981312701 0.037768183765726132 0.0018741274258959968 0.17567747143561285 0.034371433840806431 0.11911892374162243 0.087670013779662423
leaf_weight=28.282016634941101 325.97420771792531 440.77948984131217 292.35753867402673 35.768083125352859 31.035827066749334 46.358126055449247 774.23657762259245 13.192262321710585 46.711068712174892 25.463145162910223 113.14311841130257 6.8765254095196715 43.374111481010914 29.983229160308838 120.18297662958503 395.93393179401755 30.179179951548576 125.65358020365238 24.985197871923447 16.073324866592884 85.938495121896267 24.997900679707527 268.37690805271268 22.28774082288146 54.987781058996916 76.958342868834734 4.1111504957079914 21.184729792177677 16.190930627286434 35.606223747134209
leaf_count=210 7568 6601 3462 251 286 702 11468 110 605 183 976 100 321 359 1568 6617 239 750 187 101 636 268 2828 258 583 1039 49 254 108 366
internal_value=-0.000364163 -0.0125523 0.0238623 0.0366688 0.014641 -0.00730296 -0.000358411 0.00860024 0.020181 0.050703 0.0219684 -0.015158 0.0700019 -0.00766063 -0.00778828 -0.0254213 0.0494963 0.0583572 0.066185 0.0329804 0.0127974 0.0290154 0.0226352 -0.00395934 0.0276752 0.0352246 0.0155946 0.0573368 0.0725943 0.0573811
internal_weight=3577.18 2379.88 1197.3 501.212 696.088 2053.91 1090.14 596.214 285.917 99.8731 298.732 963.773 68.8373 804.22 560.962 402.81 74.6521 202.48 166.712 41.0585 224.08 110.936 281.569 314.645 239.559 192.848 102.254 25.2959 44.4729 90.594
internal_count=49053 37879 11174 3726 7448 30311 15425 6658 3598 790 2437 14886 504 11827 8169 6717 557 1289 1038 288 1880 904 2938 3720 2896 2291 1342 303 318 949
is_linear=0
shrinkage=0.05


Tree=15
num_leaves=31
num_cat=0
split_feature=59 18 59 20 38 20 59 59 19 17 58 1 63 20 59 4 59 12 20 50 20 59 18 21 59 37 58 38 6 49
split_gain=379.519 177.932 62.9745 66.1617 52.3691 45.7837 63.6868 38.1214 35.7889 35.5911 34.7076 46.9311 34.2253 32.1736 31.1603 30.5533 29.1502 27.395 26.6833 24.7832 24.3798 22.5577 23.2711 22.0612 22.1685 42.6287 21.8007 23.7043 21.3763 20.8763
threshold=-0.0061689085290375445 0.0017244628137603202 -0.0013639540657373152 0.00021271673288434344 0.19655976854508064 0.0056310268244556625 0.005915582260234668 0.0061449901963459173 0.0011405968102880333 1.0307080183338171 0.0014577262053352077 -0.00015874743941081222 -0.01882376707396358 -0.0034999191309411956 -0.015943980570770767 240.43571428571474 -0.010375813110932755 1.247626663460027 -0.0075965977932106665 -0.00060452101702264838 -0.0031337608232080189 -0.022612264641119751 0.0044397617794867559 0.00203884050620615 -0.011149249180822158 0.84278314874042726 -0.0039663190967052326 0.26257906541166948 6.5000000000000009 0.0016000160334454607
decision_type=2 2 2 2 2 2 2 2 2 2 2 2 2 2 2 2 2 2 2 2 2 2 2 2 2 2 2 2 2 2
left_child=4 -2 3 12 16 7 29 8 28 15 11 -5 20 14 -11 -6 18 -8 21 -10 -3 22 -1 24 25 -17 -14 -28 -4 -7
right_child=1 2 5 10 9 6 17 -9 19 13 -12 -13 26 -15 -16 23 -18 -19 -20 -21 -22 -23 -24 -25 -26 -27 27 -29 -30 -31
leaf_value=0.11869177493055223 -0.043783242781660049 0.014432860266483868 -0.031289364048164556 0.12632578037639741 0.068363891857281381 0.082248184593816095 -0.019944425412658114 -0.031999998041452836 0.035423337146443169 0.071991001627435089 0.013475484425813318 0.036753528463770321 0.015987088901922627 0.074593387385348126 0.023884816303535963 0.060679076803084792 -0.0047708799594586484 0.0133726781290123 0.047684486387619691 -0.0029181945556662073 0.12322129970655248 -0.0016880978094310558 0.024937145593752701 0.081623581359692512 0.00034837731717238572 -0.0090157784793996661 -0.017967487512137014 0.0079905800830972328 -0.01158045560869205 0.023848695473313902
leaf_weight=7.3767505884170523 338.82550817728043 12.060400612652304 193.32670123502612 18.950378660112619 34.983515866100788 30.008753798902035 132.8447653837502 253.43917679786682 48.505634106695652 47.315101712942123 100.09917434304953 64.047901913523674 105.95225484669209 92.911499939858913 116.65619494765997 55.06468028575182 138.53668700158596 115.20455327257514 79.836153037846088 321.45963349193335 8.9879764914512617 106.57314097881317 64.406930424273014 12.910524010658262 121.86338257789612 36.472420535981655 270.15862559527159 130.39688390493393 477.09035633131862 31.227315187454224
leaf_count=45 8049 131 3193 183 277 351 2062 4203 723 282 1094 623 1353 573 972 375 1464 1502 573 4754 69 958 493 80 1084 274 3832 1775 7359 347
internal_value=-0.000365364 -0.00994301 -0.00498747 0.00740179 0.0274031 -0.0104796 0.0068027 -0.0146109 -0.0103749 0.0378702 0.0332981 0.0572049 -0.00158596 0.0510862 0.0377662 0.0248773 0.0137317 -0.00447056 0.0236595 0.00210871 0.0608872 0.0129055 0.0345717 0.0181551 0.0143153 0.0329096 -0.00418208 -0.0095171 -0.0172639 0.0524674
internal_weight=3567.49 2652.59 2313.76 710.654 914.907 1603.11 309.285 1293.82 1040.38 518.177 183.097 82.9983 527.556 256.883 163.971 261.295 396.73 248.049 258.193 369.965 21.0484 178.357 71.7837 226.311 213.4 91.5371 506.508 400.556 670.417 61.2361
internal_count=49053 41603 33554 9060 7450 24494 4262 20232 16029 3917 1900 806 7160 1827 1254 2090 3533 3564 2069 5477 200 1496 538 1813 1733 649 6960 5607 10552 698
is_linear=0
shrinkage=0.05


Tree=16
num_leaves=31
num_cat=0
split_feature=59 18 38 59 59 20 20 20 58 58 21 62 18 20 59 13 59 11 21 6 2 17 20 58 59 43 5 7 53 59
split_gain=343.781 152.534 46.9193 41.9594 37.9648 64.2567 35.123 33.7871 35.3247 32.6244 36.4322 29.7091 29.421 29.2693 27.6589 26.7049 24.7109 24.4004 24.3389 23.7566 23.0398 22.1571 21.5017 26.7564 27.0853 26.1305 21.4723 23.5584 22.1312 21.4098
threshold=-0.0040234056559891639 0.0019864189724699199 0.27715929378240139 -0.0076965161478502438 0.0027456073984877647 0.001366290668902092 0.0056310268244556625 -0.0048795018415858744 -0.00048789735364020587 0.0017447806545120958 0.0031762338778608921 -0.0091482616760727217 0.0015049588247114159 0.00037237382979769693 0.010567303106569028 0.25430177218559641 -0.015943980570770767 2.809041335626048 0.0016105724012928748 5.5000000000000009 -0.01584783638481849 0.84793996514613756 -0.0034999191309411956 -0.0022742268890205059 -0.0006964633891255119 -1.1589999999999997e-05 0.0030543386980456566 5.5000000000000009 0.00020665430957632529 -0.011508317009568387
decision_type=2 2 2 2 2 2 2 2 2 2 2 2 2 2 2 2 2 2 2 2 2 2 2 2 2 2 2 2 2 2
left_child=2 12 3 7 5 22 26 16 -9 10 19 -4 -2 -5 15 -8 17 20 29 -7 -1 -22 -3 24 25 -24 -6 -28 -29 -13
right_child=1 4 11 13 6 9 14 8 -10 -11 -12 18 -14 -15 -16 -17 -18 -19 -20 -21 21 -23 23 -25 -26 -27 27 28 -30 -31
leaf_value=-0.00031783999410290502 -0.051795777651914537 -0.02938698392453408 0.11987361735638156 -0.001407124857198235 -0.024881360608953306 -0.0030694659370535393 0.0010711938186262278 0.061069799822815331 0.021595131050390647 0.0061055365202681063 0.1710240297079294 0.075292312907671383 -0.026544935512512094 0.036532416051402221 -0.011586826205939468 0.050441354394450591 0.0050774418797073229 0.080213608379281071 0.13498157574387157 0.04640088399559926 0.010428886350169787 0.053311130019562905 0.097342060975839181 -0.01040626210652771 -0.0076376766479758209 0.020536872182413419 -0.0059314741054217164 0.1799756559497839 -0.0049468561306919914 0.026476312639095858
leaf_weight=67.14122100174427 194.83343866094947 92.410999119281769 12.47439683973789 337.44835143908858 457.16735242679715 32.453104238957167 70.413165032863617 108.73165865242481 118.37213899195194 170.71097288280725 5.0352361202239981 27.585017256438732 282.79605235531926 59.852303966879845 166.52797519415617 44.829003695398569 223.01454082131386 20.885662548243999 6.4198027625679961 96.220452602952719 50.53514739125967 74.576606892049313 12.763217665255068 425.28997277840972 88.195052292197943 83.675242323428392 99.708430763334036 3.415778409689664 3.074017658829689 120.91554041206837
leaf_count=510 5145 1299 80 4141 7726 404 1012 737 851 2125 50 139 5624 476 2412 534 2067 136 40 1074 396 523 154 6255 1307 1024 1634 51 49 1078
internal_value=-0.000367142 -0.011652 0.0210412 0.0171582 -0.00515435 0.0014049 -0.012968 0.0248555 0.0404946 0.0205917 0.0390868 0.0456421 -0.0368452 0.00430837 0.00144491 0.0202761 0.0167123 0.0288862 0.0396648 0.0339238 0.0233102 0.0359901 -0.00691143 -0.00350611 0.0123879 0.0307017 -0.0201766 7.65762e-05 0.0923835 0.0355442
internal_weight=3557.47 2329.52 1227.95 1060.56 1851.89 1006.75 845.136 663.257 227.104 304.42 133.709 167.395 477.629 397.301 281.77 115.242 436.153 213.139 154.92 128.674 192.253 125.112 702.334 609.923 184.634 96.4385 563.366 106.198 6.4898 148.501
internal_count=49053 37879 11174 9837 27110 13692 13418 5220 1588 3653 1528 1337 10769 4617 3958 1546 3632 1565 1257 1478 1429 919 10039 8740 2485 1178 9460 1734 100 1217
is_linear=0
shrinkage=0.05


Tree=17
num_leaves=31
num_cat=0
split_feature=59 18 21 59 63 20 59 20 20 59 20 57 59 47 21 10 5 37 52 63 21 62 36 47 18 18 59 12 9 18
split_gain=309.159 146.133 41.0567 44.3437 40.6224 39.9546 34.9375 67.2812 47.2645 40.0532 31.9885 39.2945 30.757 29.0696 28.601 24.7203 31.075 24.1178 28.319 23.4857 26.7722 25.5299 23.0694 22.9965 22.9302 22.4302 24.3951 21.4643 21.0769 21.4815
threshold=-0.0040234056559891639 0.0017244628137603202 0.0013971788914317993 -0.010375813110932755 -0.013079537081406458 -0.0091666794415042156 0.0020834252699766845 0.0012935965104611288 0.0056310268244556625 0.0064530211313289692 -0.0036805496527768816 1.0000000180025095e-35 -0.024660633804338413 0.00075255412080416984 -0.00094262693215808662 1.0000000180025095e-35 0.0023737802385266171 0.68958922619382668 0.48823703762309728 0.0043198156270852972 -0.0015838001166094691 -0.012232347506433814 0.53322359010345888 -0.00054737716938210973 0.0015049588247114159 0.0028040249566511689 0.0061449901963459173 1.7701435414140438 1.0000000180025095e-35 0.0032726207558376233
decision_type=2 2 2 2 2 2 2 2 2 2 2 2 2 2 2 2 2 2 2 2 2 2 2 2 2 2 2 2 2 2
left_child=2 -2 3 5 14 12 7 19 25 -10 -5 24 -1 -13 -3 16 -4 23 -19 20 -6 -22 -11 -7 -12 -8 -27 -9 29 -23
right_child=1 4 15 10 6 17 8 27 9 22 11 13 -14 -15 -16 -17 -18 18 -20 -21 21 28 -24 -25 -26 26 -28 -29 -30 -31
leaf_value=0.038796900195111603 -0.044468424597788325 -0.00085672870968177706 0.095232103650895794 -0.005156508525281019 -0.028505490199472218 -0.012817321073972876 -0.03248211721114877 0.015048763563258159 0.042378198409283016 -0.019701554930865912 -0.055067665955245551 -0.0020544384119346223 -0.00059375643666105245 0.10750210466803121 0.05869429304927784 0.076118919962903431 -0.0041377879179190493 0.0094606028543523322 0.0697347473758054 -0.044143084710848435 0.098835388340706598 -0.017497846438336531 0.011948172306119643 0.058311160524470329 0.036133279581859433 -0.003193046131301227 -0.028487049964471017 0.061672535804223383 0.011477817582732213 0.010042782220174545
leaf_weight=74.536022417247295 288.80491963028908 41.150340512394905 10.832029558718203 255.89442585781217 118.88127126172185 12.266155943274496 286.48507780581713 248.87218394130468 51.318711005151272 136.5717788040638 7.1438481360673896 188.41725473478436 147.86848337203264 6.2558640241622916 39.531862493604422 49.27763843536377 28.747952908277512 86.460638843476772 25.157863274216652 45.681925468146801 6.1725521422922602 265.90604665875435 99.538324635475874 154.43084669113159 195.54978872835636 222.14031572639942 166.9797614775598 27.40364957228303 163.13707792758942 96.499296307563782
leaf_count=528 7568 506 82 2880 1710 86 5079 3078 591 2156 127 2075 1230 54 405 311 216 643 158 687 81 4169 1276 940 1844 3629 2874 248 2436 1386
internal_value=-0.00036671 -0.0112045 0.0197339 0.0172122 -0.00643982 0.0284074 -0.0078888 -0.00120423 -0.0146395 0.00234291 0.0086311 0.01751 0.0126075 0.00146619 0.0283215 0.0524836 0.0230572 0.0410332 0.0230459 -0.00948823 -0.00705492 -0.00225899 -0.00635879 0.0530773 0.0329189 -0.0218644 -0.0140472 0.0196734 -0.00344635 -0.0101645
internal_weight=3547.91 2305.08 1242.84 1153.98 2016.27 500.72 1935.59 972.554 963.034 287.429 653.261 397.367 222.405 194.673 80.6822 88.8576 39.58 278.316 111.619 696.278 650.596 531.715 236.11 166.697 202.694 675.605 389.12 276.276 525.542 362.405
internal_count=49053 37879 11174 10565 30311 3585 29400 13795 15605 4023 6980 4100 1758 2129 911 609 298 1827 801 10469 9782 8072 3432 1026 1971 11582 6503 3326 7991 5555
is_linear=0
shrinkage=0.05


Tree=18
num_leaves=31
num_cat=0
split_feature=59 18 38 6 6 59 20 21 5 59 19 62 18 21 59 19 52 59 41 39 58 4 2 47 58 20 45 21 60 59
split_gain=278.364 140.464 41.7238 41.158 55.7291 36.5363 30.9431 30.4627 25.2535 24.6972 33.4746 24.6697 24.481 23.8693 26.2638 23.9018 22.9126 22.8961 22.8451 28.9138 27.4383 34.4323 22.5553 24.2578 22.0988 28.9084 21.8967 29.2864 26.1133 24.961
threshold=-0.0043354466300243562 0.0017244628137603202 0.26561858808891486 11.500000000000002 14.500000000000002 -0.012547761691782089 0.00040092270680573526 -0.0052028018834899591 0.0025973032003906668 -0.0015715729347782264 -0.00054611752528140284 -0.0091482616760727217 0.0022052367935837072 -0.0011413260300944623 0.0024754487150094938 0.0027017954909681016 0.6294003467758037 -0.020508045326491867 2.7170000000000002e-05 1.0000000180025095e-35 -0.0015730992063802652 265.60714285714346 -0.012125510605162981 -0.00046373826479500531 -0.00028854892153602052 -0.0063224468006781043 0.00025523142968670144 0.0028020559354379839 0.3337951826184436 0.0078419213334092394
decision_type=2 2 2 2 2 2 2 2 2 2 2 2 2 2 2 2 2 2 2 2 2 2 2 2 2 2 2 2 2 2
left_child=2 -2 5 9 12 7 24 -1 -8 10 -3 -4 -5 -14 16 -16 -15 -9 19 20 21 -12 -19 -24 25 -7 -6 -28 -29 -30
right_child=1 3 11 4 26 6 8 17 -10 -11 18 -13 13 14 15 -17 -18 22 -20 -21 -22 -23 23 -25 -26 -27 27 28 29 -31
leaf_value=0.0086238580492070931 -0.043638628519366646 -0.017377441583904887 0.097755422185159813 -0.01277016242849598 -0.0087443451705723485 -0.012476976242861376 0.069400490983199364 0.068244691377989219 0.011125947602898624 -0.0179885365151762 0.22355373463517048 0.034257416499303438 -0.01343125242461536 0.067769543375417768 -0.012315274744393317 0.035716325519814636 0.020142827661272941 -0.00046474755286879301 0.0053167595111098193 -0.022316495285345885 0.032490343198257998 0.055052276801774214 0.011406111762670488 0.055317879690325845 -0.0085620229891180157 0.020926001499628911 -0.0019826564780745667 -0.0030234848335473161 0.19288465824178727 0.057331252803288504
leaf_weight=138.7244459092617 281.01626545190811 114.7172647677362 16.600345596671104 49.620834060013294 731.97977882251143 89.367500200867653 34.039764348417521 49.873693905770779 40.963649973273277 729.12280078232288 5.8883191309869289 194.70686843618751 33.55622785538435 65.574683472514153 46.961019642651081 57.755644701421261 41.068775579333305 45.565257504582405 68.894831389188766 8.8707079701125604 13.120303373783827 6.2495660558342934 48.165605597198009 90.627506867051125 228.51433631777763 235.36072466522455 47.92455168440938 8.5291824638843554 5.3641254492104045 9.2565946690738183
leaf_count=1109 7656 1733 99 781 11084 1021 222 281 292 12138 64 1520 429 665 730 641 412 337 834 104 169 66 309 517 2532 2347 706 103 50 102
internal_value=-0.000366361 -0.0104935 0.0190564 -0.00593759 0.000651591 0.0147954 0.00743612 0.0271921 0.0375734 -0.0135757 0.00120112 0.0392458 0.019255 0.0257434 0.0319629 0.0141762 0.0494283 0.0381892 0.0218884 0.055341 0.0826145 0.136796 0.0300585 0.0400791 0.00335039 0.0117333 -0.00617161 0.0203244 0.066504 0.107064
internal_weight=3537.98 2325.47 1212.51 2044.46 1097.59 1001.2 628.246 372.957 75.0034 946.864 217.741 211.307 294.537 244.916 211.36 104.717 106.643 234.232 103.024 34.1289 25.2582 12.1379 184.358 138.793 553.243 324.728 803.054 71.0745 23.1499 14.6207
internal_count=49053 38467 10586 30811 15703 8967 6414 2553 514 15108 2970 1619 3658 2877 2448 1371 1077 1444 1237 403 299 130 1163 826 5900 3368 12045 961 255 152
is_linear=0
shrinkage=0.05


Tree=19
num_leaves=31
num_cat=0
split_feature=59 5 59 19 19 59 38 21 54 17 2 12 4 20 59 6 45 47 59 59 5 37 14 60 12 4 37 59 20 32
split_gain=253.097 126.15 48.604 56.2642 41.0838 40.2552 39.0751 30.4162 28.8743 28.8181 26.6895 26.4563 24.7657 23.5713 22.4077 24.3542 28.5234 21.7366 21.2292 21.1851 23.7046 20.7689 21.7478 20.7028 19.754 19.5095 17.744 30.7483 22.4542 19.4563
threshold=-0.0061689085290375445 0.0010616199015043668 -0.0013639540657373152 -0.00026795645380389596 0.0022867875502714198 0.0064530211313289692 0.19655976854508064 0.0022016788446764381 -0.0026754877158286119 1.0307080183338171 0.010410735891709939 0.51295903746298011 240.43571428571474 -0.0034999191309411956 0.0061449901963459173 9.5000000000000018 0.00093865888868340604 -0.00039811972943388574 -0.015943980570770767 -0.010375813110932755 0.0013885610059071957 0.20244549295551309 0.39040483437667645 0.18259564766675479 1.247626663460027 264.14285714285774 0.76835444949264198 -0.012547761691782089 0.0022850766144239605 11.500000000000002
decision_type=2 2 2 2 2 2 2 2 2 2 2 2 2 2 2 2 2 2 2 2 2 2 2 2 2 2 2 2 2 2
left_child=6 -2 3 -3 14 7 19 23 17 12 -9 -10 -8 18 15 -4 -17 21 -11 20 -1 -5 -23 -6 -7 -26 27 -14 29 -29
right_child=1 2 4 8 5 24 9 10 11 13 -12 -13 26 -15 -16 16 -18 -19 -20 -21 -22 22 -24 -25 25 -27 -28 28 -30 -31
leaf_value=0.10081445415213097 -0.039855018118356872 -0.0049844316654300419 -0.021735514222017346 0.18752321526623481 0.046499808100673862 -0.020775455246374468 0.056414601974957346 0.037274679674890503 -0.0071648518879335989 0.057619926923962062 0.1356197358510994 0.028557040962248838 0.058426633845365505 0.061123775809982073 -0.031946865285586649 -0.0059679718267477968 0.1410156021375753 0.026978812406764131 0.019244521813366344 -0.0058643006315023168 0.015409375282004143 0.13707692074168795 0.0054649686555610756 -0.0015018525975984932 -0.026542193345797202 0.016269946546671341 -0.0063129547057631493 -0.0017385344634828414 0.10171857157336715 0.085909521624057794
leaf_weight=8.3828603103756887 286.10522233322263 442.024140086025 374.46788214892149 5.3092139400541809 28.015106458216906 164.88638702780008 37.881728582084179 44.304579481482506 75.074735376983881 51.21205035597086 8.1711956113576871 167.42258944362402 43.424003340303898 99.899761214852333 166.96684008091688 520.18145143985748 3.3217620700597754 18.197702016681433 121.63345405459404 140.55375178158283 263.78531721234322 6.1196349933743459 6.4439524337649345 113.33072286099195 36.197002593427896 100.47660358995199 79.91058199852705 101.56654437631369 6.1793281063437453 6.752600021660327
leaf_count=53 7422 6222 6591 60 379 2755 277 507 891 282 67 1768 253 573 3018 8173 47 185 972 1464 2016 57 70 1550 541 1300 618 853 36 53
internal_value=-0.000364391 -0.00855894 -0.00463333 0.0061069 -0.00959343 0.0023023 0.0215207 0.0200809 0.0237063 0.030266 0.0525883 0.0174979 0.0188667 0.0417894 -0.015127 -0.0119996 -0.00503532 0.0654449 0.0306147 0.00989923 0.0180399 0.10461 0.0695722 0.0080122 -0.00912451 0.00493147 0.0128861 0.022601 0.00901399 0.00372543
internal_weight=3528.2 2567.02 2280.91 720.592 1560.32 495.382 961.182 193.822 278.568 548.46 52.4758 242.497 275.715 272.745 1064.94 897.971 523.503 36.0705 172.846 412.722 272.168 17.8728 12.5636 141.346 301.56 136.674 237.833 157.922 114.498 108.319
internal_count=49053 41603 34181 9253 24928 7099 7450 2503 3031 3917 574 2659 2090 1827 17829 14811 8220 372 1254 3533 2069 187 127 1929 4596 1841 1813 1195 942 906
is_linear=0
shrinkage=0.05


Tree=20
num_leaves=31
num_cat=0
split_feature=59 18 20 59 63 21 17 18 63 17 58 59 20 19 58 19 59 2 2 37 21 16 20 62 20 58 13 38 37 42
split_gain=228.326 127.538 38.6908 57.3248 33.0629 35.368 30.2463 27.2922 24.1054 23.8537 23.018 23.0108 48.3152 26.5548 25.7876 22.7463 26.3754 29.4518 21.8858 24.4121 22.0217 21.6893 24.2622 20.5622 20.0579 22.3229 19.7815 19.755 19.7233 28.4744
threshold=-0.0034760205464071437 0.0019864189724699199 -0.0018243673345402292 -0.0073502114018449763 -0.00033443800919780034 -0.00032193444857925248 0.69981818922572958 0.0015049588247114159 -0.018375871208723454 1.0551816454390128 -0.0041518603969802692 0.0028031250996612711 0.0012286784536852744 0.0031793667262910497 -0.0022742268890205059 -0.0033354644004555275 -0.016678661354529875 -0.013155698870434043 0.0048740677952118349 0.14617501349515391 0.00015613268767652314 0.397884630375898 0.0041713874212476213 -0.015424092870287778 0.0026372743053877995 0.00089536840164365346 0.12593954737788349 0.32079702587705222 0.77534285387458735 7.4050000000000003e-06
decision_type=2 2 2 2 2 2 2 2 2 2 2 2 2 2 2 2 2 2 2 2 2 2 2 2 2 2 2 2 2 2
left_child=2 7 3 9 5 8 -4 -2 -3 28 -7 12 14 -13 -6 16 17 -11 19 -14 -20 22 -12 -10 25 -8 -21 -28 29 -1
right_child=1 4 6 -5 11 10 24 -9 23 15 21 13 18 -15 -16 -17 -18 -19 20 26 -22 -23 -24 -25 -26 -27 27 -29 -30 -31
leaf_value=0.084522920875785654 -0.051413113039024738 0.032807645415997469 0.0065955680412003136 -0.0080038415934041152 0.0054524681548153639 -0.01512919127364034 0.047920699839708342 -0.025086020142850159 0.094227923786372736 0.018268284836654044 0.019906804594188313 -0.020575954702856628 0.034283501771705464 -0.0010136741982837648 -0.018314561407740234 0.048377035970289639 0.0056542914767619811 0.071315052615704158 -0.0051547247896798817 -0.016143383472239353 0.058092907366625784 0.09989465500122352 0.11022018209580001 -0.026897474535417545 0.073603845410256677 0.016685361079294771 0.0097258723436028476 0.10009893101823129 -0.0059353350953030319 0.013443803069601294
leaf_weight=15.172362506389616 163.06944023445249 30.048378929495811 103.42293652519584 293.46437233313918 170.60756599158049 16.036910973489285 120.45829102024436 248.37951688095927 3.6958378441631785 70.461361907422543 43.580770447850227 467.77487682551146 62.437216356396675 275.73638058453798 344.7689101099968 95.189908877015114 144.65724893659353 41.622264049947262 19.310495935380459 102.43106450140476 47.904319770634174 17.277876801788807 8.9664388410747033 67.433289028704166 35.241541281342506 108.92280370369554 61.364910215139389 6.7080027945339671 134.7395357042551 197.5128937959671
leaf_count=109 5075 327 1014 3737 2435 208 985 5392 50 473 570 8476 787 3901 5327 699 1155 239 207 1390 485 208 96 988 194 1023 707 74 1123 1599
internal_value=-0.000361422 -0.0104773 0.0156764 0.0105433 -0.00457618 0.015288 0.0295233 -0.0355202 -0.00474135 0.0183261 0.0388901 -0.0069593 -0.00115927 -0.0133211 -0.0104468 0.027501 0.0197609 0.0379672 0.0147878 0.00753527 0.0399222 0.0512968 0.0353175 -0.0206039 0.0384841 0.0330884 -0.00225973 0.0186314 0.00903221 0.0185144
internal_weight=3518.4 2157.53 1360.87 992.82 1746.08 187.04 368.046 411.449 101.178 699.356 85.862 1559.04 815.532 743.511 515.376 351.931 256.741 112.084 300.156 232.941 67.2148 69.8251 52.5472 71.1291 264.623 229.381 170.504 68.0729 347.425 212.685
internal_count=49053 36703 12350 9134 26236 2447 3216 10467 1365 5397 1082 23789 11412 12377 7762 2566 1867 712 3650 2958 692 874 666 1038 2202 2008 2171 781 2831 1708
is_linear=0
shrinkage=0.05


Tree=21
num_leaves=31
num_cat=0
split_feature=59 18 18 20 59 6 63 21 63 38 5 20 59 20 58 26 19 43 37 7 60 18 19 58 18 56 58 43 6 1
split_gain=207.992 120.31 59.2085 41.2631 44.0408 34.7863 34.1021 34.9737 30.918 30.6877 27.8322 26.5179 31.4124 41.5567 38.9334 28.4666 27.3247 27.0286 31.3254 37.9913 26.025 28.2501 26.0133 23.4884 23.7526 27.4068 21.2656 20.992 25.1324 26.5199
threshold=-0.0022255565802207548 0.0019749762891991232 0.0015049588247114159 0.001733515044692219 -0.0073502114018449763 5.5000000000000009 -0.012713450008000577 -0.00085355899549817503 -0.029424514007218856 0.19655976854508064 0.003730267278354345 -0.0036805496527768816 0.0061449901963459173 0.0041713874212476213 -0.001464033692087411 0.27263368431012669 0.0031793667262910497 4.8640000000000002e-05 0.35706787540081608 1.0000000180025095e-35 0.74652497701134879 0.0034507882231563257 -0.00089641002838480811 0.0005210340258493297 0.0077094098641410317 0.37479336461770957 -0.005487702470213446 -9.9837500000000329e-06 15.500000000000002 0.00093895223892527231
decision_type=2 2 2 2 2 2 2 2 2 2 2 2 2 2 2 2 2 2 2 2 2 2 2 2 2 2 2 2 2 2
left_child=2 -2 -1 4 9 8 7 -6 -3 -4 -5 -7 13 14 15 17 -14 27 19 -19 21 -21 -8 24 -11 -26 -15 28 -13 -30
right_child=1 5 3 10 6 11 22 -9 -10 23 -12 12 16 26 -16 -17 -18 18 -20 20 -22 -23 -24 -25 25 -27 -28 -29 29 -31
leaf_value=-0.05286222262899333 -0.038400767104640104 0.09966621014774367 0.0092931797863333356 0.060699910234290368 0.020138304196067897 -0.037537309666363872 -0.0091606306520759916 0.1230993224796549 -0.021079792295901786 0.041889429701850882 0.0037988765676056184 0.0050081243999315003 -0.027231011660744625 0.13841869505289617 -0.0075309601316159921 0.13658144761449353 0.00045551461518721743 0.21407947899757837 0.0086143552297520878 0.048254696889241923 -0.03898255252849582 0.16895788802891742 0.011636662502649742 0.012270856503970924 -0.036346995618886206 0.064736162216666879 0.028822902733362257 -0.013286334128853853 0.18597854584440343 0.014946814865793022
leaf_weight=33.490634525194764 341.6172522585839 5.3819414079189292 362.07306586205959 75.544463694095612 35.540830884128809 49.16124277189374 359.65083400160074 10.740179330110548 355.07829891517758 263.83765558898449 30.034715056419373 20.929151434451345 165.61191825196147 4.6097973510622969 459.15914146229625 4.9459057971835128 192.93637993559241 3.9052964784204951 53.746753342449665 29.141268879175186 6.7384380139410487 5.8148175105452529 258.37134325504303 141.98403735458851 21.198975324630741 9.80813369899988 111.12251264974475 87.726875271648169 4.762833319604395 4.3243857063353062
leaf_count=873 9132 52 2976 514 363 761 4835 82 5972 1720 201 292 3015 50 7050 63 2721 53 750 410 106 81 3058 975 163 66 1290 1302 65 62
internal_value=-0.000358627 -0.0115177 0.0129207 0.0143251 0.0121468 -0.00564988 0.00263403 0.0440319 -0.019277 0.0200569 0.0445129 -0.00157228 -4.20981e-05 0.00548764 0.000781415 0.017971 -0.0123328 0.0152687 0.0344755 0.0649569 0.0509895 0.0683332 -0.000466081 0.0289786 0.0370243 -0.00437249 0.0331883 -0.000937057 0.0351554 0.104589
internal_weight=3508.99 1906.71 1602.27 1568.78 1463.21 1565.1 664.303 46.281 360.46 798.902 105.579 1204.64 1155.48 796.927 681.195 222.036 358.548 217.09 99.3466 45.5998 41.6945 34.9561 618.022 436.829 294.845 31.0071 115.732 117.743 30.0164 9.08722
internal_count=49053 33227 15826 14953 14238 24095 8338 445 6024 5900 715 18071 17310 11574 10234 3184 5736 3121 1400 650 597 491 7893 2924 1949 229 1340 1721 419 127
is_linear=0
shrinkage=0.05


Tree=22
num_leaves=31
num_cat=0
split_feature=18 58 17 50 4 18 56 63 47 64 42 63 21 20 63 56 45 41 58 53 42 20 42 14 41 12 21 63 21 47
split_gain=188.506 61.2984 34.3208 31.1171 23.757 21.7407 19.6685 19.2259 18.1882 28.6388 20.5832 16.4798 16.2745 15.6577 22.3306 15.1851 14.9368 14.9193 14.1947 15.6969 13.8842 14.4559 16.9613 13.7825 13.6503 13.6031 14.3764 13.0641 14.1236 13.721
threshold=0.0017244628137603202 -0.0004504940351024482 0.82852016077702062 0.0025734756017576246 245.51785714285771 0.0015049588247114159 0.3511726332022978 0.00085353574446565925 -0.00049626061793059644 0.67023886062250515 3.5890000000000004e-05 -0.0023758288527050623 -0.0021407396625195067 0.0020648553062117179 0.005735248274837546 0.94897343707464699 0.00072573762604243204 0.00032111500000000007 -0.010806516223081968 0.0016707336304581306 1.7850000000000001e-06 -0.013356454177683183 2.9950000000000005e-06 0.20675808487471561 0.00039552500000000003 0.26634822048971379 -0.0010639250105147775 -0.0072624266005512986 0.0060149368982560011 -0.00035717680045050819
decision_type=2 2 2 2 2 2 2 2 2 2 2 2 2 2 2 2 2 2 2 2 2 2 2 2 2 2 2 2 2 2
left_child=5 3 16 7 11 -1 -6 8 9 -2 -11 23 -8 -9 -15 18 -3 -5 -10 20 -20 -22 -23 -4 27 26 -21 -14 -29 -30
right_child=1 2 4 17 6 -7 12 13 15 10 -12 -13 24 14 -16 -17 -18 -19 19 25 21 22 -24 -25 -26 -27 -28 28 29 -31
leaf_value=-0.051493147410782515 -0.00065728840865220508 -0.0140062261148168 0.10068560566270437 -0.0024188197985060859 0.00018704085827774637 -0.022614232050396116 -0.01720370007104555 -0.027260161190525486 0.041091255656036087 0.10395711938203966 0.00081118531257740609 -0.011503480644000811 0.076690817248480717 0.14229174229914279 -0.0026128131383242889 0.033211148639821969 0.021406258954694883 0.079360873063868242 -0.048569644849409482 0.12906297381124907 -0.023671961020993115 0.11874828554019659 0.020776406408659551 0.011526618551427947 0.10746995866085446 -0.0035669764848575689 -0.010588452104967019 0.01500810290656493 -0.00032996712277471527 0.10741829593455224
leaf_weight=166.6461538374424 229.79406851530075 639.24214131757617 5.3097942695021656 418.27955087274313 369.57873699814081 107.02496983855963 30.112435005605221 45.740797884762287 52.936034098267555 11.81173335015774 8.1906263343989831 322.64729116857052 9.8047900684177858 3.5031301453709593 11.030476424843071 166.84907926619053 31.23209048807621 5.6523104012012473 7.5266857855021945 4.0696975216269493 18.221683666110039 4.4653876759111872 413.63775758072734 23.597646504640579 4.5499819442629805 140.03322428837419 3.3680473789572707 232.2122740522027 4.6020917296409598 8.2537112422287446
leaf_count=5435 2620 9378 59 5200 4668 2702 252 599 490 104 74 4844 88 54 166 1535 384 57 103 54 143 48 5077 311 33 1724 51 2635 63 102
internal_value=-0.000357761 0.00302186 -0.00358542 0.0102109 0.00223338 -0.0401994 0.00783196 0.014574 0.0161347 0.0043376 0.0617206 -0.00826314 0.0175903 -0.0128953 0.0323145 0.0197678 -0.0123566 -0.00132845 0.0162862 0.0140657 0.0187613 0.0199228 0.0218228 0.0279036 0.0216291 -6.72021e-05 0.0658244 0.0200966 0.0178324 0.0688468
internal_weight=3499.92 3226.25 1681.14 1545.11 1010.67 273.671 659.114 1121.18 1060.9 249.796 20.0024 351.555 289.535 60.2744 14.5336 811.108 670.474 423.932 644.259 591.322 443.852 436.325 418.103 28.9074 259.423 147.471 7.43774 254.873 245.068 12.8558
internal_count=49053 40916 22817 18099 13055 8137 7841 12842 12023 2798 178 5214 3173 819 220 9225 9762 5257 7690 7200 5371 5268 5125 370 2921 1829 105 2888 2800 165
is_linear=0
shrinkage=0.05


Tree=23
num_leaves=31
num_cat=0
split_feature=59 18 18 20 59 6 63 21 13 58 59 43 63 38 63 19 59 21 58 41 54 54 58 20 47 38 5 5 18 2
split_gain=182.246 108.778 51.8161 38.5344 43.5117 32.1222 26.8835 26.0247 43.2707 35.1902 29.3413 32.5808 25.6695 25.6516 25.2147 25.5139 28.7463 24.5064 22.504 22.4429 22.2999 21.4625 21.3867 24.0202 21.2751 19.5173 32.2624 19.3527 18.7976 18.5536
threshold=-0.0022255565802207548 0.0019749762891991232 0.0015049588247114159 0.000279806770238265 -0.0073502114018449763 5.5000000000000009 -0.012371616598537144 -0.0015465564755859592 0.016519074717333812 -0.001464033692087411 0.0022525674493104717 4.9939999999999993e-05 -0.029424514007218856 0.26561858808891486 -0.00023419551229800215 0.0023300308155960619 0.009333541729341947 -0.00091774493061502142 -0.0016683914687559602 5.6675000000000002e-05 0.0016279532170301227 -0.0046654391992202405 -0.0081954303491995981 -0.0030732943684944258 0.0006944107283385813 0.21677390673481392 0.0021672351295250482 0.0016483495604684903 0.0021032735881195172 0.0018053250806530292
decision_type=2 2 2 2 2 2 2 2 2 2 2 2 2 2 2 2 2 2 2 2 2 2 2 2 2 2 2 2 2 2
left_child=2 -2 -1 4 13 12 17 8 -7 10 11 18 -3 27 29 -16 21 -6 -9 -13 -5 -17 -8 -24 -25 26 -21 -4 -22 -11
right_child=1 5 3 20 6 7 22 9 -10 14 -12 19 -14 -15 15 16 -18 -19 -20 25 28 -23 23 24 -26 -27 -28 -29 -30 -31
leaf_value=-0.052605592026433307 -0.037419560707594605 0.08468405744636559 0.036724557121794552 0.048177931174677439 0.017072225754804899 0.12298122352487779 0.039748977902107047 0.003970785041177826 -0.030300683584592744 0.0016773319630604012 0.0013446364610596863 0.16085606344934358 -0.020442413602545041 0.040558245660717224 -0.013579929149338458 0.10847396484750482 -0.012304417949061269 0.10515021564542704 0.1232064547735936 0.21577854824759291 0.093110379889949579 0.016193449867433766 -0.02094915848693632 -0.00011209467029474683 0.075937056000522474 0.037362531185360419 0.031794504831311861 0.011040446145743637 0.010123895720067768 0.060674795972163645
leaf_weight=30.483433295041323 321.40297569520772 5.9050145819783202 83.602544412016869 112.93986380472779 36.27967607229948 4.8015340492129317 27.204386673867702 64.68884664028883 112.0160988420248 29.042820498347282 148.33081630244851 5.2708054333925238 348.94528764486313 106.70283310860395 486.70300410687923 6.5913034602999678 123.90942896530032 10.094899132847784 4.2150459736585608 4.4212560839951021 7.346541251987218 142.99181227013469 171.98123973608017 325.93501325696707 9.4635096602141839 40.865108162164688 5.1678288616240025 597.59765070676804 95.903098970651627 24.624957680702209
leaf_count=873 9132 52 622 863 367 73 308 832 1723 391 2357 56 5972 606 7976 71 1819 76 58 53 94 1824 2303 4324 112 496 64 4551 727 278
internal_value=-0.000350749 -0.0109345 0.0119649 0.0132067 0.0101085 -0.00547257 -0.000272936 -0.00157499 -0.0240004 0.000835409 0.016371 0.0342551 -0.018693 0.0177632 -0.00437504 -0.00671342 0.00550612 0.0362452 0.0112648 0.0626826 0.0328238 0.0202597 -0.00344084 -0.00575657 0.00203369 0.0524267 0.116624 0.0141926 0.0160286 0.0287478
internal_weight=3495.43 1879.89 1615.53 1585.05 1368.86 1558.49 580.959 1203.64 116.818 1086.82 272.96 124.629 354.85 787.903 813.863 760.196 273.493 46.3746 68.9039 55.725 216.19 149.583 534.584 507.38 335.399 50.4542 9.58908 681.2 103.25 53.6678
internal_count=49053 33227 15826 14953 13269 24095 7490 18071 1796 16275 3916 1559 6024 5779 12359 11690 3714 443 890 669 1684 1895 7047 6739 4436 613 117 5173 821 669
is_linear=0
shrinkage=0.05


Tree=24
num_leaves=31
num_cat=0
split_feature=18 59 6 20 57 19 59 5 21 37 59 20 20 63 59 60 52 60 18 37 59 41 45 38 42 50 5 59 19 42
split_gain=166.853 128.264 36.0682 31.7634 39.1369 24.9892 35.9709 24.8147 24.5953 22.5026 32.2828 30.7828 30.1136 26.6073 24.8338 23.8363 26.453 23.3213 22.1921 19.1291 25.8974 19.4648 18.8313 20.6862 17.8148 17.7922 19.0941 22.7799 21.3632 17.4566
threshold=0.0017244628137603202 -0.0015715729347782264 6.5000000000000009 0.00096959038621778225 1.0000000180025095e-35 0.0009646854175126531 0.0060279152038617998 0.0043800769835698585 0.0022016788446764381 0.77534285387458735 -0.011149249180822158 -0.0082781716532158694 -0.0036805496527768816 -0.01882376707396358 -0.028360432417434332 0.10188280610614851 1.2891961387390245 0.0078854182357725525 0.0015049588247114159 0.053967462490409283 0.0027456073984877647 -4.7549999999999997e-05 0.00072573762604243204 0.27795949594753316 2.9035000000000002e-05 -0.00076168776319097075 0.0013441419749281246 -0.0076965161478502438 0.0041242178417674287 0.00035240000000000005
decision_type=2 2 2 2 2 2 2 2 2 2 2 2 2 2 2 2 2 2 2 2 2 2 2 2 2 2 2 2 2 2
left_child=18 3 -3 4 9 -4 8 25 19 10 11 14 -12 -14 -2 -11 -17 -15 -1 20 -7 -21 -6 -24 -18 -5 -27 -28 -29 -8
right_child=1 2 5 7 22 6 29 -9 -10 15 12 -13 13 17 -16 16 24 -19 -20 21 -22 -23 23 -25 -26 26 27 28 -30 -31
leaf_value=-0.051309632129492702 0.07473468426000153 -0.020560587131156684 -0.01165471084812175 0.065088389251208981 -0.0029922639797270931 0.095110336260459449 -0.01060469688344547 -0.017093016005661734 0.041764907456739012 0.10028780586222308 -0.0022419787907609788 0.057944183470674315 0.099455359961159742 -0.036935800286962889 0.009267244076192286 -0.0051738090380075933 0.078800095705004736 0.024194354403025309 -0.021250573516198669 0.10430993491572915 -0.0030220818469867041 0.0016936176708199702 0.016555371391191398 0.12501227951681568 0.013916675686366124 0.10143601288205402 0.076980858638275654 0.0050395613314572112 0.098156489884337006 0.088658951437133343
leaf_weight=152.95345926471055 17.12112894654274 401.05671067908406 492.50985673815012 46.559594977647066 510.85560626909137 13.978834729641678 304.41603409126401 22.402893722057343 66.000916291028261 6.289994776248931 183.38070181012154 96.445586293935776 11.119414143264292 16.576601274311543 94.097908474504948 228.94578124582767 16.016182351857424 265.38468370959163 102.58550753444433 4.7085306383669367 12.952791184186934 249.2459806278348 18.926886960864071 5.7267367243766776 31.164000324904919 8.2513208948075754 16.104939721524715 79.886780884116888 6.6741461902856818 4.4945200458168975
leaf_count=5435 103 7212 8136 326 5512 185 4840 156 746 59 2016 514 69 230 682 2043 111 2755 2702 64 242 3550 176 45 237 76 75 666 39 51
internal_value=-0.00034861 0.00272722 -0.00765191 0.0122883 0.00991046 -0.00314344 0.0032486 0.0321438 0.0142991 0.015918 0.0208197 0.0372718 0.0136491 0.0235922 0.0193453 0.00404391 0.00185153 0.0206005 -0.0392425 0.00784539 0.0479135 0.00359621 -0.000932497 0.0417486 0.0359425 0.0391483 0.0282594 0.0223782 0.0122192 -0.00916045
internal_weight=3486.83 3231.3 1549.36 1681.93 1502.05 1148.31 655.798 179.88 346.887 966.542 684.126 207.665 476.461 293.081 111.219 282.416 276.126 281.961 255.539 280.886 26.9316 253.955 535.509 24.6536 47.1802 157.477 110.917 102.666 86.5609 308.911
internal_count=49053 40916 25026 15890 14552 17814 9678 1338 4787 8819 6369 1299 5070 3054 785 2450 2391 2985 8137 4041 427 3614 5733 221 348 1182 856 780 705 4891
is_linear=0
shrinkage=0.05


Tree=25
num_leaves=31
num_cat=0
split_feature=18 59 18 58 20 6 59 38 20 50 59 20 19 58 42 38 2 5 5 54 18 59 20 43 53 20 11 63 38 52
split_gain=157.476 128.38 35.7972 34.4121 45.97 29.9815 25.2587 29.3082 24.9368 22.0003 20.3363 39.6812 22.0678 21.4671 24.4317 22.4137 29.0032 22.3705 20.2935 21.2191 19.8857 24.0399 20.8404 18.9137 18.7331 24.4891 18.7495 23.8082 20.8389 18.018
threshold=0.0015049588247114159 -0.0015715729347782264 0.0020253706121934585 -0.00034931459597387483 -0.0011354212751237989 6.5000000000000009 -0.0070109487086862064 0.23762016349606324 0.0018524935993922043 0.0036348128775135638 0.0064530211313289692 0.0016566585819816589 0.0031793667262910497 -0.0010591193651499065 4.7045000000000008e-05 0.23762016349606324 0.0072102079105946819 0.0032702426863294122 0.003730267278354345 0.0012949985365050944 0.0044397617794867559 -0.017548071315661145 -0.0067770852366986958 0.00029107500000000007 -0.0072417114742942788 -0.003870457714869908 -0.97372464333375741 -0.021658512286534148 0.21677390673481392 0.80814373208482559
decision_type=2 2 2 2 2 2 2 2 2 2 2 2 2 2 2 2 2 2 2 2 2 2 2 2 2 2 2 2 2 2
left_child=-1 3 -3 4 6 -4 7 20 -5 -6 11 -7 -12 14 -13 16 23 -16 19 -10 21 -2 -23 -15 25 -8 -26 28 -28 -21
right_child=1 2 5 8 9 10 24 -9 18 -11 12 13 -14 15 17 -17 -18 -19 -20 29 -22 22 -24 -25 26 -27 27 -29 -30 -31
leaf_value=-0.051214094135931469 0.064198337116456047 -0.028466594054689383 -0.018179827321448884 -0.00030367109554746489 0.053103598995791451 -0.0073778182843999814 0.0050963714533109102 0.040163984786775228 0.073044661870240196 0.014701061963626767 -0.026222026562433387 0.0082141839180841641 -0.00011276798389829755 0.010273420802657637 0.051080140677757208 -0.0074627951447424406 0.078617550257180424 0.15570326486802394 -0.0098463725754878995 -0.0040097411026323365 0.0020003085959921507 -0.0053032214403690089 0.029916347087303438 0.12229194603240581 0.040558039968450574 0.12226250682734748 -0.014249821864866966 -0.011899963571491735 0.11207360406828676 0.082965973871482926
leaf_weight=145.7584171667695 30.93160942196846 194.05871556699276 352.37595684826374 647.74179972335696 117.25445517897606 393.57583152875304 12.359079975634815 122.55552766472101 30.452474437654018 54.689932022243738 145.06184886395931 31.340422354638577 183.05901180952787 126.61250533163548 31.807818431407213 111.13041082024574 19.753202140331268 6.0870625600218764 25.669945783913136 26.393362760543823 221.19926339387894 68.04058151692152 109.75879599899054 3.883811939507722 21.853903345763683 6.9775659441947928 5.782466631382702 216.25002321600914 7.4980610199272633 7.6893369033932677
leaf_count=5435 169 4647 6286 7135 1028 6167 149 762 204 459 2722 403 2601 1816 394 1524 168 62 192 205 1727 609 836 46 268 78 56 2803 58 44
internal_value=-0.000343958 0.00188146 -0.00833731 0.0113081 0.0173752 -0.00555644 0.0124638 0.0185947 0.00312632 0.040889 -0.00132938 0.0033493 -0.0116556 0.0161192 0.0408745 0.00956197 0.0221542 0.0678858 0.0277563 0.0427133 0.0124461 0.0235159 0.0164385 0.0136073 -4.80167e-05 0.0473754 -0.00369585 -0.00790933 0.0570712 0.0156127
internal_weight=3477.6 3331.84 1598.75 1733.1 995.151 1404.69 823.207 552.486 737.947 171.944 1052.31 724.191 328.121 330.615 69.2353 261.38 150.25 37.8949 90.2051 64.5352 429.93 208.731 177.799 130.496 270.721 19.3366 251.384 229.531 13.2805 34.0827
internal_count=49053 43618 26836 16782 9002 22189 7515 4103 7780 1487 15903 10580 5323 4413 859 3554 2030 456 645 453 3341 1614 1445 1862 3412 227 3185 2917 114 249
is_linear=0
shrinkage=0.05


Tree=26
num_leaves=31
num_cat=0
split_feature=18 59 18 23 59 63 6 58 1 23 63 58 21 13 63 58 47 12 59 62 58 43 11 19 5 21 21 59 23 58
split_gain=149.246 115.702 33.877 31.0833 40.7139 26.7744 26.3377 26.1306 31.0199 22.6685 22.0106 21.9334 20.8851 40.8101 26.5955 26.1981 24.4173 21.2045 20.9044 27.2844 26.2387 58.165 29.69 26.6886 20.81 23.2623 20.6254 20.5302 19.6926 18.898
threshold=0.0015049588247114159 -0.0015715729347782264 0.0019749762891991232 2.1276199092915254e-05 -0.0073502114018449763 0.00025164638960737453 6.5000000000000009 0.0015775676989242566 5.2116151109604546e-05 -0.00048558079179068759 -0.01882376707396358 -0.00077639326196266381 -0.0014430017991169696 0.016519074717333812 -0.00023419551229800215 -0.0097075200006514571 0.0010280947707184298 0.89827487220271951 0.0041285513528214711 0.016126120662499032 -0.0027125325592265324 9.501750000000001e-05 -0.69684612593675876 0.0021631991381574497 0.0020114436363471472 0.0024071014648241198 -0.0026934465383442662 -0.015943980570770767 -0.0003342429403177456 0.0084443228413062978
decision_type=2 2 2 2 2 2 2 2 2 2 2 2 2 2 2 2 2 2 2 2 2 2 2 2 2 2 2 2 2 2
left_child=-1 3 -3 4 9 10 -4 8 -5 27 26 -11 13 -8 -14 17 18 -16 20 -20 21 -17 -23 -22 -25 -26 -6 -2 -12 -21
right_child=1 2 6 7 5 -7 12 -9 -10 11 28 -13 14 -15 15 16 -18 -19 19 29 23 22 -24 24 25 -27 -28 -29 -30 -31
leaf_value=-0.051121681393160673 0.019586715724387343 -0.029767638422283495 -0.017351307274310678 0.079071500536209316 -0.0032114407543684352 -0.036656259340932029 0.10999322073647939 0.01184018785481908 0.025940258451862975 0.040544602724160661 -0.014927596926667812 0.012887526995214961 0.027272125567720136 -0.030345408687222575 0.023979191783621429 0.0035795046602238967 0.1036543168427831 0.16305859507747977 -0.013517492725971848 0.17362983612658334 -0.0078044913564880294 0.18228154236197644 0.056103681873372217 0.058168162276555448 -0.024051301364110943 0.050320839788756455 0.080934038485581311 -0.00036751282232479974 0.0052456382620685478 0.0052885192780838461
leaf_weight=138.8940240945667 244.96949057281017 160.53977349773049 354.63770426809788 40.129708390682936 13.090140901505949 49.792383175343275 5.4684795103967181 148.86890627816319 87.090356756001711 142.3309188708663 171.06036834046245 144.42752335220575 85.551482856273651 98.292105358093977 8.1931870169937593 51.060065295547247 5.338256247341632 4.1180519461631766 400.60561562329531 3.294818151742219 312.10769705101848 7.5881988964974907 12.090265318751333 29.481905095279217 27.818934507668018 16.902305405586958 16.414508819580078 272.06149204075336 413.16055674478412 3.3747357167303562
leaf_count=5435 1610 4130 6437 275 135 706 75 1299 680 847 2298 1012 1042 1588 124 685 65 53 6614 52 4909 101 148 319 312 130 110 2306 5504 52
internal_value=-0.000340151 0.00177803 -0.00799234 0.0106689 0.00777291 -0.00139405 -0.00554073 0.0260601 0.0426997 0.0153401 0.00146682 0.026615 -0.00163097 -0.0229492 0.000655266 -0.00192657 -0.00295187 0.0705006 -0.0036103 -0.0118477 0.00372999 0.0317262 0.104759 -0.00139648 0.0255564 0.0040575 0.0436017 0.00908681 -0.000661102 0.0884506
internal_weight=3468.75 3329.86 1586.46 1743.4 1467.31 663.518 1425.92 276.089 127.22 803.789 613.726 286.758 1071.29 103.761 967.526 881.974 869.663 12.3112 864.325 407.275 457.049 70.7385 19.6785 386.311 74.2031 44.7212 29.5046 517.031 584.221 6.66955
internal_count=49053 43618 26836 16782 14528 8753 22706 2254 955 5775 8047 1859 16269 1663 14606 13564 13387 177 13322 6718 6604 934 249 5670 761 442 245 3916 7802 104
is_linear=0
shrinkage=0.05


Tree=27
num_leaves=31
num_cat=0
split_feature=18 59 18 58 21 20 59 59 19 19 20 5 18 50 37 59 20 60 21 5 59 17 59 58 27 21 37 59 38 48
split_gain=141.459 104.527 30.9675 27.5652 42.1785 22.2616 31.1761 31.0659 24.4288 21.9958 21.0011 21.7308 19.5917 19.1465 19.1227 30.8384 31.3356 26.524 28.91 21.5222 20.2347 19.0006 18.8352 18.4488 22.8319 17.8703 18.0394 17.7668 19.9164 20.3526
threshold=0.0015049588247114159 -0.0013639540657373152 0.0019749762891991232 -0.0004504940351024482 0.00032823592865558929 0.0056310268244556625 0.011294299539410612 0.0061449901963459173 0.0062623029751807226 0.0011405968102880333 0.0012286784536852744 0.0022070144167728911 0.0054792311094669912 -0.00060452101702264838 0.77534285387458735 -0.012042605746047022 -0.0082781716532158694 0.54826662549111493 -0.0027820706012782006 0.0017184879310462875 -0.035377141157370291 1.3364135699675079 -0.0088424369798085004 -0.004348608404498043 0.50134619637998257 -0.0036490567267909355 0.30945408470787023 -0.0093969255485101336 0.26484009379465284 -0.00042358660438413014
decision_type=2 2 2 2 2 2 2 2 2 2 2 2 2 2 2 2 2 2 2 2 2 2 2 2 2 2 2 2 2 2
left_child=-1 3 -3 4 14 7 8 9 -7 -4 27 -12 -10 -11 15 16 20 18 -16 -20 -2 -19 -13 24 25 26 -17 -5 -29 -30
right_child=1 2 5 10 -6 6 -8 -9 12 13 11 22 -14 -15 17 23 -18 21 19 -21 -22 -23 -24 -25 -26 -27 -28 28 29 -31
leaf_value=-0.051032153593891821 0.093967825530492377 -0.029464120923359552 -0.011045101433245712 0.012251139248610543 0.052277982617346189 0.013176862658611614 -0.010355833180508353 -0.026497425105747874 0.10143918619358039 0.034939357901016717 0.048306189047703514 0.04937372491115824 0.010165730652540231 0.00043327459286462007 -0.00054143952565338009 0.07736628075076353 0.060813010524950951 -0.017472930744043356 0.0059026539823025213 0.086306740673852939 0.011467879583348035 0.020008257267286327 -0.0076041874156418388 0.0024167109033526295 0.092241321264350848 0.026440140294746242 -0.021550269578234305 -0.012548017032743487 -0.0057820304436648658 0.034344763145288587
leaf_weight=132.34603843837976 8.0473432689905149 150.08233678899705 542.55959760770202 185.3635673597455 71.751998368650675 135.22878162562847 146.21072600781918 204.08307276293635 15.565929021686317 46.765142448246479 47.120076335966587 18.893845275044441 9.4476426877081376 286.40678684785962 48.887239880859852 5.2295295894145957 70.661000676453114 147.45558810606599 12.792037237435578 23.821935646235943 97.265716567635536 43.873178381472826 62.430757664144039 284.45669627934694 10.986873745918272 148.34904173389077 38.855895299464464 333.57777619361877 78.130702950060368 53.061195533722639
leaf_count=5435 46 3980 9107 1179 509 1741 2235 4009 147 677 377 92 100 4245 417 55 351 1301 141 196 666 324 514 3142 97 1400 425 4524 987 634
internal_value=-0.00033779 0.00167858 -0.00788981 0.00988646 0.0153261 -0.0055541 0.00633962 -0.00892956 0.0215731 -0.00483549 0.00281296 0.0212879 0.0669651 0.00527667 0.0125075 0.0171111 0.0350548 0.00146796 0.0246199 0.0582155 0.017772 -0.0088782 0.00563328 0.0106389 0.0221366 0.018134 -0.00981653 -0.000837066 -0.00605702 0.0104474
internal_weight=3459.71 3327.36 1536.35 1791.01 1012.43 1386.27 306.453 1079.81 160.242 875.732 778.578 128.445 25.0136 333.172 940.682 663.852 175.974 276.83 85.5012 36.614 105.313 191.329 81.3246 487.878 203.421 192.434 44.0854 650.133 464.77 131.192
internal_count=49053 43618 26241 17377 9070 22261 4223 18038 1988 14029 8307 983 247 4922 8561 6182 1063 2379 754 337 712 1625 606 5119 1977 1880 480 7324 6145 1621
is_linear=0
shrinkage=0.05


Tree=28
num_leaves=31
num_cat=0
split_feature=18 59 18 63 19 59 54 40 6 6 59 35 45 60 19 58 58 20 63 41 55 54 45 37 17 37 4 20 59 47
split_gain=134.11 94.4003 30.7172 26.2781 29.1774 34.4398 33.2204 27.5303 26.1785 25.8055 19.1563 17.5868 17.5546 18.9467 17.4194 17.009 16.8971 16.0991 16.0351 16.4482 17.3046 15.8204 15.7583 15.4902 15.2079 19.0205 17.1424 16.2819 21.4621 18.9077
threshold=0.0015049588247114159 -0.0015715729347782264 0.0022052367935837072 0.00085353574446565925 -0.00052335718672781085 -0.0086456657403263856 -0.00090354911911680812 -1.0000000180025095e-35 9.5000000000000018 14.500000000000002 0.0024754487150094938 0.062791546187269745 0.0003384049023602134 0.99994683678894059 0.0027017954909681016 0.0036304171252560533 -0.00085881254621947289 0.0012286784536852744 -0.011116368576625076 -1.9159999999999996e-05 -1.0000000180025095e-35 0.010916976814780792 0.00075765966712065932 0.17072753734840287 0.94153037586028199 0.69645060697534888 301.25000000000108 -0.0073085932535110901 -0.018863133693344004 -0.00041973464000386068
decision_type=2 2 2 2 2 2 2 2 2 2 2 2 2 2 2 2 2 2 2 2 2 2 2 2 2 2 2 2 2 2
left_child=-1 3 22 4 5 7 -6 16 -4 10 -10 21 18 -14 -12 -9 24 -5 19 -11 -21 -8 -3 -19 25 26 -2 28 -26 -30
right_child=1 2 8 17 6 -7 11 15 9 12 14 -13 13 -15 -16 -17 -18 23 -20 20 -22 -23 -24 -25 27 -27 -28 -29 29 -31
leaf_value=-0.050945271728026188 -0.038769557580365932 -0.023452755616511372 -0.013974392129666441 -0.021182740526072368 0.045659703280460956 -0.0016540727624109902 0.012119342975754241 0.038089667215481127 0.028421196410461681 0.1131244698504128 -0.014160949824410587 0.035303898336374248 0.010987893874795228 0.10146045264142478 0.018427558985357164 0.0041975486223360869 -0.013450517441590655 0.081785328222940656 -0.0099783745291433766 -0.026490143211708669 0.07105336820038162 -0.028743206774975973 0.088516267457813519 -0.00044034990519574489 0.032296485773926117 -0.014031289021298321 0.038588538356996382 0.051219180384497159 -0.025015160940111948 0.024616067854424054
leaf_weight=126.10074529051781 8.7096395939588529 281.58231035619974 437.05969731882215 103.36951014399529 113.11896893754601 569.3892133757472 221.59117310121655 159.48364501446486 121.12225424870849 4.9406292624771622 81.659115597605705 75.553243909031153 44.707002520561218 6.6472358480095854 82.36698941141367 48.208635345101357 75.663887105882168 7.6409898214042213 481.53532662987709 11.877027247101072 7.3670919276773903 26.521826960146427 3.1778020076453677 22.874863002449274 83.5115797072649 88.005640901625156 40.288122624158859 37.446651920676231 45.524106934666634 33.173136599361897
leaf_count=5435 69 6397 7783 1111 1005 7221 2184 837 1418 48 1463 577 585 84 974 300 575 51 7810 143 69 236 62 173 513 724 292 260 388 266
internal_value=-0.000332969 0.00158701 -0.00735139 0.00952988 0.0112829 0.00722427 0.0223348 0.0153777 -0.00404546 0.00110702 0.01334 0.0141829 -0.00515467 0.0226986 0.00220362 0.0302228 0.00790002 -0.0117623 -0.00798307 0.0317447 0.0108518 0.00775138 -0.0222032 0.0201485 0.0126985 -0.000130228 0.0248377 0.0215016 0.0146412 -0.00409418
internal_weight=3450.22 3324.12 1564.04 1760.07 1626.19 1189.4 436.785 620.015 1279.28 842.223 285.148 323.666 557.074 51.3542 164.026 207.692 412.323 133.885 505.72 24.1847 19.2441 248.113 284.76 30.5159 336.659 137.003 48.9978 199.655 162.209 78.6972
internal_count=49053 43618 26836 16782 15447 11445 4002 4224 20377 12594 3855 2997 8739 669 2437 1137 3087 1335 8070 260 212 2420 6459 224 2512 1085 361 1427 1167 654
is_linear=0
shrinkage=0.05


Tree=29
num_leaves=31
num_cat=0
split_feature=18 59 19 59 63 20 59 17 17 62 20 58 21 20 2 59 4 5 18 63 4 21 63 18 21 6 21 60 10 5
split_gain=127.162 85.3578 28.2162 27.8873 24.9985 26.0641 31.9181 29.3271 24.9599 23.4424 23.428 21.7895 19.4273 19.4145 19.1001 23.0952 23.3979 25.265 17.9822 23.9314 21.0964 16.3517 16.1947 16.1042 15.3536 15.2267 21.9589 15.2215 15.0304 14.7497
threshold=0.0015049588247114159 -0.0013639540657373152 0.0011405968102880333 0.0047908622865074964 0.00085353574446565925 -0.0011354212751237989 -0.0060206331918570104 0.79723384661885699 1.0551816454390128 0.016126120662499032 -0.0034999191309411956 0.0026151804985685145 0.0013364673035399695 0.0045492769849924865 0.009459736632299447 0.012606232387165401 382.94285714285644 0.0025277539577874793 0.0034942999627211114 -0.021658512286534148 241.77857142857104 0.0012632035972866456 -0.011444032091124984 0.0021293159626422013 0.0045098260051886566 19.500000000000004 0.0072022793355925692 0.062817784752523989 1.0000000180025095e-35 0.0024030272572813033
decision_type=2 2 2 2 2 2 2 2 2 2 2 2 2 2 2 2 2 2 2 2 2 2 2 2 2 2 2 2 2 2
left_child=-1 4 23 13 5 6 8 22 -2 14 -10 21 -6 -4 -5 16 17 -16 19 -8 -20 29 -7 -3 -18 -17 -27 -13 -29 -9
right_child=1 2 3 9 12 7 18 11 10 -11 -12 27 -14 -15 15 25 24 -19 20 -21 -22 -23 -24 -25 -26 26 -28 28 -30 -31
leaf_value=-0.050860808874996603 0.0035885645136273653 -0.029147793408861922 0.0031357195111879309 -0.017072332964120349 -0.023218246133042068 0.07751629813837857 0.085897017821624233 0.044271451831819221 0.015449576457503925 0.069859534240780882 0.047091052497257681 0.076078228629110511 0.018970387667898422 0.030672751123905575 0.036449254974917238 -0.019984966093573125 -0.013499573711552141 0.15938336468773984 0.095273416086115267 -0.01523225625147044 0.0055296748635872148 0.078230985580053466 0.0026633858671256394 -0.010640813078289586 0.099277642946217409 0.0017849861643994193 0.14634340308294644 -0.015935482174656714 0.028856674614082447 0.0076667115455953177
leaf_weight=120.14492975361645 430.4912412725389 148.641232971102 266.94471008330584 321.5416829045862 99.686148369684815 7.5318179428577414 5.9901821948587886 113.18133123777807 353.86025479435921 9.2245059423148614 70.087792415171862 8.0700067877769452 37.572079613804817 84.196281541138887 12.494505017995836 65.433505848050117 20.516117628663782 6.2800874412059775 6.9776652790606013 249.95574826188385 106.46345911175013 26.144130233675241 177.94782544113696 561.89355179667473 3.5384061485528937 10.762000158429144 3.4753594212234011 42.39390242472291 33.550426989793777 36.361129000782967
leaf_count=5435 3460 3738 4156 5855 1105 49 42 1125 2577 130 436 82 294 873 157 958 289 80 87 3777 1328 150 1901 9744 46 166 49 438 267 259
internal_value=-0.000327373 0.00150068 -0.00725191 -0.000838692 0.0088416 0.0105285 0.00675994 0.0208883 0.0120691 -0.00903276 0.0206806 0.0317338 -0.0116698 0.00973852 -0.0106717 0.006129 0.0357393 0.0775706 -0.00552092 -0.0128654 0.0110497 0.0417491 0.00570296 -0.0145124 0.00308989 -0.00978878 0.0370719 0.0107903 0.00385264 0.035371
internal_weight=3441.35 3321.21 1514.94 804.407 1806.27 1669.01 1223.83 445.181 854.439 453.266 423.948 259.701 137.258 351.141 444.042 122.5 42.8291 18.7746 369.387 255.946 113.441 175.687 185.48 710.535 24.0545 79.6709 14.2374 84.0143 75.9443 149.542
internal_count=49053 43618 26241 12759 17377 15978 11707 4271 6473 7730 3013 2321 1399 5029 7600 1745 572 237 5234 3819 1415 1534 1950 13482 335 1173 215 787 705 1384
is_linear=0
shrinkage=0.05


Tree=30
num_leaves=31
num_cat=0
split_feature=18 59 63 21 21 6 6 7 63 6 58 21 20 59 47 21 32 38 41 42 58 16 37 12 21 32 47 43 59 21
split_gain=120.584 77.9588 26.7919 37.9139 25.3526 26.3754 26.9108 34.0251 26.8618 22.1124 26.096 26.0392 23.0181 22.1281 24.7631 25.2081 25.307 23.8001 27.1104 20.414 19.4928 18.8178 18.7287 20.1162 18.0723 17.1287 17.0923 16.9168 16.2954 16.9218
threshold=0.0015049588247114159 -0.005173393328614855 -0.00033443800919780034 -0.00018127702225217754 -0.0015093669620072079 5.5000000000000009 15.500000000000002 4.5000000000000009 -0.0069267091198954335 5.5000000000000009 -0.0022742268890205059 0.0012632035972866456 -0.0034999191309411956 0.0041285513528214711 -0.0004136690381722693 0.00053531284685564033 5.5000000000000009 0.17038417739012129 -1.2579999999999998e-05 3.2760000000000012e-05 -0.0041518603969802692 0.397884630375898 0.28404476109888871 1.9969551403375883 0.0015477628315014992 9.5000000000000018 9.4075175902145168e-05 4.5772499999999989e-05 -0.024660633804338413 -0.0090013026499342532
decision_type=2 2 2 2 2 2 2 2 2 2 2 2 2 2 2 2 2 2 2 2 2 2 2 2 2 2 2 2 2 2
left_child=-1 4 3 -3 25 8 -7 24 -6 -4 12 -12 -11 14 -14 17 -17 -16 -19 -9 -5 22 -22 -24 -8 28 -13 -23 -2 -30
right_child=1 2 9 20 5 6 7 19 -10 10 11 26 13 -15 15 16 -18 18 -20 -21 21 27 23 -25 -26 -27 -28 -29 29 -31
leaf_value=-0.050778541790875681 0.024199959690226158 -0.0047008711762563651 -0.016462063348068087 -0.016524458790720519 0.08748006463284641 0.039334575203861806 -0.0080377988232785101 0.13845905702907188 -0.0076468145522389334 -0.022457457148145531 -0.013957397287598731 -0.0024399746776079079 0.0075495158950688278 -0.0073662179992273844 0.139943616572068 0.15117115633486677 0.024113843543033923 0.15240962995376339 0.015479540741736551 0.037402012238265989 0.0046372421832303369 0.13628199933405799 0.041200775152757191 0.15377044370667209 0.034042480852054635 0.041453725423112014 0.023810137367002295 0.047591191520253096 -0.048564481801413234 0.0024317582368268585
leaf_weight=114.46589621528983 86.69422971457243 156.18921749666333 417.00170834362507 15.922963593155144 8.0029244944453222 202.70884541422129 103.59358737245202 7.0018355324864414 102.07688605412841 51.030318345874548 622.42340100742877 432.09749877266586 118.16905209608376 86.590850772336125 4.6241721846163264 9.5118844099342841 6.6652445979416362 3.8208566531538954 67.012229667976499 17.45558637753129 34.31297393143177 8.9776243679225463 25.920082174241546 4.6861645504832259 33.852943576872349 31.99107775837183 72.403349760919809 13.403719708323477 16.755594216287136 557.97201878577471
leaf_count=5435 542 2192 7669 204 47 1362 750 40 813 801 10740 6774 1557 1511 68 106 68 41 883 135 499 108 332 44 195 249 947 166 154 4621
internal_value=-0.00032247 0.00141773 -0.00422972 0.0108386 0.011816 0.0207189 0.0271948 0.0119955 -0.000730985 -0.00629646 -0.00342124 -0.00711475 0.00855922 0.0138994 0.0226762 0.0421831 0.0988214 0.0300405 0.0228658 0.0663333 0.0343517 0.0436312 0.030001 0.0584365 0.00232653 0.00572137 0.00132731 0.0831669 0.0039931 0.000945015
internal_weight=3433.33 3318.87 2150.76 259.413 1168.11 474.693 364.613 161.904 110.08 1891.35 1474.35 1126.92 347.425 296.394 209.803 91.6344 16.1771 75.4573 70.8331 24.4574 103.224 87.3006 64.9192 30.6062 137.447 693.413 504.501 22.3813 661.422 574.728
internal_count=49053 43618 34710 3545 8908 3342 2482 1120 860 31165 23496 18461 5035 4234 2723 1166 174 992 924 175 1353 1149 875 376 945 5566 7721 274 5317 4775
is_linear=0
shrinkage=0.05


Tree=31
num_leaves=31
num_cat=0
split_feature=18 59 18 38 59 20 20 63 5 62 6 6 56 54 38 45 63 43 12 59 7 6 11 15 19 49 53 38 42 2
split_gain=114.358 72.6848 26.3982 23.8029 23.7709 26.8925 24.9322 23.6941 19.9956 19.5185 19.2199 30.2906 18.8967 18.5737 17.9028 23.908 18.231 16.4796 16.6134 16.2509 15.1113 32.7567 20.3106 24.4469 16.2609 18.9897 16.269 14.7261 16.7748 14.2909
threshold=0.0015049588247114159 -0.0013639540657373152 0.0019749762891991232 0.28594867875378627 -0.012547761691782089 0.00040092270680573526 -0.0091666794415042156 0.00085353574446565925 0.0023433143548366605 -0.011811215852247365 11.500000000000002 14.500000000000002 0.36221266138966501 -0.0064008455072524202 0.25679340190691347 0.00025523142968670144 -0.014139006870608732 0.00016896250000000002 1.7179967433687493 -0.024660633804338413 5.5000000000000009 19.500000000000004 -0.29327992143691972 0.24265981293224193 -0.00052335718672781085 -0.00083516829333406381 -0.0049604425250648352 0.20885466674616546 3.8125000000000012e-05 0.001087174653072478
decision_type=2 2 2 2 2 2 2 2 2 2 2 2 2 2 2 2 2 2 2 2 2 2 2 2 2 2 2 2 2 2
left_child=-1 3 -3 4 6 7 19 20 13 -5 -4 29 -10 -7 15 -13 -16 18 -11 -2 24 27 23 -23 26 -26 -6 -22 -29 -12
right_child=1 2 10 9 5 8 -8 -9 12 17 11 14 -14 -15 16 -17 -18 -19 -20 -21 21 22 -24 -25 25 -27 -28 28 -30 -31
leaf_value=-0.050698263131647825 0.022029011375316154 -0.027542668858288457 -0.011640528125318742 0.079540834434656649 0.011466254941938807 0.11228397613386275 0.028796133619397153 -0.032884166534867469 -0.007253839910039102 0.010691154242987826 -0.0015062801205859694 -0.004127982701070467 0.047372910356691465 0.027430615314971658 0.055701413223304366 0.034411876019415859 -0.022331086114184068 0.084800208618800943 0.048787995838556801 -0.0055725713259886824 -0.024060465707976861 0.052510717255317821 0.03320722715623483 0.217680491662055 0.043997681457350543 0.0030501514535144331 -0.010263435738308315 0.05786875783249075 -0.0023590637595271788 0.025756443572046289
leaf_weight=109.05141001567245 84.408437334001064 139.24889614619315 574.18523308634758 14.091895729303358 105.52496551722288 6.8767021149396887 198.51988220959902 57.293267451226711 88.914874192327261 193.6792098172009 72.977986551821232 350.98292394727468 19.260596476495266 103.71548722498119 7.8332779854536048 45.451431881636381 168.40662282332778 9.1386242620646936 33.577993366867304 144.82214470207691 30.649295506998897 4.809603828936817 14.018702793866394 4.1936655528843403 34.894588567316532 150.14058477990329 468.84432624839246 18.407866582274437 31.083116754889488 140.82938102632761
leaf_count=5435 525 3980 10513 95 1135 50 1071 730 692 1900 1019 5748 117 915 74 559 2779 83 271 1055 391 51 156 53 347 1595 5554 214 377 1569
internal_value=-0.000317795 0.00133865 -0.00680767 0.00806385 0.00577526 0.00199998 0.0158247 -0.00174739 0.0177566 0.0223751 -0.00468567 0.000391844 0.00247243 0.0327069 -0.00560381 0.000290635 -0.0188628 0.0189674 0.0163201 0.00459102 0.000320774 0.0182764 0.0708435 0.129446 -0.00211843 0.0107722 -0.00627119 0.00317539 0.0200423 0.016451
internal_weight=3425.83 3316.78 1499.92 1816.87 1566.38 1138.63 427.75 919.86 218.768 250.488 1360.67 786.482 108.175 110.592 572.674 396.434 176.24 236.396 227.257 229.231 862.567 103.162 23.022 9.00327 759.404 185.035 574.369 80.1403 49.491 213.807
internal_count=49053 43618 26241 17377 15028 12377 2651 10603 1774 2349 22261 11748 809 965 9160 6307 2853 2254 2171 1580 9873 1242 260 104 8631 1942 6689 982 591 2588
is_linear=0
shrinkage=0.05


Tree=32
num_leaves=31
num_cat=0
split_feature=18 59 19 59 7 6 59 20 20 13 4 59 38 58 37 10 21 18 38 37 59 11 21 37 60 45 12 6 2 38
split_gain=108.467 66.1064 28.2881 24.219 23.8102 25.0561 24.509 30.1769 24.6669 21.5022 23.4415 21.5902 37.8239 20.8709 28.4179 28.2372 21.6976 19.8336 18.6382 19.836 18.5682 17.5871 19.9025 17.5672 20.2181 18.6863 19.6558 18.577 17.2445 27.608
threshold=0.0015049588247114159 -0.00041165604713674328 0.0011405968102880333 0.0060279152038617998 5.5000000000000009 20.500000000000004 -0.012547761691782089 -0.00249683665786225 -0.010208992455516448 0.23907020061337123 264.14285714285774 0.010567303106569028 0.23281639236790011 0.0019810760136002798 0.12200107943221745 1.0000000180025095e-35 7.73472305094163e-05 0.0044029355355522633 0.37181224100644633 0.73397367611602726 0.0023657053527239595 -1.2114792822137621 -0.00078716106904981912 0.68958922619382668 0.80536903202301946 -0.0004696670912630498 1.5566093161120313 16.500000000000004 0.0054232989794239092 0.20541313779783374
decision_type=2 2 2 2 2 2 2 2 2 2 2 2 2 2 2 2 2 2 2 2 2 2 2 2 2 2 2 2 2 2
left_child=-1 4 17 28 6 -6 8 -8 -2 -5 -11 12 -12 16 -15 -16 18 20 19 21 -3 22 -9 24 -10 -25 -27 -26 -4 -30
right_child=1 2 3 9 5 -7 7 13 23 10 11 -13 -14 14 15 -17 -18 -19 -20 -21 -22 -23 -24 25 27 26 -28 -29 29 -31
leaf_value=-0.050619763123989137 0.002192828091162368 -0.011263618245539252 0.00096774037588114774 -0.019940708730906902 0.014344146222708519 0.057820656460712321 -0.0070289919143344745 0.123191790470951 0.023749073126597568 -0.032487495945750462 0.090155378519836848 0.00076099563888452871 -0.015604341826526431 0.023604058468003411 -0.025161243214279372 0.0090815165173731803 0.029260723187189648 0.0052876530739546903 0.089329921845751864 -0.028132296665539604 -0.031236185307516519 0.0071168168870325539 0.0021707609427038402 -0.020639054379822042 0.090065452532028412 0.012323043607246197 0.082233787934582567 0.027428102292419099 0.060102602394853488 0.006914554946738186
leaf_weight=103.88973739556968 184.29615648090839 265.46598383225501 275.08714619651437 224.13573465310037 164.2000323086977 41.518858518451452 557.17242781817913 7.1130953580141068 85.35557597130537 32.627787750214338 21.230824898928404 76.503932297229767 14.047927089035509 82.899507645517588 138.38347583264112 106.56499825790524 166.53921311534941 92.591358292847872 6.737164255231618 38.936235729604959 207.19771829992533 263.41851932182908 6.5031730700284225 32.208192177116871 28.558799937367439 50.942654937505722 12.526314027607439 20.216645315289497 36.276961121708155 74.505105938762426
leaf_count=5435 1278 5171 4554 4307 1875 375 6184 70 426 546 267 1055 205 1091 1659 1062 1637 1641 71 362 4480 3051 80 214 139 305 64 96 403 950
internal_value=-0.000312555 0.00126463 -0.00741639 -0.0010798 0.00700964 0.0231187 0.00515659 0.0019435 0.0158197 -0.0102466 0.00479943 0.015683 0.0480421 0.00806179 -0.00170007 -0.0102639 0.0146033 -0.0158735 0.00703905 0.00528443 -0.0200188 0.00998103 0.0653918 0.0267479 0.0384235 0.0103798 0.0261207 0.0641033 0.00767546 0.0243316
internal_weight=3417.65 3313.76 1319.67 754.415 1994.09 205.719 1788.37 1374.27 414.104 368.546 144.41 111.783 35.2788 817.095 327.848 244.948 489.247 565.255 322.708 315.971 472.664 277.035 13.6163 229.808 134.131 95.6772 63.469 48.7754 385.869 110.782
internal_count=49053 43618 23579 12287 20039 2250 17789 15267 2522 6380 2073 1527 472 9083 3812 2721 5271 11292 3634 3563 9651 3201 150 1244 661 583 369 235 5907 1353
is_linear=0
shrinkage=0.05


Tree=33
num_leaves=31
num_cat=0
split_feature=18 59 63 20 59 18 63 38 38 59 47 36 53 38 58 62 58 21 52 62 63 11 5 59 2 20 58 42 35 20
split_gain=102.888 61.9366 22.2521 25.1524 39.3826 32.26 26.8861 21.4172 19.5949 18.2069 19.4822 18.1142 17.4627 16.991 16.5457 15.6624 15.5444 17.4111 15.3989 16.8201 15.2514 15.137 14.9768 25.3701 21.9765 19.5681 18.34 17.6734 17.5065 17.8317
threshold=0.0015049588247114159 -0.0040234056559891639 -0.015118481107092853 0.00012345502278583587 0.0018418244640592382 0.0026002138574830799 -0.00033443800919780034 0.27795949594753316 0.20192110943359096 0.0062841889570895825 0.00081876047335647639 0.53322359010345888 0.0020779977728876495 0.20597365709208779 -0.0039663190967052326 0.016126120662499032 -0.0081954303491995981 -0.0020858678138938346 0.27583562263244932 -0.011811215852247365 -0.0042315424769121023 -0.52860516144741421 0.0049556294246824806 -0.017548071315661145 -0.01584783638481849 0.00090736867150738212 0.0067928661492355881 7.4050000000000003e-06 0.65128924317932813 -0.0057235063319772189
decision_type=2 2 2 2 2 2 2 2 2 2 2 2 2 2 2 2 2 2 2 2 2 2 2 2 2 2 2 2 2 2
left_child=-1 7 -3 -4 6 -6 12 22 11 10 15 -7 13 -5 -8 -10 -9 -18 19 -16 21 -15 23 24 -2 26 -25 -26 29 -29
right_child=1 2 3 4 5 8 14 16 9 -11 -12 -13 -14 20 18 -17 17 -19 -20 -21 -22 -23 -24 25 27 -27 -28 28 -30 -31
leaf_value=-0.050542847334642704 -0.00033030669765198554 0.02232306396249616 -0.013784688268609208 -0.010328291066162718 -0.024498103483745939 -0.00046591928481926433 0.034348543970203392 0.068853542733409281 -0.0037657466851630413 -0.022338382725995719 0.10537431388260465 0.028695250307944932 0.007709979167361606 0.12127586644603838 0.097562219173437159 0.103249784045037 -0.029067850796446061 0.025749880082045547 0.02197200398866064 -0.0036806528996062046 0.15018309626855073 -0.00049709916007036037 -0.01146045148878938 0.0050268116559165545 0.10080371821412049 0.030345203776412116 -0.02785940415367559 0.010680995562188347 0.074618607352664623 0.070127332448402246
leaf_weight=98.969590306282043 50.496149994432926 74.601134052500129 619.01468661986291 4.383285008370879 220.27666952088475 171.32417502254248 47.558794766664505 18.431686013936996 172.53479252010584 157.19263412803411 4.3578737527132025 77.272953908890486 14.355922587215899 4.9516220092773446 4.1605876944959155 3.4881767854094496 16.034259654581547 149.93585420027375 84.045519169420004 293.38980796188116 8.1624615173786861 5.2659832648932943 100.88771898671985 781.32132109627128 10.622813202440737 72.437225744128227 44.826996345072985 63.855401158332825 20.129859402775764 15.720473095774649
leaf_count=5435 315 778 10940 68 4844 3046 500 109 2829 2855 60 971 165 53 39 54 117 1048 1050 4326 98 58 743 7082 57 413 419 406 105 70
internal_value=-0.000307873 0.00119369 -0.00446147 -0.00551773 -0.00149692 -0.0081848 0.0100701 0.00946317 -0.00205443 -0.00989945 0.00094045 0.00859842 0.0508946 0.0781294 0.00653907 -0.00164506 0.0252917 0.020454 0.00307314 -0.00226499 0.0992248 0.0585161 0.0069476 0.0087006 0.0269901 0.00542722 0.0032424 0.0394944 0.0329624 0.0224248
internal_weight=3410.01 3311.04 1966.34 1891.74 1272.72 806.447 466.274 1344.7 586.171 337.573 180.381 248.597 37.1193 22.7634 429.155 176.023 184.402 165.97 381.596 297.55 18.3801 10.2176 1160.3 1059.41 160.825 898.586 826.148 110.329 99.7057 79.5759
internal_count=49053 43618 32734 31956 21016 14659 6357 10884 9815 5798 2943 4017 442 277 5915 2883 1274 1165 5415 4365 209 111 9610 8867 953 7914 7501 638 581 476
is_linear=0
shrinkage=0.05


Tree=34
num_leaves=31
num_cat=0
split_feature=18 59 20 59 17 6 6 20 59 58 32 63 62 43 38 59 43 16 18 51 54 41 60 54 63 2 58 38 7 21
split_gain=97.6088 56.3537 21.8056 22.7611 22.1438 21.3605 35.2752 17.8422 27.3502 23.2759 22.2663 22.167 22.0641 21.2907 17.4714 21.5814 17.3428 17.3077 21.3231 23.3401 17.0629 16.3705 16.3497 15.9116 15.8619 14.8399 17.3856 14.7032 14.3655 27.865
threshold=0.0015049588247114159 -0.005173393328614855 -0.0040568552701839749 -0.011149249180822158 0.75407226989505338 11.500000000000002 13.500000000000002 0.0016186378463087692 0.0062841889570895825 -0.0010591193651499065 19.500000000000004 -0.00065501514540675413 -0.015424092870287778 -5.3875000000000081e-06 0.37181224100644633 0.00073707421221686973 1.7785000000000003e-05 0.44775065351206994 0.004168460619158299 1.0000000180025095e-35 0.0067992606705514656 5.5965000000000004e-05 0.49006547770476921 -0.014407058252995075 -0.033721642016703683 -0.01584783638481849 -0.013708640470839275 0.20251865467962346 3.5000000000000004 0.0049536887983959652
decision_type=2 2 2 2 2 2 2 2 2 2 2 2 2 2 2 2 2 2 2 2 2 2 2 2 2 2 2 2 2 2
left_child=-1 2 3 20 -4 14 17 10 9 13 12 -11 -8 -9 28 -16 -13 18 -7 -20 25 -15 -23 -6 -14 -2 -27 -10 -3 -30
right_child=1 5 4 -5 23 6 7 8 27 11 -12 16 24 21 15 -17 -18 -19 19 -21 -22 22 -24 -25 -26 26 -28 -29 29 -31
leaf_value=-0.050467319051079589 -0.0035675482836903974 -0.0052422480501389031 0.0022598303619247159 -0.0085153546131746475 0.079015564512291067 0.0044041293384032105 0.083668834308476936 0.12617842505252233 0.0024800462587075355 0.091517635782480178 0.10038933238895278 -0.024772132554184711 0.092092360845626373 -0.0013100570340767365 0.12439668234344931 -0.037855396233098595 0.011572907543387153 0.045075015290515358 -0.0020800869825379291 0.098831090285523726 -0.024635105117116293 0.1217878531509623 0.030600322947204918 0.022702087847781015 -0.013176211001739966 0.05866645955503607 0.01527286863043377 -0.024527179327859215 -0.019491503607542648 0.11607692911934267
leaf_weight=94.280139163136482 97.712110921740532 603.73026231117547 158.52865185961127 236.1908324547112 13.034129083156584 149.8075762540102 6.0565911941230288 7.0322324037551871 108.34039900265634 7.5196212083101264 4.5158622339367858 41.353202812373638 3.6059787794947615 19.445109048858285 5.2899004314094764 3.3456576596945524 159.10515068471432 48.71093569509685 10.005493450909853 13.409983899444342 31.696140818297863 7.4668905679136541 14.386854207143186 333.45062170922756 469.23566561937332 25.096818082034588 287.5636128410697 94.225457847118378 344.08319666422904 3.8325911536812773
leaf_count=5435 644 10582 1234 2415 76 2020 66 74 1719 70 67 609 32 238 78 70 2122 584 114 120 226 73 147 2303 7710 154 1856 1631 6517 67
internal_value=-0.000302211 0.00112762 0.00987241 0.00401555 0.0177385 -0.00374291 0.000810413 -0.00341342 0.00364837 0.0145002 -0.0101167 0.00723673 -0.0111588 0.0457565 -0.00926325 0.0615357 0.00407517 0.018744 0.0113396 0.0557115 0.0107106 0.0320625 0.0617569 0.0248205 -0.0123734 0.0134406 0.018756 -0.0100826 -0.00990571 -0.0179981
internal_weight=3402.06 3307.78 1183.27 678.26 505.013 2124.5 1164.22 942.289 458.875 256.309 483.414 207.978 478.898 48.3311 960.282 8.63556 200.458 221.934 173.223 23.4155 442.069 41.2989 21.8537 346.485 472.842 410.373 312.66 202.566 951.646 347.916
internal_count=49053 43618 8908 5295 3613 34710 17396 14558 6683 3333 7875 2801 7808 532 17314 148 2731 2838 2254 234 2880 458 220 2379 7742 2654 2010 3350 17166 6584
is_linear=0
shrinkage=0.05


Tree=35
num_leaves=31
num_cat=0
split_feature=18 59 19 7 7 37 47 59 11 5 23 6 5 59 23 60 19 59 19 59 63 58 10 38 0 14 38 4 48 6
split_gain=92.6049 52.6579 26.9835 22.0683 22.9743 27.1705 24.9121 24.6655 23.9144 22.5269 22.6355 19.5709 19.5437 19.4667 22.3778 21.0137 19.3023 18.7689 24.0462 17.9968 17.4392 15.9197 17.632 16.5255 17.8981 16.2131 15.3283 17.4765 15.2336 19.3482
threshold=0.0015049588247114159 -1.0000000180025095e-35 0.0024767481700465797 5.5000000000000009 3.5000000000000004 0.74054877737584246 -0.00050264083431596684 -0.0073502114018449763 -1.2114792822137621 0.0042945548558801583 -0.00022713699341530346 20.500000000000004 0.0012673919151574751 0.011294299539410612 0.00089029791822815417 0.82723927659939889 -0.00050208556821375034 -0.011508317009568387 -0.0028893292517279826 0.0061449901963459173 -0.033721642016703683 0.0047040104679596196 1.0000000180025095e-35 0.272609187354728 -0.0020331453068928806 0.75258833522993418 0.19058932123428471 785.00357142857069 -0.00040957645614251187 3.5000000000000004
decision_type=2 2 2 2 2 2 2 2 2 2 2 2 2 2 2 2 2 2 2 2 2 2 2 2 2 2 2 2 2 2
left_child=-1 3 12 4 5 6 -2 9 -8 10 -6 -5 -3 14 15 -4 -9 -10 -19 -14 -7 23 -23 24 -20 28 27 -15 -25 -30
right_child=1 2 13 11 7 20 8 16 17 -11 -12 -13 19 26 -16 -17 -18 18 21 -21 -22 22 -24 25 -26 -27 -28 -29 29 -31
leaf_value=-0.050392992038903343 -0.005771491099284095 -0.031391171367007746 0.01340654558670628 0.013433790504004325 0.0078763307322779787 0.052679840593572475 0.059180433532416477 -0.026919325353921521 0.029102189234412136 -0.027537430181389124 0.056527813175626412 0.050698953220686599 -0.0051822986659285546 -0.0044577151755621266 0.047269594380489666 -0.021638116940720077 -0.0015659907597204337 -0.011809642989742949 0.047274880033803972 -0.025162510150814922 -0.0075481955748018725 -0.016385869758407914 0.030855436671849451 0.025638553570859413 0.0082075869634506225 -0.011492659121354368 -0.02988228714824533 0.076829969589310154 0.15411908062720936 0.050916742390051978
leaf_weight=89.811006577685475 174.95816062577069 116.82164265401661 186.08229881338775 173.39803148619831 124.82035860419273 12.506178654730318 29.47309397533536 147.57555286027491 154.28894027322531 34.419341892004013 29.571844324469566 44.217092940583825 549.55651214905083 78.44030406139791 36.668848421424627 55.544226597994566 152.80483019351959 108.36679689399898 32.407542364671826 141.77883389033377 308.57274883985519 75.434992684051394 26.757450565695763 71.065602213144302 307.42719396017492 17.837238168343902 64.465497642755508 7.2208722680807105 5.1729714274406424 37.205936200916767
leaf_count=5435 1746 3065 2710 2020 882 85 330 2266 858 239 151 393 9929 1230 368 841 1944 1185 342 3111 2660 912 248 757 3538 202 1055 110 61 380
internal_value=-0.000297349 0.00106402 -0.0070984 0.00594415 0.0041731 0.00751245 0.0114364 -0.00512066 0.0149151 0.00904043 0.0171949 0.0210057 -0.0124761 0.00304585 0.0108739 0.00535061 -0.014022 0.0133545 0.00979021 -0.00927983 -0.00520228 0.013873 -0.00401649 0.0177535 0.0119331 0.0328201 -0.0114654 0.00239449 0.0397875 0.0635141
internal_weight=3394.67 3304.86 1236.58 2068.28 1850.67 1361.47 1040.4 489.192 865.438 188.812 154.392 217.615 808.157 428.422 278.295 241.627 300.38 835.965 681.676 691.335 321.079 573.309 102.192 471.116 339.835 131.282 150.127 85.6612 113.445 42.3789
internal_count=49053 43618 22419 21199 18786 13304 10559 5482 8813 1272 1033 2413 16105 6314 3919 3551 4210 8483 7625 13040 2745 6440 1160 5280 3880 1400 2395 1340 1198 441
is_linear=0
shrinkage=0.05


Tree=36
num_leaves=31
num_cat=0
split_feature=18 59 18 58 21 21 13 6 58 63 60 16 38 39 21 48 41 60 4 59 43 60 21 17 6 6 58 5 19 59
split_gain=87.8639 47.8557 23.7975 21.1334 29.3617 19.8462 33.8912 19.756 20.2198 19.3234 18.7339 16.4492 17.4412 31.5069 22.6213 24.7397 22.1132 19.5248 20.1109 17.4073 16.7462 16.3514 16.2416 19.6063 16.9852 17.2621 16.2628 16.2254 15.9316 17.6146
threshold=0.0015049588247114159 -0.0015715729347782264 0.0019749762891991232 -0.00034931459597387483 0.00032823592865558929 -0.0014430017991169696 0.016519074717333812 5.5000000000000009 -0.001464033692087411 -0.00023419551229800215 0.84621129728123845 0.096195036542318424 0.19655976854508064 1.0000000180025095e-35 0.002463375752326941 -0.00043451758181077451 4.8400000000000004e-05 0.72262244876060688 464.289285714286 0.008705694615118208 -1.2738750000000013e-05 0.71027951892713348 -0.0010380034326345916 0.75046249631514039 5.5000000000000009 18.500000000000004 0.0039555730368607085 0.0019908342313844861 0.0022867875502714198 0.009333541729341947
decision_type=2 2 2 2 2 2 2 2 2 2 2 2 2 2 2 2 2 2 2 2 2 2 2 2 2 2 2 2 2 2
left_child=-1 3 -3 4 -2 6 10 -7 11 -10 -4 -9 13 21 15 -15 20 19 -19 -18 -14 -13 -5 -24 26 -26 -25 -23 -11 -30
right_child=1 2 5 22 -6 7 -8 8 9 28 -12 12 16 14 -16 -17 17 18 -20 -21 -22 27 23 24 25 -27 -28 -29 29 -31
leaf_value=-0.050319678555715543 0.0087616287220264773 -0.025489684646668759 0.13667856306323414 -0.010662710755586627 0.041023505733495259 -0.013939019690560007 -0.029398616146342017 -0.00737163283073956 0.02717066129427791 -0.011118367943987012 -0.012879628494381554 -0.026602384109785483 0.034302523506769371 0.26418845910034128 0.023610405777024369 0.088718880381819548 0.062342079572278566 -0.03727303441070564 0.073728493051213762 -0.042558427240727115 -0.0175941716700889 0.14481342466847039 -0.0092209573670131023 0.011852321809516873 0.025197865576605728 -0.003173325725998398 -0.033668484403319661 0.019122321792928179 0.015425905551394593 -0.010138980707615534
leaf_weight=85.552218928933144 968.39306407235563 136.49189446680248 4.9570669010281545 238.44741861708462 76.064406286925077 259.33127452805638 118.22642697766423 66.541361749172211 50.711126711219549 405.90915719792247 3.6250900439918041 10.683474641293289 21.200578041374683 3.5996218882501116 4.2179786153137675 4.5452584289014331 43.028717301785946 14.497703902423384 5.6788677833974353 4.3549879305064669 58.265222683548927 3.7421906664967528 163.18149124644697 43.559953223913908 200.9622606523335 73.122036699205637 35.70186223089695 8.1802289523184282 157.17774553596973 117.93567311391234
leaf_count=5435 8505 4130 69 2415 497 5151 2091 997 588 7341 55 164 301 52 52 70 540 218 76 71 917 52 1875 532 1823 739 396 134 1936 1831
internal_value=-0.000292544 0.00100349 -0.00558262 0.00650426 0.0111112 -0.00359408 -0.0224343 -0.00166677 0.00157986 -0.00260523 0.0735054 0.0139015 0.0216794 0.0534178 0.117596 0.166267 0.0141307 0.0351609 -0.00603071 0.0527008 -0.00374872 0.0183199 0.000130936 0.00511367 0.0117336 0.0176288 -0.00865159 0.0585741 -0.00482243 0.00446675
internal_weight=3387.89 3302.33 1502.9 1799.43 1044.46 1366.41 126.809 1239.6 980.27 731.734 8.58216 248.536 181.995 34.9688 12.3629 8.14488 147.026 67.5603 20.1766 47.3837 79.4658 22.6059 754.975 516.528 353.346 274.084 79.2618 11.9224 681.023 275.113
internal_count=49053 43618 26836 16782 9002 22706 2215 20491 15340 11696 124 3644 2647 524 174 122 2123 905 294 611 1218 350 7780 5365 3490 2562 928 186 11108 3767
is_linear=0
shrinkage=0.05


Tree=37
num_leaves=31
num_cat=0
split_feature=5 59 63 20 6 58 20 59 62 60 19 22 20 59 47 7 37 58 12 38 14 0 63 32 63 62 47 41 7 60
split_gain=57.8394 42.9036 22.8915 22.3287 22.1966 21.2569 19.8136 21.8468 25.3533 19.564 19.3926 18.7869 18.2571 23.3156 31.3292 23.3451 21.851 17.7139 17.4837 24.6071 16.0227 15.4894 15.1799 15.3983 15.1521 15.7555 14.9609 14.6715 23.1154 15.2016
threshold=0.001014627535628397 -0.0073502114018449763 -0.00065501514540675413 -0.0048795018415858744 5.5000000000000009 -0.0039663190967052326 0.0016953529353870994 0.0046945351988532374 0.012997609819273215 0.5755383156430417 0.0022867875502714198 1.0000000180025095e-35 -0.0034999191309411956 0.0013312766114956694 -0.0004116659873606645 1.0000000180025095e-35 0.20244549295551309 0.0093299464363080526 0.26634822048971379 0.19655976854508064 0.7599130979600407 0.0032126959060179336 0.0043198156270852972 19.500000000000004 -0.018375871208723454 -0.011811215852247365 0.0010280947707184298 9.3900000000000019e-05 2.5000000000000004 0.71027951892713348
decision_type=2 2 2 2 2 2 2 2 2 2 2 2 2 2 2 2 2 2 2 2 2 2 2 2 2 2 2 2 2 2
left_child=-1 3 11 -2 -4 12 22 9 26 10 -8 24 16 14 20 -16 -6 -10 19 -15 -14 -12 23 -7 -3 -26 -9 28 -17 -30
right_child=1 2 4 -5 5 6 7 8 17 -11 21 -13 13 18 15 27 -18 -19 -20 -21 -22 -23 -24 -25 25 -27 -28 -29 29 -31
leaf_value=-0.030662198764321476 0.0040270978736985539 0.023969724632181055 -0.014021136766572066 0.020204693417607198 0.072189179294018899 -0.0084995484447794555 0.0097362106834101222 -0.010683414854989391 0.11549419198903216 -0.0041917684949371739 0.057877159224738399 0.029375661309084901 0.0015242399358136385 0.17442765594580933 0.1436877188697448 0.019157921925904167 -0.023844824363968904 -0.016815582295927334 -0.0074702718348622736 -0.013037297580099447 0.069160198319267716 0.0053094040236265098 -0.036318924286426267 0.081741511310558124 0.04182206721035419 -0.01234526372725573 0.083537902471164771 0.017200246901826168 0.06464570219458278 0.17806854577605036
leaf_weight=149.79513720422983 536.32197771221399 56.46154410392046 456.14630472101271 354.12734228745103 6.6733558364212504 643.81422410067171 121.15107279829681 307.05783843435347 7.0328912697732431 117.18553549144417 49.365383118391037 92.001208646222949 59.356321319937706 3.2905329540371886 7.7057054601609698 9.47498592361808 52.69787361100316 3.95080691203475 81.681793776340783 3.7402076981961727 10.271593851968644 19.567848214879632 50.41737746167928 4.7621572595089665 15.00531514175236 127.42253478150815 4.271682694554328 19.314194278791547 5.6508342372253519 6.1902493424713612
leaf_count=6593 3889 533 8226 2126 85 10500 1792 5440 98 1393 495 1088 618 57 81 89 788 57 1379 71 114 173 866 68 172 1906 50 195 61 50
internal_value=-0.000288658 0.00111903 -0.00243332 0.0104608 -0.0042952 -0.00151307 -0.00409639 0.00233743 -0.00675664 0.0118767 0.0217828 0.0106929 0.0113874 0.0184076 0.0329711 0.0638973 -0.0130506 0.0679027 -0.00095801 0.0747002 0.011502 0.0429549 -0.00989132 -0.00783696 0.00205067 -0.00663853 -0.00939063 0.0487647 0.0773647 0.123941
internal_weight=3381.91 3232.11 2341.66 890.449 2050.77 1594.62 1328.58 629.583 322.313 307.27 190.084 290.891 266.048 206.676 117.964 48.336 59.3712 10.9837 88.7125 7.03074 69.6279 68.9332 698.994 648.576 198.889 142.428 311.33 40.6303 21.3161 11.8411
internal_count=49053 42460 36445 6015 32746 24520 20932 9498 5645 3853 2460 3699 3588 2715 1208 476 873 155 1507 128 732 668 11434 10568 2611 2078 5490 395 200 111
is_linear=0
shrinkage=0.05


Tree=38
num_leaves=31
num_cat=0
split_feature=18 59 3 63 20 59 32 63 54 54 21 21 59 37 16 12 19 38 12 32 11 19 5 54 47 58 2 36 0 58
split_gain=81.0735 42.2066 24.474 20.4374 20.2108 26.3376 22.8367 22.13 21.9656 16.9801 16.9608 16.7716 16.0451 18.4883 18.6366 20.5268 21.1636 16.2129 18.0307 15.5379 15.1045 15.0995 19.7697 29.1611 14.5799 15.5568 22.2401 14.4539 14.3697 14.2037
threshold=0.0015049588247114159 -1.0000000180025095e-35 0.0030899851782437075 0.00085353574446565925 -0.0011354212751237989 -0.0054183271829139797 9.5000000000000018 -0.0053472345318347657 0.0015211725738918103 0.0067992606705514656 -0.00066447769964612816 0.00071344923570307967 0.0020255593330605593 0.36394662028742181 0.32876173885532606 0.6204205178022496 0.0023722880531664094 0.20309653046362999 0.44021261913432458 13.500000000000002 -0.90738716801674824 0.00028724400020671965 0.0024030272572813033 -0.0047568711646766917 -0.00041775533084420312 0.00084913369443407802 0.001087174653072478 0.091248894748823264 -0.0019431636264716308 -0.0074741798558257602
decision_type=2 2 2 2 2 2 2 2 2 2 2 2 2 2 2 2 2 2 2 2 2 2 2 2 2 2 2 2 2 2
left_child=-1 3 -3 4 5 6 9 20 21 29 -4 -5 13 14 15 -12 -17 -14 -19 -13 -6 24 23 -23 -9 28 -27 -16 -26 -2
right_child=1 2 10 11 7 -7 -8 8 -10 -11 12 19 17 -15 27 16 -18 18 -20 -21 -22 22 -24 -25 25 26 -28 -29 -30 -31
leaf_value=-0.050209720054002309 0.021339127095226253 -0.0134618985588888 -0.018993445395118162 -0.025324966885344975 0.11047214070876583 -0.0081720268781489951 0.039197403972980258 -0.0021996204012740697 0.00054128229310791221 -0.018737683690191128 0.131607979659353 0.00042256312276945816 0.010724778716539927 0.0006291793328109664 0.039844531661676647 -0.019553791339220541 0.075448386353120747 0.049035784280434452 -0.012382273413700911 0.090295850918640605 0.03428250294316626 0.14756262935018802 0.0067746568444226581 0.041055331790865207 0.12360388659920163 0.0003289522895088162 0.081811937329841072 0.14725109626915597 0.037609877043249092 0.0044887555033281392
leaf_weight=79.401322470977902 153.95002576708794 617.32777085155249 92.418976213783026 94.886276820674539 7.6496122404932967 367.60209732875228 53.944986775517464 91.225622283294797 256.2669034563005 65.854738634079695 4.0083039291203049 59.418990692123771 197.13628885522485 43.169913675636053 5.7836841493844968 18.595252592116598 8.5611720681190473 12.663370829075573 212.0607834327966 5.2327127382159224 43.478578628972173 7.264715924859046 35.719254735857248 55.709150275215507 5.6675469838082781 63.748948646709323 9.6405946929007751 6.8327426537871361 34.0065474268049 666.45812420547009
leaf_count=5435 1096 12934 1637 1187 60 5601 379 1159 2768 509 58 571 2978 536 83 290 79 238 3503 48 351 60 272 599 47 796 92 83 425 5179
internal_value=-0.000283691 0.000918934 -0.00646893 0.00525182 0.00668195 0.0031757 0.00761243 0.0141945 0.0113159 0.00568992 0.000711265 -0.0119432 0.00429037 0.0238477 0.046742 0.0259859 0.010396 0.000259344 -0.00892132 0.00769663 0.0456817 0.0204292 0.0364883 0.0533421 0.0126709 0.0246693 0.0110327 0.0980133 0.0498943 0.00765074
internal_weight=3375.69 3296.28 1218.56 2077.73 1918.19 1307.81 940.208 610.377 559.249 886.263 601.23 159.538 508.812 86.9511 43.7812 31.1647 27.1564 421.86 224.724 64.6517 51.1282 302.982 98.6931 62.9739 204.289 113.064 73.3895 12.6164 39.6741 820.408
internal_count=49053 43618 22419 21199 19393 12764 7163 6629 6218 6784 9485 1806 7848 1129 593 427 369 6719 3741 619 411 3450 931 659 2519 1360 888 166 472 6275
is_linear=0
shrinkage=0.05


Tree=39
num_leaves=31
num_cat=0
split_feature=18 58 17 50 19 31 21 63 37 2 43 7 5 7 11 58 6 58 42 63 21 15 64 21 21 21 62 58 6 37
split_gain=76.9371 25.2618 21.2997 19.8634 19.451 14.9524 13.6664 20.8334 19.5132 21.6887 27.8457 16.1484 24.5333 15.2348 17.5603 18.7951 19.0176 14.2546 17.3688 25.7339 18.1627 15.6994 13.6783 13.3216 13.2 13.5563 14.2841 13.4279 20.1403 16.7443
threshold=0.0015049588247114159 -0.0004504940351024482 0.82519249401866446 0.0036348128775135638 0.0027580477193436207 0.56416404096233108 0.00079131775401743794 0.00085353574446565925 0.44905922333415832 0.0043116226412305064 -1.8975000000000106e-06 2.5000000000000004 0.0020230286744722932 5.5000000000000009 -0.31080930766735443 -0.0039663190967052326 20.500000000000004 -0.012710339364398712 7.1215000000000002e-05 -0.023639040058348111 -0.0054533808890695366 0.50807751337425833 0.4444345387859398 -0.0010121057414996945 -0.002400520128217351 -0.0015093669620072079 0.0025447935243963376 -0.0039663190967052326 4.5000000000000009 0.27165829739506109
decision_type=2 2 2 2 2 2 2 2 2 2 2 2 2 2 2 2 2 2 2 2 2 2 2 2 2 2 2 2 2 2
left_child=-1 3 -3 6 -4 -5 7 13 11 10 -10 12 -8 17 15 23 -17 21 19 22 -20 -2 -19 -15 27 -26 -27 29 -29 -22
right_child=1 2 4 5 -6 -7 8 -9 9 -11 -12 -13 -14 14 -16 16 -18 18 20 -21 24 -23 -24 -25 25 26 -28 28 -30 -31
leaf_value=-0.0501381265610433 0.017901306658306762 -0.010575209079697809 -0.0026545215381003928 -0.0080244167967588858 0.013852699764344022 0.037829407712669072 0.070669999123438368 -0.028038279586059135 0.16798886116171688 0.0018764745882426063 0.04966308857976727 -0.0072112422171446769 -0.0019450280587987017 0.061186207428209231 0.0094964069129778814 0.0062803494545868258 0.12408258479077559 -0.018175715942892346 -0.020750741427937633 -0.0052069375801765509 0.10754493055178729 0.087585851728867403 0.060539696253901203 0.15592758289260963 -0.010234306149409449 0.013448444640797575 0.091159697699901676 0.088492379636019192 -0.0043727121803630318 0.034072875278811504
leaf_weight=75.634023961611092 62.832711651921272 643.57905361428857 802.91588419303298 318.76738153956831 229.45633088424802 18.828866481781006 22.061156475916505 42.529329687356949 6.337604425847533 15.374521614983676 23.076654713600874 57.454597558826208 24.604263816028833 13.784721348434688 79.413049515336752 24.879616932943467 3.9731280021369448 7.2151655666530159 38.637846417725086 474.88852510601282 9.0062463209032995 9.2758142501115781 23.475307542830706 5.076876137405633 67.612012324854732 160.31665785051882 6.1396946627646676 6.8343605026602736 40.068702585995197 55.802210506051779
leaf_count=5435 520 10349 11377 3928 2870 238 373 629 80 222 284 932 296 131 813 398 40 71 328 5579 68 79 158 60 698 2062 65 49 372 549
internal_value=-0.000278372 0.000866389 -0.00343611 0.00532225 0.00101439 -0.005467 0.0081664 0.00629286 0.0224059 0.0500026 0.0751576 0.0105348 0.0323838 0.00763333 0.0239008 0.0478747 0.0225021 0.00548383 0.00375148 -0.00233923 0.0117619 0.0268653 0.0420341 0.0866872 0.0153949 0.00864594 0.0163148 0.0295359 0.00915889 0.0442831
internal_weight=3369.85 3294.22 1675.95 1618.27 1032.37 337.596 1280.67 1131.76 148.909 44.7888 29.4143 104.12 46.6654 1089.23 127.127 47.7143 28.8527 962.105 889.997 505.579 384.418 72.1085 30.6905 18.8616 345.78 234.068 166.456 111.712 46.9031 64.8085
internal_count=49053 43618 24596 19022 14247 4166 14856 12669 2187 586 364 1601 669 12040 1442 629 438 10598 9999 5808 4191 599 229 191 3863 2825 2127 1038 421 617
is_linear=0
shrinkage=0.05


Tree=40
num_leaves=31
num_cat=0
split_feature=18 59 18 7 7 37 47 11 59 5 20 38 6 2 19 20 58 59 12 21 59 45 63 4 5 6 38 60 21 59
split_gain=73.0163 38.4433 22.9976 18.8835 20.047 24.5631 21.5153 19.96 19.7992 20.5295 19.6481 17.2831 18.6315 17.4462 17.1002 16.4654 21.2129 16.3792 15.8903 15.5281 16.7605 18.2152 17.5612 14.5156 29.3831 14.261 17.8466 14.1539 25.7073 14.0282
threshold=0.0015049588247114159 -1.0000000180025095e-35 0.0019864189724699199 5.5000000000000009 3.5000000000000004 0.74054877737584246 -0.00050264083431596684 -1.2114792822137621 -0.0073502114018449763 0.0042945548558801583 -0.0022765408005580045 0.18055399658764174 18.500000000000004 -0.0064129513125361992 -0.00070952235087799189 0.0035400227033948409 0.0043386810105177408 -0.013137175804676925 1.7179967433687493 -0.00030574145067068843 0.0024754487150094938 -0.00047342512014919249 -0.00023419551229800215 323.06428571428484 0.0018229278557439787 5.5000000000000009 0.2358115987241127 0.78216164854926695 -0.004114771950123765 0.0064530211313289692
decision_type=2 2 2 2 2 2 2 2 2 2 2 2 2 2 2 2 2 2 2 2 2 2 2 2 2 2 2 2 2 2
left_child=-1 3 -3 4 5 6 -2 23 9 10 -6 -5 13 -13 -10 16 -9 27 25 -20 21 -21 -22 24 -8 -4 29 28 -7 -27
right_child=1 2 18 11 8 17 7 15 14 -11 -12 12 -14 -15 -16 -17 -18 -19 19 20 22 -23 -24 -25 -26 26 -28 -29 -30 -31
leaf_value=-0.050066918842039614 -0.0059446865547385826 -0.029606781004819401 -0.0185867156230228 -0.0077319512696986436 0.0061703659652649519 -0.003675480804354338 0.0073279719969394129 0.014163987174579583 -0.027296270253869701 -0.027808810796555172 0.051111294308660737 -0.033267164868097013 0.052430638010417474 0.022983532157756285 -0.0030317699497431783 0.046121050745856172 -0.0070313352014218554 -0.015771110984812313 -0.034916991348403682 0.12284879719627483 0.090681149870546124 0.026875258275148889 0.0032656895113036127 0.010971060801001374 0.13493657593473043 0.010741403658699564 -0.012577608827121722 -0.0054650998522313152 0.06523583510481161 -0.007830532392519244
leaf_weight=72.045069655403495 174.45918338000774 97.04407655261457 202.10507480055094 48.301486272364855 126.80592853575945 30.534755751490593 7.8285304997116389 668.18234409764409 127.95769233815372 34.502602651715279 30.092334121465683 15.76970576122403 48.39344535022974 109.48805890232325 167.86698165722191 33.633490886539221 143.37911390699446 179.04930667951703 17.701634477823973 6.5903179347515133 6.0177476406097403 19.789822533726692 126.93893856182694 12.427311126142738 10.645090065896509 248.74793841689825 315.73907423391938 88.422489456832409 24.307048015296459 171.97486826777458
leaf_count=5435 1746 3102 4375 451 882 221 116 6719 2006 239 151 144 461 1357 2204 225 1539 1793 261 68 54 197 1674 115 99 3998 5496 603 128 3194
internal_value=-0.000272518 0.000816336 -0.00626068 0.00493821 0.00329335 0.00638562 0.0100901 0.0132831 -0.00541983 0.00711084 0.0147898 0.0187231 0.0260816 0.0159017 -0.0135273 0.0118401 0.0104194 -0.00568882 -0.00422985 0.00950992 0.0144456 0.0508515 0.0072222 0.0527531 0.0808601 -0.00682153 -0.00359285 0.00691186 0.0268675 0.00314993
internal_weight=3366.74 3294.7 1212.65 2082.05 1860.09 1372.87 1050.56 876.096 487.226 191.401 156.898 221.953 173.651 125.258 295.825 845.195 811.561 322.314 1115.61 177.038 159.337 26.3801 132.957 30.9009 18.4736 938.567 736.462 143.264 54.8418 420.723
internal_count=49053 43618 22419 21199 18786 13304 10559 8813 5482 1272 1033 2413 1962 1501 4210 8483 8258 2745 19317 2254 1993 265 1728 330 215 17063 12688 952 349 7192
is_linear=0
shrinkage=0.05


Tree=41
num_leaves=31
num_cat=0
split_feature=18 59 20 12 59 4 38 13 59 20 17 59 20 50 4 50 20 63 18 58 53 54 20 54 9 60 12 42 58 59
split_gain=69.2975 35.3468 19.3062 24.9418 22.3798 32.1025 19.8339 19.6268 20.4043 17.7135 18.4862 18.1487 17.8672 18.2447 17.2876 16.6598 16.5206 21.6344 20.7727 19.575 16.8699 15.901 15.557 19.2708 15.1073 15.0174 15.3353 27.6608 40.0606 28.0756
threshold=0.0015049588247114159 -0.0040234056559891639 -0.0022765408005580045 0.35170688329697308 0.0020834252699766845 264.14285714285774 0.24253681881019748 0.23907020061337123 0.010567303106569028 -0.0026119634524308022 0.68723401827455721 -0.015943980570770767 -0.0091666794415042156 -0.0038642654315005263 174.06785714285647 0.015280938382934857 0.0015432951595676374 0.0043198156270852972 0.0024574152015923675 0.00010682493687389455 0.00078384391143519305 -0.0052435986274834987 0.0033543505801088805 -0.0030098687895498276 1.0000000180025095e-35 0.80066365449793564 0.46991615767606371 2.2985000000000001e-05 -0.0012247249915723402 0.0049647353640902307
decision_type=2 2 2 2 2 2 2 2 2 2 2 2 2 2 2 2 2 2 2 2 2 2 2 2 2 2 2 2 2 2
left_child=-1 9 3 -3 16 15 7 25 22 11 14 12 -2 -14 -11 -6 17 20 19 -18 -4 24 -9 -24 -22 26 27 -7 29 -29
right_child=1 2 4 -5 5 6 -8 8 -10 10 -12 -13 13 -15 -16 -17 18 -19 -20 -21 21 -23 23 -25 -26 -27 -28 28 -30 -31
leaf_value=-0.049995927872654305 0.0052939145839904014 0.033603020854956547 0.0088916316464025241 -0.02387983825349373 -0.022152672427356038 0.10597306120970276 -0.014498310182217195 -0.010169178396520595 0.0042886547378695183 0.0766878428478205 0.020968209820905578 -0.001722738075289873 0.056895783742280916 0.010125064112904033 -0.0069495721643306673 0.087101511056139377 0.077105725091215993 -0.036859019981298556 0.0065214216625031395 0.018348422412490222 0.013215760588763774 -0.012096816232084889 0.14524151096024535 0.045595976923767698 0.13446983127288756 -0.016928421229850894 -0.0018815327416400946 0.18572222203289843 -0.026552397192032885 0.01507717487606626
leaf_weight=68.626264158636332 195.37752823531628 21.005571391433477 328.44297776930034 185.68804509751499 294.5769319832325 10.062163066118954 172.65118875354528 10.276586595922707 69.156179301440716 6.5492345392704001 335.39096505567431 638.80578515306115 40.695375584065914 42.760063759982586 109.10669858753681 3.5310952719300976 22.166328525170684 39.080665731802583 211.92895162478089 39.317170199006796 10.33700158447027 215.83146549016237 5.5511994995176783 38.524135809391737 3.4182985946536055 101.17430935427547 109.16385271400213 4.5628380700945872 21.956919152289629 5.1095010116696358
leaf_count=5435 1256 337 5626 3147 6537 201 3178 176 951 69 2439 5753 187 251 929 65 280 755 2183 624 159 3530 60 411 51 1925 1950 65 422 101
internal_value=-0.000267622 0.00076897 -0.00360128 -0.0180381 -0.00186319 -0.007653 -0.000471749 0.00597688 0.0223054 0.0069108 0.015024 0.00292289 0.013566 0.0329319 -0.00221345 -0.0208586 0.0037655 -0.000895455 0.0139446 0.0395319 0.00162319 -0.00877491 0.0452294 0.0581461 0.0433483 -0.00202496 0.00797036 0.0337663 0.0107953 0.0955774
internal_weight=3360.83 3292.2 1923.51 206.694 1716.82 846.297 548.189 375.538 123.508 1368.69 451.047 917.639 278.833 83.4554 115.656 298.108 870.523 597.11 273.412 61.4835 558.03 229.587 54.3519 44.0753 13.7553 252.03 150.855 41.6914 31.6293 9.67234
internal_count=49053 43618 32734 3484 29250 16042 9440 6262 1598 10884 3437 7447 1694 438 998 6602 13208 10121 3087 904 9366 3740 647 471 210 4664 2739 789 588 166
is_linear=0
shrinkage=0.05


Tree=42
num_leaves=31
num_cat=0
split_feature=5 59 21 63 6 23 58 6 59 6 5 38 21 58 6 41 62 5 47 59 47 2 13 21 54 19 59 52 59 11
split_gain=42.6959 31.2287 21.4178 19.9393 20.1934 19.9677 21.9116 22.0005 25.3553 21.0284 26.7037 20.0013 18.3611 24.1305 29.9673 26.7771 22.6522 16.0042 16.1766 19.5539 15.792 15.7818 15.3773 14.9061 15.8901 19.38 16.4951 14.7561 14.149 14.0504
threshold=0.001014627535628397 -0.0084159032942590969 -0.0027820706012782006 -0.011444032091124984 5.5000000000000009 -0.00036670528825630814 -0.0030932404210676843 15.500000000000002 -0.0050513758494898043 10.500000000000002 0.0014321126961490702 0.37181224100644633 0.0012632035972866456 0.00048785860435166076 19.500000000000004 1.1950000000000002e-06 -0.011299054055422367 0.0015205304014357555 -0.00038008369906633225 -4.1244242593759663e-05 0.00075255412080416984 -0.0097081318085432845 0.23907020061337123 -0.0026934465383442662 0.0050070251195583598 0.0018471596914815095 -0.0025408045712124534 0.91449140181740629 -0.0038239436757459343 -0.63323651019634608
decision_type=2 2 2 2 2 2 2 2 2 2 2 2 2 2 2 2 2 2 2 2 2 2 2 2 2 2 2 2 2 2
left_child=28 2 -2 23 -5 -6 -7 8 -8 11 -11 -10 16 14 15 -14 -9 18 19 -12 -15 27 29 -3 26 -26 -25 -4 -1 -17
right_child=1 3 21 4 5 6 7 12 9 10 17 -13 13 20 -16 22 -18 -19 -20 -21 -22 -23 -24 24 25 -27 -28 -29 -30 -31
leaf_value=0.0061991381789815447 0.0013185249471055693 -0.012670396408142782 -0.027543420762313767 -0.011722081138073687 -0.01684237593652586 0.013493951173181569 0.02949278849392627 0.10872699919368606 -0.010893989073261565 -0.014919209759293534 0.018366012994794605 0.12329253133758292 0.19747195967866038 -0.0086038353691782997 -0.0072242308736109795 0.081139826919941038 -0.018296262159041815 0.013165593711886464 0.016371819106885687 0.16142028445422674 0.045284401978455582 0.022871249769291137 0.11922829581420602 0.040766477657366872 0.11929684733274122 0.022383323154995118 -0.0022274516217905302 0.016711955580982086 -0.035780038663398427 -0.038363024898408038
leaf_weight=24.629030556418002 390.69875258952379 34.84667531400919 33.195880137383938 519.01675706822425 169.28192567639053 296.17624772619456 87.633434982970357 3.5494060628116122 274.26046802662313 88.893515216186643 3.9569520875811577 2.8054329175502053 3.9523884020745781 216.69268237706274 18.82925112824887 4.4226494468748569 314.69531479664147 247.03117638453841 10.767187782563267 6.0274675935506838 14.50534191355109 312.80855387821794 5.4355470463633528 38.338129840791225 9.0252483189106005 12.040386229753492 53.358005532994866 43.54152500629425 108.49009087961167 5.5415954031050187
leaf_count=470 2857 386 209 9290 2347 3849 710 35 5269 1716 50 46 54 3341 306 71 5211 3160 139 99 124 1749 58 273 79 109 598 246 6123 79
internal_value=-0.000264116 0.000882598 0.00959033 -0.00190066 -0.00304708 -0.000509696 0.00121275 -0.00156601 0.00428439 0.000798585 0.00882593 -0.00953528 -0.00874805 0.000858522 0.037683 0.0813768 -0.0168796 0.0167084 0.0588825 0.104726 -0.00522289 0.0178866 0.0515807 0.0159119 0.0247446 0.0639044 0.0157483 -0.0024325 -0.0280133 0.0146785
internal_weight=3354.45 3221.33 780.245 2441.08 2293.47 1774.46 1605.18 1309 721.376 633.742 356.676 277.066 587.624 269.379 38.1814 19.3522 318.245 267.783 20.7516 9.98442 231.198 389.546 15.3998 147.608 112.762 21.0656 91.6961 76.7374 133.119 9.96424
internal_count=49053 42460 5061 37399 35954 26664 24317 20468 11189 10479 5164 5315 9279 4033 568 262 5246 3448 288 149 3465 2204 208 1445 1059 188 871 455 6593 150
is_linear=0
shrinkage=0.05


Tree=43
num_leaves=31
num_cat=0
split_feature=18 59 4 38 63 20 58 54 59 21 63 20 7 36 37 62 63 58 4 7 58 37 18 37 58 58 4 51 6 59
split_gain=63.8577 31.3234 30.7121 23.8322 22.9613 20.5125 19.272 21.4016 17.5465 17.9649 17.0572 17.0428 18.821 17.9416 17.4187 17.0353 21.5378 16.9352 16.6018 17.4264 16.3464 21.9207 23.951 15.8945 15.4853 30.7557 15.3893 16.5126 15.0663 20.5252
threshold=0.0015049588247114159 0.0026711989739723143 264.14285714285774 0.24502073287279583 0.0043198156270852972 0.0015432951595676374 0.005926017202040848 -0.0026754877158286119 -0.0061689085290375445 -0.0027820706012782006 -0.011756709302421653 -0.0022765408005580045 3.5000000000000004 2.1505277023021514 0.058310586965923207 0.012997609819273215 0.012486252331328303 0.0038700253107293294 224.25357142857271 1.5000000000000002 -0.0057271606711930883 0.20244549295551309 0.0034150738628658528 0.99278624772029034 0.0040223128154680127 0.0013772657878930222 190.33214285714249 1.0000000180025095e-35 7.5000000000000009 0.0064530211313289692
decision_type=2 2 2 2 2 2 2 2 2 2 2 2 2 2 2 2 2 2 2 2 2 2 2 2 2 2 2 2 2 2
left_child=-1 4 -3 15 5 8 7 -7 9 -2 -5 20 13 14 18 28 -17 -11 19 26 21 22 -10 -14 25 -20 27 -13 -4 -30
right_child=1 2 3 10 -6 6 -8 -9 11 17 -12 12 23 -15 -16 16 -18 -19 24 -21 -22 -23 -24 -25 -26 -27 -28 -29 29 -31
leaf_value=-0.04989153024183212 -1.9365213152549812e-05 -0.022405835758763652 -0.014837665905970611 0.058154609078742051 -0.014603467713411533 0.055929941680468012 -0.006441147276480437 0.016334456313231785 0.0097118717049649063 0.017452451743886221 -0.021777533393951734 0.1560172492823928 -0.0091168193648364232 0.066448851979838852 0.0030228247605553478 0.13767560078878949 0.012893926655979368 -0.0069799842788687257 0.042257576440850403 -0.017630212137107432 -0.018029017365294851 -0.0016285750519308884 0.16903528135734014 0.059479487747293981 0.0037210043902274337 0.18233217096230883 -0.028659774051719225 0.025097488684200999 0.028515147050883108 -0.00052062952054088101
leaf_weight=63.578042421489954 433.00956976041198 252.19179773516953 86.512784447520971 7.0012633949518195 165.0153447818011 40.159440027549863 74.718046246096492 227.17966804839671 5.3683214448392373 455.94293948635459 142.9101775214076 4.6690800506621581 292.36225403286517 13.278344873338936 344.21370200254023 5.394925106316804 9.6324305981397611 83.989531178027391 11.825383979827171 21.913524800911546 235.23364827036858 61.249294068664312 4.2077938318252563 8.6958820801228267 7.6987757124006739 5.8609778620302668 3.9528065994381896 4.9745586831122637 90.962654136121273 183.93915272504091
leaf_count=5435 3300 5788 1827 84 2107 370 768 2400 65 2947 2778 80 5209 155 4987 67 150 602 142 410 3710 826 45 118 118 80 66 85 1329 3005
internal_value=-0.000259811 0.000701037 -0.008059 -0.00118499 0.00342306 0.00469401 0.0160081 0.0222825 0.00275746 0.00756745 -0.0180445 -0.00180599 0.00239813 0.0092582 0.00738365 0.00552901 0.0576914 0.0136518 0.0320335 0.00996 -0.0116885 0.00937027 0.0797194 -0.00713546 0.062911 0.0886761 0.0544274 0.0884838 0.00336013 0.00908706
internal_weight=3347.64 3284.06 778.545 526.353 2505.52 2340.5 342.057 267.339 1998.45 972.942 149.911 1025.5 719.445 418.387 405.109 376.442 15.0274 539.932 60.8951 35.51 306.059 70.8254 9.57612 301.058 25.3851 17.6864 13.5964 9.64364 361.415 274.902
internal_count=49053 43618 15028 9240 28590 26483 3538 2770 22945 6849 2862 16096 11450 6123 5968 6378 217 3549 981 641 4646 936 110 5327 340 222 231 165 6161 4334
is_linear=0
shrinkage=0.05


Tree=44
num_leaves=31
num_cat=0
split_feature=18 59 20 59 4 34 38 58 20 53 59 53 20 17 47 1 20 5 48 49 59 16 58 62 4 43 5 4 3 26
split_gain=60.6078 29.387 18.7695 18.7164 18.2716 21.3062 16.341 15.7633 24.8046 21.4416 18.2171 19.1602 18.3127 15.5831 15.5745 25.8851 15.5444 15.6152 15.1053 14.8511 14.2903 14.0555 13.6622 13.3291 13.8121 15.1866 13.3154 13.2623 13.1607 12.8834
threshold=0.0015049588247114159 -0.0013639540657373152 0.0015432951595676374 0.0061449901963459173 264.14285714285774 0.68323764496055628 0.28594867875378627 0.0071357769215385841 0.00037237382979769693 0.0013857226669826033 -0.0075320888654819814 -0.0090971578421911118 -0.0037755608472252594 0.49775008774554874 9.4075175902145168e-05 0.0012640194065205413 -0.0052102204311452321 0.0011941480392753171 -0.00045388459562070125 -0.0035660462913966054 -0.024660633804338413 0.30730305924843127 0.0093299464363080526 -0.011811215852247365 163.2171428571427 0.00016896250000000002 0.0056490377116819954 830.84999999999968 0.0095431651200553209 0.16582348427519669
decision_type=2 2 2 2 2 2 2 2 2 2 2 2 2 2 2 2 2 2 2 2 2 2 2 2 2 2 2 2 2 2
left_child=-1 6 -3 14 -5 29 7 8 10 -10 16 12 -12 -8 19 -16 17 -2 -18 21 26 -4 23 -15 -25 28 -19 -9 -26 -6
right_child=1 2 3 4 5 -7 13 27 9 -11 11 -13 -14 22 15 -17 18 20 -20 -21 -22 -23 -24 24 25 -27 -28 -29 -30 -31
leaf_value=-0.049820036034033365 0.071085998700058176 -0.011701161901961172 0.016199812774175745 -0.030193981166448502 -0.014603650603984081 0.021182004317740241 -0.046530705840292917 -0.020159166043032761 0.035425864277713541 0.0021860097977837007 0.0046808771838408401 -0.0066181634624755655 0.11546880477055117 0.062440927571188999 0.077120314011679875 0.0067788488933078336 0.0052916766917472657 0.02991098584601852 0.030101749783337736 0.00098717902083123206 -0.0037166730698595003 0.10422645355700955 0.095774224250368648 0.061555619887917738 0.0053811925864049722 0.077366000651453284 -0.011904897436896072 0.056233637330622845 0.06408234108805895 0.026001938519194381
leaf_weight=60.561922360211611 7.9812471196055403 576.2272863201797 14.262654580175878 77.180750753730536 195.01064266636968 70.061896443367004 9.4666863717138749 99.21235759742558 110.06182749755681 86.75856689363718 9.1479319185018522 545.07561811804771 6.2979162596166125 15.169695511460302 19.781638611108065 38.598347390070558 128.2321937084198 67.188012458384037 117.62461370229721 408.76399565674365 383.03540318459272 6.6487917955964795 5.6378749050199977 14.343491367995737 196.89433711394668 8.2597009837627393 26.564688287675381 6.0264811739325514 10.034928627312182 21.708882071077824
leaf_count=5435 58 11848 197 1734 3821 871 111 946 821 659 114 7369 65 94 283 480 807 378 721 6595 2879 75 44 164 1812 72 175 36 52 337
internal_value=-0.000256412 0.00065838 -0.00473133 -1.75617e-05 -0.00859907 -0.00278729 0.0048126 0.0029165 0.00423916 0.0207737 0.00171867 -0.00506201 0.0498537 0.01644 0.00638201 0.0306135 0.00692066 0.0017269 0.0171615 0.00308967 0.000565854 0.0441879 0.0188212 0.0170482 0.0140483 0.0108816 0.0180625 -0.0157845 0.00822787 -0.0105362
internal_weight=3341.82 3281.26 1428.24 852.018 363.962 286.781 1853.01 1593.21 1487.97 196.82 1291.15 560.521 15.4458 259.807 488.055 58.38 730.626 484.769 245.857 429.675 476.788 20.9114 250.34 244.702 229.532 215.189 93.7527 105.239 206.929 216.72
internal_count=49053 43618 26241 14393 6763 5029 17377 15028 14046 1480 12566 7548 179 2349 7630 763 5018 3490 1528 6867 3432 272 2238 2194 2100 1936 553 982 1864 4158
is_linear=0
shrinkage=0.05


Tree=45
num_leaves=31
num_cat=0
split_feature=18 59 19 18 7 7 37 48 7 11 18 13 59 1 47 13 38 6 20 12 59 5 20 19 52 38 58 1 27 37
split_gain=57.53 26.9236 20.3114 22.1945 17.0177 16.9223 21.6509 19.4369 19.6459 18.725 19.5057 19.1133 15.9443 19.088 17.5316 16.2562 15.394 16.2423 15.171 15.1276 15.0381 17.9165 15.9677 15.3237 14.78 14.5216 14.968 14.4706 14.077 13.7216
threshold=0.0015049588247114159 -1.0000000180025095e-35 0.0011405968102880333 0.0044029355355522633 5.5000000000000009 3.5000000000000004 0.74054877737584246 -0.00048435054554395862 1.0000000180025095e-35 -1.2600728977132201 0.0045134359354730346 0.017719915057386192 0.0060279152038617998 0.0010199224064966878 0.00032423313865719965 0.17063928116855392 0.18055399658764174 19.500000000000004 0.0035400227033948409 0.51295903746298011 -0.0073502114018449763 0.0042945548558801583 -0.0022765408005580045 -0.00070952235087799189 1.2346101101442299 0.272609187354728 -0.0079149240729097722 0.0017950991546615864 0.29709880512288422 0.064225000784756098
decision_type=2 2 2 2 2 2 2 2 2 2 2 2 2 2 2 2 2 2 2 2 2 2 2 2 2 2 2 2 2 2
left_child=-1 4 3 -3 5 6 7 29 28 10 11 -10 13 14 -4 -14 -6 -18 25 -5 21 22 -7 -22 -8 -11 -27 -20 -9 -2
right_child=1 2 12 19 16 20 24 8 9 18 -12 -13 15 -15 -16 -17 17 -19 27 -21 23 -23 -24 -25 -26 26 -28 -29 -30 -31
leaf_value=-0.049748164059926471 0.030516447502814393 -0.018458401910427715 0.024116996078610245 0.035434602074914764 -0.0080064958424083937 0.0045397304682490225 -0.01076958234992439 0.026154263443269307 0.024351279134616377 0.00084250450974946269 -0.017440225443294755 0.15496299064623043 -0.019369055800748075 0.0018757285509148171 0.12054981994605625 0.0023139687150705982 0.015598168415393507 0.051669435673688625 0.089508290531877602 -0.0075862669832977517 -0.0261609801966118 -0.02759672736395859 0.044703700281889039 -0.0029029012203289628 0.018366974757392913 0.090761242737592757 0.016628355565313415 0.011079106208502457 0.082599845809620209 -0.0022927631129676957
leaf_weight=57.689431290142238 34.727186232805252 389.4550239443779 60.741605477407575 34.227509066462517 48.185391532257199 128.29589714854956 269.90713112428784 121.51496061682701 4.9294417332857865 348.02488966844976 5.3084082156419745 6.4869846180081367 161.03284887969494 300.42554990760982 5.1096177063882342 186.61376991122961 135.90336441248655 40.510591732338071 10.842213407158853 50.705053873360157 123.16952649876475 34.220339700579643 30.660048916935921 166.62747938744724 51.8932537548244 7.2639228329062453 108.71315867453814 12.853576831519602 12.150048231706021 387.05819447897375
leaf_count=5435 429 8784 1028 640 451 882 2386 1176 62 3582 41 58 3482 4590 73 2898 1594 368 68 924 2006 239 151 2204 359 50 1080 82 112 3819
internal_value=-0.000251022 0.000620195 -0.00538865 -0.0134079 0.00403788 0.00247173 0.00528791 0.00873674 0.0142418 0.00972556 0.0617466 0.0985668 -6.00211e-05 0.00721964 0.0315995 -0.00772979 0.0170402 0.0238813 0.00794158 0.00975098 -0.0055847 0.00522154 0.0122867 -0.0127881 -0.00607105 0.00594872 0.0212715 0.0469651 0.0312851 0.000408543
internal_weight=3335.25 3277.56 1188.31 474.388 2089.25 1864.65 1381.67 1059.87 638.088 504.423 16.7248 11.4164 713.923 366.277 65.8512 347.647 224.599 176.414 487.698 84.9326 482.973 193.176 158.956 289.797 321.8 464.002 115.977 23.6958 133.665 421.785
internal_count=49053 43618 22419 10348 21199 18786 13304 10559 6311 5023 161 120 12071 5691 1101 6380 2413 1962 4862 1564 5482 1272 1033 4210 2745 4712 1130 150 1288 4248
is_linear=0
shrinkage=0.05


Tree=46
num_leaves=31
num_cat=0
split_feature=18 59 4 38 58 21 23 60 21 59 62 58 12 62 17 50 59 21 50 8 59 43 32 4 9 37 19 45 59 27
split_gain=54.6081 25.2096 27.3912 21.7394 17.4347 27.2924 20.9308 16.5779 17.9296 24.8277 17.6519 16.5648 14.5287 14.4482 14.3944 16.8403 13.881 16.9079 13.7835 13.4334 17.0121 14.5986 13.6064 17.5875 13.3494 20.1067 24.2006 15.6723 15.1783 13.2019
threshold=0.0015049588247114159 0.0026711989739723143 264.14285714285774 0.24502073287279583 -0.0004504940351024482 0.00081138936838609282 0.00024435895217233752 0.018111491998649018 -0.0015838001166094691 -0.0011688688088310618 0.00034098349333181989 -0.012710339364398712 0.25018966301805806 0.012997609819273215 0.85889598602307793 -0.0018141724296525639 -0.028360432417434332 -0.0081122469488254505 0.015280938382934857 1.0000000180025095e-35 0.0073979957845853586 -2.7809999999999996e-05 7.5000000000000009 566.53214285714228 1.0000000180025095e-35 0.058310586965923207 0.00076947520976542686 -0.00031710638561762339 -0.0093969255485101336 0.57630899737171271
decision_type=2 2 2 2 2 2 2 2 2 2 2 2 2 2 2 2 2 2 2 2 2 2 2 2 2 2 2 2 2 2
left_child=-1 4 18 13 5 7 24 -2 9 10 12 -10 -9 19 -8 -16 -14 -18 -3 20 21 -4 -22 -24 28 26 -26 -27 -6 -13
right_child=1 2 3 -5 6 -7 14 8 11 -11 -12 29 16 -15 15 -17 17 -19 -20 -21 22 -23 23 -25 25 27 -28 -29 -30 -31
leaf_value=-0.049675741047459143 -0.025118945270226786 -0.022619308949521182 0.105517793913595 -0.017232064997975114 0.0053218425016393562 0.032189720392075509 -0.0016325047691410179 0.0682660004961676 0.080929597654035609 -0.033808710236953622 -0.029156299024277573 0.010611899166002508 0.028755130851569524 0.052427618267122333 0.069642072704181351 0.016735748428858617 -0.03149340590543754 0.0044430975630796489 0.079227536810718147 -0.013995535871907119 -0.0053412290154074915 0.019954889276832973 0.016382975969177857 0.15892738629903971 0.018507890081649284 -0.011954789160024737 0.11630820174327472 0.014361588845677762 -0.012610943359059854 0.058790679528751312
leaf_weight=54.95388866122812 44.417977655306458 240.03725753352046 5.234681647270917 146.67776908352971 153.38911538571119 98.712158260867 89.306522883474827 9.0753305740654451 8.8948070444166643 48.032377893105149 39.128085639327765 469.13465606607497 53.967431657016277 15.692082867026327 17.983834538608789 91.914519287645817 34.906037013977766 525.24173940345645 3.3686552941799155 84.729391694068909 153.89870093762875 104.58259480074048 9.2213774062693101 2.8274366445839396 50.393827797845006 150.88466545939445 7.2332854066044083 90.51221259124577 511.37696053273976 14.663306482136248
leaf_count=5435 803 5726 64 2862 928 917 994 88 70 845 338 5351 318 217 138 845 303 4480 62 1827 2493 1559 163 55 762 1980 104 1088 8099 139
internal_value=-0.000246208 0.000583099 -0.00735455 -0.000904608 0.00300716 0.00688108 -0.00147693 0.0048784 0.00598594 0.000902405 0.00341971 0.0133153 0.00546505 0.00546159 0.0132773 0.0253934 0.00453698 0.00220369 -0.0212098 0.00341719 0.00876729 0.0240334 -0.00133523 0.0498332 -0.00452646 0.00424741 0.0307837 -0.00208741 -0.00847311 0.0120721
internal_weight=3330.39 3275.44 766.27 522.864 2509.17 1346.17 1162.99 1247.46 1203.04 710.351 662.319 492.693 623.191 376.186 199.205 109.898 614.115 560.148 243.406 360.494 275.765 109.817 165.948 12.0488 963.79 299.024 57.6271 241.397 664.766 483.798
internal_count=49053 43618 15028 9240 28590 13652 14938 12735 11932 6372 5527 5560 5189 6378 1977 983 5101 4783 5788 6161 4334 1623 2711 218 12961 3934 866 3068 9027 5490
is_linear=0
shrinkage=0.05


Tree=47
num_leaves=31
num_cat=0
split_feature=5 59 23 63 6 6 6 38 5 47 38 42 59 7 23 59 55 58 58 58 58 37 41 22 2 2 63 6 59 54
split_gain=31.3543 22.2183 20.0011 17.0118 23.9747 18.5444 24.8204 23.3608 20.2469 17.0439 20.8139 20.1092 20.3226 18.8998 16.6164 17.1539 16.3087 15.4811 15.3696 14.7195 25.1758 27.8782 36.9421 18.3373 15.8083 14.6862 14.2477 18.7725 13.9823 13.8802
threshold=0.001014627535628397 -0.012547761691782089 -0.00090834146883088005 -0.0072624266005512986 5.5000000000000009 15.500000000000002 11.500000000000002 0.37181224100644633 0.0014321126961490702 -0.00047967418195811457 0.24502073287279583 3.5890000000000004e-05 -0.00096498579016961151 4.5000000000000009 -0.00062827246085618267 0.013687506501497375 1.0000000180025095e-35 -0.0097075200006514571 -0.0038665672249979573 -0.001852005344458938 -0.0020210456522170204 0.28404476109888871 6.4680000000000011e-05 1.0000000180025095e-35 -0.0010468486847342736 -0.0066188492560003498 -0.018375871208723454 3.5000000000000004 -0.024660633804338413 0.0017449642858654399
decision_type=2 2 2 2 2 2 2 2 2 2 2 2 2 2 2 2 2 2 2 2 2 2 2 2 2 2 2 2 2 2
left_child=-1 2 28 16 -5 6 7 17 18 13 19 12 -12 -7 -10 -16 26 -6 -8 20 21 22 -11 -21 -24 -19 27 -3 -2 -4
right_child=1 3 29 4 5 9 8 -9 14 10 11 -13 -14 -15 15 -17 -18 25 -20 23 -22 -23 24 -25 -26 -27 -28 -29 -30 -31
leaf_value=-0.025404475538443695 0.016570298998124434 0.071854325227613258 0.028744509060601282 -0.01150881737553076 0.040713598465224696 -0.024164799437694503 0.07972166312774058 0.10606685132896837 -0.019729934968179243 -0.0077937164053825522 0.048138089920333575 -0.020658491733053168 -0.014416126502684638 0.015759115843369375 0.023255140562526425 -0.014338644080206695 0.032493268235135812 -0.041516987120763169 -0.013299808855435365 -0.024017171838353179 0.13827924310966563 0.0054051498902149241 0.2009233958116674 0.0060068592877294043 0.077257306073907669 -0.003097626941113566 -0.0098783066191887297 0.0079265150234799509 -0.0083224976649552869 -0.00052140258148958014
leaf_weight=119.36029365286231 89.537412367761135 13.846991728991268 167.93778066337109 545.43342811986804 19.227801527827978 175.75067768152803 4.6794498013332477 4.9176581278443328 28.119755256921053 8.1176739195361751 24.109651871956885 185.92200378328562 28.136371254920959 35.657871806062758 357.5466969832778 33.157803690060973 67.633201257325709 26.122323125600815 86.98130152747035 64.872231598012149 4.3402447290718547 101.47273574676365 4.8153119497001171 235.37030057515949 5.5772758005186898 520.57288090512156 92.38510050997138 67.284886570647359 152.47893156856298 53.396402753889561
leaf_count=6593 528 114 833 9443 230 2555 56 69 297 133 251 2784 548 487 3688 447 647 300 1449 969 51 1302 49 3566 70 8538 1081 600 1067 308
internal_value=-0.000242239 0.000694733 0.0108214 -0.00101647 -0.0022394 0.000346092 0.00472397 -0.00243961 0.0127345 -0.0050694 -0.00112615 -0.0129568 0.0144504 -0.0174309 0.0173929 0.0200647 0.0116662 -0.00338249 -0.00855089 0.00551047 0.0199783 0.0156989 0.072129 -0.000480316 0.134557 -0.00493339 0.00354831 0.0188372 0.000886949 0.0216842
internal_weight=3324.76 3205.4 463.351 2742.05 2500.9 1955.47 1081.33 570.841 510.485 874.142 662.734 238.168 52.246 211.409 418.824 390.705 241.15 565.923 91.6608 424.566 124.323 119.983 18.5103 300.243 10.3926 546.695 173.517 81.1319 242.016 221.334
internal_count=49053 42460 2736 39724 37282 27839 15074 9137 5937 12765 9723 3583 799 3042 4432 4135 2442 9068 1505 6140 1605 1554 252 4535 119 8838 1795 714 1595 1141
is_linear=0
shrinkage=0.05


Tree=48
num_leaves=31
num_cat=0
split_feature=18 59 18 20 63 5 38 44 58 21 60 59 13 47 45 62 63 12 32 63 38 42 64 38 17 37 42 58 42 38
split_gain=50.6486 22.7069 25.3347 16.9079 22.7994 21.2146 15.6629 15.4953 14.6528 19.6736 21.7842 18.7636 24.8521 14.6424 13.6993 13.2845 15.7634 14.325 12.9416 12.852 12.8404 15.2982 18.4498 15.2232 14.3868 13.7395 13.4881 12.6504 12.5564 12.4923
threshold=0.0015049588247114159 0.0020834252699766845 0.0028040249566511689 0.0023385384770049167 0.0043198156270852972 0.0037762918371032385 0.20251865467962346 2.0443973031999301e-05 -0.0004504940351024482 -0.0015465564755859592 0.050399242865506115 -0.0016163438634930174 0.017132088709086533 0.00091555468571187569 0.00072573762604243204 0.00034098349333181989 -0.033721642016703683 0.25018966301805806 19.500000000000004 -0.032174700562844057 0.17846600665784032 4.1685000000000012e-05 0.087946275162463894 0.22300603878288511 0.83804852553487008 0.11730349199802091 3.993500000000001e-05 0.0011662109842101392 0.00024031000000000004 0.18565907850175034
decision_type=2 2 2 2 2 2 2 2 2 2 2 2 2 2 2 2 2 2 2 2 2 2 2 2 2 2 2 2 2 2
left_child=-1 3 -3 4 8 7 -4 29 9 11 -11 15 -13 19 20 16 -2 -18 -12 -8 -10 22 -22 -24 25 27 -25 -23 -6 -5
right_child=1 2 6 5 28 -7 13 -9 14 10 18 12 -14 -15 -16 -17 17 -19 -20 -21 21 24 23 26 -26 -27 -28 -29 -30 -31
leaf_value=-0.049569967994540928 0.040216968156824559 -0.019507132047299779 0.0085344862020553507 -0.00083120099420486517 -0.023430868269458574 -0.013477095429337624 0.086342641894431749 0.10022477704826629 -0.019102459004680286 -0.015765291970595018 0.016234004469015486 0.090463633298424773 -0.038005243288056871 0.073715156946440777 0.026219625980858748 -0.025493127860100336 0.068888255857359915 0.002231799433505132 0.079790570969532473 -0.010243982614494974 0.10288789252742081 -0.044396072942436332 -0.012372566255241088 0.014371935582834734 0.00099939342526200931 -0.023756176021253222 0.09215119358218353 0.023446188531798067 0.06744728935430945 0.028241849470387555
leaf_weight=51.226938848383725 30.158972650766373 259.6691899523139 256.23255872540176 50.594053812325001 109.03651656582952 50.217762626707554 3.4808378219604483 6.2832010779529801 115.97040437720716 55.651492517441511 448.2270719576627 4.0841676481068125 48.09615084528923 5.4087088145315638 40.123198911547661 38.00958758033812 8.1735873222351056 581.44084980897605 8.1552540846168977 326.3044972717762 5.2810379322618237 8.7345850765705091 61.291953090578318 123.17418890632689 297.07622903771698 147.77014285884798 5.8381317034363738 32.212641784921288 3.9381745364516965 136.99944495968521
leaf_count=5435 198 6267 4207 499 1475 387 36 58 1435 953 4815 47 856 72 393 334 73 4825 78 6078 83 186 854 1707 3675 2102 76 551 47 1251
internal_value=-0.0002382 0.000535177 -0.0064881 0.00300875 0.00160683 0.0154858 -0.000772024 0.0229878 0.00280653 0.00629795 0.0137684 0.000910196 -0.0279499 -0.00788621 -0.00228798 0.0031996 0.00495927 0.00315583 0.0173697 -0.00922452 -0.0037225 -0.00110484 0.0107025 0.00814434 -0.00585861 -0.0166544 0.0178916 0.00897454 -0.020263 0.0204008
internal_weight=3318.86 3267.63 851.096 2416.54 2172.44 244.094 591.427 193.877 2059.47 1222 512.034 709.963 52.1803 335.194 837.473 657.783 619.773 589.614 456.382 329.785 797.349 681.379 195.585 190.304 485.794 188.717 129.012 40.9472 112.975 187.593
internal_count=49053 43618 16660 26958 24763 2195 10393 1808 23241 12179 5846 6333 903 6186 11062 5430 5096 4898 4893 6114 10669 9234 2720 2637 6514 2839 1783 737 1522 1750
is_linear=0
shrinkage=0.05


Tree=49
num_leaves=31
num_cat=0
split_feature=18 59 19 59 1 47 13 37 54 20 63 20 17 59 54 2 63 7 62 12 37 58 54 45 21 26 21 4 59 38
split_gain=48.0771 21.0975 16.1438 14.6094 16.7101 16.5071 14.9067 14.1595 13.7544 15.189 13.5809 15.9034 18.2035 16.4811 17.6665 16.326 14.3725 14.9763 13.8843 13.8443 15.317 13.3268 12.981 13.9922 12.9056 12.8545 13.9122 12.8379 14.057 17.2835
threshold=0.0015049588247114159 -0.0013639540657373152 0.0011405968102880333 0.0060279152038617998 0.0010199224064966878 0.00032423313865719965 0.17063928116855392 0.0035705579702450013 -0.0034370784815625096 0.0042703230062888396 0.00085353574446565925 -0.00249683665786225 0.53822955378972681 -0.012547761691782089 0.0067992606705514656 -0.01584783638481849 -0.0078563294672740844 1.5000000000000002 -0.0087608284743996897 0.25820456223660065 0.5743606955581203 -0.0013562789184293912 -0.0040600902962365524 -0.00054493754984183092 0.0013364673035399695 0.26822158099933041 0.00056541039146208629 264.14285714285774 0.023801984047257588 0.20192110943359096
decision_type=2 2 2 2 2 2 2 2 2 2 2 2 2 2 2 2 2 2 2 2 2 2 2 2 2 2 2 2 2 2
left_child=-1 10 -3 4 5 8 -5 -6 9 -4 11 13 -13 14 15 -2 17 21 -19 20 -15 -14 -18 -24 -12 -9 -27 -8 29 -29
right_child=1 2 3 6 7 -7 27 25 -10 -11 24 12 16 19 -16 -17 22 18 -20 -21 -22 -23 23 -25 -26 26 -28 28 -30 -31
leaf_value=-0.049495480101151151 -0.0063159750820279267 -0.010013288633057366 0.023664672720337662 -0.018333862496929178 0.059420731142704977 0.10472825830541205 -0.023689123011521637 -0.0020381368604278287 0.0091657439078312569 0.12586065829976609 -0.021528589609386715 -0.012322665372927682 0.033079567988632312 0.11242782376320393 -0.027422491963195891 0.017500654024616018 0.024891463265125726 0.065378824160550936 -0.0011704296063579222 -0.0053748634039021415 -0.0081936096025675524 0.12095279551816558 -0.024012383961048947 0.0097243065810922666 0.012856469097498088 0.099659823608355458 0.012822982450548607 0.033293154025176616 -0.025713539019232508 -0.0041065646291290562
leaf_weight=48.800076363608241 95.616310089826584 636.01973303407431 9.5027168672531825 156.42303140833974 10.535620953887699 6.4482165798544875 37.089739503338933 319.95941011980176 53.820312624797225 5.888992888852953 93.269706632941961 76.068632761016488 8.69164862111211 5.2961797527968866 31.34610840678215 290.76983672380447 135.74733783490956 11.511376090347765 24.557348413392901 573.03770401701331 5.2317010685801506 8.5681431256234628 33.117405181750655 427.05673344433308 38.574545472860336 6.3340320419520166 16.969720236957073 66.739231918007135 24.141415182501078 57.511249259114265
leaf_count=5435 604 13482 142 3482 185 79 746 4729 908 57 1105 841 53 56 219 1696 1324 61 203 6181 62 57 359 4262 294 79 200 888 347 917
internal_value=-0.000233937 0.000502156 -0.00411589 0.000746745 0.00688645 0.0282141 -0.00696521 0.00232551 0.0210856 0.0627657 0.00399933 0.00518044 0.0108186 0.00109631 0.0086782 0.0116069 0.0135299 0.0383981 0.0200688 -0.00433101 0.0524865 0.0767018 0.0113044 0.00729637 -0.0114683 0.000573117 0.0364255 0.00262237 0.00919878 0.0159821
internal_weight=3314.64 3265.84 1407.38 771.364 429.459 75.6602 341.905 353.799 69.212 15.3917 1858.46 1726.62 725.319 1001.3 417.732 386.386 649.25 53.3285 36.0687 583.566 10.5279 17.2598 595.921 460.174 131.844 343.263 23.3038 185.482 148.392 124.25
internal_count=49053 43618 26241 12759 6379 1186 6380 5193 1107 199 17377 15978 7160 8818 2519 2300 6319 374 264 6299 118 110 5945 4621 1399 5008 279 2898 2152 1805
is_linear=0
shrinkage=0.05


Tree=50
num_leaves=31
num_cat=0
split_feature=18 59 32 20 63 59 18 19 3 1 54 38 37 64 2 63 48 53 0 62 59 21 54 32 4 38 20 19 21 54
split_gain=45.7258 19.8034 17.7536 17.0895 20.8713 15.8303 23.1142 19.385 21.8852 21.1534 18.5587 18.3112 16.6188 24.6802 20.0751 16.405 16.4369 17.9832 15.1818 14.5652 14.3202 14.0797 13.7458 15.0761 13.6257 13.5904 20.3717 13.111 12.5991 13.0901
threshold=0.0014882296037690304 -0.0084159032942590969 9.5000000000000018 -0.0036805496527768816 -0.0072624266005512986 0.0026711989739723143 0.0028040249566511689 0.00040306438679408137 0.00087768864616180945 0.0011986265920639315 -0.0047568711646766917 0.24684187389854856 0.10591263573108427 0.7438799655745042 -0.00074514568818623728 0.0043198156270852972 -0.00052578343067463988 -0.0090971578421911118 -0.0021250346910409155 0.0049558503944461809 -0.0093969255485101336 -0.0016225373449868861 -0.0055557252971547887 19.500000000000004 469.05357142857201 0.22300603878288511 0.0039905951186873607 0.00061111054930168345 -0.00094262693215808662 0.0077007068054222132
decision_type=2 2 2 2 2 2 2 2 2 2 2 2 2 2 2 2 2 2 2 2 2 2 2 2 2 2 2 2 2 2
left_child=-1 2 21 -3 28 7 -7 15 9 -9 24 19 13 14 -12 16 17 -6 -14 -8 -4 -2 -18 -24 27 -21 -27 -10 -5 -30
right_child=1 3 20 4 5 6 11 8 10 -11 12 -13 18 -15 -16 -17 22 -19 -20 25 -22 -23 23 -25 -26 26 -28 -29 29 -31
leaf_value=-0.050489760708635645 0.0010295865817403734 -0.014106468273052605 0.023931853628362032 0.00033739917490454549 0.095189644894219702 -0.021856041152255562 0.00060946574833838617 0.23561580029906831 0.1289114819346929 0.0021902612436850216 0.10254821530676062 -0.018243612523903937 0.050563777179599791 0.10524435765701051 0.010142373247324263 -0.027554504152022791 0.016715286434970552 -0.017984594363287528 -0.00084518102650133929 0.020313058841630666 0.095517676756094086 0.015931138520585277 -0.002574844428600666 0.080714766787456246 -0.017612622331456624 0.012751965982957456 0.19709799501231881 0.042441819639332815 0.02130460733018065 0.075422488533309781
leaf_weight=44.641948437783867 521.87474945187569 251.21659170463681 33.712769486010075 66.708908353000879 3.5897682551294556 206.5381124233827 333.27907261438668 2.081740783527493 5.8013819940388265 1.8183050304651258 6.2905562389641991 127.66126188077033 14.911559004336594 8.4713992159813625 89.528953291475773 64.834783559199423 132.38383196853101 158.03981336252764 389.00058449711651 26.998348584398627 8.8122244551777822 227.66574860736728 452.85837692487985 5.499061692506074 6.6067261882126322 3.043392674997448 2.9525873586535454 17.940218545496464 81.592198820319027 12.94682916626334
leaf_count=5242 3646 3478 184 761 38 5288 5841 58 74 45 67 2640 129 92 1324 1106 1849 2501 4605 417 54 1205 7079 81 54 65 40 177 806 107
internal_value=-0.000228922 0.00045836 0.00733881 -0.00174571 -0.000347827 -0.00170374 -0.00781017 0.00144218 0.00876998 0.126787 0.00791534 -0.0019369 0.00564715 0.023441 0.0162088 -0.00342192 -0.00134232 -0.015471 0.00105273 0.00374665 0.0387662 0.00555579 0.00252335 -0.00157559 0.0458977 0.0354357 0.103529 0.0635711 0.0169756 0.0287159
internal_weight=3309.3 3264.66 792.065 2472.59 2221.38 2060.13 700.473 1359.66 542.451 3.90005 538.551 493.935 508.203 104.291 95.8195 817.206 752.371 161.63 403.912 366.273 42.525 749.54 590.741 458.357 30.3483 32.9943 5.99598 23.7416 161.248 94.539
internal_count=49053 43811 5089 38722 35244 33570 14291 19279 6625 103 6522 9003 6217 1483 1391 12654 11548 2539 4734 6363 238 4851 9009 7160 305 522 105 251 1674 913
is_linear=0
shrinkage=0.05


Tree=51
num_leaves=31
num_cat=0
split_feature=18 59 20 59 2 48 18 11 9 6 52 56 18 16 0 14 42 17 58 11 20 38 41 0 41 13 32 3 13 4
split_gain=43.4529 18.7807 17.0011 17.0557 15.832 14.2774 18.0086 15.3819 14.9987 18.2277 15.4888 19.3638 30.6036 19.1242 14.6638 16.6918 14.3821 14.0178 13.9536 17.4347 14.9045 18.1307 16.0429 14.5384 16.9436 13.9 15.4791 14.2308 13.8182 13.6269
threshold=0.0014882296037690304 -0.0034760205464071437 -0.00249683665786225 -0.015943980570770767 -0.01584783638481849 -0.00039202932045320744 0.0021424626077304748 -1.425079109167086 1.0000000180025095e-35 11.500000000000002 1.2752467062229369 0.30735459524226061 0.0041125106325787556 0.38819375469618272 1.0000000180025095e-35 0.16888158814225024 3.7750000000000003e-06 0.68723401827455721 0.003239778752359129 -0.76975607347916075 0.0052321795934589998 0.20251865467962346 7.0725000000000011e-05 -0.00071522636176275919 -1.6759999999999999e-05 0.017132088709086533 4.5000000000000009 0.0020130584096937614 0.035207843542892449 174.06785714285647
decision_type=2 2 2 2 2 2 2 2 2 2 2 2 2 2 2 2 2 2 2 2 2 2 2 2 2 2 2 2 2 2
left_child=-1 2 3 4 -2 6 16 28 18 25 11 14 13 -13 -11 -16 -3 29 19 23 -21 22 -22 -8 -25 26 -10 -28 -7 -4
right_child=1 5 17 -5 -6 7 8 -9 9 10 -12 12 -14 -15 15 -17 -18 -19 -20 20 21 -23 -24 24 -26 -27 27 -29 -30 -31
leaf_value=-0.050466027487027956 -0.0057722316880930045 0.041637383487295447 0.060023311210577412 -0.0035565255504595439 0.01934452603031361 0.016908496006281869 0.037877029241450054 0.0019629030872401177 0.0008117786840941331 -0.015029338268409667 -0.010808643935464249 0.013203130977780151 0.18482034629125843 0.11355541310783593 0.12462285795927051 0.021922729430595245 -0.023045226952585429 0.017028658235238466 -0.018586384081868326 -0.013016698115418028 0.022439487624480035 -0.012124975770283366 0.11270607955568733 0.06057154704859187 -0.0061396296121953515 -0.0088131385052439924 0.1752941468409828 0.025157603043501904 0.14844010034891303 -0.0064638103099795693
leaf_weight=42.484200538601726 93.691774636507034 9.0032105129212123 8.2382026789709908 677.60560011956841 189.92241091281176 4.8919589649885875 39.956876089796424 659.10793507331982 9.7733609229326266 21.373882927000523 24.704543594270945 15.32598446309567 4.6928553543984881 6.878192286938428 4.8350013867020634 21.772490058094263 188.99926280090585 371.99703520722687 197.67252046614885 296.01517511717975 18.436168329790238 27.647986939176917 6.7152434140443793 10.790470786392687 80.716422066092491 141.49135853908956 3.200333083048462 3.1141336336731911 3.3739371187984943 119.42418632656336
leaf_count=5242 590 249 94 6292 1109 86 662 11001 159 289 247 171 48 65 53 245 5134 2857 3470 5002 269 382 80 187 1426 2426 55 47 44 1072
internal_value=-0.000225403 0.000429056 0.00464131 0.000752405 0.0110472 -0.00298867 -0.00640569 0.00281298 -0.00350516 0.00677644 0.0235216 0.0348481 0.0688084 0.0442893 0.0158109 0.040585 -0.0201041 0.0121226 -0.00740521 -0.00280327 -0.00865166 0.0158206 0.04654 0.0127143 0.00172694 -0.00380574 0.040234 0.101251 0.0705965 -0.00217332
internal_weight=3303.85 3261.37 1460.88 961.22 283.614 1800.49 1133.12 667.374 935.113 257.162 99.583 74.8784 26.897 22.2042 47.9814 26.6075 198.002 499.659 677.951 480.278 348.815 52.7994 25.1514 131.464 91.5069 157.579 16.0878 6.31447 8.2659 127.662
internal_count=49053 43811 12014 7991 1699 31797 20666 11131 15283 3805 1118 871 284 236 587 298 5383 4023 11478 8008 5733 731 349 2275 1613 2687 261 102 130 1166
is_linear=0
shrinkage=0.05


Tree=52
num_leaves=31
num_cat=0
split_feature=18 59 19 60 63 60 20 53 59 18 4 62 62 48 5 55 53 1 5 19 54 3 1 59 47 60 21 59 19 59
split_gain=41.2952 17.533 17.3982 15.4047 14.5679 14.64 14.5861 18.396 17.1633 15.9613 21.0355 16.9782 15.0715 14.9473 14.2969 13.2653 34.9778 18.719 12.8488 15.6809 18.08 14.5507 12.7675 12.4661 18.4021 12.1217 11.9634 12.5328 11.8197 13.3789
threshold=0.0014882296037690304 0.00053301595747259 0.0022867875502714198 0.25159240932095656 0.00085353574446565925 0.32628882674928322 -0.0011354212751237989 0.00052093759087302289 -0.0039415887580663764 0.0032726207558376233 241.77857142857104 -0.010366731611512239 0.001351034689591581 -0.00052578343067463988 0.0029738515224194562 1.0000000180025095e-35 0.001014080513155385 0.0056840633946811684 0.0030543386980456566 0.0009646854175126531 -0.001465849168566624 0.0063842220170163676 0.00099111737586413855 0.0026711989739723143 0.00091555468571187569 0.31196069523811559 0.0012388711701541105 0.00089682324671317998 -0.0020669385339974387 -0.012547761691782089
decision_type=2 2 2 2 2 2 2 2 2 2 2 2 2 2 2 2 2 2 2 2 2 2 2 2 2 2 2 2 2 2
left_child=-1 4 14 15 6 -6 8 12 22 11 -11 -10 13 -8 23 16 -4 -18 19 -15 -21 -20 28 -3 -25 -24 -5 -28 29 -2
right_child=1 2 3 26 5 -7 7 -9 9 10 -12 -13 -14 18 -16 -17 17 -19 21 20 -22 -23 25 24 -26 -27 27 -29 -30 -31
leaf_value=-0.050443441656123723 0.0096919381683261974 -0.0051185203854866674 0.17032162022368105 -0.016336485644830971 -0.032763104552356162 -0.00094526530405736526 -0.0070351906101035824 0.0020037239004608888 0.091444396806805897 0.087138439028756273 -0.0010738588488963868 -0.022479663496290315 0.060369188925836627 0.019656303376203495 0.0067929800876184851 0.011994226337581357 -0.029844419885375346 0.1061026069690475 -0.017393492209015444 0.11596264279131266 0.035815876176588345 0.052959216757980966 0.015717448282851671 -0.021860593650787769 0.096658281484608505 -0.016385776742233359 0.087788578150794327 0.0024303591267528725 0.016068058730880016 -0.0042805640768928625
leaf_weight=40.429859224706888 352.78503964096308 243.47408947069198 5.095861908048394 103.27680143900216 53.672152983956039 110.75622938014567 58.638432322535664 346.50509795499966 3.3396507501602164 7.3247679769992819 87.383957717567682 157.73638611705974 20.129163425881416 173.05354494974017 104.45186602883041 77.779000121168792 7.9721402674913389 3.7107062675058842 36.329278007149696 9.2140291184186918 29.776893655769527 9.2135348320007306 38.291689191013575 284.14245825167745 3.3133571930229655 126.68162105232477 4.3786883577704421 240.18097506184131 227.05244007147849 333.07001931406558
leaf_count=5242 2067 4825 76 1740 788 1247 733 3814 35 96 1253 2941 225 2242 1946 1174 134 50 305 72 272 52 321 7221 56 1043 30 3673 2093 3287
internal_value=-0.000221762 0.000401319 -0.00481582 0.00279744 0.00297951 -0.0113311 0.0041464 0.0100893 0.00110355 -0.0105403 0.00574848 -0.0201176 0.0184188 0.0157485 -0.0101167 0.0206924 0.0610135 0.0133351 0.0209351 0.0261104 0.0547555 -0.00316079 0.00386667 -0.0134434 -0.0204945 -0.00893435 -0.00206722 0.00395864 0.00617996 0.00290651
internal_weight=3299.16 3258.73 1077.78 442.394 2180.95 164.428 2016.53 682.86 1333.67 255.785 94.7087 161.076 336.355 316.226 635.382 94.5577 16.7787 11.6828 257.587 212.044 38.9909 45.5428 1077.88 530.93 287.456 164.973 347.836 244.56 912.907 685.855
internal_count=49053 43811 20925 6877 22886 2035 20851 7715 13136 4325 1349 2976 3901 3676 14048 1434 260 184 2943 2586 344 357 8811 12102 7277 1364 5443 3703 7447 5354
is_linear=0
shrinkage=0.05


Tree=53
num_leaves=31
num_cat=0
split_feature=18 59 32 20 63 58 7 38 58 12 59 2 17 5 19 55 21 13 37 7 41 48 58 4 37 45 58 37 58 21
split_gain=39.247 16.0348 15.6649 15.1045 17.8651 17.7498 17.647 15.3835 21.2108 21.1603 19.9873 22.5982 17.3676 14.9056 14.7548 14.6364 20.2887 14.6283 19.0304 14.8873 15.2 16.8737 18.6269 15.6615 20.7888 14.7614 14.191 14.1605 13.7638 15.4806
threshold=0.0014882296037690304 -0.0084159032942590969 9.5000000000000018 -0.0036805496527768816 -0.0072624266005512986 -0.0039663190967052326 5.5000000000000009 0.20017980314776718 -0.0067343883873484832 0.36644002332684106 0.0023065718561976786 0.0020252550965509093 1.1551557765723566 0.0049556294246824806 0.0006316673953074796 1.0000000180025095e-35 -0.0010121057414996945 0.22898853922971796 0.64234288169264431 3.5000000000000004 0.00025775500000000008 0.00047650680590181704 0.00097777617478932741 102.85000000000063 0.049431762750911538 -0.00032633398827682354 -0.0076567208904851558 0.6775487293534771 -0.013708640470839275 -0.0015093669620072079
decision_type=2 2 2 2 2 2 2 2 2 2 2 2 2 2 2 2 2 2 2 2 2 2 2 2 2 2 2 2 2 2
left_child=-1 2 13 26 -5 6 7 8 12 14 11 -11 -6 28 -10 16 -8 18 19 -7 23 -22 -23 24 -21 -19 -3 -4 -2 -30
right_child=1 3 27 4 5 17 15 -9 9 10 -12 -13 -14 -15 -16 -17 -18 25 -20 20 21 22 -24 -25 -26 -27 -28 -29 29 -31
leaf_value=-0.050421948712517255 0.041875864007050019 0.010367395775824913 0.053128172314084815 0.015619017807824494 -0.022327842060742138 0.0010572224264254733 0.038658874046027247 -0.00060423755847808472 0.16491731308167537 0.026190027253366683 -0.023688948506936747 0.14819543860390433 0.070585345384786197 -0.014886742471609744 0.050161182077070467 -0.012489649597170381 0.16316710747641833 -0.0026227247029015533 -0.019628512812448432 0.22220889676921529 -0.0066659792362042947 0.15555646458927064 0.004982386586425659 -0.0138977112085553 -0.0092546388678127894 0.017049832666349213 -0.019396002653144534 -0.011773887175394255 0.00074485036079670048 0.017657847053501315
leaf_weight=38.47405181452632 27.709617108106613 50.274235513061285 31.616445243358612 163.04843205958605 26.234507529065013 700.01696542976424 9.5197304300963879 208.95570230763406 5.6608445383608323 13.992407315410679 11.669466206803916 5.2080443333834401 6.222434699535369 84.728811837732792 5.5445931479334831 5.8059066589921704 4.9853191748261461 252.72182563459501 215.97489949828014 1.6407658820971835 11.834227146580817 4.4732447322458011 3.7975886799395084 400.85134627996013 2.3731625895015895 153.13518378371373 196.901052583009 11.447181500494478 445.45417019724846 194.31609655171633
leaf_count=5242 160 654 164 1674 387 11737 97 2850 76 162 239 52 73 567 86 83 63 3655 3727 59 173 63 48 7907 104 1929 2824 74 3098 1026
internal_value=-0.000217936 0.000375272 0.00654741 -0.00161938 -0.00031042 -0.001577 0.00957762 0.00635202 0.0258543 0.0492813 0.0279182 0.0592835 -0.00451513 0.00486837 0.108135 0.0545985 0.0814518 -0.00351696 -0.00603418 -0.00342434 -0.0108064 0.0316277 0.0864197 -0.0129136 0.0853603 0.00479999 -0.0133423 0.0358759 0.00737605 0.0058818
internal_weight=3294.59 3256.11 795.272 2460.84 2213.67 2050.62 303.799 283.488 74.5323 42.0754 30.8699 19.2005 32.4569 752.209 11.2054 20.311 14.505 1746.82 1340.96 1124.99 424.97 20.1051 8.27083 404.865 4.01393 405.857 247.175 43.0636 667.48 639.77
internal_count=49053 43811 5089 38722 35244 33570 4168 3925 1075 615 453 214 460 4851 162 243 160 29402 23818 20091 8354 284 111 8070 163 5584 3478 238 4284 4124
is_linear=0
shrinkage=0.05


Tree=54
num_leaves=31
num_cat=0
split_feature=5 56 63 37 60 59 10 60 59 37 47 55 59 63 20 5 59 42 6 32 47 21 2 59 42 19 20 45 49 16
split_gain=19.8225 15.6397 18.6566 17.2213 20.7142 17.315 15.8784 14.905 14.4454 13.3162 14.8434 13.2312 14.4037 15.7411 14.9107 14.9429 16.6721 15.6693 14.8175 13.1545 13.9823 12.791 17.0052 12.2333 16.0108 17.8707 11.8446 11.2131 12.973 11.0263
threshold=0.001014627535628397 0.35681230628668975 -0.038441437593073773 0.77534285387458735 0.094960235406061577 -0.013664957503751332 1.0000000180025095e-35 0.49375234345572266 -0.0017951166730369179 0.46244070757471556 -0.00055026209621274376 1.0000000180025095e-35 -0.011508317009568387 -0.018375871208723454 -0.00249683665786225 0.0025277539577874793 0.0011748410779729701 0.00010534000000000002 3.5000000000000004 8.5000000000000018 -0.00046874978123170446 0.00079131775401743794 -0.000571533585070532 -0.0018873181724142248 1.4665000000000001e-05 -0.00080290607281469561 -0.010208992455516448 0.00066533668267107038 -0.00070602392334100561 0.22059534719956911
decision_type=2 2 2 2 2 2 2 2 2 2 2 2 2 2 2 2 2 2 2 2 2 2 2 2 2 2 2 2 2 2
left_child=23 3 -3 5 8 7 9 -2 -5 10 -7 12 -12 18 19 16 17 -16 -14 -15 -21 22 -17 24 25 -1 -9 28 -6 -4
right_child=1 2 29 4 27 6 -8 26 -10 -11 11 -13 13 14 15 21 -18 -19 -20 20 -22 -23 -24 -25 -26 -27 -28 -29 -30 -31
leaf_value=0.019147164483738915 -0.0079695368906198497 0.067809176773145671 -0.0003277285940388299 0.13445727172649505 -0.003761394972400189 -0.031770563546078705 0.0054527851124424797 0.0060389532642942077 0.003584217705967441 -0.016485795423067429 0.060329056737372391 -0.0067849128653488236 0.11392411400457883 -0.01989842363247088 0.0075616483974577297 0.082856822817040154 -0.0190479345645693 0.070009149122416375 0.020577103788696913 -0.041890317257024211 0.074771440031380934 0.10335199787890681 0.0005503266990096972 -0.035828173209150237 -0.01100644662055306 0.24087230474383592 0.045896162696254295 0.022731682141933773 -0.02229533470451725 0.01034336241186766
leaf_weight=2.7248858078382909 35.361348435282707 11.959671281278132 487.09174668835476 4.061465211212635 162.49986877851188 40.034532743971795 606.79437648504972 29.724071800708771 4.3848537504672986 195.11538779828697 11.777090527117251 423.62446279125288 5.8173132613301304 96.446743551641703 157.45949907926843 8.853340085595848 60.569232411682606 10.729709425009785 15.791534363292156 3.8279336094856262 7.805662661790846 6.1928359903395167 21.553546229377389 61.928529444616288 38.249432208482176 1.3635005997493852 49.986912675201893 21.299046855419874 225.34687750879675 481.24904073122889
leaf_count=101 198 67 5682 33 1923 629 8312 188 93 3019 64 7618 47 1246 2340 100 1411 118 139 60 88 86 297 5063 1357 72 243 209 2850 5400
internal_value=-0.000214561 0.000487652 0.00574219 -0.00184835 -0.0109902 0.000287396 -0.00100346 0.019048 0.0665153 -0.00467991 -0.00203367 -0.000600101 0.00584012 0.0042157 0.00181482 0.0081911 0.00344517 0.0115455 0.045707 -0.0138402 0.0363849 0.0378545 0.0245149 -0.0216673 -0.000953922 0.0930938 0.0310335 -0.0125902 -0.01453 0.00497562
internal_weight=3289.62 3185.36 980.3 2205.06 417.592 1787.47 1672.39 115.072 8.44632 1065.6 870.483 830.449 406.824 395.047 373.439 265.358 228.758 168.189 21.6088 108.08 11.6336 36.5997 30.4069 104.266 42.3378 4.08839 79.711 409.146 387.847 968.341
internal_count=49053 42460 11149 31311 5108 26203 25574 629 126 17262 14243 13614 5996 5932 5746 4352 3869 2458 186 1394 148 483 397 6593 1530 173 431 4982 4773 11082
is_linear=0
shrinkage=0.05


Tree=55
num_leaves=31
num_cat=0
split_feature=18 59 18 63 14 21 59 63 17 48 62 60 63 20 63 38 59 2 18 18 60 41 52 5 62 60 20 38 58 18
split_gain=36.4845 14.952 20.6735 16.7887 16.2054 14.7375 22.2337 17.2052 19.5334 22.058 16.7605 17.2844 14.6096 13.2521 13.1376 13.0053 16.708 15.6359 25.3279 16.5497 28.061 35.7385 12.5574 12.5264 21.8751 12.429 12.2627 11.6739 10.7751 24.7667
threshold=0.0014882296037690304 0.0026711989739723143 0.0028040249566511689 0.0043198156270852972 0.98102458597449493 -0.0012247110245001659 -0.00064508471716270691 -0.0064261464199885003 0.804148348081139 -0.00053078299169882109 0.00027790505960239035 0.02002262972231544 0.0032845517346938818 0.0060942234736369814 -0.033721642016703683 0.24684187389854856 0.011294299539410612 0.010410735891709939 0.0050643165855921409 0.0044757466057275862 0.49006547770476921 1.0265000000000003e-05 0.30885121652220787 0.0017615618001025305 0.00034098349333181989 0.14235966978846665 0.0056310268244556625 0.20765736377031782 -0.0076567208904851558 0.0040542616580081636
decision_type=2 2 2 2 2 2 2 2 2 2 2 2 2 2 2 2 2 2 2 2 2 2 2 2 2 2 2 2 2 2
left_child=-1 3 26 5 15 6 10 -7 9 -9 11 -2 -11 -10 -13 16 17 19 27 23 21 -21 -22 24 25 -4 -3 -19 29 -16
right_child=1 2 4 -5 -6 7 -8 8 13 12 -12 14 -14 -15 28 -17 -18 18 -20 20 22 -23 -24 -25 -26 -27 -28 -29 -30 -31
leaf_value=-0.050395390209954517 -0.038984383843786247 -0.024292369200914495 0.101801855022886 -0.013520427191202054 0.10834556870171758 0.027414055876754335 -0.030523384693388868 -0.026400430320300594 0.0088423875535780117 0.0010981692378162192 -0.021651624592365731 0.034634777028500451 0.098867091386339812 0.049227704436104663 0.053854867535803666 -0.014740744060051828 -0.010635047377398794 0.10898953421831176 -0.019950579093620448 0.20943832383875316 -0.0051253746621167558 0.043707511716876889 0.068664911930767084 -0.0071420177014777965 0.15233733218906154 -0.015487562806192724 0.010839289345628052 0.019352487889869985 -0.00070262503892517202 0.0050933525691589307
leaf_weight=35.820291128475219 24.354701272211969 176.97637010691687 2.8809870928525951 159.31788390688598 3.3844709899276486 93.522700870409608 60.984482161700726 83.26266760379076 763.18885833211243 358.17033536406234 77.76943233795464 33.065174795687199 3.8622076883912078 20.868579179048538 30.807173248380423 136.15341031737626 140.9940445907414 12.284207008779054 9.2267718054354173 3.9718968681991127 40.712174279615283 17.969419226050377 6.7167476043105117 141.99216124042869 3.3750688005238763 10.457067707553504 28.893860721960664 5.1572191379964343 631.20176790468395 168.31344687193632
leaf_count=5242 320 4949 47 2118 59 838 1147 1280 9417 5147 743 209 69 130 245 2811 2383 110 121 64 716 255 88 2682 52 208 464 53 5806 1280
internal_value=-0.000209795 0.00034336 -0.0058963 0.00218675 -0.00071745 0.0032519 -0.00124368 0.00674029 0.00516754 -0.00319562 0.000605705 0.00255553 0.00214118 0.00991729 0.0037273 -0.00141143 0.00317452 0.0108178 0.0470439 0.00658194 0.026954 0.0737087 0.00532459 -0.00232271 0.0386214 0.00984666 -0.0193616 0.0824849 0.0024965 0.0126375
internal_weight=3285.66 3249.84 741.146 2508.69 535.276 2349.37 1026.5 1322.88 1229.35 445.295 965.512 887.742 362.033 784.057 863.388 531.891 395.738 254.744 26.6682 228.076 69.3702 21.9413 47.4289 158.705 16.7131 13.3381 205.87 17.4414 830.322 199.121
internal_count=49053 43811 15062 28749 9649 26631 9750 16881 16043 6496 8603 7860 5216 9547 7540 9590 6779 4396 284 4112 1123 319 804 2989 307 255 5413 163 7331 1525
is_linear=0
shrinkage=0.05


Tree=56
num_leaves=31
num_cat=0
split_feature=18 58 50 20 59 41 59 41 12 38 62 3 5 62 49 2 11 1 31 21 59 59 16 20 39 5 59 59 7 21
split_gain=34.6767 14.5585 15.002 14.9383 18.9079 18.4844 16.9541 15.377 20.5675 14.5181 17.8008 17.2896 13.2165 20.0621 17.1934 17.4282 17.0654 16.8302 12.7609 12.2713 18.5502 14.5473 14.2472 12.7052 12.6772 14.0309 19.6592 19.9502 17.8237 13.7702
threshold=0.0014882296037690304 -0.0004504940351024482 0.0036348128775135638 0.0024376329473493469 0.0026711989739723143 -1.9159999999999996e-05 0.0073979957845853586 -1.4049999999999999e-06 1.014235288593806 0.14367143093686915 0.0036654866724565569 0.0040542631792673421 0.0037762918371032385 -0.011811215852247365 -0.0023135041408209344 0.0049729092122583708 -0.56880075684237863 -0.0011650368975365439 0.56416404096233108 0.00079131775401743794 0.005070974216084068 -0.00035710523187846205 0.8262609229493435 -0.0012851021029487858 1.0000000180025095e-35 0.0023281631566151335 0.0023657053527239595 0.0046313115894036439 2.5000000000000004 0.0011590908232003824
decision_type=2 2 2 2 2 2 2 2 2 2 2 2 2 2 2 2 2 2 2 2 2 2 2 2 2 2 2 2 2 2
left_child=-1 2 19 4 -3 -5 12 8 -8 10 -9 -11 13 -7 16 -16 -15 -17 -4 21 24 23 -23 -2 25 26 28 -28 -21 -26
right_child=1 3 18 5 -6 6 7 9 -10 11 -12 -13 -14 14 15 17 -18 -19 -20 20 -22 22 -24 -25 29 -27 27 -29 -30 -31
leaf_value=-0.050376226735983388 0.0045010478255771286 -0.0043940367797239612 -0.0082090812193463987 -0.033127035172789733 -0.027269693315822574 0.12989989025064197 0.16680299530576898 0.0097330166152924565 -0.006062062977278378 -0.035300377840929729 0.1351750900022651 -0.0015372446446803049 -0.01342765391845906 0.12309643112821581 0.0011869191360373602 0.1223371353403072 0.031242810396762428 0.023200744557881431 0.033650485674462181 0.094493425868984349 -0.0077109471348228986 -0.0088892505076194287 0.11369645181566779 0.020480294622178527 0.0043604941030072749 -0.011926814002846425 -0.037591459953540976 0.11038486608935941 0.023386815669685503 0.079228475781531485
leaf_weight=34.085949917789549 775.39890375034884 951.98198793176562 313.49306985130534 32.621449352242053 99.800608972553164 3.8099267408251754 2.9573071710765353 27.415880054235462 4.1150575429201126 62.953693851828575 3.1533840484917155 95.343196561560035 43.990125793963671 6.1838897652924052 178.92291895207018 4.5071171261370173 27.74068588623777 85.406183053273708 19.329346986487508 15.937871815636752 43.904111951589584 208.32434903457761 2.397509340196847 148.16685188701376 8.5401482097804564 23.664277836680412 13.064530291594563 2.7586898040026417 19.713521326426417 21.868464086204767
leaf_count=5242 6904 13062 3936 532 2766 36 66 493 72 1454 55 1438 405 86 2891 42 341 983 238 158 944 4296 51 1470 89 231 308 64 233 167
internal_value=-0.000207389 0.000319191 0.00368178 -0.00301383 -0.00656464 0.00343505 0.00561751 -0.00616221 0.0662214 -0.00887272 0.022673 -0.0149646 0.0122015 0.0158791 0.0144443 0.0102116 0.0479862 0.0281702 -0.005778 0.00613433 0.0196018 0.00435987 -0.00749452 0.00706458 0.030963 0.0199394 0.0345892 -0.0117926 0.0551749 0.0582021
internal_weight=3281.55 3247.47 1616.56 1630.9 1051.78 579.121 546.499 195.939 7.07236 188.866 30.5693 158.297 350.561 306.571 302.761 268.836 33.9246 89.9133 332.822 1283.74 149.452 1134.29 210.722 923.566 105.548 75.1389 51.4746 15.8232 35.6514 30.4086
internal_count=49053 43811 19089 24722 15828 8894 8362 3578 138 3440 548 2892 4784 4379 4343 3916 427 1025 4174 14915 2194 12721 4347 8374 1250 994 763 372 391 256
is_linear=0
shrinkage=0.05


Tree=57
num_leaves=31
num_cat=0
split_feature=18 59 19 21 59 32 37 2 59 58 58 60 5 59 59 13 4 38 53 63 19 59 5 50 13 12 19 13 16 7
split_gain=32.9611 13.5561 15.7168 14.0783 17.5086 17.0798 17.6903 16.8242 14.2954 16.0436 13.5506 13.1092 14.6453 12.9734 12.3791 16.4366 16.0165 14.5621 13.8158 14.1254 13.2864 13.4974 17.5996 13.0781 15.6712 13.051 18.4813 12.6557 14.2906 12.5602
threshold=0.0014882296037690304 -0.0047208124466097783 -0.0008251204284548631 -0.0052028018834899591 -0.017548071315661145 8.5000000000000018 0.76835444949264198 -0.014320119265242582 -0.028360432417434332 -0.0042553415811282707 -0.0097075200006514571 0.96824821682886431 0.0042945548558801583 -0.024660633804338413 0.0061449901963459173 0.047280266039038656 264.14285714285774 0.20541313779783374 0.0012869671349222372 0.018325532202513078 0.0009646854175126531 0.0019698929277255487 0.0034851522643702328 -0.00051872100217641973 0.050063423962545338 0.44428872654744267 0.0010711196509421608 0.15458098388095384 0.67945425625969158 4.5000000000000009
decision_type=2 2 2 2 2 2 2 2 2 2 2 2 2 2 2 2 2 2 2 2 2 2 2 2 2 2 2 2 2 2
left_child=-1 3 10 8 7 -6 -7 13 9 -2 -3 -10 -13 -5 18 -16 -17 -18 19 20 21 27 -23 -22 25 -25 -27 -4 -29 -20
right_child=1 2 14 4 5 6 -8 -9 11 -11 -12 12 -14 -15 15 16 17 -19 29 -21 23 22 -24 24 -26 26 -28 28 -30 -31
leaf_value=-0.050357989984263399 0.026915340842320213 0.036996037128599966 0.003196315290215752 0.0365312997360328 0.00215229981007382 0.032624552465810461 -0.027709083049985223 0.039798598398880961 -0.02821016467692012 -0.039660148562212255 -0.012963530719660344 0.027421883323155833 -0.025092547853174486 -0.022841816962324155 -0.03450106543944334 -0.02650826846754541 0.011570965193961225 -0.012297316590593063 0.00057291389896692421 -0.037953104545211967 0.040632257439312224 -0.018868879970872741 0.070463078670809268 0.0045008762563325177 0.0030465111479461705 0.1548742781017044 0.040459396891753215 0.022394323756513061 0.11782838471577538 -0.017791671373449516
leaf_weight=32.43500524526462 44.685884945094585 14.071171354502438 243.97878825152293 14.609926000237463 867.9903899282217 85.27599629946053 14.167969841510056 71.642483629286289 88.42367385327816 11.347195670008658 382.98510372405872 28.738576583564281 24.676020864397287 24.849220104515553 50.540761984884739 62.931499319151044 152.61624059453607 109.9350605122745 419.0706788552925 16.807814821600914 49.328217023052275 90.72159092919901 5.8702999874949446 21.707827911246568 141.42821083357558 4.0214543081820002 28.84905904205516 50.270059400238097 4.2546882797032586 119.69947155797854
leaf_count=5242 258 203 4191 70 6861 604 109 341 739 77 6959 227 211 146 1314 1557 2443 2173 6014 260 657 2376 84 345 2053 66 477 681 47 2268
internal_value=-0.000204129 0.000297101 -0.00230461 0.0043107 0.00655989 0.00440101 0.0240287 0.0253587 -0.0079489 0.0134332 -0.011193 -0.0163959 0.00316171 -0.000858654 -5.96117e-05 -0.00797265 -0.00385333 0.00157688 0.00242824 0.00729379 0.00848127 0.00280627 -0.0134398 0.0176205 0.0118292 0.0345877 0.0544572 0.00806329 0.0298413 -0.00350718
internal_weight=3277.93 3245.5 1969.09 1276.41 1078.54 967.434 99.444 111.102 197.871 56.0331 397.056 141.838 53.4146 39.4591 1572.03 376.024 325.483 262.551 1196.01 657.238 640.43 395.095 96.5919 245.335 196.007 54.5783 32.8705 298.504 54.5247 538.77
internal_count=49053 43811 34168 9643 8131 7574 713 557 1512 335 7162 1177 438 216 27006 7487 6173 4616 19519 11237 10977 7379 2460 3598 2941 888 543 4919 728 8282
is_linear=0
shrinkage=0.05


Tree=58
num_leaves=31
num_cat=0
split_feature=18 63 6 7 6 18 21 59 42 38 47 6 42 47 12 60 6 49 3 47 38 34 14 58 21 59 59 32 4 63
split_gain=31.3324 13.4881 15.1696 16.9585 20.6582 18.9532 18.5522 23.132 18.4668 16.8786 16.8393 16.2392 16.0556 24.2083 17.8879 17.1367 16.6863 14.9963 16.5184 14.2217 20.0545 13.8384 13.5655 13.3826 14.1875 13.3549 13.7628 14.4395 20.9935 13.2634
threshold=0.0014882296037690304 -0.023639040058348111 5.5000000000000009 5.5000000000000009 15.500000000000002 0.0022189527801780755 -0.0014430017991169696 -0.0050513758494898043 5.9950000000000002e-06 0.37181224100644633 0.0010280947707184298 11.500000000000002 2.2710000000000004e-05 -0.00046166671623425925 0.86558326117790252 0.23109658916106604 15.500000000000002 0.00054467650502263278 0.0080799237971345486 -0.00047967418195811457 0.14222517094528617 2.9847594869077239 0.21073130358988204 0.0005210340258493297 1.0000000180025095e-35 -0.0026825053483143925 -0.0011688688088310618 1.5000000000000002 351.32500000000181 -0.015410516010793492
decision_type=2 2 2 2 2 2 2 2 2 2 2 2 2 2 2 2 2 2 2 2 2 2 2 2 2 2 2 2 2 2
left_child=-1 -2 -3 4 5 9 -7 -8 -6 -4 19 -9 13 22 15 -15 -16 -14 -19 -10 -21 25 -5 -22 -25 -13 27 -27 -29 -28
right_child=1 2 3 12 8 6 7 11 10 -11 -12 21 17 14 16 -17 -18 18 -20 20 23 -23 -24 24 -26 26 29 28 -30 -31
leaf_value=-0.050340633336320467 0.017468007570092325 -0.0069720305254933118 -0.011446440024361463 0.077349960403039639 -0.034258773412671951 -0.0031163095894670809 0.028353003454511933 -0.0024785922026985337 -0.015353533963464578 0.10724879700229528 0.083036617055466527 -0.0099915779259631687 0.017538710929116467 0.19478620936347618 -0.038586067305733787 0.072839449514827945 0.073655659726410833 -0.014687623686189892 0.068807072273551192 0.036581378687752603 0.0039607766057503215 -0.03078020719319402 -0.0043667632926330672 -0.029951870721515329 -0.0044195158127716006 0.0086001128023409559 -0.063365156474792322 0.044522725780002784 0.15486044617176964 0.019167308519760097
leaf_weight=30.863500418141484 110.22167302295566 674.17862853547558 198.48353792354465 6.0556255187839261 52.669116416946054 306.57865440659225 159.67883283272386 255.01453803665936 221.42780704936013 3.0409714207053176 5.5478412844240657 37.914155941456556 128.78214607480913 4.2961106803268221 5.2757471716031423 8.7452981639653427 8.8925201240926963 85.508696090895683 6.3645562008023253 34.135616095736623 347.20291164098307 15.687542658299206 31.481660757213831 71.146864437498152 231.25626921188086 11.991975799202917 4.9926374703645697 14.35215011239052 6.1618249714374533 194.93112676590681
leaf_count=5242 806 10784 4089 80 779 2836 981 4210 2904 51 44 328 1834 58 81 99 77 1284 53 403 4311 133 397 922 3455 109 42 122 50 2489
internal_value=-0.000200332 0.000276996 -0.000328031 0.00149456 -1.09483e-05 0.00434199 0.00714235 0.0116307 -0.00547289 -0.00965535 -0.00380813 0.00669543 0.0129531 0.0348459 0.0707557 0.113011 0.0318609 0.00652909 -0.0089035 -0.0043404 -0.000773832 0.0148746 0.00881602 -0.00273678 -0.0104266 0.0175239 0.0220122 0.0521859 0.0776651 0.0171062
internal_weight=3272.88 3242.02 3131.8 2457.62 2172.21 1208.83 1007.3 700.725 963.386 201.525 910.717 541.046 285.402 64.747 27.2097 13.0414 14.1683 220.655 91.8733 905.169 683.742 286.031 37.5373 649.606 302.403 270.344 232.43 32.506 20.514 199.924
internal_count=49053 43811 43005 32221 28258 15440 11300 8464 12818 4140 12039 7483 3963 792 315 157 158 3171 1337 11995 9091 3273 477 8688 4377 3140 2812 281 172 2531
is_linear=0
shrinkage=0.05


Tree=59
num_leaves=31
num_cat=0
split_feature=18 63 41 20 2 58 59 20 4 34 62 58 2 21 37 13 4 26 60 2 60 1 37 41 48 13 59 21 63 62
split_gain=29.7847 12.5798 13.9793 15.2407 12.564 16.2596 12.5604 19.0371 15.5569 14.4374 13.9145 12.7308 16.8947 19.5557 17.0162 18.9205 14.4069 14.2238 13.6178 12.6461 16.4698 17.3856 16.4191 12.6255 11.9588 11.9091 12.3226 19.2191 13.2645 11.847
threshold=0.0014882296037690304 0.0087120950308373964 0.00035058000000000008 0.0059226946334849867 0.0044826768851190307 0.0070016661851841529 0.0060279152038617998 0.0030960244805534275 264.14285714285774 0.68323764496055628 0.006842917132200566 -0.0004504940351024482 0.0038939329941599064 0.00077151675765461329 0.44905922333415832 0.007752177783681557 397.28214285714324 0.41839811840059543 0.018111491998649018 0.0054232989794239092 0.20586249697451328 -2.5252564445169686e-05 0.38939582962629166 4.9850000000000006e-05 -0.00040700190616213674 0.10641087420043474 -0.028360432417434332 -0.0072358242474633849 -0.023639040058348111 0.014934735297136901
decision_type=2 2 2 2 2 2 2 2 2 2 2 2 2 2 2 2 2 2 2 2 2 2 2 2 2 2 2 2 2 2
left_child=-1 6 3 -3 5 24 7 11 -8 29 19 12 13 17 15 -15 23 18 -2 -9 22 -22 -21 -16 -5 -20 -27 -28 -29 -10
right_child=1 2 -4 4 -6 -7 8 10 9 -11 -12 -13 -14 14 16 -17 -18 -19 25 20 21 -23 -24 -25 -26 26 27 28 -30 -31
leaf_value=-0.050324114280623805 -0.024889892259903252 -0.022960407173031834 0.062903686584985546 0.037345586751284174 -0.0046942322190769315 -0.021057123841846694 -0.029200267565696714 0.0043252239573605038 -0.010489772488721556 0.018275057089649948 0.076358239604336284 -0.0034786725732433455 -0.01475456719191367 0.096998506861985301 0.16392067102212446 0.0069568174942546412 0.024792419995889055 0.02994523386729845 0.010280070965683376 0.034270605475639926 0.083758626709781112 0.010375746994984707 0.14257144714320122 0.052412596808857952 0.16574353601522507 0.023068495206439936 -0.036201015802077012 0.030202307215296001 -0.0018939952351251423 0.080521020778118416
leaf_weight=29.367663739714772 42.919317930471152 138.7406451893039 6.0177776273339978 3.6681840140372515 36.990491474047303 4.3937002383172512 68.932972144335508 173.83364207623526 207.39809055440128 63.480122216045856 8.7980152219533903 1024.8585187946446 112.09500624425709 6.5191135634668163 5.3555230442434567 55.534687728621066 9.2217519916594011 50.154466751031578 433.62710209330544 9.2725875321775657 9.0282734669744951 76.142685545608401 5.6212156359106293 4.8259536270052195 3.5866292957216483 51.902808658778667 39.153461050242186 34.191823951900005 549.83388804644346 3.6384490355849257
leaf_count=5242 888 2213 60 59 531 70 1860 2188 4285 774 97 15273 1300 85 51 760 64 413 5374 98 74 708 56 57 48 293 344 240 5503 45
internal_value=-0.000197061 0.000257333 -0.0121083 -0.0145173 0.0095662 0.054851 0.00104237 0.00218682 -0.00796433 -0.00263184 0.0144647 0.000752684 0.00386057 0.00548666 0.029195 0.0164162 0.0700631 0.0038797 0.00274453 0.0124765 0.0266371 0.0181545 0.0751455 0.111067 0.100823 0.00381428 -0.000338901 -0.00228844 -1.49151e-05 -0.00892067
internal_weight=3269.1 3239.74 193.397 187.38 48.639 11.6485 3046.34 2702.89 343.45 274.517 282.696 2420.19 1395.33 1283.24 81.457 62.0538 19.4032 1201.78 1151.63 273.898 100.065 85.171 14.8938 10.1815 7.25481 1108.71 675.082 623.179 584.026 211.037
internal_count=49053 43811 2981 2921 708 177 40830 33866 6964 5104 3221 30645 15372 14072 1017 845 172 13055 12642 3124 936 782 154 108 107 11754 6380 6087 5743 4330
is_linear=0
shrinkage=0.05


Tree=60
num_leaves=31
num_cat=0
split_feature=18 59 20 2 48 59 37 7 12 1 4 38 63 20 11 3 21 6 51 1 7 32 63 54 21 58 49 49 62 59
split_gain=28.3149 12.0743 18.5528 14.0374 13.9203 12.5613 17.3021 16.2367 15.1986 17.0153 15.0983 14.3424 14.308 13.8494 16.2088 13.4055 13.2601 12.1706 12.0963 14.3051 11.7761 12.3858 11.7744 11.5578 11.528 12.2407 13.2464 11.5272 12.2304 11.2253
threshold=0.0014882296037690304 -0.013664957503751332 -0.0091666794415042156 -0.0066188492560003498 -0.00039202932045320744 0.00083850839862147683 0.74054877737584246 1.0000000180025095e-35 0.25018966301805806 0.00018048019787466363 141.18214285714257 0.27079563887819053 -0.019512898241769258 0.0034140074746089526 -1.3733752895021107 0.0075218927299612994 -0.00018127702225217754 20.500000000000004 1.0000000180025095e-35 -0.0040591195041962264 2.5000000000000004 5.5000000000000009 0.0043198156270852972 -0.011225119704935225 -0.0047152345552628179 -0.0081954303491995981 -0.0046816548785416695 -0.0053563125616575358 0.0077355235819620326 -0.024660633804338413
decision_type=2 2 2 2 2 2 2 2 2 2 2 2 2 2 2 2 2 2 2 2 2 2 2 2 2 2 2 2 2 2
left_child=-1 2 29 -3 22 6 7 17 9 -7 20 12 -12 14 -14 -8 -10 -6 19 -4 -9 -22 23 -5 -25 26 -26 -13 -29 -2
right_child=1 3 18 4 5 8 15 10 16 -11 11 27 13 -15 -16 -17 -18 -19 -20 -21 21 -23 -24 24 25 -27 -28 28 -30 -31
leaf_value=-0.050308395883937741 0.012737663224860821 -0.012591092456131532 0.03720057776551268 0.020381818339925303 0.028604137376911143 -0.015433173489958707 -0.017822825896908295 0.14836667140455642 -0.026407336131287009 0.1025333399201379 0.063287286876206009 -0.040843887495806766 0.082887285511759029 0.036756296231713219 -0.0063098017036490681 0.045361081496676128 0.00037752641189301583 0.09206623235221939 0.048339459678012134 0.0028552671434789144 -0.0027992815232037692 0.11483887243566034 -0.01652935027210815 -0.03050164884427314 0.07895136412746942 -0.002642266140686919 0.010610420853258263 0.032784867233999107 -0.041814433199457636 -0.0097681437028982881
leaf_weight=27.943894162308425 92.012118473649025 235.69403514824808 45.734161347150803 59.071177862584591 58.275334874168038 5.2962364610284549 74.067655052989721 3.0754475677385917 53.56933184992522 7.2290987335145473 9.1279954425990564 6.4386737858876577 5.2146061770617953 22.697027117013931 218.70865569170564 9.4678912833332998 336.21265980694443 8.6800659596919996 32.630073294043541 89.939131855964661 6.6883958461694402 3.3623726442456245 138.44452747190371 35.058546124026179 7.7967476435005656 1359.6274444712326 78.27674044854939 90.509600752964616 5.8493643384426823 139.25954812765121
leaf_count=5242 528 2499 213 664 594 109 768 38 1071 110 57 68 46 161 2657 70 6091 87 147 505 141 56 2528 444 79 21110 908 1023 78 961
internal_value=-0.000193379 0.000239111 0.00837682 -0.000906458 0.000151655 0.00507844 0.0101943 0.0141662 -0.00156151 0.0526522 0.0100832 0.00815499 0.00181491 -0.000460323 -0.00423263 -0.0106616 -0.00330363 0.0368313 0.0210065 0.0144327 0.0627525 0.0365553 -0.00256224 -0.00130647 -0.00217167 -0.00148467 0.0168009 0.0239283 0.0282564 -0.000814142
internal_weight=3265.96 3238.01 399.575 2838.44 2602.75 924.47 522.163 438.628 402.307 12.5253 371.672 358.546 255.748 246.62 223.923 83.5355 389.782 66.9554 168.303 135.673 13.1262 10.0508 1678.28 1539.83 1480.76 1445.7 86.0735 102.798 96.359 231.272
internal_count=49053 43811 2354 41457 38958 13225 5844 5006 7381 219 4325 4090 2921 2864 2703 838 7162 681 865 718 235 197 25733 23205 22541 22097 987 1169 1101 1489
is_linear=0
shrinkage=0.05


Tree=61
num_leaves=31
num_cat=0
split_feature=18 59 20 59 5 20 62 63 58 63 7 53 32 12 11 59 12 16 37 47 5 55 53 7 58 20 5 12 5 49
split_gain=26.9195 11.6454 13.8829 13.1869 13.0447 12.0574 14.9809 12.9525 13.8829 11.758 11.4911 11.3137 10.9588 10.1808 17.026 11.7245 11.0124 11.1204 10.2283 10.0076 15.878 13.0514 16.5068 15.7974 21.3333 12.0011 15.5327 12.6887 12.0183 11.9437
threshold=0.0014882296037690304 -0.0034760205464071437 -0.00249683665786225 -0.0054183271829139797 0.003730267278354345 0.00012345502278583587 -0.012232347506433814 -0.00033443800919780034 -0.0050120470784510594 0.0043198156270852972 3.5000000000000004 -0.0032342663017164105 9.5000000000000018 0.37079942152740447 -0.76975607347916075 -0.00030104361721224477 1.9969551403375883 0.27631624565055279 0.2685810175486682 9.4075175902145168e-05 0.0012503835437583418 1.0000000180025095e-35 0.00075056967745585821 5.5000000000000009 -0.0011431522049325396 0.010402733011308937 0.0030543386980456566 0.26634822048971379 0.004694961808346664 -0.0035660462913966054
decision_type=2 2 2 2 2 2 2 2 2 2 2 2 2 2 2 2 2 2 2 2 2 2 2 2 2 2 2 2 2 2
left_child=-1 2 3 12 -4 6 11 8 -7 10 -8 -3 -2 -10 15 -15 17 -16 -17 21 -21 22 23 -9 -25 27 -27 -22 -28 -23
right_child=1 5 4 -5 -6 7 9 19 13 -11 -12 -13 -14 14 16 18 -18 -19 -20 20 25 29 -24 24 -26 26 28 -29 -30 -31
leaf_value=-0.050293432886435799 0.00049141179205433496 0.080391223938341305 0.013412152177370702 -0.018326588738559527 -0.010347789700230679 -0.023109775089612428 -0.0029839555377162859 0.014966361459420228 -0.038484994918323273 -0.047405868730327039 -0.01840614547647855 0.0048664352525285282 0.024602926755517344 0.13146510862982994 -0.0065658490540380704 -0.010647618654330152 0.069072545603884497 0.03649399581964171 0.10074476020196883 0.091359002014386917 0.085775776164218664 0.016577501853064901 -0.0043917172548654541 0.14776545330379162 0.01465889758477369 0.11493670934361365 -0.016905400091840984 -0.0022153815862509755 0.066282722828272023 -0.0083392869697526371
leaf_weight=26.588762608822435 820.68665268458426 7.8112552203238037 435.66300683561713 89.033758246339858 66.598000846803188 18.293669687584043 323.08571645477787 89.315503230318427 5.9788719955831757 20.45093684643507 192.89781741751358 13.578328443691133 49.996096462011337 6.0687436759471902 36.180560596287251 4.5280922167003119 9.5114198895171267 25.605221705511212 3.7820537313818932 5.8769619334489098 4.2511791680008164 51.820346747525036 136.56751323258504 5.5674716290086508 6.5536642186343652 5.3634906783700016 10.377458442002537 113.04832514002919 7.4648187197744837 668.86822023196146
leaf_count=5242 6282 84 3601 1371 422 240 5690 1650 96 540 4124 171 338 42 472 81 75 292 46 142 66 812 2372 78 143 46 104 1721 82 12628
internal_value=-0.000188916 0.000222919 0.00352652 1.73002e-06 0.0102617 -0.00250139 -0.00858701 0.000292544 0.016659 -0.0102232 -0.00874946 0.0324473 0.00187594 0.0245966 0.0289987 0.0786317 0.0189889 0.011279 0.0400485 -0.00133583 0.010841 -0.0031951 0.00695665 0.0222353 0.0757973 0.00747316 0.0403268 0.000973602 0.0178987 -0.00654767
internal_weight=3261.41 3234.83 1461.98 959.717 502.261 1772.85 557.824 1215.02 109.949 536.434 515.984 21.3896 870.683 91.655 85.6761 14.3789 71.2972 61.7858 8.31015 1105.07 146.382 958.693 238.004 101.437 12.1211 140.505 23.2058 117.3 17.8423 720.689
internal_count=49053 43811 12014 7991 4023 31797 10609 21188 1344 10354 9814 255 6620 1104 1008 169 839 764 127 19844 2161 17683 4243 1871 221 2019 232 1787 186 13440
is_linear=0
shrinkage=0.05


Tree=62
num_leaves=31
num_cat=0
split_feature=18 6 6 16 50 58 19 42 21 42 53 63 37 13 3 59 13 6 4 50 59 18 21 59 36 38 50 31 15 21
split_gain=25.5929 11.6196 18.469 17.0283 14.9098 15.5277 19.3684 15.1633 14.9495 14.3972 13.756 13.4582 15.2711 13.2925 13.9217 20.0013 12.9214 12.4819 19.4742 15.9846 15.6953 12.2876 13.5854 12.3148 11.964 11.9015 11.5261 10.8411 13.7964 10.7985
threshold=0.0014882296037690304 9.5000000000000018 15.500000000000002 0.25190458260603288 0.0034281751901219129 0.0005210340258493297 0.0027580477193436207 0.00033993000000000006 0.0012877956245176075 1.4150000000000002e-06 -0.0034782703745749976 -0.020462592634947565 0.3422750492763752 0.39747135451945353 0.0033751762052644948 0.0052910647595149794 0.044613168448914928 18.500000000000004 585.22464285714375 -0.0025399753839864046 0.0030608604521381354 0.0021916060056553295 -0.0015465564755859592 0.011294299539410612 0.18523875039002682 0.16114291531165828 0.0039341801816763595 0.52746624788031882 0.19652446254063913 -0.0010380034326345916
decision_type=2 2 2 2 2 2 2 2 2 2 2 2 2 2 2 2 2 2 2 2 2 2 2 2 2 2 2 2 2 2
left_child=-1 11 3 29 5 8 -7 27 9 -4 16 12 -2 14 15 -8 -11 18 19 -10 -19 24 -23 25 -5 -24 -27 -6 -29 -3
right_child=1 2 4 21 7 6 13 -9 17 10 -12 -13 -14 -15 -16 -17 -18 20 -20 -21 -22 22 23 -25 -26 26 -28 28 -30 -31
leaf_value=-0.050279196816559596 0.056886547780088406 -0.0090211704524149183 -0.045480031240756669 0.011626822482920997 -0.016555971115994977 -0.011090486228844008 0.15234646087494061 0.05944248983833144 0.15774168836039718 0.06949148788673716 0.00029885859164699235 -0.0050816395885760418 0.0020469792051103128 0.078289479554631239 -0.0080903312624285486 0.007460167603492056 0.014454671930427605 0.052392950095907102 0.00096514010109597823 0.046981657460549837 -0.031592011008030323 0.0034240566027955036 -0.028832969174822289 -0.012173432159178502 -0.03346377220701862 0.024318352863309935 0.052134047757502966 0.082523112718195152 -0.0071927041234307798 0.0066679118369799388
leaf_weight=25.29899414209649 18.646650820970535 166.47358647082001 14.061475977301596 38.475963934324682 251.25210628844798 312.22078020405024 3.7391118481755239 7.2617659233510485 6.2800587341189393 11.641603104770182 328.8705562595278 1090.7284750789404 39.770816877484322 8.9284664243459684 27.530308395624161 6.5629980182275176 127.06546219438314 10.763620922341945 7.9365253075957289 6.7678987998515376 11.513465953059493 107.6867770049721 8.9674494024366123 21.05514863692224 23.817626049742103 186.74795871041715 46.520346751436591 6.3713441435247686 13.087210133671759 321.44901809236035
leaf_count=5242 129 1558 207 809 3427 4724 30 63 52 133 4061 17334 306 92 367 133 1169 103 66 83 248 960 101 319 423 2033 461 79 166 4175
internal_value=-0.000185226 0.000206869 0.00243354 0.00772094 -0.00175866 0.00141773 -0.00659589 -0.0118588 0.00689828 0.00436935 0.00586848 -0.0038294 0.0195516 0.0234144 0.0104638 0.0600461 0.0190739 0.0350532 0.0627251 0.100291 0.00898701 0.0149349 0.0183853 0.0245046 -0.00561333 0.0276926 0.0298656 -0.0137714 0.0221831 0.00131498
internal_weight=3257.49 3232.19 2083.05 921.194 1161.85 883.882 358.982 277.972 524.901 481.639 467.578 1149.15 58.4175 46.7609 37.8324 10.3021 138.707 43.2616 20.9845 13.048 22.2771 433.271 370.978 263.291 62.2936 242.236 233.268 270.711 19.4586 487.923
internal_count=49053 43811 26042 10839 15203 11468 5346 3735 6122 5570 5363 17769 435 622 530 163 1302 552 201 135 351 5106 3874 2914 1232 2595 2494 3672 245 5733
is_linear=0
shrinkage=0.05


Tree=63
num_leaves=31
num_cat=0
split_feature=3 17 63 42 53 59 19 47 11 32 1 2 59 20 5 4 51 5 58 52 20 51 49 54 64 12 47 38 59 12
split_gain=12.8635 13.4035 11.6877 17.0737 15.0709 13.0077 15.9054 11.1086 11.7641 12.6313 11.7 11.3499 20.4563 17.7819 13.1444 21.9054 12.9351 11.7776 18.1913 11.6849 10.9099 10.8756 10.8703 10.5852 10.468 18.2518 12.2223 12.599 10.4532 17.8275
threshold=0.001474999160963253 0.68418100176318697 0.0069141893434967973 0.00033993000000000006 0.010587167712382673 0.023801984047257588 0.0128825641985483 -0.00051601187303843118 -1.4975954001243246 7.5000000000000009 -0.00025885959865081806 -0.01584783638481849 -0.012042605746047022 -0.0034999191309411956 0.0023281631566151335 241.77857142857104 1.0000000180025095e-35 0.0034851522643702328 -0.0087932993489338446 0.54270284075766539 0.0065074026007791849 1.0000000180025095e-35 -0.0097610823999757009 0.010916976814780792 0.32775044957364458 1.644284731262333 -0.00037724541424580179 0.25014355751305584 0.0030059636624923517 0.20477385561583203
decision_type=2 2 2 2 2 2 2 2 2 2 2 2 2 2 2 2 2 2 2 2 2 2 2 2 2 2 2 2 2 2
left_child=1 -1 5 4 20 6 7 21 9 10 -9 19 16 14 -14 -16 17 18 -13 -10 -4 -2 -15 -22 25 -24 27 -27 -26 -30
right_child=2 -3 3 -5 -6 -7 -8 8 11 -11 -12 12 13 22 15 -17 -18 -19 -20 -21 23 -23 24 -25 28 26 -28 -29 29 -31
leaf_value=-0.0051288731779627729 -0.001587431494953805 -0.033706634588835153 -0.022423295114684581 0.066043433554539607 0.055550798991347697 -0.034226248342570896 0.097870613732730066 -0.03896182606169088 -0.039636859731400437 0.12246374995223547 0.06089503789072908 0.072880670216784793 -0.018258043726747421 0.066344508694970439 0.083221500846751284 -0.002766277063587049 0.04145338425079502 -0.0023103542890300986 0.014268738002883238 -0.00030940204144153512 0.021373814231040122 -0.022142180432108631 0.0099343454578671928 -0.039828997837742804 0.0048872948064664946 0.077464034492164421 0.12171489162051585 -0.045684538797188722 0.082711657871712072 -0.005289523032920955
leaf_weight=193.91068893438205 262.95418218988925 52.041616857517511 150.60991889378056 6.9790338873863211 7.591980578377842 25.165846476331353 4.309067089110612 4.9624590873718271 31.458177115768194 4.0055997879244378 7.1741442866623411 14.450335100293158 179.85781952086836 6.8660370497964314 7.7732854019850484 157.0079433079809 40.679482206702232 101.13362322002649 157.82794699072838 47.265966154634953 30.289122615009546 85.205622552428395 85.991338195279241 9.2137781865894777 1115.3797290492803 5.5196287110447866 6.4280392206273964 3.3298604534938931 5.8308083005249491 443.27608932834119
leaf_count=5208 2987 3894 2502 63 88 416 41 69 238 37 95 82 2143 69 87 1865 190 619 893 296 448 1427 1289 128 14429 100 89 58 106 9097
internal_value=-0.000181597 -0.0111757 0.000717188 -0.0108171 -0.0135303 0.0015592 0.0018833 0.00173422 0.00293273 0.0454748 0.0200652 0.00264779 0.00327831 0.00143021 -0.00891157 0.00129006 0.0151478 0.011234 0.019185 -0.0160247 -0.016289 -0.00661782 0.0035611 0.00709868 0.00330232 0.0188815 0.0692414 0.031126 0.00229388 -0.00414699
internal_weight=3254.49 245.952 3008.54 204.684 197.705 2803.85 2778.69 2774.38 2426.22 16.1422 12.1366 2410.08 2331.35 2017.26 344.639 164.781 314.091 273.412 172.278 78.7241 190.113 348.16 1672.62 39.5029 1665.76 101.269 15.2775 8.84949 1564.49 449.107
internal_count=49053 9102 39951 3229 3166 36722 36306 36265 31851 201 164 31650 31116 29332 4095 1952 1784 1594 975 534 3078 4414 25237 576 25168 1536 247 158 23632 9203
is_linear=0
shrinkage=0.05


Tree=64
num_leaves=31
num_cat=0
split_feature=18 4 59 2 2 58 21 46 63 6 59 19 59 1 17 5 59 49 59 6 21 59 58 47 47 58 21 21 48 59
split_gain=23.9331 10.693 12.8233 15.2413 12.6475 13.6402 13.5611 11.8415 10.3628 12.9786 12.4657 13.0779 20.769 26.1355 16.7935 14.7483 14.6238 14.3974 13.0819 12.0442 17.0997 24.2002 16.0025 15.8725 15.028 14.3987 18.7797 17.6268 16.2337 14.5385
threshold=0.0014882296037690304 1102.4921428571433 -0.015943980570770767 -0.012125510605162981 -0.01584783638481849 -0.016554484380855501 -0.0052028018834899591 -0.00058847988583347226 -0.020462592634947565 5.5000000000000009 -0.013664957503751332 -0.0008251204284548631 -0.0021589811654689731 -0.00069303331562871144 1.398160427834567 0.0024030272572813033 -0.0032307296354085828 -0.0033948202433513779 -0.0070109487086862064 15.500000000000002 -0.0012247110245001659 -0.0050513758494898043 -0.0042553415811282707 -0.00055347895970167418 -0.00047967418195811457 0.0005210340258493297 0.0065171544342671637 0.0013127229769995914 -0.00034801019814822943 0.0067015634488406207
decision_type=2 2 2 2 2 2 2 2 2 2 2 2 2 2 2 2 2 2 2 2 2 2 2 2 2 2 2 2 2 2
left_child=-1 2 4 -4 -2 -6 -7 -8 -5 10 -10 -12 13 16 -14 18 -13 -16 -15 20 22 -22 23 -11 -21 27 -27 -26 29 -29
right_child=1 -3 3 8 5 6 7 -9 9 19 11 12 14 15 17 -17 -18 -19 -20 24 21 -23 -24 -25 25 26 -28 28 -30 -31
leaf_value=-0.050261789051897987 -0.0052944152555836049 -0.038532062367135092 -0.027059996728545418 0.016365045836282035 0.071174060695404398 -0.0030257029091500277 -0.032798809135133278 0.028826119181653617 0.031002462492780894 0.087050923589742424 -0.018242803230216147 0.037295494925656945 -0.015794298122113998 0.079148489575376735 0.13301293293698924 -0.02540506311744864 0.12807409339247419 0.011883610099233985 0.0090533878659691241 -0.014391667729552868 0.025435257038122567 0.0040987293469302299 -0.013963854139554525 0.0054145625185338707 0.0032037975256880634 -0.0099932490845627553 0.034381668659662273 0.080314504951135846 -0.0063358106591672545 0.0068991194011809257
leaf_weight=23.678998680319637 89.003362819552422 17.731031466275454 53.404938513413072 92.465450700372458 11.113792598247526 71.527155034244061 8.3836363628506643 111.0874080657959 20.744123131036758 6.3747737631201735 215.50075241271406 13.894599344581367 222.34954110253602 7.5458490848541251 2.639905856922268 29.517402645200491 6.5173839069902888 34.679712268058211 56.46803334588185 223.00643864180893 161.62374082859606 747.67676348891109 200.82058619242162 90.236196462064981 330.76465535350144 329.81785259395838 25.70048176124692 21.128959590569142 15.093210712075232 9.9046341516077501
leaf_count=5242 555 192 494 733 58 482 45 556 112 65 3065 115 5399 43 41 255 78 650 626 3286 1047 12116 2372 914 4426 5158 318 216 200 194
internal_value=-0.000177712 0.000189826 0.00040378 -0.000594573 0.0104104 0.0173262 0.0141929 0.0245017 -0.000101154 -0.000650415 -0.00709235 -0.00843376 -0.00277587 0.0150206 -0.010585 0.00383378 0.0662804 0.020452 0.0173161 0.0011666 0.00448712 0.00789119 -0.00591971 0.0108013 -0.00302736 0.000432878 -0.00678538 0.00724179 0.0361973 0.0568834
internal_weight=3250.4 3226.72 3208.99 2917.88 291.115 202.112 190.998 119.471 2864.47 2772.01 609.857 589.113 373.612 113.943 259.669 93.5313 20.412 37.3196 64.0139 2162.15 1206.73 909.301 297.432 96.611 955.416 732.41 355.518 376.891 46.1268 31.0336
internal_count=49053 43811 43619 41923 1696 1141 1083 601 41429 40696 10384 10272 7207 1117 6090 924 193 691 669 30312 16514 13163 3351 979 13798 10512 5476 5036 610 410
is_linear=0
shrinkage=0.05


Tree=65
num_leaves=31
num_cat=0
split_feature=59 5 48 5 37 43 58 3 58 20 59 32 58 58 59 2 44 37 3 56 37 38 43 21 37 42 32 38 20 58
split_gain=11.7705 14.525 28.0446 12.1683 18.8303 12.9867 12.6676 15.9656 12.3931 16.1717 15.4073 14.0456 14.6697 13.3978 13.1094 17.0443 11.9368 11.5149 11.0531 10.7958 10.3692 13.0294 10.1408 13.2337 14.0726 20.6978 13.8283 10.3957 9.92769 13.1606
threshold=-0.0034760205464071437 0.0010616199015043668 0.00047650680590181704 0.0039220070871677842 0.58393085548231805 -1.1589999999999997e-05 -0.00077639326196266381 0.0045566020209985942 0.0070016661851841529 -0.0018243673345402292 -0.0054183271829139797 9.5000000000000018 -0.0022259228237224448 0.005926017202040848 -0.017548071315661145 -0.01584783638481849 2.4502500000000106e-05 0.36394662028742181 0.0099298716628474868 0.81355990659465993 0.034753484479207855 0.29523878377009044 7.1340000000000018e-05 -0.0022745674596315163 0.61452697796155786 3.2760000000000012e-05 7.5000000000000009 0.23399779923364264 0.00012345502278583587 -0.0081954303491995981
decision_type=2 2 2 2 2 2 2 2 2 2 2 2 2 2 2 2 2 2 2 2 2 2 2 2 2 2 2 2 2 2
left_child=3 2 -2 8 5 -5 7 -7 9 10 11 13 -13 14 15 -1 -11 -8 22 -14 -10 -22 23 -16 26 27 -25 -26 29 -3
right_child=1 28 -4 4 -6 6 17 -9 20 16 -12 12 19 -15 18 -17 -18 -19 -20 -21 21 -23 -24 24 25 -27 -28 -29 -30 -31
leaf_value=-0.0126306280419138 -0.025706462448825199 0.016032060609983179 0.28425306982444931 -0.033170668300619072 -0.016393360321822512 0.1044098940427763 -0.04766113953098209 0.024339944901584924 0.045249937311205989 0.014457317865295652 -0.014721833670508919 0.008241415704696305 0.10768259325328389 0.072265466333788136 -0.018687147588379645 0.029856825392454052 0.072938683083542719 0.019005673520927011 0.035909408336242642 0.027057030004891566 -0.030679737144687254 0.036900545934751769 0.0057747722161328686 -0.01100204250956619 0.029128001969191516 -0.0043561762413898671 0.063395599687328538 0.10973990098555092 0.00065694040754211221 -0.010295001987052516
leaf_weight=32.557977430522442 84.576614624122158 52.815717438235879 0.73611031100153823 12.722326613962649 168.63395092263818 7.9218964017927638 9.5265075601637381 29.075516909360886 6.3759905770421019 304.16926583647728 108.97211695229635 22.549135319888592 8.9035730026662367 7.0667482316493979 143.43725490244105 85.836406514048576 8.9832350169308466 20.234893973916769 20.477272540330887 7.7798229707404962 53.752521716058254 8.2233288288116437 252.64020865457132 99.046744073275477 7.5042637251317528 19.72271965816617 6.6662258803844443 8.5631767921149713 1176.3688118900172 468.90315789775923
leaf_count=198 6840 780 32 83 1248 59 78 182 62 2483 1771 146 65 68 1286 467 64 128 136 48 505 60 2097 815 54 149 42 56 20099 8952
internal_value=-0.000174474 -0.00290049 -0.023032 0.00315231 -0.00693682 0.013127 0.02195 0.0414845 0.00521562 0.00645039 0.00280406 0.0054465 0.0345401 0.00377659 0.00306111 0.0181729 0.0161349 -0.00233411 -0.000144937 0.0700852 -0.0154664 -0.0217128 -0.0015183 -0.00798465 0.00286413 0.0299633 -0.00631055 0.0720903 -0.00188907 -0.00762981
internal_weight=3244.74 1783.4 85.3127 1461.34 248.115 79.4811 66.7588 36.9974 1213.23 1144.88 831.724 722.752 39.2325 683.519 676.452 118.394 313.153 29.7614 558.058 16.6834 68.3518 61.9759 537.581 284.94 141.503 35.7902 105.713 16.0674 1698.09 521.719
internal_count=49053 36703 6872 12350 1778 530 447 241 10572 9945 7398 5627 259 5368 5300 665 2547 206 4635 113 627 565 4499 2402 1116 259 857 110 29831 9732
is_linear=0
shrinkage=0.05


Tree=66
num_leaves=31
num_cat=0
split_feature=18 58 20 41 59 59 19 5 49 62 21 21 37 50 62 59 56 34 45 31 59 53 56 37 9 19 37 2 64 45
split_gain=22.3156 10.1444 12.3027 16.4205 15.9883 15.5659 14.8136 12.9054 16.7508 15.6468 13.4248 12.2444 12.3789 11.7679 11.6612 16.0372 12.6653 12.2997 11.1561 10.8489 10.6572 10.5666 9.89666 9.87256 14.4691 18.2848 12.785 12.9801 11.0349 10.1602
threshold=0.0014882296037690304 -0.0004504940351024482 0.0024376329473493469 -1.9159999999999996e-05 0.0026711989739723143 0.011294299539410612 0.0073089152488979283 0.0037762918371032385 -0.0036514067819228241 -0.012039121148742152 0.0065171544342671637 0.0072022793355925692 0.58929440674155498 0.0036348128775135638 0.0093639265896379945 0.0047908622865074964 0.39289154092723888 0.11527425387584508 -0.00059433527989643392 0.56416404096233108 -0.0076965161478502438 0.0043679805565936614 0.19870848201615413 0.058310586965923207 1.0000000180025095e-35 0.0012660103178924076 0.024796076435209743 0.0010032463726848699 0.3172607922697549 -0.00022617889694783223
decision_type=2 2 2 2 2 2 2 2 2 2 2 2 2 2 2 2 2 2 2 2 2 2 2 2 2 2 2 2 2 2
left_child=-1 13 4 -4 23 6 7 8 22 -10 14 -7 -13 -2 20 16 -16 -17 -6 -15 -11 -21 -5 24 -3 26 28 -28 -26 -25
right_child=1 2 3 5 18 11 -8 -9 9 10 -12 12 -14 19 15 17 -18 -19 -20 21 -22 -23 -24 29 25 -27 27 -29 -30 -31
leaf_value=-0.050246783091813699 0.0051355935512402079 -0.0066532101927830566 -0.032108090144120388 0.016255656903159353 0.106595473086268 -0.019962871979665692 0.061165550663706804 -0.016383788979640487 0.10204356082727187 0.068792247679116278 0.10757315621608002 0.089141352879743133 0.0011888602541784874 -0.007776241313045832 -0.030646040678328098 0.12529945771207673 0.062592990238170387 0.011499846987851824 -0.027837291065057054 0.0072025366651119957 0.0022315483188534153 0.0877663691117756 0.082980457926458862 -0.0092245197992747215 0.080869601396950208 0.13722084900262779 0.031580153763196318 0.13199454141020048 -0.011500848536720322 0.0036878466528721
leaf_weight=22.096001304220408 1283.8421728736721 68.438457637559623 31.117826221976429 10.120624938979747 1.5695336768403638 87.918055091053247 13.448695145547388 48.56225348263979 4.3982198014855376 6.1329648941755286 3.2952823787927619 5.175869449973109 17.618539799004793 308.62674210267141 9.3143810853362101 6.8830111082643253 5.9808393046259871 3.6248183539137244 92.251103942282498 14.183218918740751 309.46293787425384 5.7079727910459033 12.324455309659241 605.61077312799171 3.6568852281197932 3.5449984874576321 20.108172614593062 3.8315203720703712 27.911756210960448 203.5500672464259
leaf_count=5242 14915 1328 532 133 41 1584 96 549 46 27 42 79 274 3936 132 106 57 48 2725 176 5054 62 135 8503 44 37 283 60 449 2358
internal_value=-0.000170554 0.000173266 -0.00263963 0.00321714 -0.00590984 0.00523685 0.00950984 0.00785618 0.0110245 0.00833249 0.00713675 -0.0114961 0.02116 0.00297481 0.00616731 0.0384851 0.00581291 0.0860427 -0.0255884 -0.00546951 0.00352502 0.0303211 0.0528938 -0.00393872 0.00899347 0.0271268 0.0200957 0.0476514 -0.000800732 -0.00597632
internal_weight=3240.31 3218.21 1605.85 575.379 1030.47 544.261 433.548 420.1 371.538 349.092 344.694 110.712 22.7944 1612.36 341.399 25.803 15.2952 10.5078 93.8206 328.518 315.596 19.8912 22.4451 936.653 127.492 59.0533 55.5083 23.9397 31.5686 809.161
internal_count=49053 43811 24722 8894 15828 8362 6425 6329 5780 5512 5466 1937 353 19089 5424 343 189 154 2766 4174 5081 238 268 13062 2201 873 836 343 493 10861
is_linear=0
shrinkage=0.05


Tree=67
num_leaves=31
num_cat=0
split_feature=18 59 1 58 58 20 63 50 17 54 58 45 21 60 13 37 37 4 41 2 44 56 5 1 4 38 62 59 60 38
split_gain=21.2176 9.97467 15.4932 17.2526 14.6608 13.9368 18.2507 14.7701 10.4918 10.0512 10.3549 11.2161 10.7547 11.0772 10.9202 14.8335 12.3698 11.1243 13.055 9.88926 11.1698 11.8669 10.0921 12.8068 9.85505 11.1042 13.8713 12.1849 10.8718 15.1484
threshold=0.0014882296037690304 0.0061449901963459173 0.0010771422501501121 -0.016554484380855501 0.017525202365317797 0.0031574993579079219 0.0016174490892762201 -0.0005619619011078147 1.3876104213644778 0.018403650307028094 -0.0004504940351024482 0.00072573762604243204 0.00077151675765461329 0.018111491998649018 0.007752177783681557 0.44905922333415832 0.0019658494028240324 397.28214285714324 2.3880000000000005e-05 0.0047767913403433835 9.6049999999891465e-06 0.042398342010764929 0.0023119318876010236 0.0015883262035464188 264.14285714285774 0.14071093739244514 0.0031801148972551694 0.013687506501497375 0.7604808844147074 0.24684187389854856
decision_type=2 2 2 2 2 2 2 2 2 2 2 2 2 2 2 2 2 2 2 2 2 2 2 2 2 2 2 2 2 2
left_child=-1 5 3 -3 24 6 9 8 -7 10 12 -12 13 -2 -14 16 -16 18 -17 20 -9 -22 -21 -24 -4 26 -26 28 29 -27
right_child=1 2 4 -5 -6 7 -8 19 -10 -11 11 -13 14 -15 15 17 -18 -19 -20 22 21 -23 23 -25 25 27 -28 -29 -30 -31
leaf_value=-0.050234811850558593 -0.02215305774688224 0.1249454193882451 -0.021975363968364994 -0.025184960452467726 0.10232413614784611 0.02254892697623416 -0.015491611343449611 -0.0079868757915281616 0.075533217895806498 -0.034651976568637777 -0.0038333207314268239 0.020890181076844067 0.080331442617260093 0.0039171428679353271 0.067916794300321548 0.14796302124276645 -0.0055044806834509043 0.012010232797552279 0.040334901817421151 0.031032903178821476 0.10790392377775389 -0.014503921035510216 0.06258853052415779 -0.006621001394526236 0.019451136062538094 0.032463498784155213 0.13025943928451011 -0.017321277602619711 -0.013961711265460728 -0.015701087516443307
leaf_weight=21.023248923709616 42.148867526091635 1.9462555218487967 50.390254384372383 114.1323532955721 3.4045845977962008 65.894289825577289 178.60145056247711 125.31395880552009 10.886910080909727 19.501397203654051 908.52905709855258 48.313067473471165 7.1833060877397648 1223.7762944060378 6.4619796331971875 4.7766457460820693 51.109712854959071 9.7116697244346124 6.8694939166307449 55.625471053645015 4.4094892423599941 3.5935809500515461 7.6071514450013629 55.092937551438808 18.162391899153594 58.192814460024238 3.3443601578474036 72.613741746172309 36.371611500158906 22.690156055614352
leaf_count=5242 870 32 1276 2844 42 728 3022 1671 88 208 13766 493 86 12862 85 41 666 68 76 630 56 54 71 468 289 891 30 1190 714 494
internal_value=-0.000167553 0.000159674 -0.00743345 -0.0226678 -0.000764604 0.00118064 -8.81314e-05 0.0108657 0.0300616 0.00109341 0.00139533 -0.00258498 0.0042122 0.00304914 0.0213101 0.0159387 0.00273649 0.0515262 0.0844784 0.00500862 -0.00432943 0.0529397 0.0155298 0.00177591 -0.0021054 0.00263145 0.0366821 -0.00122554 0.00874228 0.0189519
internal_weight=3237.68 3216.66 381.249 116.079 265.17 2835.41 2506.98 328.424 76.7812 2328.38 2308.88 956.842 1352.04 1265.93 86.1128 78.9295 57.5717 21.3578 11.6461 251.643 133.317 8.00307 118.326 62.7001 261.765 211.375 21.5068 189.868 117.255 80.883
internal_count=49053 43811 7802 2876 4926 36009 32243 3766 816 29221 29013 14259 14754 13732 1022 936 751 185 117 2950 1781 110 1169 539 4884 3608 319 3289 2099 1385
is_linear=0
shrinkage=0.05


Tree=68
num_leaves=31
num_cat=0
split_feature=18 6 6 7 42 42 21 16 32 6 18 47 50 11 47 4 31 63 63 7 38 6 44 54 49 18 42 59 20 64
split_gain=20.1743 9.82682 15.0807 20.4964 19.6037 16.6854 16.0082 15.2957 14.6375 14.2458 12.9153 11.9136 12.5704 12.5124 19.4355 11.705 11.5646 12.0058 11.2738 11.4442 13.9742 12.2139 14.7436 14.6302 13.786 13.3968 13.6691 11.372 15.2482 11.6824
threshold=0.0014882296037690304 9.5000000000000018 15.500000000000002 5.5000000000000009 3.2440000000000008e-05 5.9950000000000002e-06 -0.0015465564755859592 0.25190458260603288 6.5000000000000009 19.500000000000004 0.0030419935974398842 0.0010280947707184298 0.0034281751901219129 -1.2114792822137621 -0.00037584945912182225 323.06428571428484 0.74201797048515006 -0.028439693563030808 0.0088561638862010208 3.5000000000000004 0.31424026844727188 1.0000000180025095e-35 6.5800000000004969e-06 0.0035961606214629615 -0.00099664037783459545 0.0035763282029205225 2.9950000000000005e-06 0.0030608604521381354 0.0048755996585274465 0.11035129964968465
decision_type=2 2 2 2 2 2 2 2 2 2 2 2 2 2 2 2 2 2 2 2 2 2 2 2 2 2 2 2 2 2
left_child=-1 18 7 5 6 -4 -5 -3 9 -8 -6 12 -7 14 -14 -12 17 -15 19 20 21 22 23 24 -2 26 -23 28 -28 -29
right_child=1 2 3 4 10 11 8 -9 -10 -11 15 -13 13 16 -16 -17 -18 -19 -20 -21 -22 25 -24 -25 -26 -27 27 29 -30 -31
leaf_value=-0.050223420687345692 0.056630872758411513 0.00086833979188863071 -0.031873167857076674 0.013581953663883116 -0.016610269768501194 3.2271708114918993e-05 -0.0025337551001811814 0.013755713854694497 0.13835428213406825 0.078370641364383112 0.062177330248057966 0.066609734949231253 -0.020262501882575095 0.055006891380350087 0.096433252249531587 0.005019882405432447 0.043330575710432521 -0.020974826358588876 -0.021821592998973807 -0.0094755629092500397 0.029258954134470057 0.073544226417364938 -0.0071019931681092279 0.091514081012500303 -0.016957274681350023 -0.012528548462119702 0.0046328046136508635 0.10587059262008652 0.1080365760993872 -0.020820307576689456
leaf_weight=20.002354343887419 13.228707769885659 487.61169779207557 51.91925654746592 33.301088981330395 49.994474808685482 712.7101346263662 8.8520381883718127 436.2096138484776 5.4479046277701846 14.120225761085747 12.156137153506277 6.149287447333335 8.0545924194157106 5.3404178544878951 6.4055043291300526 34.035475006327033 7.7366947252303353 196.23880162695423 78.884570620488375 359.7919835569337 42.57145226188004 6.7659199181944123 27.309570301324129 10.433347398415206 12.265569519251585 214.06644890084863 304.56125920079648 1.8736168793402601 3.6074437461793414 63.137008054181933
leaf_count=5242 143 5733 791 269 971 9250 146 5106 55 130 139 45 104 38 63 349 93 2760 1424 6167 578 101 330 111 151 2615 4340 39 39 1731
internal_value=-0.000164446 0.00014702 0.00219405 -0.00162116 0.0151132 -0.00427811 0.0371058 0.0069535 0.0646697 0.0471953 0.00100086 -0.0027582 -0.0032137 -0.0135519 0.0314311 0.0200619 -0.0166594 -0.0189619 -0.00358615 -0.00222859 0.00149723 -0.000300954 0.0205893 0.0416382 0.0212268 -0.00252488 0.00311132 0.00183434 0.00584326 -0.0171691
internal_weight=3234.78 3214.78 2076.28 1152.46 157.907 994.555 61.7213 923.821 28.4202 22.9723 96.1861 942.635 936.486 223.776 14.4601 46.1916 209.316 201.579 1138.5 1059.61 699.82 657.249 63.2372 35.9276 25.4943 594.012 379.945 373.179 308.169 65.0106
internal_count=49053 43811 26042 15203 2059 13144 600 10839 331 276 1459 12353 12308 3058 167 488 2891 2798 17769 16345 10178 9600 735 405 294 8865 6250 6149 4379 1770
is_linear=0
shrinkage=0.05


Tree=69
num_leaves=31
num_cat=0
split_feature=18 4 59 2 0 37 20 56 58 47 63 17 59 20 20 60 37 5 5 7 6 63 42 63 5 6 42 53 59 21
split_gain=19.1824 9.53426 10.875 12.588 11.6784 12.4232 10.8648 13.7232 12.6892 10.7946 16.354 13.6975 11.9851 15.0819 14.8536 13.7696 13.0638 12.5487 11.9187 12.6132 11.2111 12.7184 11.1479 11.1356 10.1193 9.95788 9.60188 12.7926 11.5931 15.9534
threshold=0.0014882296037690304 1102.4921428571433 -0.024660633804338413 -0.01584783638481849 -0.0068020003511503552 0.33549843012639319 -0.016022840779575758 0.38092254543781717 -0.0081954303491995981 -0.00051601187303843118 -0.035979826559032903 1.115700515148635 -0.010375813110932755 -0.0048795018415858744 -0.0067770852366986958 0.99070884522252911 0.99999999999999745 0.0042199415367729781 0.0034851522643702328 5.5000000000000009 9.5000000000000018 0.0088561638862010208 2.2355000000000002e-05 -0.01882376707396358 0.0024309035943623036 7.5000000000000009 0.00030071000000000004 -0.0030013583744356825 0.023801984047257588 0.0065171544342671637
decision_type=2 2 2 2 2 2 2 2 2 2 2 2 2 2 2 2 2 2 2 2 2 2 2 2 2 2 2 2 2 2
left_child=-1 2 6 -4 5 -5 -2 8 -8 10 -6 -12 14 24 15 -11 17 -17 19 22 21 23 -16 -15 -14 -13 28 -28 29 -22
right_child=1 -3 3 4 9 -7 7 -9 -10 12 11 25 13 20 18 16 -18 -19 -20 -21 26 -23 -24 -25 -26 -27 27 -29 -30 -31
leaf_value=-0.050212578659806065 0.0013547574655042667 -0.037233123870113322 -0.023340762635826549 -0.030786291697479335 0.063701186777125926 0.037591585144999662 0.059530297286845238 0.073773626692719058 -0.0086059601658984505 -0.010480756801040143 -0.017175267285415113 -0.021315456804239675 -0.028910149580059344 0.033112440300202418 0.054229854202635853 0.055243817006006259 -0.028772317673342897 -0.020451288224273292 -0.0018520721866467527 0.070425925748397358 0.0026537914597381368 -0.025006856478567159 0.014636423904971786 -0.003192466933878698 -0.0025960200929077662 0.013879592301460653 -0.03451158964801946 0.043519257285779128 -0.034592450502496624 0.04729264103391051
leaf_weight=19.030832793796435 52.814337022602558 16.97982563264668 57.602048952132463 8.0809248723089677 7.6533204279839984 37.322144728153944 10.515339106321333 15.033747449517248 19.513416990637783 117.8019917756319 225.14722734875977 27.15685660392046 73.978245953097939 21.765267226845026 21.357104390859604 24.68418159335852 9.3587616756558401 7.0359153449535361 51.112848080694675 14.539701014757155 1281.9927050871775 66.150370728690177 106.08890898525715 713.9347715228796 72.184446226805449 77.314733236562461 6.4284894727170458 28.713118283078074 20.447436306625605 20.332932505756617
leaf_count=5242 305 192 452 59 53 276 53 69 111 792 3460 401 923 164 105 163 73 54 269 73 18391 1293 571 12771 948 871 54 273 335 257
internal_value=-0.000161873 0.000134577 0.000333101 -0.000185296 0.00025337 0.0254216 0.0167424 0.0347771 0.0152537 -0.000128147 -0.00855452 -0.0102322 0.000941108 -0.000370658 0.0095349 -0.00178859 0.023138 0.0384537 0.0188518 0.0263049 0.00068128 -0.00400664 0.0212714 -0.00211841 -0.0159146 0.00473082 0.0034495 0.029245 0.0027642 0.00335073
internal_weight=3232.07 3213.04 3196.06 3098.18 3040.58 45.4031 97.8768 45.0625 30.0288 2995.18 337.272 329.619 2657.91 2305.93 351.979 158.881 41.0789 31.7201 193.099 141.986 2159.77 801.85 127.446 735.7 146.163 104.472 1357.91 35.1416 1322.77 1302.33
internal_count=49053 43811 43619 43081 42629 335 538 233 164 42294 4785 4732 37509 35409 2100 1082 290 217 1018 749 33538 14228 676 12935 1871 1272 19310 327 18983 18648
is_linear=0
shrinkage=0.05


Tree=70
num_leaves=31
num_cat=0
split_feature=18 4 58 59 19 38 64 10 21 53 6 11 38 58 27 58 39 41 41 59 50 43 47 59 19 59 37 7 58 59
split_gain=18.2408 8.85407 10.6418 11.249 19.5639 14.0431 15.3571 12.5426 13.8252 14.0303 15.4857 14.0757 13.5459 15.7138 13.4377 12.6875 18.4647 12.855 12.4012 12.4711 13.9758 12.0946 11.8472 14.8877 15.3402 14.3091 20.864 19.4134 18.5693 15.8966
threshold=0.0014882296037690304 1102.4921428571433 -0.0097075200006514571 0.013687506501497375 0.0062623029751807226 0.16368441763871958 0.76996669038972132 1.0000000180025095e-35 0.0012632035972866456 -0.0035431263705635045 13.500000000000002 -0.67892306377098477 0.27899661321519359 -0.0036806201583497954 0.61215532128586869 0.0014577262053352077 1.0000000180025095e-35 -1.0000000180025095e-35 7.9525000000000009e-05 -0.0025408045712124534 0.00055893869975666411 0.00035374500000000009 -0.00051601187303843118 -0.012547761691782089 -0.0021136144275348098 0.0020255593330605593 0.18388791951717304 3.5000000000000004 0.0020259388890200027 -0.0086456657403263856
decision_type=2 2 2 2 2 2 2 2 2 2 2 2 2 2 2 2 2 2 2 2 2 2 2 2 2 2 2 2 2 2
left_child=-1 2 -2 4 7 6 -5 22 9 11 12 -9 13 -11 -13 16 -10 -18 19 -14 -21 -12 -4 -24 -25 26 27 -26 -28 -29
right_child=1 -3 3 5 -6 -7 -8 8 15 10 21 14 18 -15 -16 -17 17 -19 -20 20 -22 -23 23 24 25 -27 28 29 -30 -31
leaf_value=-0.050202261423094356 0.011941591907666034 -0.036389551534699964 -0.016095044611694784 -0.0066828167171861632 0.034408928751275124 -0.030288095181994303 0.075563642750229837 0.040164849538145989 -0.011308718525577828 0.054675371993413636 -0.0064877370456216917 0.003950549704468561 0.012355407647521367 -0.0085223509474128944 0.081866956183078987 0.0063778863899834545 0.088914132425106998 0.031914670028679613 0.011869247964623133 0.17850928023967771 0.056278778433418643 0.051470446997360114 0.015755446898111734 -0.015679844743506203 0.020527484747165207 -0.0097529278052908425 0.0024545211472624725 0.081527400263385646 -0.019918368315462561 -0.0068658510361970073
leaf_weight=18.106314881239086 185.33487630262971 16.516657441854477 161.42665510857478 35.400404909625649 41.179513083770871 67.39924706146121 6.7593476902693501 35.180663769133389 20.631258680485189 12.138386625796555 629.68856250820681 207.5086376843974 4.8149807862937459 51.855377870611846 5.6851784326136103 202.47034486895427 12.366646902635692 49.426541764289141 14.219013078603894 4.2480251770466548 5.2028875816613436 9.1317555308341962 111.29532337933779 209.97524545714259 225.62360299145803 325.53533362178132 285.09036535909399 5.2930464670062056 137.46500921621919 130.24429016839713
leaf_count=5242 1681 192 2495 584 382 1270 84 399 256 109 8069 1880 28 596 43 2727 106 560 155 58 65 78 611 2578 2974 7903 3572 26 1954 2376
internal_value=-0.000157862 0.000124497 0.0003134 -0.000403237 0.000191384 -0.0161302 0.00650351 -0.000301896 0.0034155 0.000596234 -0.0028909 0.0108635 0.0162321 0.00346504 0.00602832 0.0131102 0.0296476 0.043322 0.0449145 0.0778511 0.111219 -0.00565924 -0.00325482 -0.00180587 -0.00328741 -0.000941595 0.0027184 0.0115427 -0.00482379 -0.00341389
internal_weight=3227.21 3209.11 3192.59 3007.26 2897.7 109.559 42.1598 2856.52 1264.57 979.673 731.299 248.374 92.4787 63.9938 213.194 284.895 82.4244 61.7932 28.4849 14.2659 9.45091 638.82 1591.95 1430.52 1319.23 1109.25 783.716 361.161 422.555 135.537
internal_count=49053 43811 43619 41938 40000 1938 668 39618 15129 11480 9158 2322 1011 705 1923 3649 922 666 306 151 123 8147 24489 21994 21383 18805 10902 5376 5526 2402
is_linear=0
shrinkage=0.05


Tree=71
num_leaves=31
num_cat=0
split_feature=18 4 59 18 63 48 17 20 7 7 37 19 59 16 6 6 21 58 41 58 38 37 18 38 4 37 58 5 19 59
split_gain=17.3445 8.49123 16.615 8.9609 9.74447 14.8704 9.2696 22.0445 9.18185 14.7853 24.6031 18.9527 15.9414 14.7609 13.8631 17.1337 14.875 16.5697 14.3822 14.3503 20.7588 18.3055 28.6465 15.9309 14.8722 14.9082 18.9006 13.5178 13.6621 13.1032
threshold=0.0014882296037690304 102.85000000000063 -0.00041165604713674328 0.0017244628137603202 -0.0036323621444722611 -0.00044630679820916965 0.62184821863772677 0.0015432951595676374 5.5000000000000009 3.5000000000000004 0.74054877737584246 0.0024767481700465797 -0.0073502114018449763 0.25190458260603288 19.500000000000004 10.500000000000002 -0.0010380034326345916 0.0016529719119837481 0.0003311050000000001 0.0010483788996201325 0.19783394511077584 0.14069115625897616 0.0039441563601036568 0.20017980314776718 409.9892857142857 0.22276878373998343 -0.0020210456522170204 0.0042945548558801583 -0.0038156546464147589 -0.013137175804676925
decision_type=2 2 2 2 2 2 2 2 2 2 2 2 2 2 2 2 2 2 2 2 2 2 2 2 2 2 2 2 2 2
left_child=-1 2 -2 4 5 -3 7 -6 9 10 14 12 27 -10 15 -5 -17 19 -16 23 -21 -22 -23 24 25 -18 -27 28 -11 -19
right_child=1 3 -4 8 6 -7 -8 -9 13 11 -12 -13 -14 -15 18 16 17 29 -20 20 21 22 -24 -25 -26 26 -28 -29 -30 -31
leaf_value=-0.050192443027911697 0.14887076187828169 -0.019029921764423013 -0.030612006166545067 0.0010532248638529726 -0.011817219366378034 0.12955177396399989 -0.03078876080821116 0.18658676216285394 -0.0020494436850899563 -0.0083412936029296069 -0.0085037755377460784 0.013137212416657516 -0.015557117764107738 0.01901133722346144 -0.0077985968849386732 0.0017665163789697261 0.019472960230959797 0.069994752812633607 0.064309295809996267 -0.024086065060764588 0.16459358529546311 0.0098633288069418113 0.14968264847093066 0.015168277199892314 -0.0059430937998603082 0.15554560118204733 0.056129737968767406 -0.027760641488256639 0.021433005711051625 0.0051555684811394296
leaf_weight=17.226543481927365 2.7305930280126631 4.3402737900614738 2.4430615371093145 688.19066925812513 8.4239079384133202 2.7515094070695332 57.274555903393775 1.6791040045209218 169.84594774059951 69.975542958825827 467.34012604132295 102.36057938635349 418.08709068316966 163.07727806083858 260.24700169824064 222.09995078854263 11.243857387453316 8.0996718704700452 7.1038573868572703 5.6705622915178564 5.2541007250547436 10.796319838613273 5.544743610545992 158.62408742308617 9.2521450817584974 7.3387827053666106 13.716222407296302 31.716580033302307 85.730369791388512 205.04114919528365
leaf_count=5242 84 115 129 10141 318 87 2097 74 2319 478 5373 1411 7498 2101 3641 2133 123 36 52 74 59 139 53 1641 86 69 154 227 537 2562
internal_value=-0.000155834 0.000113024 0.0641169 9.57147e-06 -0.0171318 0.0386176 -0.0229997 0.0211572 0.000417876 -0.00051757 0.00160168 -0.00676141 -0.0101252 0.00826685 0.00452012 0.00657891 0.0123173 0.017636 -0.0058826 0.0270227 0.0610528 0.083409 0.0573059 0.0223875 0.0499475 0.0659576 0.0907814 0.00199176 0.00805219 0.00761956
internal_weight=3223.23 3206 5.17365 3200.83 74.4694 7.09178 67.3776 10.103 3126.36 2793.43 2085.56 707.87 605.51 332.923 1618.22 1350.87 662.682 440.582 267.351 227.441 27.2657 21.5952 16.3411 200.175 41.551 32.2989 21.055 187.422 155.706 213.141
internal_count=49053 43811 213 43598 2691 202 2489 392 40907 36487 26336 10151 8740 4420 20963 17270 7129 4996 3693 2398 325 251 192 2073 432 346 223 1242 1015 2598
is_linear=0
shrinkage=0.05


Tree=72
num_leaves=31
num_cat=0
split_feature=18 59 1 58 58 20 63 63 50 12 36 9 20 62 58 11 13 37 44 38 59 0 1 58 15 1 58 42 64 64
split_gain=16.4923 8.53497 14.2255 14.1691 12.3455 12.1226 14.427 12.08 11.9315 11.2496 12.132 13.3732 11.4207 14.5202 10.6845 9.75021 16.1079 8.90895 14.2241 10.2954 10.3746 9.70603 8.96256 8.73355 9.45924 8.68845 9.94099 10.0117 9.86193 19.1164
threshold=0.0014882296037690304 0.0061449901963459173 0.0010771422501501121 -0.016554484380855501 0.017525202365317797 0.0030960244805534275 0.0016174490892762201 0.031215529652027212 0.00028667331132832302 1.1461232204961693 0.73218322983529371 1.0000000180025095e-35 0.0036099776757688245 0.00034098349333181989 0.0096060326684295309 -1.0120881517922997 0.058523808933675016 0.73397367611602726 9.6049999999891465e-06 0.17562558887244148 0.0038658478062116113 -0.0018679957653235928 0.00530442721370737 0.00581873645317118 0.16913785726007141 0.0037606006065233912 -0.0004504940351024482 1.0200000000000002e-06 0.087946275162463894 0.068876614518714074
decision_type=2 2 2 2 2 2 2 2 2 2 2 2 2 2 2 2 2 2 2 2 2 2 2 2 2 2 2 2 2 2
left_child=-1 5 3 -3 15 6 25 8 9 12 -11 -12 -7 14 23 16 -4 18 19 -10 -21 -19 -22 24 -14 26 27 -2 29 -28
right_child=1 2 4 -5 -6 7 -8 -9 17 10 11 -13 13 -15 -16 -17 -18 21 -20 20 22 -23 -24 -25 -26 -27 28 -29 -30 -31
leaf_value=-0.050183099055000929 -0.037898613911080237 0.10423559976637115 -0.013056666981683084 -0.024310465972289627 0.090948966026547201 -0.018547326476168535 -0.014095516055427214 -0.049673892630735024 -0.015020262691732324 0.097467617453872599 0.063377546363188472 -0.032270516682055606 0.06063609229215508 0.094123918540220175 0.070226551730554365 -0.0040239492502062843 0.10267840674981817 0.051474839326061519 0.072449104131940334 0.023155022549929693 -0.021217297314127422 -0.021350661947114769 0.029801874540720166 -0.03170589408482561 -0.00016850209248679969 -0.010611094782846733 0.0099028315956325424 0.0050472779120413142 -0.0030238598646118338 0.14407068593770819
leaf_weight=16.389369424665347 13.720899032428859 2.1860351823270312 6.3167973700910789 110.7102269558236 3.6310527957975856 17.954122558236122 172.91953348182142 8.2950124721974117 40.182397050317377 10.032834406942131 9.5793884173035604 5.9084781892597666 9.8802115488797444 7.1001293603330842 7.9396039471030226 247.81125580519438 5.7367872223258018 5.1105819828808299 8.7703541740775091 92.871524358168244 30.284760532900691 43.677585038356483 12.026410698890684 10.769012492150067 18.138995297253132 153.68085161782801 14.297397292684765 1240.4403870920651 890.32986897602677 3.2603242825716725
leaf_count=5242 206 32 156 2844 42 260 3000 92 490 101 82 60 107 82 67 4612 116 42 107 925 555 484 135 119 188 1634 230 13530 13462 51
internal_value=-0.000154098 0.00010185 -0.00697126 -0.0218214 -0.00060863 0.00104352 -0.000164024 0.00992081 0.0114178 0.0261224 0.0546351 0.0268887 0.0159854 0.0275036 0.0173809 -0.00188795 0.0420263 0.00527497 0.0103084 0.00720064 0.0138057 -0.0137222 -0.00671575 0.00656384 0.0212726 0.000876264 0.0016928 0.00457744 -0.00229206 0.0348167
internal_weight=3219.95 3203.56 376.392 112.896 263.496 2827.17 2488.65 338.521 330.226 97.3028 25.5207 15.4879 71.7821 53.828 46.7278 259.865 12.0536 232.924 184.135 175.365 135.183 48.7882 42.3112 38.7882 28.0192 2315.73 2162.05 1254.16 907.888 17.5577
internal_count=49053 43811 7802 2876 4926 36009 32113 3896 3804 1066 243 142 823 563 481 4884 272 2738 2212 2105 1615 526 690 414 295 29113 27479 13736 13743 281
is_linear=0
shrinkage=0.05


Tree=73
num_leaves=31
num_cat=0
split_feature=18 63 47 37 7 12 42 42 10 4 13 59 50 11 58 7 21 53 53 4 5 11 2 13 49 16 14 1 14 13
split_gain=15.683 8.18566 9.64775 9.5747 18.0221 13.7842 12.9092 16.3683 12.2169 14.4989 13.1818 16.9889 16.3878 14.1343 18.2344 13.1514 14.8921 12.6544 11.9825 11.7613 16.1788 11.4495 18.0443 10.8293 10.2348 10.0754 15.1738 16.0574 15.5411 11.4198
threshold=0.0014882296037690304 -0.029424514007218856 -0.00049865419507288207 0.69645060697534888 3.5000000000000004 1.4467119031026563 4.0450000000000011e-06 1.7850000000000001e-06 1.0000000180025095e-35 193.41785714285706 0.04526955737428668 0.0069737218555964804 0.017043398089115338 -0.60359262652198853 0.0056688708052233154 1.0000000180025095e-35 0.0011858716582308028 0.0023600032739713832 0.013605548280205096 164.567857142858 0.0016483495604684903 -1.1717311686621408 0.002210424424983681 0.4284319480563637 0.0021051299538793833 0.082698826373583237 0.27777451709250539 0.002505571689142254 0.36324161795338566 0.017719915057386192
decision_type=2 2 2 2 2 2 2 2 2 2 2 2 2 2 2 2 2 2 2 2 2 2 2 2 2 2 2 2 2 2
left_child=-1 -2 -3 4 8 6 7 -5 10 -10 11 13 -12 15 19 16 17 -4 -6 20 -15 22 -11 -7 -16 -21 -27 28 -28 -30
right_child=1 2 3 5 18 23 -8 -9 9 21 12 -13 -14 14 24 -17 -18 -19 -20 25 -22 -23 -24 -25 -26 26 27 -29 29 -31
leaf_value=-0.050174208969292589 0.016259951714988116 -0.006551730331997737 -0.0034074751431857398 -0.018488933494250227 -0.0045109937819685138 0.030977054654162107 -0.010740290175765202 0.08004210969904417 -0.027570741121750911 0.078087532445544644 -0.002868304492904785 -0.041664091195651273 0.083836596195330904 0.038796095795961778 -0.040158263386845444 -0.00013200686886502341 0.10105613835771364 0.094762141469896699 0.072725163849778104 -0.0071796213758585307 0.18272112444408822 0.012460600061239085 -0.010285484980146382 0.00083327340043088261 0.055785816178176031 0.0036843144396864281 0.15183460127552495 -0.016007464881601787 0.14022857119700885 0.0450924836130785
leaf_weight=15.5927430849988 76.420030102133751 515.77929975045845 16.402390417642899 7.946579439565542 679.81004618713632 38.409678801894188 433.87836602330208 8.9759945403784496 21.556964369956404 16.445864446461204 549.77490041218698 14.304930397309361 5.5042665321379891 4.7486770292744023 12.173538932576774 143.94110046513379 6.9223081674426785 4.1040061172097912 5.0590025167912236 12.109748763963578 3.3161909822374582 426.217993427068 8.9032113775610906 132.84891469962895 3.6020909203216425 16.534990306477994 5.5054786819964674 5.6468990687280884 3.6983155859634307 21.445446844678372
leaf_count=5242 516 7033 252 115 11265 391 5691 107 302 191 7840 412 66 96 194 2181 106 49 50 186 41 4660 110 1196 55 233 81 63 39 290
internal_value=-0.000151335 9.22622e-05 -0.000303037 0.000931908 0.00262612 -0.00448177 -0.00906929 0.0337735 0.00607795 0.0124898 0.00242183 0.0113859 -0.00200883 0.014303 0.030495 0.00591443 0.0376451 0.0162395 -0.00394046 0.0410284 0.0979766 0.0144022 0.0470488 0.00759389 -0.0182511 0.0339562 0.0433852 0.0614712 0.0757461 0.0590857
internal_weight=3217.58 3201.99 3125.57 2609.79 1987.73 622.06 450.801 16.9226 1302.86 473.124 829.735 274.456 555.279 260.151 88.7814 171.37 27.4287 20.5064 684.869 73.0057 8.06487 451.567 25.3491 171.259 15.7756 64.9409 52.8311 36.2961 30.6492 25.1438
internal_count=49053 43811 43295 36262 28762 7500 5913 222 17447 5263 12184 4278 7906 3866 1278 2588 407 301 11315 1029 137 4961 301 1587 249 892 706 473 410 329
is_linear=0
shrinkage=0.05


Tree=74
num_leaves=31
num_cat=0
split_feature=18 59 20 63 59 19 37 49 15 38 64 58 7 8 18 58 38 58 5 5 58 60 37 37 45 58 15 36 4 37
split_gain=14.9131 8.12278 11.8355 9.86367 9.66362 13.0497 12.0605 15.8626 17.325 10.8178 11.7727 9.76482 9.17863 12.7455 10.8423 17.5405 9.41185 13.6595 10.6865 12.2992 10.3197 11.4546 12.3463 12.0248 15.5987 14.5921 13.2937 11.7943 11.077 12.2036
threshold=0.0014882296037690304 -0.0013639540657373152 0.0015432951595676374 0.0061709089200092599 0.013687506501497375 0.0062623029751807226 0.31288679534333658 0.0028822302217861415 0.25957404809702744 0.16368441763871958 0.76996669038972132 0.014480532343498885 5.5000000000000009 1.0000000180025095e-35 0.0033596586796136832 -0.0023369715046271393 0.29037028244761098 0.006615429235175622 0.0011166776020685135 0.0010235702430817877 0.0075082580635712007 0.1108272489003409 0.84278314874042726 0.062457276539195923 -0.0004578642929462231 0.0014577262053352077 0.5709447339277044 3.2428095549953411 830.84999999999968 0.020893695734156396
decision_type=2 2 2 2 2 2 2 2 2 2 2 2 2 2 2 2 2 2 2 2 2 2 2 2 2 2 2 2 2 2
left_child=-1 12 3 -3 5 11 -7 8 -8 10 -6 -4 16 -14 15 -15 20 18 19 -18 21 23 -23 24 25 -2 -25 -24 29 -22
right_child=1 2 4 -5 9 6 7 -9 -10 -11 -12 -13 13 14 -16 -17 17 -19 -20 -21 28 22 27 26 -26 -27 -28 -29 -30 -31
leaf_value=-0.050165747064218037 0.017919795213588142 -0.0072292048793164551 0.00060733005540824646 -0.041095942019874258 -0.0048800470901780527 0.088710908684598216 0.11372505752448935 -0.0085103012979693537 -0.00097737873020975843 -0.025020841033389769 0.064682413314885084 0.049844993823835254 0.018733997418062785 0.097860253695356128 -0.048276597716778592 -0.011975214544173406 0.015746596182220973 0.060601938141878579 0.00528770628538774 0.14586389834968233 0.044741234911682366 0.0047556732569429203 -0.010120671733426692 -0.026834528471521093 -0.0094889845464605372 0.13983633920912042 0.038703075533678188 0.049160230841429911 0.048227112578537776 -0.026660558844673672
leaf_weight=14.834714913275091 6.5769294379279 511.35362802213058 657.43981100479141 22.443282121326774 36.116392290219665 7.2530400454998007 7.1537978835403901 21.658227577805519 6.0985074453055859 68.979271717369556 7.3139853570610276 10.226166320964692 159.15128432167694 4.3539261706173447 14.004273597151039 22.012074766680598 4.7623951537534586 12.942774683237074 192.29619031026959 2.9356311392039061 6.4719778895378104 963.81930072046816 229.60031758248806 95.137343239504844 24.397458267398179 3.9154539797455072 8.4225524649955315 8.7086070850491506 6.1418598666787139 79.413044206798077
leaf_count=5242 91 11285 11898 655 597 70 62 219 62 1316 87 119 1447 38 130 317 99 114 1640 39 73 8954 1922 1222 330 45 112 52 35 781
internal_value=-0.000149505 8.22834e-05 -0.00285566 -0.00865312 0.00090805 0.00306513 0.0300428 0.0178539 0.0609408 -0.0127132 0.00683477 0.00136147 0.00224153 0.0123693 -0.0127223 0.00616237 0.00101355 0.0108218 0.00760022 0.0653666 -0.000444313 0.00066755 0.00223605 -0.0129514 0.0124355 0.0634155 -0.0215043 -0.00795435 -0.0166411 -0.02128
internal_weight=3215.93 3201.1 1356.04 533.797 822.239 709.83 42.1636 34.9105 13.2523 112.41 43.4304 667.666 1845.06 199.522 40.3703 26.366 1645.54 212.937 199.994 7.69803 1432.6 1340.58 1202.13 138.45 34.8898 10.4924 103.56 238.309 92.0269 85.885
internal_count=49053 43811 26370 11940 14430 12430 413 343 124 2000 684 12017 17441 1932 485 355 15509 1892 1778 138 13617 12728 10928 1800 466 136 1334 1974 889 854
is_linear=0
shrinkage=0.05


Tree=75
num_leaves=31
num_cat=0
split_feature=18 4 59 20 59 51 42 5 38 26 20 56 60 63 6 19 59 1 5 52 59 59 20 59 21 20 47 13 50 43
split_gain=14.1818 7.88723 9.29695 11.6896 15.2016 10.0911 9.98086 10.7317 9.65017 10.8722 9.61754 11.9096 9.15868 8.51299 10.8105 11.4399 17.3043 21.641 13.0818 11.8093 11.2345 11.1911 11.1005 10.6913 16.198 15.5169 13.4622 9.62552 11.9826 13.3773
threshold=0.0014882296037690304 1102.4921428571433 -0.024660633804338413 -0.01087055887449364 -0.013664957503751332 1.0000000180025095e-35 7.4050000000000003e-06 0.0036495704235225833 0.19305541321915379 0.14013809035380517 -0.016022840779575758 0.38092254543781717 0.71410335568879335 -0.020462592634947565 5.5000000000000009 -0.0008251204284548631 -0.0021589811654689731 -0.00069303331562871144 0.0024030272572813033 0.45123913112632597 -0.0030568610856423332 -0.0075320888654819814 -0.0063224468006781043 -0.005173393328614855 -0.0027820706012782006 -0.0034999191309411956 -9.5500108205862975e-05 0.023644543986115898 -0.0039559094699556183 6.7555000000000013e-05
decision_type=2 2 2 2 2 2 2 2 2 2 2 2 2 2 2 2 2 2 2 2 2 2 2 2 2 2 2 2 2 2
left_child=-1 2 10 -4 5 6 -5 8 9 -8 -2 -12 -10 27 15 -15 17 20 21 -18 -17 -19 -16 24 26 -25 -24 -6 29 -29
right_child=1 -3 3 4 13 -7 7 -9 12 -11 11 -13 -14 14 22 16 19 18 -20 -21 -22 -23 23 25 -26 -27 -28 28 -30 -31
leaf_value=-0.05015769379927653 0.00092984367592580856 -0.03512095370981886 -0.015072509954201211 0.050266748008231048 0.073723699583037677 0.041005597854597398 -0.013262184018095946 -0.015940265401314543 0.011792299606404301 0.052837548413026861 0.014114902397858798 0.068468925566596325 0.051952716644442704 -0.01646652242244866 -0.0147269248525074 0.037992416895638127 -0.014661167220752372 0.08142188531747023 -0.024151505164398259 0.012149825773924731 0.12031981368356709 0.0097902071321680356 -0.027631700250248661 -0.024642521507984995 0.011369714586909298 0.00047748834693944232 0.037271058998451193 0.076432952094229664 -0.0013785672975440125 -0.0033276694481579432
leaf_weight=14.113425612915306 52.936820909380913 15.83999766781926 127.23862717300653 13.530191995203493 6.4219256006181231 29.292927429080009 40.198361434042454 42.218730986118317 37.237464062869549 7.3599989339709273 30.079038605093956 15.155968070030211 22.943156361579895 208.66656650230289 111.64263571985066 15.479903360828759 198.98803666513413 6.0170788168907157 28.601074870675802 51.753338606096804 5.65862195752561 58.119764293078333 48.161653585731983 64.201873471960425 422.45214019250125 1447.9694178365171 9.5787008814513666 12.242851458489897 59.726440794765949 9.2127099707722646
leaf_count=5242 305 192 1011 72 43 136 254 253 179 41 164 69 114 3073 1203 127 5054 33 255 1037 66 636 447 1219 3082 24034 78 90 476 68
internal_value=-0.000146938 7.37059e-05 0.000248845 -0.0002332 0.000405184 0.0139804 0.00913818 0.00542728 0.0138004 -0.00303277 0.0153965 0.0323262 0.027103 -0.000541342 -0.00104321 -0.00712994 -0.00178673 0.0143764 0.00396998 -0.00912734 0.0600308 0.0165104 0.000615264 0.00147497 0.00797468 -0.000589026 -0.0168648 0.0147963 0.0101348 0.0421849
internal_weight=3213.04 3198.93 3183.09 3084.91 2957.68 192.781 163.488 149.958 107.739 47.5584 98.1718 45.235 60.1806 2764.89 2677.29 573.284 364.618 113.876 92.7379 250.741 21.1385 64.1368 2104.01 1992.36 480.192 1512.17 57.7404 87.6039 81.182 21.4556
internal_count=49053 43811 43619 43081 42070 1049 913 841 588 295 538 233 293 41021 40344 10281 7208 1117 924 6091 193 669 30063 28860 3607 25253 525 677 634 158
is_linear=0
shrinkage=0.05


Tree=76
num_leaves=31
num_cat=0
split_feature=58 20 43 5 49 6 50 21 37 60 21 64 63 60 37 42 5 48 2 37 0 45 1 42 60 63 60 42 11 3
split_gain=8.06421 10.6478 14.6754 11.7409 11.1162 9.10567 8.92521 8.7257 9.84331 9.72435 8.62364 11.2532 11.6704 9.8094 9.32453 13.1173 12.8878 19.2104 12.3367 14.705 11.4566 9.98829 9.22476 14.7487 8.70344 17.0312 10.5764 13.531 12.9095 8.54819
threshold=-0.0004504940351024482 0.0024376329473493469 -2.0909999999999998e-05 0.0036853387290187176 -0.0036514067819228241 5.5000000000000009 0.0036348128775135638 0.0083754515952687621 0.68348932332356671 0.97948196731936044 0.00079131775401743794 0.4444345387859398 0.0043198156270852972 1.0000000180025095e-35 0.44905922333415832 4.6340000000000007e-05 0.0017704121472037519 -0.00039202932045320744 0.0043116226412305064 0.50092866625489885 0.00041652772246064928 -0.00044293984130132808 -0.0026248446001729056 5.1540000000000005e-05 0.49790449798196806 -0.033721642016703683 0.32952381477317555 7.3030000000000011e-05 -0.49825702801560628 0.0047955413556422799
decision_type=2 2 2 2 2 2 2 2 2 2 2 2 2 2 2 2 2 2 2 2 2 2 2 2 2 2 2 2 2 2
left_child=6 -2 -3 4 5 -4 10 -5 -9 -10 11 24 13 -13 15 16 17 20 19 -16 -12 -20 -17 -24 25 -1 27 -27 -29 -8
right_child=1 2 3 7 -6 -7 29 8 9 -11 14 12 -14 -15 18 22 -18 -19 21 -21 -22 -23 23 -25 -26 26 -28 28 -30 -31
leaf_value=0.090699859441508268 -0.0057232346295260977 -0.033317450973203419 0.102234385299244 -0.019181059412041502 0.0058599509122796815 0.025667677962171155 0.0010055735925771983 0.079329855263605878 -0.038795219388842547 0.043582174904479382 -0.031936886374033961 -0.026899708189088073 -0.038692070111484594 0.0058782332249708719 0.13571317673190569 -0.024228186725401443 -0.033157525343491943 0.1538049758488553 -0.062005960248707651 0.037692440007236892 0.054534946667770916 0.024426393526494616 0.128306918441247 0.023938570785590394 -0.023990598368339902 -0.04383733828525499 0.028162587530292688 0.10536745422048786 -0.009814179616061576 -0.015921396025326672
leaf_weight=5.0201581791043273 1021.9599247034639 26.819542728364468 4.6120201882440623 75.125074289739132 422.23120651068166 24.566774842329323 207.98707353835925 4.9426381420344141 8.0996499285101873 6.4236925262957802 10.10315493587405 23.372056048596278 15.440519371535627 975.96207813289948 4.4235105980187646 8.6164326351135951 29.009371997788548 2.3490608141291878 4.9345361310988656 28.337058216333389 6.1694537934381506 10.360641811043022 3.6686378712765864 43.778185348492116 65.695657782256603 22.884421398397535 15.819617869332431 3.3207320540677747 9.0964808154385519 116.28721862658858
leaf_count=32 19413 481 66 1009 6965 298 3041 60 117 94 222 906 258 11193 57 94 444 52 81 307 114 141 46 699 718 488 199 56 148 1254
internal_value=-0.000143394 -0.0026645 0.00279254 0.00456626 0.00792258 0.0377699 0.0023498 -0.0114509 0.0183823 -0.00235959 0.00421595 0.00272125 0.00444513 0.00511163 0.0154113 0.00697381 -0.0123196 0.0201424 0.0336177 0.0509277 0.000847284 -0.00345845 0.0233654 0.0320084 -0.0116368 0.0028193 -0.00581066 -0.021035 0.0209888 -0.00506457
internal_weight=3207.42 1594.78 572.821 546.001 451.41 29.1788 1612.64 94.5911 19.466 14.5233 1288.36 1136.61 1014.77 999.334 151.75 103.694 47.631 18.6217 48.0557 32.7606 16.2726 15.2952 56.0633 47.4468 121.837 56.1414 51.1213 35.3016 12.4172 324.274
internal_count=49053 28503 9090 8609 7329 364 20550 1280 271 211 16255 13998 12357 12099 2257 1671 832 388 586 364 336 222 839 745 1641 923 891 692 204 4295
is_linear=0
shrinkage=0.05


Tree=77
num_leaves=31
num_cat=0
split_feature=18 59 18 14 19 42 21 5 37 59 13 36 48 5 19 37 62 59 50 38 37 38 59 4 59 12 1 62 6 58
split_gain=13.418 7.61884 15.8914 11.7995 10.9039 11.8553 10.9085 10.4684 11.8294 11.4758 12.2979 10.8548 10.847 13.4496 14.9656 22.3871 13.0794 12.5145 12.2557 14.6129 11.7469 10.4432 11.4403 15.6392 15.8906 10.5454 26.3854 11.0476 11.9265 14.1188
threshold=0.0014882296037690304 0.0026711989739723143 0.0028040249566511689 0.98102458597449493 0.0011631093759802166 3.7750000000000003e-06 0.001113216391949163 0.0039220070871677842 0.58393085548231805 -0.0011247267927705035 0.018307794576071703 3.1897387100902068 -0.00052221858742235833 0.0034134477141699615 0.0010082483925451351 0.10591263573108427 0.0044646675726747942 -0.0044353083462125376 0.0026208283588573622 0.25344680403451653 0.034753484479207855 0.24684187389854856 0.011294299539410612 785.00357142857069 0.023801984047257588 0.20477385561583203 0.000210965743368097 0.012255149772673888 7.5000000000000009 0.010034567511446752
decision_type=2 2 2 2 2 2 2 2 2 2 2 2 2 2 2 2 2 2 2 2 2 2 2 2 2 2 2 2 2 2
left_child=-1 7 4 21 -3 6 -6 12 9 10 -9 -10 13 14 16 -16 17 20 19 -17 -2 22 25 -24 -25 26 -4 28 29 -27
right_child=1 2 3 -5 5 -7 -8 8 11 -11 -12 -13 -14 -15 15 18 -18 -19 -20 -21 -22 -23 23 24 -26 27 -28 -29 -30 -31
leaf_value=-0.050148988663738459 0.052767189841953402 -0.033433135010767202 -0.036727740249496432 0.087359120705982618 -0.0064686237793659803 -0.011151704293448549 0.15108197352499672 0.073643531793484027 -0.016820326967010992 -0.034280602716963676 0.0072105183301161592 0.052059435425189308 0.004622346804850185 0.02117164646108019 0.079949509334991509 -0.00025575132968339964 -0.046580760034446507 -0.018695767119028654 -0.018357123945547185 0.084314245688406481 -0.0027410427982065659 -0.012917185221295154 -0.013844614917402662 0.11518768615701412 -0.00091403406668046994 -0.020491379777585757 0.16255692267684219 0.057609232801322532 0.012244212291055902 0.073735246532812104
leaf_weight=13.357697512954472 9.9083961583673936 65.140144482720643 3.0549774821847668 3.8396664392203084 2.1935180742293587 121.48724499670789 2.2011370696127415 7.6033951938152304 187.9704214669764 15.113573439419268 83.137385686859488 5.8992842659354201 1633.5674302740954 50.135200299322605 11.473637489601968 13.814170561730863 22.318083999678493 151.69549781829119 29.46766564110294 8.1047479547560197 250.36685568839312 129.38347814418375 120.9571873228997 4.8988348171114904 7.3975920155644417 54.887737944722176 3.6399330459535122 10.747445397078989 178.01716344244778 4.2859131265431634
leaf_count=5242 76 2230 64 59 67 3064 52 56 1585 195 587 32 19752 411 144 148 370 2892 325 90 2086 2811 2189 77 117 1324 51 135 2740 82
internal_value=-0.000140762 6.84636e-05 -0.00449013 3.20488e-05 -0.0168267 -0.00823333 0.0724432 0.00137716 -0.00738449 0.00605834 0.0127771 -0.0147244 0.00258131 -0.00351089 -0.00600002 0.0168021 -0.00930046 -0.00728084 0.00270248 0.0310149 -0.000627905 -0.000616175 0.00348695 -0.00838313 0.0453403 0.00969875 0.0716207 0.00802671 0.00578006 -0.0136666
internal_weight=3206.07 3192.71 712.132 521.11 191.022 125.882 4.39466 2480.58 299.724 105.854 90.7408 193.87 2180.85 547.284 497.149 62.8602 434.289 411.971 51.3866 21.9189 260.275 517.27 387.887 133.254 12.2964 254.633 6.69491 247.938 237.191 59.1737
internal_count=49053 43811 15062 9649 5413 3183 119 28749 2455 838 643 1617 26294 6542 6131 707 5424 5054 563 238 2162 9590 6779 2383 194 4396 115 4281 4146 1406
is_linear=0
shrinkage=0.05


Tree=78
num_leaves=31
num_cat=0
split_feature=18 58 21 59 21 54 1 21 2 63 16 59 35 18 18 54 59 20 6 6 52 48 42 50 62 38 50 19 16 18
split_gain=12.7597 7.59918 10.8472 16.5218 10.4709 12.8 12.6799 11.1435 9.65605 10.702 10.4192 9.41852 13.1613 11.956 13.3657 9.16985 8.98394 12.5245 8.74316 20.7333 12.5184 14.2179 12.4037 12.0549 16.2913 12.2476 21.1616 11.1002 10.9322 13.1615
threshold=0.0014882296037690304 -0.0097075200006514571 -0.0052028018834899591 -0.017548071315661145 -0.0015093669620072079 0.0072147382324892042 0.006382447393375003 -0.001198122506306727 -0.012125510605162981 -0.020462592634947565 0.038622601475685907 -0.028360432417434332 0.083550925179385852 0.0079623897895857512 0.012756570451043078 -0.0045809360504524563 -0.0016163438634930174 -0.012409115078305976 11.500000000000002 15.500000000000002 0.62308066089453329 0.00044831147423923421 2.4450000000000007e-06 0.0031220718721126023 -0.013949741857396957 0.14222517094528617 0.001358697281237753 0.0128825641985483 0.44775065351206994 0.0021676992058048271
decision_type=2 2 2 2 2 2 2 2 2 2 2 2 2 2 2 2 2 2 2 2 2 2 2 2 2 2 2 2 2 2
left_child=-1 4 15 -4 6 7 11 -6 10 -10 -5 12 -2 16 -15 -3 17 -13 -11 20 21 22 -20 24 -21 26 -26 -25 29 -24
right_child=1 2 3 8 5 -7 -8 -9 9 18 -12 13 -14 14 -16 -17 -18 -19 19 23 -22 -23 28 27 25 -27 -28 -29 -30 -31
leaf_value=-0.050141746455352069 0.068412916056337716 -0.0016793097533779483 0.019896157517518699 0.041453206627204447 0.07176712837100184 0.085742524488197899 -0.043574294023266825 0.0013354133267561151 0.018937152629587693 -0.004031059922017681 -0.029515268215552483 -0.017633027538187348 3.8234724748184603e-05 -0.048532909432589276 0.044377803786664796 -0.02924235950426346 -0.026484862244116721 0.029482520808669394 0.07887792756098172 0.061516035811791325 -3.3610045237416642e-05 0.069124623580423178 -0.022898327917106817 -0.014096198194290588 0.0091094619804103754 -0.0019336068162987567 0.11463378512830413 0.058001137856152997 0.028566468748099084 0.011135201055882359
leaf_weight=12.708023858722298 13.946546696126463 61.325691048055887 101.24775824695826 5.8056083023548117 7.2890810258686569 8.7693570796400291 12.990435704588888 24.466606162488461 70.752378337085247 1156.6184222735465 47.373444955796003 19.092318378388882 14.207727149128912 19.128306532278661 4.8528259564191094 59.405012749135494 14.04740829579532 53.995186619460583 7.0240640696138135 10.76865992695093 228.62415649276227 11.715073619037865 32.4025823851116 238.18825495522469 22.135388917755339 627.62664889032021 6.0493719433434299 5.4610689245164385 75.134866375476122 230.39444780535996
leaf_count=5242 76 472 513 44 53 101 161 286 524 19616 414 142 75 212 52 575 233 373 79 93 2326 106 732 3523 285 9291 73 63 849 2469
internal_value=-0.000139625 5.95162e-05 -0.000559239 5.68234e-05 0.00968191 0.0322688 0.00367027 0.017502 -0.000666748 -0.000254642 -0.0217676 0.00807701 0.0339084 0.00153192 -0.0297315 -0.0152416 0.0101362 0.0171747 -0.00076663 0.00175804 0.00909972 0.0149541 0.0131144 -0.00296281 0.000516016 -0.000485626 0.0317584 -0.0124802 0.0117475 0.0069389
internal_weight=3203.55 3190.84 2998.05 2877.32 192.786 40.525 152.261 31.7557 2776.07 2722.9 53.1791 139.27 28.1543 111.116 23.9811 120.731 87.1349 73.0875 2652.14 1495.52 585.295 356.671 344.956 910.229 666.58 655.811 28.1848 243.649 337.932 262.797
internal_count=49053 43811 42047 41000 1764 440 1324 339 40487 40029 458 1163 151 1012 264 1047 748 515 39505 19889 6561 4235 4129 13328 9742 9649 358 3586 4050 3201
is_linear=0
shrinkage=0.05


Tree=79
num_leaves=31
num_cat=0
split_feature=59 23 59 23 62 63 5 7 38 50 6 45 63 58 13 1 4 38 59 23 21 5 44 42 42 12 11 60 59 38
split_gain=7.40606 10.2559 10.7157 9.96993 11.8667 9.9552 9.84056 9.76212 9.66271 9.78112 9.42887 9.38038 9.31619 11.4762 8.90199 15.2209 9.92063 11.4028 9.98447 8.92723 9.49324 14.3668 8.90199 8.74676 12.8008 8.54983 14.447 9.51559 9.01525 11.2948
threshold=-0.0034760205464071437 -0.00024906179915606437 -0.0039415887580663764 1.2347026580992731e-05 -0.012232347506433814 0.0043198156270852972 0.003730267278354345 3.5000000000000004 0.36410439364659458 -0.0020071132654774942 21.500000000000004 -0.00043476767188757782 -0.00033443800919780034 -0.0050120470784510594 0.25789218572676947 -0.0030877163898529224 324.86785714285469 0.31424026844727188 -0.012547761691782089 0.00022903101485936169 -0.00080698860382414446 0.0022582755641874209 1.8689999999997248e-05 1.5435000000000004e-05 3.4770000000000008e-05 0.37079942152740447 -0.76975607347916075 0.091620285060763945 -0.00035710523187846205 0.23163090011121837
decision_type=2 2 2 2 2 2 2 2 2 2 2 2 2 2 2 2 2 2 2 2 2 2 2 2 2 2 2 2 2 2
left_child=1 2 -1 4 23 7 10 -6 -9 -10 14 -12 13 -5 16 -16 17 22 -18 20 21 -20 -3 -2 -25 -15 28 -28 -27 -30
right_child=3 6 -4 12 5 -7 -8 8 9 -11 11 -13 -14 25 15 -17 18 -19 19 -21 -22 -23 -24 24 -26 26 27 -29 29 -31
leaf_value=0.00014601658948559443 -0.024023132366067124 0.010369522555116395 -0.041043729999610805 -0.022758962076600581 -0.0028497285845849245 -0.0463275485989188 -0.0099470263028130761 -0.019172275851178051 0.13131051151637294 -0.0066691523697843804 -0.043478979920087209 0.0073220792406360402 -0.0011885350631285158 -0.037970168297356638 0.086722204276071274 0.01976681706996701 0.051184613271137658 0.051160448470961739 0.063117291463667499 0.034249300305278667 -0.024735139018905443 -0.011448544161634844 0.066312214219647558 0.11867775949341504 0.019426031720487767 0.11381242734534597 -0.024185636824661332 0.023819238797252753 0.10082932890786073 -0.014788106172870935
leaf_weight=932.28377378056757 5.9318022094666985 199.62961384304799 16.061997019220144 17.859722210094333 320.35325716389343 17.669351771939546 64.451621923595667 181.71345944702625 2.1559604736976326 3.1771553137805304 15.059637113241477 22.911561926361173 1091.2827730297577 5.7737171608023337 10.097471330314873 53.25386279146187 8.0133194178342801 20.8446997073479 8.9661808013915998 11.675641424953936 55.847412806004286 23.109204284846783 7.3738292197231194 4.4942067200318006 11.721486021764575 6.4983150225598374 12.447696174960582 60.47729849582538 3.7528744125738704 4.8324229114223272
leaf_count=7796 73 2019 317 240 6011 608 422 6017 49 85 164 193 22138 106 68 358 37 149 74 65 436 178 74 53 130 46 285 724 58 80
internal_value=-0.000137215 0.00250594 -0.000551608 -0.00232645 -0.00792169 -0.00943389 0.0082909 -0.00814913 -0.0172254 0.0491104 0.0109821 -0.012826 0.000218857 0.0139759 0.0132489 0.0304387 0.0100026 0.0159118 -0.002509 -0.00682899 -0.0122839 0.00939519 0.0123623 0.0279293 0.0469338 0.0209716 0.0248384 0.0156252 0.0693817 0.0357515
internal_weight=3199.72 1449.58 948.346 1750.14 547.217 525.069 501.234 507.4 187.047 5.33312 436.782 37.9712 1202.92 111.642 398.811 63.3513 335.46 227.848 107.612 99.5984 87.9228 32.0754 207.003 22.1475 16.2157 93.7823 88.0086 72.925 15.0836 8.5853
internal_count=49053 12350 8113 36703 13026 12770 4237 12162 6151 134 3815 357 23677 1539 3458 426 3032 2242 790 753 688 252 2093 256 183 1299 1193 1009 184 138
is_linear=0
shrinkage=0.05


Tree=80
num_leaves=31
num_cat=0
split_feature=58 21 38 60 60 59 35 48 2 0 63 7 21 63 60 59 20 11 13 59 62 5 54 20 12 47 62 19 50 54
split_gain=7.2941 12.8124 12.1022 16.4881 13.9934 11.3823 10.9166 10.1828 9.84435 12.5556 9.25369 9.50392 9.21121 19.3198 15.927 13.7174 14.5635 12.7099 11.0738 10.7152 19.6687 11.1669 11.8281 11.1616 11.0795 11.3388 10.9824 10.6945 10.2363 9.96697
threshold=-0.0081954303491995981 -0.0072358242474633849 0.31424026844727188 0.78863573753896943 0.24057834153275059 -0.020508045326491867 0.64459986980109274 -0.00052578343067463988 -0.013155698870434043 -0.0068020003511503552 0.02709302147913677 1.5000000000000002 -0.001198122506306727 -0.0072624266005512986 0.0063076330137050909 -0.0073502114018449763 -0.003954651504825696 -1.425079109167086 0.032177400796263515 0.0029272087381537856 0.014934735297136901 0.0038186780887579769 -0.011225119704935225 0.0092887778321294173 0.20477385561583203 0.00091555468571187569 0.01818067740113127 0.0010711196509421608 -0.00016141528998516686 -0.0020484036021708148
decision_type=2 2 2 2 2 2 2 2 2 2 2 2 2 2 2 2 2 2 2 2 2 2 2 2 2 2 2 2 2 2
left_child=2 -2 4 -4 -1 6 -3 8 -7 -10 12 -12 14 -14 -9 16 18 -17 -16 21 24 22 -15 -23 -21 27 -22 -26 -27 -18
right_child=1 5 3 -5 -6 7 -8 10 9 -11 11 -13 13 19 15 17 29 -19 -20 20 26 23 -24 -25 25 28 -28 -29 -30 -31
leaf_value=0.059272746685374834 -0.033578366111726259 0.0065187163536792941 -0.0076902478585207032 0.097270276845037154 0.0026778351015566229 -0.043695907202195919 0.047030454549175787 -0.056022889140567446 0.056267634905332646 -0.0066710341469741145 0.0058258853750064524 -0.048614350820091697 0.024502349825342329 0.028343300045455978 0.057747235479089831 0.08256337998492172 0.061108059139431785 -0.013340594393970763 -0.0038008275430463524 0.060796586935069702 0.10556822602476526 -0.022861791763164496 0.0041620480152088036 0.04387683604793708 -0.023683249239379763 -0.02257218436379782 0.003821878117221459 -0.0046953301068637212 0.069563904371386223 0.014152676734000558
leaf_weight=11.39653219655156 29.665368342772126 60.563283249735832 6.7018413785845032 8.4708853997290117 262.41729768551886 17.654595138505101 22.923127084970474 14.760286689270286 8.0366261880844814 565.34395586862229 13.786342173814772 19.156374318525195 95.988420404726639 53.41469984757714 7.5692670568823806 3.5047210901975623 15.264500164426861 242.01272431667894 211.85501995682716 6.0305261479225001 6.1516317015048099 59.023373102769256 949.80226950917859 7.0087652988731852 94.72973824176006 4.5909832566976556 4.6621285434812307 341.43702904134989 8.7791433371603453 43.529164038132876
leaf_count=97 243 337 60 71 2516 147 117 275 64 9351 183 293 939 536 53 34 89 3723 1607 118 96 532 16861 39 3009 70 59 7178 92 264
internal_value=-0.00013397 -0.000887039 0.00744201 0.0509089 0.0050334 -0.000550019 0.0176422 -0.00109359 -0.00692118 -0.00578887 0.000469827 -0.0258314 0.000869085 0.00274049 -0.0048012 -0.00335764 0.00424386 -0.0119716 -0.00167766 0.00138021 -0.00494384 0.00413862 0.00544954 -0.015778 -0.00652582 -0.00742894 0.0617024 -0.00881926 0.0379266 0.0263436
internal_weight=3196.23 2907.24 288.987 15.1727 273.814 2877.58 83.4864 2794.09 591.035 573.381 2203.06 32.9427 2170.11 1631.62 538.496 523.735 278.218 245.517 219.424 1535.63 466.381 1069.25 1003.22 66.0321 455.567 449.537 10.8138 436.167 13.3701 58.7937
internal_count=49053 46309 2744 131 2613 46066 454 45612 9562 9415 36050 476 35574 29529 6045 5770 2013 3757 1660 28590 10622 17968 17397 571 10467 10349 155 10187 162 353
is_linear=0
shrinkage=0.05


Tree=81
num_leaves=31
num_cat=0
split_feature=18 4 43 18 63 48 17 20 31 4 59 21 58 15 11 6 59 1 54 47 37 41 42 58 7 6 7 37 54 0
split_gain=12.0622 7.44095 16.8832 7.66142 8.23737 11.1591 8.80753 16.7252 8.18902 10.6565 11.0382 11.3122 10.9888 12.0054 9.8296 9.65848 9.27348 10.706 10.3355 17.6836 9.83973 11.3406 12.1369 9.4636 9.00517 16.282 15.863 14.4281 14.2904 13.473
threshold=0.0014882296037690304 102.85000000000063 -1.0000000180025095e-35 0.0017244628137603202 -0.0036323621444722611 -0.00044630679820916965 0.62184821863772677 0.0015432951595676374 0.45704128341606293 1102.4921428571433 -0.028360432417434332 -0.0081122469488254505 -0.010806516223081968 0.21584417645191209 0.86432932961273479 22.500000000000004 0.0061449901963459173 0.0010771422501501121 -0.0042369992695000238 -0.00029019454133371388 0.31575810046749803 -1.4049999999999999e-06 9.2450000000000021e-06 -0.0061799365104130951 5.5000000000000009 21.500000000000004 3.5000000000000004 0.74054877737584246 -0.00084689696797772996 0.0016387339909276681
decision_type=2 2 2 2 2 2 2 2 2 2 2 2 2 2 2 2 2 2 2 2 2 2 2 2 2 2 2 2 2 2
left_child=-1 2 -2 4 5 -3 7 -6 9 10 12 -12 13 -5 -14 -10 24 20 19 -19 -18 22 -22 -24 26 29 27 -13 -29 -26
right_child=1 3 -4 8 6 -7 -8 -9 15 -11 11 16 14 -15 -16 -17 17 18 -20 -21 21 -23 23 -25 25 -27 -28 28 -30 -31
leaf_value=-0.050135878789741753 0.21571005513025901 -0.01890306087798381 0.0089798973130686393 0.013039210127779744 -0.010527218544446115 0.1045664117270784 -0.029775081254056996 0.15220021604056208 0.0077918543135430786 -0.043026526553959166 -0.029798883185994003 0.004458373041222004 -0.012583028736083419 0.087229925052719592 0.047810636507513014 0.064781462079702826 -0.046755291795012512 -0.028157987638208454 -0.0040864081737084657 0.11435435241784178 0.10107210979241209 -0.020593004996785663 0.077435710110737688 -0.036663399571011689 0.0099006308545733345 0.042156005542216608 -0.0075026301240011736 0.0023508152841120386 -0.019547069592627135 -0.023504628709626336
leaf_weight=12.01479695283342 1.2998553179204462 4.3103813896887004 4.1113808387890449 11.069957338273527 8.1382883545011264 3.1801543952897182 54.753349924925715 1.9591559194959689 200.81829311139882 14.559073278680442 32.731652572751045 1340.1974453367293 24.459383152425289 10.745878696441649 9.2987923771142942 7.7204196583479634 27.835009584203362 3.9104156550019979 208.4868134111166 4.9097375590354186 4.1562759112566701 65.227567872032523 2.5848656315356484 6.1202264651656142 198.30903111118823 33.358079316094518 560.72453932557255 162.8237999137491 137.3545165322721 35.60296787135303
leaf_count=5242 34 115 179 58 318 87 2097 74 2206 185 304 16180 152 53 46 83 867 72 4100 69 79 1667 40 145 2682 333 7954 1617 1579 436
internal_value=-0.000131775 5.71078e-05 0.0586394 -4.27247e-05 -0.0161279 0.0335167 -0.0218621 0.021046 0.000332275 -0.000357177 -0.000141466 -0.000575684 0.021926 0.0495835 0.00405259 0.0099017 -0.000233041 -0.00819671 -0.00184358 0.0511715 -0.0212304 -0.012132 0.0307787 -0.00278313 0.000809795 0.00947653 -0.000242569 0.00223912 -0.00766914 0.00481613
internal_weight=3192.77 3180.76 5.41124 3175.35 72.3413 7.49054 64.8508 10.0974 3103 2894.47 2879.91 2824.33 55.574 21.8158 33.7582 208.539 2791.6 323.231 217.307 8.82015 105.924 78.0889 12.8614 8.70509 2468.37 267.27 2201.1 1640.38 300.178 233.912
internal_count=49053 43811 213 43598 2691 202 2489 392 40907 38618 38433 38124 309 111 198 2289 37820 7039 4241 141 2798 1931 264 185 30781 3451 27330 19376 3196 3118
is_linear=0
shrinkage=0.05


Tree=82
num_leaves=31
num_cat=0
split_feature=18 63 21 42 45 53 18 59 7 49 11 7 37 18 47 12 49 48 6 10 3 13 53 5 14 18 37 49 18 3
split_gain=11.4709 6.73059 9.97281 11.1946 13.2236 8.50553 9.0199 11.3866 7.52593 14.3967 15.7023 13.8369 11.586 13.3431 13.2144 11.2838 10.9989 19.364 13.8291 12.4039 10.8555 10.3511 10.6298 9.72581 13.1114 10.2882 10.5487 10.7681 11.6815 17.7907
threshold=0.0014882296037690304 0.0087120950308373964 0.002356246175002089 2.2985000000000001e-05 -0.00035971630633002471 0.0097629511699719434 0.002640796472354383 -0.0031609132786462406 5.5000000000000009 0.00052073710584180945 -0.33820680389376712 4.5000000000000009 0.77534285387458735 0.012756570451043078 -0.00051601187303843118 0.63705050693933962 -0.00070602392334100561 0.00062793743926317983 1.5000000000000002 1.0000000180025095e-35 0.0080799237971345486 0.15267619012419834 0.002201963205660862 0.00088835001196151402 0.25919329451328993 0.0022953584198130571 0.14617501349515391 -0.0017575434992513912 0.001550203816574581 0.0013525301799735792
decision_type=2 2 2 2 2 2 2 2 2 2 2 2 2 2 2 2 2 2 2 2 2 2 2 2 2 2 2 2 2 2
left_child=-1 8 5 4 -4 6 7 -3 11 10 15 12 13 14 -2 -10 18 -18 -14 -20 -11 -12 -23 24 -16 26 27 -25 29 -29
right_child=1 2 3 -5 -6 -7 -8 -9 9 20 21 -13 16 -15 23 -17 17 -19 19 -21 -22 22 -24 25 -26 -27 -28 28 -30 -31
leaf_value=-0.050129278678038229 -0.0091789326203126406 0.061051465677960562 0.015617208630002363 -0.0060101687852943458 0.11980446535833496 0.045545981981947072 -0.033698154721365205 -0.015944361725551269 0.021046432255460976 -0.0090284875918339655 -0.024271586173284541 -0.011860372038118759 0.040014490636347821 0.080154756682961681 0.17327793558569649 0.062072826751153269 -0.016136067398426358 0.072481618195428477 -0.025305511366747181 0.0045111727575882291 0.046170466512487462 0.0079663647736856955 0.07817253090168079 -0.023683255181488914 0.015770968699199996 0.0051603025016568205 -0.016188298271822756 -0.014896821383663845 0.0083227650338807673 0.24063776026831879
leaf_weight=11.430295237223616 222.80522997723892 6.003980619832876 13.358094027265908 63.316513449884951 3.9449167605489484 4.7238686252385369 64.745512636378407 23.979890927206725 56.531548701226711 124.65058273682371 24.510112914256752 235.1571651971899 21.329423805698752 5.5168675743043414 1.9634105549193908 23.822279844433069 231.51230518706143 6.3330902233719817 45.357017690315843 151.00767347961664 9.5923495758324844 93.680371389724314 5.7208140958100548 28.245522499550134 4.0398162854835391 1472.5327384881675 123.86984072579071 1.3592940866947167 108.08308735955507 1.3652681293897329
leaf_count=5242 3102 65 197 984 48 48 1013 626 915 1946 407 4635 214 36 48 350 2823 49 534 1494 78 1084 63 524 116 17820 2399 55 2087 51
internal_value=-0.000130254 4.95177e-05 -0.00933929 0.00372976 0.0393709 -0.0199334 -0.0231987 -0.000526691 0.000613264 0.00763522 0.0159944 -0.00028018 0.000842626 0.00250453 0.00228644 0.0332094 -0.00634356 -0.0137765 0.00177738 -0.00237599 -0.00508424 0.0048309 0.0120069 0.00375334 0.0672851 0.00353357 -0.00557711 0.00387542 0.0109003 0.113151
internal_weight=3190.49 3179.06 180.073 80.6195 17.303 99.4533 94.7294 29.9839 2998.99 338.508 204.265 2660.48 2425.32 1969.78 1964.26 80.3538 455.54 237.845 217.694 196.365 134.243 123.911 99.4012 1741.46 6.00323 1735.46 262.923 139.053 110.808 2.72456
internal_count=49053 43811 2981 1229 245 1752 1704 691 40830 4843 2819 35987 31352 26238 26202 1265 5114 2872 2242 2028 2024 1554 1147 23100 164 22936 5116 2717 2193 106
is_linear=0
shrinkage=0.05


Tree=83
num_leaves=31
num_cat=0
split_feature=18 4 58 38 60 60 48 53 10 19 37 59 58 4 59 5 53 45 48 18 14 45 0 60 59 18 38 4 58 2
split_gain=10.9088 6.6176 7.66027 10.1509 13.8536 11.7621 8.5804 9.92911 13.9951 10.6556 12.6412 18.7621 10.9155 9.77446 13.4474 9.4755 12.409 11.2508 13.4746 9.83796 10.5529 9.00998 8.62736 8.47966 9.22755 13.1004 12.8074 13.7197 14.9291 27.1476
threshold=0.0014882296037690304 1102.4921428571433 -0.0081954303491995981 0.31424026844727188 0.78863573753896943 0.24057834153275059 -0.00052578343067463988 -0.0053198417292019311 1.0000000180025095e-35 0.0009646854175126531 0.078846658696140631 0.0042296563574359307 0.0027837989544954402 102.85000000000063 0.00048022275500982119 0.0030543386980456566 0.00068566760086757775 -0.00057458789472777103 -0.00054361356052231246 0.0054209411371115837 0.40048097120368925 -0.00050928732587286784 -0.00029473687205865123 0.0078854182357725525 0.0013312766114956694 0.0054209411371115837 0.2358115987241127 204.17857142857278 0.00581873645317118 0.0041448676452855342
decision_type=2 2 2 2 2 2 2 2 2 2 2 2 2 2 2 2 2 2 2 2 2 2 2 2 2 2 2 2 2 2
left_child=-1 2 3 5 -5 -2 7 8 -4 15 11 12 -11 14 -8 22 17 -17 19 20 -19 -18 -9 -15 25 -25 27 28 -26 -30
right_child=1 -3 6 4 -6 -7 13 9 -10 10 -12 -13 -14 23 -16 16 21 18 -20 -21 -22 -23 -24 24 26 -27 -28 -29 29 -31
leaf_value=-0.050122997400507276 0.054686098678412856 -0.033231927262771591 -0.016918691514516904 -0.0071216104741714751 0.088718155375954136 0.003528036269675973 0.13862774300276437 -0.025060915374958061 0.023352142271527213 0.044199089349212212 -0.002017394646545931 -0.0414134562149297 0.14814718417115466 -0.011935732818677651 -0.051015920062897173 -0.018569940368495019 -0.041034442187583481 0.039367837639455401 -0.020969149408673744 0.022173820888660586 0.133044200282809 0.017270329857759347 -0.0083438009241619381 0.0055689737861140953 -0.029208190036778266 -0.0082089421917670817 -0.012956863199066443 0.0050388114951395099 -0.051953005002506415 0.19149470517380854
leaf_weight=10.874161341809666 11.755024887621401 14.872679837048052 33.303734382614493 6.6092490628361693 8.7792132627218944 254.29143511131406 2.8595784781500688 153.76044959388673 61.25584676489234 7.2962677413597685 130.91961364680901 4.4328074622899285 3.8624616544693708 124.97042511682957 1.3887156662531195 13.405364951118825 20.050014730542902 5.9620051737874764 7.7801159173250225 11.676046555861829 6.064642608165741 9.8966855052858573 154.95749341044575 1262.6421929607168 51.349489715415984 199.83181557059288 230.10263090301305 379.16745988838375 2.3851420721039167 2.2026873044669628
leaf_count=5242 97 192 363 58 70 2413 77 2394 526 109 2081 119 47 2559 78 142 230 60 80 110 53 99 2329 14415 1575 1599 5011 6817 75 33
internal_value=-0.000128846 4.22284e-05 0.000198688 0.00807218 0.0475556 0.00578841 -0.000570306 -0.00575663 0.00916882 -0.00841922 0.00305101 0.0456096 0.0801795 0.00086507 0.0766355 -0.0128007 0.00316133 0.0197914 0.0361256 0.0548663 0.0866057 -0.0217661 -0.0166699 0.000722174 0.00146564 0.00368637 -0.00341667 0.00162861 -0.0214872 0.06493
internal_weight=3188.71 3177.83 3162.96 281.435 15.3885 266.046 2881.52 624.624 94.5596 530.064 146.511 15.5915 11.1587 2256.9 4.24829 383.553 74.8349 44.8882 31.4828 23.7027 12.0266 29.9467 308.718 2252.65 2127.68 1462.47 665.207 435.105 55.9373 4.58783
internal_count=49053 43811 43619 2638 128 2510 40981 8742 889 7853 2356 275 156 32239 155 5497 774 445 303 223 113 329 4723 32084 29525 16014 13511 8500 1683 108
is_linear=0
shrinkage=0.05


Tree=84
num_leaves=31
num_cat=0
split_feature=18 59 20 5 58 5 59 7 32 21 63 53 21 63 17 17 58 3 53 20 64 64 59 62 5 60 53 18 6 54
split_gain=10.3745 6.46651 18.3133 9.17655 9.81327 8.1001 13.8774 9.46773 9.76389 9.20872 8.28847 12.6813 10.1383 8.51279 8.9682 12.8372 7.84104 11.3562 7.62971 13.7268 25.5332 16.0644 13.3246 12.401 12.3016 12.2002 18.8929 11.2663 10.8293 10.4389
threshold=0.0014882296037690304 0.01852754674717744 0.012012202769686882 0.0074376139541497957 0.017525202365317797 0.0056490377116819954 -0.035377141157370291 2.5000000000000004 9.5000000000000018 0.0065171544342671637 0.0069141893434967973 0.010587167712382673 0.0030089451833226117 0.02709302147913677 0.54266123000486466 0.93776105497342066 0.00581873645317118 0.0082800440052123257 0.00052093759087302289 -0.00033402460998699748 0.087946275162463894 0.058155429818123223 0.00019611493084777167 0.00084048655080525101 0.0012138949093049359 0.15995285137032042 -0.00075589604821855864 0.0044029355355522633 21.500000000000004 -0.0052435986274834987
decision_type=2 2 2 2 2 2 2 2 2 2 2 2 2 2 2 2 2 2 2 2 2 2 2 2 2 2 2 2 2 2
left_child=-1 2 5 4 -3 6 -2 8 -7 10 18 12 -12 14 -14 -16 17 -4 19 -8 21 23 24 -21 25 -22 -27 -24 -26 -20
right_child=1 3 16 -5 -6 7 9 -9 -10 -11 11 -13 13 -15 15 -17 -18 -19 29 20 22 -23 27 -25 28 26 -28 -29 -30 -31
leaf_value=-0.050117021275345432 0.045058860317466545 -0.024805523159272702 0.11096363409810971 0.057431668608142833 0.068063125077972034 -0.010591689482246938 -0.00050396931674148639 -0.038401135515086449 0.055453675305651033 0.048074704561917182 -0.019712158216140328 0.069178649315261243 0.099556371582115694 -0.026307803285894174 -0.021849705157123572 0.048976800911356408 0.01276076438381777 0.024261263300335498 0.011151442037836893 0.12080546485676578 0.015134133114247737 0.18158528590156681 -0.0035307889094675134 -0.0043092387719817016 0.01680773404886984 0.038736919583365476 0.17640748894325275 0.019589402801552361 -0.02242838608920137 -0.0040183879364464378
leaf_weight=10.345024650916455 17.314047701656818 58.564223010092974 7.0779160819947746 4.0470328312367192 2.9897819310426703 50.776910139247775 1042.95679100696 28.992049569264054 6.2891152575612059 9.9962507300078851 129.06552755180746 4.8494624849408856 3.4195707663893726 12.176392054185269 12.875184714794161 12.716345100663601 13.942365646362303 8.0972807034850103 127.07429541833699 3.3678427916020137 10.521558857522907 3.0565627980977288 260.39075363613665 4.8079106993973255 190.37965349107981 6.5399435870349407 4.0262659639120084 66.058828378096223 19.375858092680573 1054.3223161534406
leaf_count=5242 91 1042 76 74 32 461 11846 316 60 124 2406 50 55 196 214 166 160 70 1361 65 230 55 5872 92 1794 124 72 1060 212 15435
internal_value=-0.000127272 3.55536e-05 0.000363198 -0.0154997 -0.0202947 -9.74954e-06 0.000424782 -0.0151338 -0.00331298 0.000165278 3.91732e-06 -0.0105486 -0.0128196 0.00877919 0.0235057 0.0133437 0.0398301 0.0647004 0.000665519 0.00290312 0.00915342 0.0837906 0.00764909 0.0472293 0.0168431 0.0532458 0.0911964 0.00114771 0.0131834 -0.00238668
internal_weight=3186.41 3176.07 3110.47 65.601 61.554 3081.35 2995.29 86.0581 57.066 2977.98 2967.98 175.102 170.253 41.1875 29.0111 25.5915 29.1176 15.1752 2792.88 1611.48 568.525 11.2323 557.293 8.17575 230.843 21.0878 10.5662 326.45 209.756 1181.4
internal_count=49053 43811 42663 1148 1074 42357 41520 837 521 41429 41305 3087 3037 631 435 380 306 146 38218 21422 9576 212 9364 157 2432 426 196 6932 2006 16796
is_linear=0
shrinkage=0.05


Tree=85
num_leaves=31
num_cat=0
split_feature=18 59 13 38 20 63 63 50 12 35 37 58 58 64 14 42 12 16 19 54 7 18 13 12 32 6 7 2 43 38
split_gain=9.86638 6.31622 10.5152 10.1815 10.0258 10.6532 10.6244 9.76444 10.5811 11.6812 9.86778 11.0903 10.3332 9.47331 8.92463 8.61516 18.3111 13.1729 11.2456 8.24626 8.12778 9.56206 8.542 7.65746 15.1273 9.27747 9.76352 7.62878 8.12034 8.11941
threshold=0.0014882296037690304 0.0062841889570895825 0.047280266039038656 0.20251865467962346 0.0030960244805534275 0.031215529652027212 0.0016174490892762201 0.00028667331132832302 1.1373581674535582 0.24775124147522568 0.20847175602857543 0.0015775676989242566 0.0096060326684295309 0.51812368642379536 0.019542050656710368 1.9110000000000002e-05 0.53736605179526509 0.48332123850997954 0.002529259630687342 0.018403650307028094 1.0000000180025095e-35 0.0021916060056553295 0.15267619012419834 0.52854284256042727 8.5000000000000018 15.500000000000002 1.5000000000000002 0.0047767913403433835 4.713124999999999e-05 0.18565907850175034
decision_type=2 2 2 2 2 2 2 2 2 2 2 2 2 2 2 2 2 2 2 2 2 2 2 2 2 2 2 2 2 2
left_child=-1 4 -3 15 6 7 19 8 10 -10 -6 -12 13 -13 -9 16 -4 -18 -17 -2 21 -8 -23 24 25 26 -5 29 -29 -16
right_child=1 2 3 23 5 -7 20 14 9 -11 11 12 -14 -15 27 18 17 -19 -20 -21 -22 22 -24 -25 -26 -27 -28 28 -30 -31
leaf_value=-0.050111333533947582 0.00086038857340237475 -0.028889376543929535 0.11711911826879839 0.14094123602290923 -0.020039804562743922 -0.048811846451091614 0.091128762560052479 0.080450189702069796 0.099323540049419151 0.02797048304346126 0.059329207304897547 -0.014474964818564407 0.056399974750165741 0.066576613922008837 -0.024191820115260314 -0.02634388667097852 -0.0029914995837287579 0.10208444564751129 0.0068582389077977762 -0.03300564176683473 -0.017145369923369441 -0.028377242381250802 0.034769586024202631 -0.018219444057659111 0.1472131829406774 -0.024486167120168552 -0.0088727934664986231 -0.0045360382812741707 0.023296915510841926 0.003602603683490968
leaf_weight=9.8415805430849996 2287.3200919898227 44.747029613703489 4.9462225791066912 2.064475889317694 16.928743630647659 7.8325082547962657 3.4467624560929861 3.8169807344675055 8.3263960126787442 18.436265791300684 15.609219023957847 27.421265220269564 9.199447160586713 4.150825258344411 38.802686734125018 32.300756332930177 21.276625753380362 3.4690444562584153 121.18035909254104 18.117367306724191 141.19594651972875 11.349933188408615 10.140020437538622 114.87388111837208 1.990944368764757 10.702199136838315 2.2981657972559333 42.103490520268679 69.402828482910991 81.386646751314402
leaf_count=5242 28986 1316 96 56 219 94 90 37 77 178 157 345 84 37 566 880 385 60 1925 207 2627 170 125 2505 44 283 60 437 675 1090
internal_value=-0.000125791 2.91572e-05 -0.00620841 -0.00298754 0.000826528 0.00883162 -0.000285755 0.010177 0.0232611 0.0501698 0.0134377 0.0234895 0.00976845 -0.003819 0.00461742 0.00464009 0.0292936 0.0117389 -0.00012929 0.000594251 -0.0124977 0.0138183 0.00141855 -0.0135779 0.0176841 0.000565741 0.0620217 0.00336815 0.0127875 -0.00537072
internal_weight=3184.68 3174.84 359.85 315.103 2814.99 343.417 2471.57 335.585 100.072 26.7627 73.3095 56.3808 40.7715 31.5721 235.513 183.173 29.6919 24.7457 153.481 2305.44 166.133 24.9367 21.49 131.93 17.0558 15.0648 4.36264 231.696 111.506 120.189
internal_count=49053 43811 7610 6294 36201 3996 32205 3902 1097 255 842 623 466 382 2805 3346 541 445 2805 29193 3012 385 295 2948 443 399 116 2768 1112 1656
is_linear=0
shrinkage=0.05


Tree=86
num_leaves=31
num_cat=0
split_feature=58 31 4 31 20 43 59 47 59 4 7 5 2 38 59 54 6 5 16 53 13 3 38 58 45 15 50 20 52 48
split_gain=6.53112 9.97516 9.64648 9.51877 9.08133 13.3549 11.379 14.1562 11.1473 12.6441 12.3747 11.6131 17.6305 12.475 9.57554 10.6345 11.1401 11.4116 10.0368 9.31365 9.21231 9.04736 8.64908 8.58499 15.5415 8.32326 8.12776 8.36633 9.20656 8.65261
threshold=-0.0004504940351024482 0.56416404096233108 1102.4921428571433 0.59553371570131775 0.0024376329473493469 -2.0909999999999998e-05 0.0026711989739723143 -0.00058686777314856701 0.011294299539410612 785.00357142857069 1.5000000000000002 0.0037762918371032385 0.010410735891709939 0.207107936563377 0.00089682324671317998 -0.0031470069409088247 2.5000000000000004 0.0029237979658322992 0.47544621858473718 0.013605548280205096 0.45253552304197914 0.0062833975535150658 0.16368441763871958 0.0028903917346718611 -0.00025877863377207912 0.12242763667545374 0.0036348128775135638 0.013020386385805872 2.4198937067301363 -0.00047398269254514039
decision_type=2 2 2 2 2 2 2 2 2 2 2 2 2 2 2 2 2 2 2 2 2 2 2 2 2 2 2 2 2 2
left_child=1 2 26 -3 6 -6 -2 -8 11 22 -11 12 14 20 18 16 -16 -18 -7 -17 -14 -13 23 24 -10 -23 -1 28 29 -28
right_child=4 3 -4 -5 5 8 7 -9 9 10 -12 21 13 -15 15 19 17 -19 -20 -21 -22 25 -24 -25 -26 -27 27 -29 -30 -31
leaf_value=0.0033398173191588453 -0.0036450955100671869 0.083654573275652191 -0.046815296025792756 0.014620231263919745 -0.032471416518335926 0.015429801136583904 0.14230818826143951 -0.025268903770689299 -0.0011761297887818182 0.10584801123428381 -0.011463379494486678 -0.02950527170077577 0.11797880720176911 -0.0017161726811569544 0.11965652247884995 -0.0015539284194691864 0.0048554118429120739 0.08260662115713352 0.063039817760714587 0.07948529507200211 0.039987113902077404 -0.036184802204675889 -0.028493991015873601 -0.009587597687346662 0.14368745532972244 0.037408691378326822 -0.015677702791326544 0.062134937566699716 -0.04854653094153312 0.0022972066099844059
leaf_weight=1217.9456965795252 923.76019017538056 5.3418963230215004 10.385413026437162 76.525458650430664 25.853426218032837 82.34017522551585 1.2794818142428983 83.841009151772596 5.5657941962126642 4.4458004869520646 4.5472827181220055 34.006053123623133 7.6970823667943495 6.8455369733273974 3.1457466352730981 232.35302788310219 23.269211938953962 5.9198321439325801 12.789194250246508 3.6003712415695182 7.4519810117781162 5.5870752744376686 55.099232437205501 34.056267200037837 2.7743498627096397 12.300393478944896 113.28954035742208 4.4476009830832473 12.727467958931809 163.68050571240019
leaf_count=15611 16266 65 133 757 481 702 31 3116 101 56 74 431 61 62 62 4471 423 75 119 36 46 53 1103 579 47 108 1552 57 164 2211
internal_value=-0.000123908 0.00212272 0.00120848 0.0191248 -0.00240728 0.00263974 -0.005257 -0.02275 0.00430902 -0.010198 0.0465304 0.00784163 0.0108315 0.0543009 0.00820061 0.00336774 0.0302587 0.0206241 0.0218305 -0.000317365 0.0796139 -0.0143637 -0.0154307 0.00154672 0.0470128 0.0144221 0.00153832 -0.00592101 -0.00696584 -0.0050551
internal_weight=3182.87 1604.34 1522.48 81.8674 1578.53 569.648 1008.88 85.1205 543.794 106.489 8.99308 437.306 385.412 21.9946 363.418 268.288 32.3348 29.189 95.1294 235.953 15.1491 51.8935 97.4956 42.3964 8.34014 17.8875 1512.09 294.145 289.698 276.97
internal_count=49053 20550 19728 822 28503 9090 19413 3147 8609 1960 130 6649 6057 169 5888 5067 560 498 821 4507 107 592 1830 727 148 161 19595 3984 3927 3763
is_linear=0
shrinkage=0.05


Tree=87
num_leaves=31
num_cat=0
split_feature=18 63 38 42 49 62 19 16 18 21 59 19 54 58 21 63 63 38 6 41 58 17 54 43 43 54 4 59 5 41
split_gain=9.35642 5.94419 8.1553 9.50963 9.42689 11.5426 7.36863 7.78927 6.87013 14.6335 10.1488 14.6976 12.8912 11.7355 15.6608 18.2443 15.4952 14.251 18.6695 15.9661 15.5331 21.4933 13.1202 11.9839 13.777 18.8686 14.1964 12.5588 12.1244 13.6152
threshold=0.0014882296037690304 -0.029424514007218856 0.28397845194208809 1.2550000000000002e-05 -0.0058145868198835639 -0.00250322093240568 -0.00045901377046108309 0.26203489269724295 0.0054209411371115837 0.0060149368982560011 -0.010375813110932755 -0.002964875824866937 -0.014407058252995075 -0.0039663190967052326 -0.0012247110245001659 -0.0064261464199885003 -0.0058671396087612388 0.20765736377031782 21.500000000000004 3.3715000000000005e-05 -0.0065298586802106356 1.1683196446241879 -0.0031470069409088247 -1.1589999999999997e-05 -1.8474999999999998e-05 0.0029181126049561703 473.64285714285876 0.00063429491028951692 0.0014402742273108388 9.0145000000000012e-05
decision_type=2 2 2 2 2 2 2 2 2 2 2 2 2 2 2 2 2 2 2 2 2 2 2 2 2 2 2 2 2 2
left_child=-1 2 3 -2 -5 6 7 -6 9 10 -3 -12 -13 16 -15 -16 -14 18 20 -20 21 -18 -22 24 26 -26 -19 -25 29 -29
right_child=1 8 -4 4 5 -7 -8 -9 -10 -11 11 12 13 14 15 -17 17 23 19 -21 22 -23 -24 27 25 -27 -28 28 -30 -31
leaf_value=-0.050105762568750691 -0.032770441121219386 0.0085968452683754595 0.060603260114327352 0.060108079520983251 -0.024993582271258277 -0.025505927535768261 0.060259031711549053 0.038699698437865471 -0.0055177131341265654 0.046911058704805837 -0.015261606022309507 0.043607936079462853 -0.017583750023446556 -0.013747979549040557 0.022990162133301142 -0.0011374472369723482 -0.02557960567882786 -0.0063067594625526762 0.0066232952855631846 0.12885595759710733 -0.0083243269559580401 0.074374747380682754 0.052962144664923473 0.0082596667571805255 0.12435032158037014 -0.0075721907949171429 0.094252918638324537 -0.031523725782246055 -0.031584502946011006 0.1388893895299905
leaf_weight=9.3350667927879822 11.790440432727335 331.88903575018048 8.2879564315080625 10.202200092375277 9.3294371590018255 17.193782720714815 10.258672967553137 9.887103218585251 526.77667500451207 17.055196540430188 162.33747432008386 17.091985274106264 48.52187954261899 232.20246453117579 83.035790944471955 1388.4108792776242 26.971105763688684 21.435999840497974 4.0428663138300163 7.8762568812817335 11.419662904925643 6.7178301550447932 37.115687575191259 109.8307924112305 7.3555383048951608 4.2920355834066868 4.1968641076236954 2.3553101867437354 41.135643046349287 2.3331276541575789
leaf_count=5242 84 1996 46 60 66 127 67 66 5681 234 2029 206 550 3322 843 24639 395 270 66 86 161 76 538 1039 87 54 42 62 872 47
internal_value=-0.000122129 2.50006e-05 0.0137521 0.00809685 0.0165694 0.00705149 0.0260432 0.00777725 -0.000316357 0.00075076 0.000442094 -0.000777764 0.00036566 3.22496e-06 -0.00168025 0.000224107 0.00854924 0.0129662 0.0289141 0.0873957 0.0204367 -0.00564795 0.0385423 0.0051844 0.0306471 0.075738 0.0101579 -0.000914103 -0.0229017 0.0532797
internal_weight=3180.68 3171.35 76.9496 68.6616 56.8712 46.669 29.4752 19.2165 3094.4 2567.62 2550.57 2218.68 2056.34 2039.25 1703.65 1471.45 335.601 287.079 94.1434 11.9191 82.2243 33.6889 48.5354 192.935 37.2804 11.6476 25.6329 155.655 45.8241 4.68844
internal_count=49053 43811 516 470 386 326 199 132 43295 37614 37380 35384 33355 33149 28804 25482 4345 3795 1322 152 1170 471 699 2473 453 141 312 2020 981 109
is_linear=0
shrinkage=0.05


Tree=88
num_leaves=31
num_cat=0
split_feature=18 58 21 59 21 1 54 38 21 2 19 59 5 18 42 20 64 6 11 63 0 19 45 56 37 20 58 45 54 11
split_gain=8.89827 5.95232 8.99321 13.101 8.98815 10.8974 10.4406 10.0534 9.53952 8.94268 8.75637 13.1224 22.4215 9.59036 9.5613 9.53583 9.88223 10.5202 18.0439 9.37153 8.84936 8.49443 13.8511 10.0547 9.69522 9.30837 8.45161 8.70684 8.2548 11.0503
threshold=0.0014882296037690304 -0.0097075200006514571 -0.0052028018834899591 -0.017548071315661145 -0.0015093669620072079 0.006382447393375003 0.0072147382324892042 0.19366458969442513 -0.001198122506306727 -0.014320119265242582 -0.0038156546464147589 -0.0076965161478502438 0.0016391139994139856 0.0027776199833289572 9.2925000000000009e-05 -0.0036805496527768816 0.99981132352869106 20.500000000000004 -0.70224087224213116 -0.019512898241769258 0.0018326339874528128 -0.0008251204284548631 -0.00050468641518133155 0.1524004523770443 0.41709283777431078 -0.0016032796051954716 -0.0011039175480879572 -0.00043596312937955881 -0.0016308070778213062 -1.4975954001243246
decision_type=2 2 2 2 2 2 2 2 2 2 2 2 2 2 2 2 2 2 2 2 2 2 2 2 2 2 2 2 2 2
left_child=-1 4 -3 9 5 -2 7 -6 -9 -4 -5 12 13 14 -12 16 17 -13 -19 20 -17 23 -23 -14 25 -24 27 -25 -21 -30
right_child=1 2 3 10 6 -7 -8 8 -10 -11 11 15 21 -15 -16 19 -18 18 -20 28 -22 22 24 26 -26 -27 -28 -29 29 -31
leaf_value=-0.050100621155762443 0.0068691105197375094 -0.014079621648734423 -0.0024160168200075879 -0.0098664517247457201 -0.048035157668042644 -0.042347321768606332 0.075945889883693718 0.079308836903223212 0.010686198815879374 0.028617521364118537 0.0066299538048035442 -0.023383314876052042 -0.010281520923631778 0.069995060383824581 0.05097893232136258 0.032241833814224435 0.069687360396094189 0.12311154612961034 -0.0071889822108160244 0.0037772847480612632 -0.027121537632803353 -0.024437769621251406 0.095741282676423914 0.058189641506853684 0.012644241223651646 0.029594085964841966 -0.0061510314278527198 0.0079293392789211697 0.042945215573284561 -0.0035542228550308054
leaf_weight=8.8806784781627339 139.35579300671816 117.66717302054167 35.890421003103256 234.51341057941318 5.1874427143484345 12.234557131305335 9.267720038071273 6.7732943482697001 20.07366420887411 65.723186254501343 29.44349917396903 100.30841251928359 135.52425410598516 15.446691125631331 20.695488881319761 37.169118559919298 3.3524756692349902 3.368605835363268 12.575841844081877 636.44693621480837 7.5537433363497248 17.100613795220852 7.9702108204364803 15.568289943039415 47.912438988685608 15.985912520438431 29.02864458039403 19.298281319439411 12.898274991661308 1354.8561826869845
leaf_count=5242 1163 1047 199 2098 67 161 101 47 225 314 192 1651 967 97 124 259 37 53 200 10710 61 112 48 93 280 78 180 116 210 22921
internal_value=-0.000121111 1.89412e-05 -0.000532702 2.49172e-05 0.0085307 0.00289695 0.0292082 0.0156867 0.0279992 0.0176563 -0.000624912 0.00023426 0.00916027 0.0355479 0.0249355 -0.00122275 -0.0149459 -0.0173866 0.0203398 -0.00042167 0.0222153 0.00315916 0.0160065 -0.00257255 0.0256299 0.0516013 0.0137785 0.0303711 -0.000926803 -0.00311572
internal_weight=3178.07 3169.19 2976.3 2858.63 192.892 151.59 41.3021 32.0344 26.847 101.614 2757.02 2522.5 353.974 65.5857 50.139 2168.53 119.605 116.253 15.9444 2048.92 44.7229 288.389 88.9692 199.419 71.8686 23.9561 63.8952 34.8666 2004.2 1367.75
internal_count=49053 43811 42047 41000 1764 1324 440 339 272 513 40487 38389 2287 413 316 36102 1941 1904 253 34161 320 1874 518 1356 406 126 389 209 33841 23131
is_linear=0
shrinkage=0.05


Tree=89
num_leaves=31
num_cat=0
split_feature=18 59 23 60 4 5 59 32 21 63 53 21 63 18 43 44 5 62 16 21 64 21 10 62 47 58 37 64 64 59
split_gain=8.46327 5.85002 15.1243 8.61155 11.9431 6.78992 12.2507 7.61232 7.15252 6.92606 10.6938 9.05551 11.4065 9.11955 20.7097 9.72549 7.1515 8.44315 8.31566 9.47166 9.57522 7.06382 12.4939 18.8778 12.8779 15.5578 12.4097 16.277 30.2339 11.9925
threshold=0.0014882296037690304 0.01852754674717744 0.0012158250145508514 0.96128737803145836 785.00357142857069 0.0056490377116819954 -0.035377141157370291 8.5000000000000018 0.0065171544342671637 0.0069141893434967973 0.010587167712382673 0.0032807740432119962 0.02709302147913677 0.0039441563601036568 5.2433749999999996e-05 7.354999999993404e-06 0.0035687814608787584 -0.018374907541093565 0.44775065351206994 0.0017463031458191068 0.49987885640445667 -0.002028043944263922 1.0000000180025095e-35 -0.014645612449419048 -0.00054208729063972563 -0.0093874811741136051 0.17342213328356146 0.087946275162463894 0.073833422355466902 -0.0088424369798085004
decision_type=2 2 2 2 2 2 2 2 2 2 2 2 2 2 2 2 2 2 2 2 2 2 2 2 2 2 2 2 2 2
left_child=-1 2 5 -3 -5 6 -2 -7 9 21 11 16 13 14 -13 -15 17 -11 -19 -20 -21 -8 24 -24 -23 -26 29 28 -28 -27
right_child=1 3 -4 4 -6 7 8 -9 -10 10 -12 12 -14 15 -16 -17 -18 18 19 20 -22 22 23 -25 25 26 27 -29 -30 -31
leaf_value=-0.050095729062777719 0.042084213405275996 -0.028816065989632423 0.035648074316959467 -0.010609626286585305 0.073051363774004618 -0.019678718271221318 -0.0039387408160433904 0.025910790974128923 0.041302606724316036 0.041525331113579839 0.061593311656069238 0.16871404488778752 -0.03282710142642286 -0.022844179295826716 0.014506856229856358 0.067028615768698493 -0.05393141568898574 -0.023734846942376778 -0.01484730711721316 -0.011048936039483466 0.10049495321528673 -0.024854168586651459 0.095316777739841929 0.0058838946196886474 0.035264649937638413 0.036842785254822999 0.0021475739790799931 -0.0069929632806372006 0.14277635361752225 0.002995061806828592
leaf_weight=8.4483668167376873 17.501676321029663 40.793858826160431 30.010785382241011 18.128938255831603 5.5785949826240531 73.773682523518801 659.22809408977628 10.453942483291028 10.510382940992711 6.452729105949401 5.0961586423218241 3.318204168230297 10.351504014804958 9.8774491827934963 6.3318409360945225 4.3296875786036244 12.443206852301953 92.598238459788263 13.271717742085459 3.2875386876985431 4.6386232390068463 55.344009476713836 5.9399917721748343 890.11073706997558 30.174328731372952 27.738643959164619 14.531464447733017 636.06990896118805 5.1859213514253488 462.50591951375827
leaf_count=5242 91 732 306 339 77 737 6356 100 124 57 50 45 172 154 105 43 196 1837 297 70 61 997 48 11447 306 143 262 10268 71 8320
internal_value=-0.000118289 1.50924e-05 0.000325085 -0.0148886 0.00907655 -2.00955e-05 0.000374706 -0.0140204 0.000128865 -1.73933e-05 -0.00975491 -0.0119335 0.0110043 0.0300226 0.0675316 0.00454495 -0.0178469 -0.014113 -0.0172679 0.0109815 0.0542298 0.000583585 0.00198481 0.00647675 -0.00128344 -0.000174365 -0.00110745 -0.00560605 0.0391347 0.00491021
internal_weight=3174.03 3165.58 3101.08 64.5014 23.7075 3071.07 2986.84 84.2276 2969.34 2958.83 171.997 166.901 34.2087 23.8572 9.65005 14.2071 132.692 120.249 113.796 21.1979 7.92616 2786.83 2127.6 896.051 1231.55 1176.21 1146.03 655.787 19.7174 490.245
internal_count=49053 43811 42663 1148 416 42357 41520 837 41429 41305 3087 3037 519 347 150 197 2518 2322 2265 428 131 38218 31862 11495 20367 19370 19064 10601 333 8463
is_linear=0
shrinkage=0.05


Tree=90
num_leaves=31
num_cat=0
split_feature=18 59 20 2 45 58 18 56 38 59 43 50 0 2 49 3 21 59 20 64 12 47 4 4 1 58 2 48 38 13
split_gain=8.04916 5.79142 12.8915 9.48511 10.3975 8.62882 10.899 12.8899 12.2123 12.3096 7.95167 11.5714 7.39327 10.0239 9.47569 9.52825 7.57928 7.31739 10.5252 11.4355 11.6315 10.4805 10.3261 10.1643 14.9351 10.9624 19.8928 11.8537 11.743 17.3001
threshold=0.0014882296037690304 -0.015943980570770767 -0.013356454177683183 -0.01584783638481849 -0.00058847988583347226 -0.016554484380855501 0.0071635099243238373 0.023313688886140323 0.19305541321915379 -0.018863133693344004 6.6450000000000008e-06 -0.0039559094699556183 -0.0068020003511503552 -0.010648109668093403 -0.0081671923691433463 0.0099298716628474868 -0.00036941135321359118 -0.010375813110932755 -0.0036805496527768816 0.29609585301820518 0.25820456223660065 -0.00045260139787162216 200.45178571428633 314.64285714285671 -0.00069303331562871144 -0.0079149240729097722 -0.0033143673516832727 -0.00049951829449617908 0.23525160666128511 0.2661531246515752
decision_type=2 2 2 2 2 2 2 2 2 2 2 2 2 2 2 2 2 2 2 2 2 2 2 2 2 2 2 2 2 2
left_child=-1 3 -3 -2 -5 -6 8 -8 9 10 -7 -12 14 -14 15 -4 -17 22 19 -19 21 -21 -15 -22 25 26 -25 28 29 -27
right_child=1 2 12 4 5 6 7 -9 -10 -11 11 -13 13 17 -16 16 -18 18 -20 20 23 -23 -24 24 -26 27 -28 -29 -30 -31
leaf_value=-0.050091074039359751 -0.0066520202084185244 -0.041626995023661212 0.088900828499028292 -0.025694747993486533 0.059392185420314408 -0.021460473622046661 -0.028232146848240297 0.033108412218298862 0.037007386002208098 -0.018464300710616971 0.059340472535664393 0.004118636351427076 -0.021547516002934981 0.049633133560300483 -0.016795242905777861 -0.024795149279268319 0.046616865059131263 -0.045055088602588063 0.00012027350685054361 0.11153958833307934 -0.01902456079774361 -0.0049127999592753317 0.0054866678145083095 0.076013757742908389 -0.024767809073694837 0.09802511686770933 -0.017241487580168271 -0.014425262076384161 -0.0078688040864434688 -0.021614071141042319
leaf_weight=8.0370631192345154 91.836072955280542 19.090215586125851 7.1405548900365856 16.214752353727818 10.816170573234556 8.2949421033263189 27.96603038161993 12.344822973012922 60.015595048666 29.443806767463684 19.572941847145554 18.408685967326168 56.38443192653358 14.062698639929293 10.278761336579917 6.0242567230015984 9.6953639499843103 21.524459673091769 2226.2901783627458 3.8612903319299221 128.34114241506904 3.8670520223677149 228.06422360241413 15.035505494102837 40.357838187366724 9.4199331346899289 9.2285867016762477 43.545649750158191 12.023322390392421 4.4486346021294585
leaf_count=5242 591 207 61 107 61 50 178 70 293 202 102 112 558 68 88 49 82 286 35620 53 1728 52 1424 156 558 135 117 585 154 64
internal_value=-0.000116896 1.00622e-05 -0.000675865 0.00668221 0.0127122 0.0160449 0.0133817 -0.00944717 0.0201614 0.00680944 0.02289 0.0325759 -0.000401522 -0.00067778 0.0230774 0.0410057 0.0192495 -0.000251441 -0.00104978 -0.00998118 -0.00718642 0.05327 0.00805069 -0.00896701 0.000661541 0.0116141 0.0405451 0.00150452 0.0282956 0.0596483
internal_weight=3171.63 3163.6 2868.68 294.914 203.078 186.863 176.047 40.3109 135.736 75.7204 46.2766 37.9816 2849.59 2816.45 33.1389 22.8602 15.7196 2760.07 2517.94 291.653 270.129 7.72834 242.127 262.401 134.059 93.7016 24.2641 69.4375 25.8919 13.8686
internal_count=49053 43811 42045 1766 1175 1068 1007 248 759 466 264 214 41838 41558 280 192 131 41000 39508 3888 3602 105 1492 3497 1769 1211 273 938 353 199
is_linear=0
shrinkage=0.05


Tree=91
num_leaves=31
num_cat=0
split_feature=18 59 1 58 4 20 63 0 20 60 41 59 4 58 45 59 4 14 63 60 60 3 63 38 2 0 37 20 48 21
split_gain=7.65564 5.80565 11.5414 9.96228 9.42588 8.64407 12.3097 9.97473 10.3658 9.48211 12.3422 8.41712 18.5111 18.303 18.1328 8.52247 8.18447 8.11304 7.98951 9.29825 8.73592 14.9923 13.4097 25.6711 29.1319 12.6376 17.1681 13.3488 11.9138 10.3364
threshold=0.0014882296037690304 0.0061449901963459173 0.0010771422501501121 -0.016554484380855501 264.14285714285774 0.0016566585819816589 0.00085353574446565925 0.0026176249720099268 0.0027436729518762848 0.32628882674928322 0.00017625 0.0057035721669397204 247.93571428571551 0.0026792615890918825 -0.00019557961415799367 0.0055058669036454509 159.71071428571409 0.96920819459333207 0.013920083257757737 0.56844415207798782 0.49790449798196806 0.00098425107974233622 0.002892092690250799 0.16786919691057756 0.00027698086857692162 0.0016087568707568382 0.017202103773148191 0.0024376329473493469 -0.00054510270045610924 0.00063518176246814392
decision_type=2 2 2 2 2 2 2 2 2 2 2 2 2 2 2 2 2 2 2 2 2 2 2 2 2 2 2 2 2 2
left_child=-1 5 3 -3 -4 6 -2 11 -9 -8 16 15 -13 -14 -15 18 -11 -6 20 -20 21 -7 -22 -24 -25 29 -27 -28 -29 -23
right_child=1 2 4 -5 17 7 9 8 -10 10 -12 12 13 14 -16 -17 -18 -19 19 -21 22 25 23 24 -26 26 27 28 -30 -31
leaf_value=-0.050086644819891536 0.00024555944566307519 0.077425276864603348 -0.020321030667283545 -0.022288579382059456 0.0030651921703198281 0.1210644038087106 -0.033727723614835829 -0.036316811790864996 0.00047272611761366081 0.06844522308648697 0.083466322570058718 -0.027329320166014505 0.11703146588682115 -0.037201706390462462 0.10060938603007322 -0.032729312797489855 -0.012990465541145843 0.083458671879154359 -0.046722621259935614 0.0056837541755205903 -0.00046452994437232495 0.036152586236659755 0.15898763618248121 0.13138128165480312 -0.034723634368245125 0.14296743494356531 -0.024282228113789495 0.11797054904993641 0.032464721561135862 0.0039284018414606301
leaf_weight=7.6457499251700929 2047.9046033788472 2.5673246271908274 47.737303440924734 102.99180365214124 208.40014801733196 3.4435606542974702 46.476497665047646 24.249705262482166 90.987474346533418 3.2152241533622137 3.7209784612059584 7.969668158330026 8.6345645785331744 6.0045841336250332 3.961794007569547 12.803297398611901 76.36715905694291 3.1861897725611916 13.537026534322647 22.585215514525771 193.30849084863439 30.303935984615237 3.8739475086331394 3.6834088414907447 9.3150894399732334 3.689672863110899 8.7727053798735124 4.800148854032158 26.921915575861934 139.17640632018447
leaf_count=5242 25334 32 1276 2844 3607 90 1047 267 829 70 40 223 125 111 42 233 1251 43 209 324 2484 440 41 43 151 46 138 45 337 2089
internal_value=-0.000114729 6.1578e-06 -0.00592556 -0.0198634 -0.000252077 0.000780338 -0.000700775 0.00599924 -0.00726901 -0.0156338 -0.00553881 0.00904028 0.0364283 0.0637456 0.0175804 0.00751216 -0.00970037 0.0042758 0.00862396 -0.0139558 0.0105328 0.0175671 0.00326666 0.0460151 0.0123458 0.0158991 0.0397147 0.0303068 0.0454034 0.00969025
internal_weight=3168.24 3160.59 364.883 105.559 259.324 2795.71 2177.68 618.023 115.237 129.78 83.3034 502.785 26.5706 18.6009 9.96638 476.215 79.5824 211.586 463.412 36.1222 427.289 217.108 210.181 16.8724 12.9985 213.665 44.1844 40.4948 31.7221 169.48
internal_count=49053 43811 7802 2876 4926 36009 27742 8267 1096 2408 1361 7171 501 278 153 6670 1321 3650 6437 533 5904 3185 2719 235 194 3095 566 520 382 2529
is_linear=0
shrinkage=0.05


Tree=92
num_leaves=31
num_cat=0
split_feature=18 26 28 26 53 20 45 49 52 26 53 63 62 42 50 59 19 20 59 37 45 16 59 35 11 4 16 56 0 18
split_gain=7.28089 5.55644 10.2306 11.5486 9.61409 7.96859 7.72746 8.91794 7.1832 6.84423 9.79711 6.52859 6.83894 6.50949 14.5153 8.22733 12.8532 6.75071 11.1572 9.91389 12.2687 13.52 9.51565 8.16882 10.6157 11.9163 8.60275 11.5342 8.42501 13.9966
threshold=0.0014882296037690304 0.31512975226868428 0.75967830171442852 0.34895191702274203 0.0026387602403272576 0.0050969021883519351 -0.00032407192402322994 0.0025651114261823738 1.3324819139423953 0.66358486093565783 -0.0059383017177757598 0.02709302147913677 0.020317993885797244 0.00039119000000000008 0.0033031478487344735 0.023801984047257588 0.0128825641985483 0.0056310268244556625 0.0061449901963459173 0.35706787540081608 -0.00055785044902458925 0.36045118261827641 0.013687506501497375 0.083550925179385852 -0.86860626782384054 357.93214285714311 0.23346706785844004 1.2006938322979595 -0.0013824945463957255 0.0050643165855921409
decision_type=2 2 2 2 2 2 2 2 2 2 2 2 2 2 2 2 2 2 2 2 2 2 2 2 2 2 2 2 2 2
left_child=-1 11 3 -3 9 6 7 -6 -5 -4 -11 13 -13 15 -15 16 17 18 -2 -20 21 -21 23 24 25 -19 -25 -28 29 -26
right_child=1 2 4 8 5 -7 -8 -9 -10 10 -12 12 -14 14 -16 -17 -18 22 19 20 -22 -23 -24 26 28 -27 27 -29 -30 -31
leaf_value=-0.050082430392366685 -0.00031873587290651574 0.088332842548017251 -0.01779019298877331 0.0061466694080766172 -0.027269549777111903 -0.022900650073594254 0.070229494143368348 0.042050516338881468 0.079938793786730356 0.06153402494231569 -0.0029109720346870201 -0.028479259287912811 0.036990379581514576 0.00013524487803111748 0.07806498387307878 -0.030187384290430382 0.088503840227956862 0.10572102477520273 -0.032430548353465115 0.0032191273170442073 -0.0096563426370786052 0.1599494616258117 -0.010730076445107491 0.013120089850427286 0.087295272378637517 0.014468496226919659 0.066763495459872549 -0.0012457265757030538 -0.011915412733735763 -0.018460677061214258
leaf_weight=7.2734588941093525 2519.2964592194185 7.5488185947760931 52.71637640055269 20.996264072600756 7.2618747279047993 7.3608348257839671 10.327021587640049 12.848951537162064 3.912433458492159 7.4585316684097043 28.175376461818814 34.2773323263973 4.5141783710569134 19.832052316516641 8.5519478414207679 23.068574123084545 4.0772351659834376 4.6362888887524631 51.028977721463889 3.4300015289336434 80.089866338297725 2.2977299988269806 55.635703565552831 63.683080803602934 6.053967194631694 15.66703058592975 20.286016635596756 9.0003476925194246 69.238806719426066 6.4746014699339867
leaf_count=5242 33368 93 583 275 79 71 95 105 48 56 319 549 46 186 76 440 36 66 1704 84 2151 44 1005 695 84 187 212 96 977 81
internal_value=-0.000114381 6.41382e-07 0.00912127 0.0341561 0.00267994 0.0237831 0.0350727 0.0170195 0.0177373 -0.00634858 0.010578 -0.000481372 -0.0208605 -0.00021451 0.0236151 -0.000445044 -0.000209339 -0.000333772 -0.001074 -0.0149782 -0.00460061 0.0660929 0.00750964 0.0127126 0.00294678 0.0353061 0.0234344 0.0458628 -0.00508824 0.032642
internal_weight=3167.02 3159.75 158.606 32.4575 126.149 37.7987 30.4378 20.1108 24.9087 88.3503 35.6339 3001.14 38.7915 2962.35 28.384 2933.96 2910.9 2906.82 2656.14 136.847 85.8176 5.72773 250.676 195.04 102.071 20.3033 92.9694 29.2864 81.7674 12.5286
internal_count=49053 43811 1724 416 1308 350 279 184 323 958 375 42087 595 41492 262 41230 40790 40754 37351 3983 2279 128 3403 2398 1395 253 1003 308 1142 165
is_linear=0
shrinkage=0.05


Tree=93
num_leaves=31
num_cat=0
split_feature=18 4 41 18 38 6 21 14 7 62 38 54 14 19 7 11 60 6 9 2 53 7 37 19 5 6 42 6 21 13
split_gain=6.92497 5.53728 10.339 8.35352 9.03423 7.70562 16.1332 7.619 6.19856 6.11331 6.7588 9.1155 7.57933 11.8616 6.03383 12.131 14.4796 14.26 12.7855 21.6771 11.7407 10.3546 16.3235 15.6149 12.1488 12.1051 13.2938 11.7734 12.0531 14.0603
threshold=0.0014882296037690304 105.58571428571462 -5.8399999999999991e-06 0.0017244628137603202 0.34834269957983005 1.5000000000000002 0.00038972330829925263 0.42725372866442429 4.5000000000000009 0.0056348828829371582 0.24886542057032562 -0.00067965990685410016 0.35617977041742754 -0.00061005473990241208 5.5000000000000009 -0.33820680389376712 0.10551368234112524 19.500000000000004 1.0000000180025095e-35 -0.00064066847854263526 0.0023238203893760395 3.5000000000000004 0.74054877737584246 0.0024767481700465797 0.0014635262633470403 19.500000000000004 0.00033993000000000006 10.500000000000002 -0.0010380034326345916 0.026612614326361677
decision_type=2 2 2 2 2 2 2 2 2 2 2 2 2 2 2 2 2 2 2 2 2 2 2 2 2 2 2 2 2 2
left_child=-1 2 -2 4 5 6 -3 9 -4 10 11 -7 13 -13 21 16 18 -18 -16 -20 -19 22 25 -23 -25 27 -27 -5 29 -29
right_child=1 3 8 14 -6 7 -8 -9 -10 -11 -12 12 -14 -15 15 -17 17 20 19 -21 -22 23 -24 24 -26 26 -28 28 -30 -31
leaf_value=-0.050078420841939211 0.1509602499722591 -0.010901787924011553 0.11453529355029546 0.00092280710525532734 0.097656151989368348 -0.034130971068776772 0.17073145669775061 -0.04113494910761354 -0.012182862836035724 0.081581978838973224 -0.051484458254477741 0.13941459108052726 0.12623285181888155 -0.017313800116094475 0.027653417364240013 -0.0011177047996459531 -0.0010919504993405435 0.054459519402080062 0.21241200139308669 0.041553117595338321 -0.017096636320179239 -0.0089845234714553031 -0.0071458107492869535 0.073798395057703525 0.0073872883849731954 -0.0078412980389529919 0.06784758945677663 0.06653044747849407 0.015012032384196844 -0.0016790478784461809
leaf_weight=6.9192681023851028 1.7008454436436293 5.5094666653312734 1.1920184716582287 680.87300576455891 1.6718893661163736 7.9397055632434848 1.5712194317020474 34.678911489900202 5.0685728220269084 1.870378863532095 7.5836216281168154 1.5263645919039905 1.9583025104366241 5.7737862742505923 15.556638519279661 201.37785412464291 76.725539454258978 25.386225795373321 2.9724575076252222 4.9440583884716025 7.4044520501047364 582.12647131644189 449.8172746822238 7.4271663799881926 94.583007428795099 258.93422911129892 5.9342360645532599 7.832338945940136 445.17602039966732 213.48603777401149
leaf_count=5242 37 165 37 10141 69 274 60 1299 226 71 346 35 71 247 277 2457 1156 286 46 99 92 8714 5373 130 1281 3655 38 81 4996 2052
internal_value=-0.000112512 -3.05576e-06 0.0416431 -0.000108292 -0.0171774 -0.0199838 0.029403 -0.0256855 0.0119443 -0.00558326 -0.012162 0.00517751 0.038887 0.015456 0.000280036 0.00662173 0.0183411 0.010703 0.0539774 0.105706 0.0383014 -0.000492108 0.00127634 -0.00582238 0.0122226 0.00362614 -0.00614553 0.00554707 0.0102711 0.00073485
internal_weight=3165.52 3158.6 7.96144 3150.64 70.0836 68.4118 7.08069 61.3311 6.26059 26.6522 24.7818 17.1982 9.25845 7.30015 3080.56 334.367 132.989 109.516 23.4732 7.91652 32.7907 2746.19 2062.05 684.137 102.01 1612.24 264.868 1347.37 666.494 221.318
internal_count=49053 43811 300 43511 2637 2568 225 2343 263 1044 973 627 353 282 40874 4413 1956 1534 422 145 378 36461 26336 10125 1411 20963 3693 17270 7129 2133
is_linear=0
shrinkage=0.05


Tree=94
num_leaves=31
num_cat=0
split_feature=59 5 14 20 5 3 59 59 45 11 48 38 20 1 39 50 20 59 44 19 35 7 21 60 43 58 58 58 59 41
split_gain=6.14852 9.49512 20.7857 8.52927 10.4653 17.6357 13.3992 10.2943 10.1547 11.0071 10.8706 9.17985 8.8322 9.28364 8.55916 15.7552 7.82606 9.47441 8.7614 8.63922 7.54971 7.4974 9.65189 15.3802 8.99862 8.89725 8.57843 7.66783 7.48345 7.44002
threshold=-0.0034760205464071437 0.00087718906700415614 0.29767126021520302 0.00012345502278583587 0.003527242902440057 0.0023575818112716667 0.0022525674493104717 -0.002295102883644891 0.00050091618311462482 -1.2354291633056487 0.00055947660793503288 0.37181224100644633 -0.0007138737152743562 -0.0018139085177929556 1.0000000180025095e-35 0.00011589500548709254 -0.00249683665786225 -0.0040234056559891639 2.3542945491464387e-05 -0.00047952964563048286 1.9802395410828872 3.5000000000000004 -0.0017452875608930411 0.99994683678894059 4.7621250000000008e-05 0.0043386810105177408 0.0056688708052233154 0.0037780578126414134 0.0026117843672588278 -1.9159999999999996e-05
decision_type=2 2 2 2 2 2 2 2 2 2 2 2 2 2 2 2 2 2 2 2 2 2 2 2 2 2 2 2 2 2
left_child=1 2 -1 4 6 -6 8 -7 9 -2 14 21 13 -13 15 -10 17 20 29 -20 -3 22 23 -11 26 27 -23 -24 -9 -18
right_child=3 16 -4 -5 5 7 -8 28 10 11 -12 12 -14 -15 -16 -17 18 -19 19 -21 -22 24 25 -25 -26 -27 -28 -29 -30 -31
leaf_value=0.16221738171419986 0.031155830293100414 -0.00073678343055506813 -0.0035471066620150343 0.00023975196660766274 0.13487245741502038 0.058564218701207794 -0.031830290920136492 -0.022608348876971211 -0.034098090428584617 -0.040107926163522295 -0.028491485087970749 0.064554477482190495 0.10139315326515703 -0.054230002921100189 0.09872018737445204 0.10908059402315906 -0.014582022909779918 -0.035781363128091583 0.084959296210519022 0.0048818898285621689 0.027240493940769203 -0.010624699874167264 0.0013548704736587652 0.042755524295984608 -0.033345537388615835 -0.028443678013753644 0.10802344228663539 0.067157775277064555 0.019263287800518881 0.0078432960695630823
leaf_weight=2.948084249859674 16.965380797395483 887.43226194486488 5.2748263981193304 1191.8732034798013 2.8387599345296612 8.0864376779645664 59.78457789926324 22.722170891240239 5.1409162490163016 36.196266323095188 5.9263681570300824 3.1756943928776309 3.4914962711045501 3.4124042169423774 5.8100304380059233 3.0679706084774807 40.368597262422554 18.858034990145825 7.068317862926051 6.4341596588492376 24.786956395953894 70.785529107088223 163.36544547171798 6.6247545108199111 68.624470607144758 25.716304983943701 1.5569500876590598 4.5504449765430754 20.119597945362329 441.39543410995975
leaf_count=89 336 7428 199 23677 40 95 1677 383 112 666 114 42 66 67 81 60 328 374 59 44 173 2357 2988 99 2787 517 38 98 403 3656
internal_value=-0.000111918 0.00230828 0.0558829 -0.00211901 -0.00734493 0.0135828 -0.00966883 0.00682205 -0.00654705 -0.00826453 0.0282812 -0.00999042 0.0371011 0.00302828 0.0522814 0.0194132 0.00199942 -0.000701771 0.00707754 0.0468011 2.34193e-05 -0.0112481 -0.00580682 -0.0272883 -0.020375 -0.00105628 -0.00807116 0.0031381 -0.00294435 0.0059642
internal_weight=3164.4 1434.57 8.22291 1729.84 537.962 53.767 484.195 50.9282 424.41 404.465 19.9453 387.5 10.0796 6.5881 14.0189 8.20889 1426.34 931.077 495.267 13.5025 912.219 377.42 236.453 42.821 140.967 193.632 72.3425 167.916 42.8418 481.764
internal_count=49053 12350 288 36703 13026 921 12105 881 10428 10061 367 9725 175 109 253 172 12062 7975 4087 103 7601 9550 4368 765 5182 3603 2395 3086 786 3984
is_linear=0
shrinkage=0.05


Tree=95
num_leaves=31
num_cat=0
split_feature=18 58 31 4 31 15 18 50 64 63 20 59 18 4 62 20 59 60 51 50 20 3 59 64 47 11 42 59 20 59
split_gain=6.55573 5.69416 9.00221 8.77889 8.6479 8.65649 7.79404 8.07826 8.31624 7.95597 7.77253 11.9687 15.4607 11.9224 11.1149 11.5569 12.5463 11.0107 13.9573 13.7786 11.8421 10.3752 9.76506 9.21929 9.0434 15.9583 8.82068 12.6851 27.8724 8.65485
threshold=0.0014882296037690304 -0.0004504940351024482 0.56416404096233108 1102.4921428571433 0.63920363013377657 0.20934496958545437 0.012756570451043078 0.0036348128775135638 0.2329515723256553 -0.014139006870608732 -0.0012098984010079584 0.0023657053527239595 0.0026125544604229047 279.6749999999999 -0.00036343969571051363 9.3575772123556048e-05 0.0048745165709282107 0.80536903202301946 1.0000000180025095e-35 -0.00051872100217641973 0.0016566585819816589 0.0034720161597219458 0.0040313968575422321 0.99981132352869106 -0.00032396482917827193 -0.032775938812450757 3.4225000000000012e-05 0.0091087303787671329 0.0048755996585274465 -0.0017294553634223974
decision_type=2 2 2 2 2 2 2 2 2 2 2 2 2 2 2 2 2 2 2 2 2 2 2 2 2 2 2 2 2 2
left_child=-1 2 3 6 5 -4 7 10 9 -9 23 13 -13 17 -14 -16 21 20 29 -20 -12 22 -17 -2 25 -25 27 -18 -29 -19
right_child=1 -3 4 -5 -6 -7 -8 8 -10 -11 11 12 14 -15 15 16 26 18 19 -21 -22 -23 -24 24 -26 -27 -28 28 -30 -31
leaf_value=-0.05007498567316402 -0.00088818632136091727 -0.0021528312449565845 0.089507616847170776 -0.045893324346345472 0.010281692501190189 0.01557431546321145 0.051399810865102473 0.084590698968567912 -0.0082270371224446148 0.0058916571897544784 0.011111129307838662 -0.032951260451680099 -0.027569595055745258 0.0023001867775875261 -0.031634672602728696 2.9850698881806601e-05 -0.006558273968489018 0.057391914226414646 0.15306763122281961 0.042546098507958721 0.051841235625276552 0.094405772054749801 0.082274103292388698 0.086076774797193667 -0.020062811175996495 -0.0012567931827822281 -0.010883221957293202 0.17535013603374244 -0.013965409010841704 -0.016456057756944625
leaf_weight=6.5515897885197765 760.52746962057427 1561.9148587444797 7.680334383621811 9.8235323484987003 66.218684503342956 8.1714627277106029 7.7934293113648883 4.6108286492526522 274.27832259424031 10.580888500437139 115.62205684650689 33.747600798029453 19.695906033739448 117.29627500474453 11.725781789049504 11.056474499404436 8.6092846542596835 8.2815374806523305 5.3364744037389755 5.9801742862910032 21.103087896481156 8.7040129136294109 5.3582118190824977 11.074180193245416 7.2156003750860682 9.9131047576665861 28.164881931617856 3.9234842993319026 3.8539490178227425 7.6164875105023393
leaf_count=5242 7709 24722 71 133 601 91 57 39 3649 166 1731 1048 376 1023 273 199 207 55 63 76 206 107 93 75 61 73 623 85 85 114
internal_value=-0.000111023 -7.29851e-06 0.0020951 0.00121963 0.0182228 0.0513956 0.00152775 0.00126764 -0.00623251 0.0297776 0.00306965 0.00859896 -0.00364818 0.0144709 0.00613408 0.0142896 0.0220188 0.0231788 0.0522229 0.0946636 0.0173977 0.0502765 0.0268767 0.000152797 0.0282243 0.0448258 0.00608676 0.0352541 0.0815387 0.0220125
internal_weight=3162.43 3155.88 1593.96 1511.89 82.0705 15.8518 1502.07 1494.28 289.47 15.1917 1204.81 416.076 134.84 281.236 101.092 81.3961 69.6703 163.94 27.2147 11.3166 136.725 25.1187 16.4147 788.73 28.2029 20.9873 44.5516 16.3867 7.77743 15.898
internal_count=49053 43811 19089 18326 763 162 18193 18136 3854 205 14282 6364 3096 3268 2048 1672 1399 2245 308 139 1937 399 292 7918 209 148 1000 377 170 169
is_linear=0
shrinkage=0.05


Tree=96
num_leaves=31
num_cat=0
split_feature=18 59 20 20 50 41 35 58 18 4 59 21 20 48 0 19 59 5 58 54 13 37 0 37 21 48 12 45 7 5
split_gain=6.23523 5.32138 11.948 8.897 9.2425 7.01958 7.89976 11.5062 8.98757 8.04312 6.76921 11.8926 9.07449 7.72238 6.74014 9.18015 9.3425 23.1766 8.87659 8.80805 12.6697 8.77253 12.4071 9.13799 8.55043 13.4344 10.7455 9.63962 9.94347 11.5511
threshold=0.0014882296037690304 -0.015943980570770767 -0.013356454177683183 -0.0091666794415042156 -0.0042329664924425732 -7.449999999999999e-06 0.64459986980109274 -0.012710339364398712 0.0075161752096882051 685.61785714285634 -0.022612264641119751 -0.0072358242474633849 -0.0144570081636746 -0.00052221858742235833 -0.0068020003511503552 -0.0038156546464147589 -0.0076965161478502438 0.0016391139994139856 -0.0056161491159361374 0.00033179601631695216 0.33231280751897063 0.16229873344738796 -0.0040597909655433152 0.55049729885719845 -0.002028043944263922 -0.00067707583101190877 0.75975432846416824 1.2255691135578085e-05 1.0000000180025095e-35 0.0026563299246308487
decision_type=2 2 2 2 2 2 2 2 2 2 2 2 2 2 2 2 2 2 2 2 2 2 2 2 2 2 2 2 2 2
left_child=-1 3 -3 5 -5 -2 7 9 10 -7 11 -9 -13 -12 -4 18 17 -17 19 20 21 -16 -23 -24 25 -18 27 -27 -29 -30
right_child=1 2 14 4 -6 6 -8 8 -10 -11 13 12 -14 -15 15 16 24 -19 -20 -21 -22 22 23 -25 -26 26 -28 28 29 -31
leaf_value=-0.05007133739462527 -0.021282350274797017 -0.04078227950102993 0.021925084865055962 0.036642185801385792 0.0053442265900389592 -0.0068726617758859913 0.02321416835016385 -0.017948631684331834 -0.038629354203051185 0.050566991389904642 -0.041525878641466882 0.0051837539573750466 0.070481470728233811 0.0030839068807464432 -0.020057969706992876 0.034291292558947473 0.073811347767360175 0.0016565360209027866 -0.016953481625710285 -0.04645908146051908 -0.025261587078156528 -0.0093650834553864349 0.10812920547745464 0.033805258163906643 -0.00015015305965745073 -0.0087264413339084336 -0.027430918582232806 0.095827768953623646 0.069009323677547307 -0.04425572645073042
leaf_weight=6.2325075899134381 31.56908867508173 18.44415570795536 33.384098516777158 41.552773930132389 54.561252258718014 10.034154415130617 41.895460821688175 17.036533765494823 21.023976277559996 15.522742811590431 17.166982568800449 10.553172238171102 10.730984732508658 22.307822644710541 5.9263576120138195 66.131560398265719 4.5470984186977139 306.7791176661849 151.60252878535539 6.5222873557358971 12.904536772519348 6.6898976117372539 8.3521785102784651 8.1915711499750596 2041.0870355595835 98.408609000965953 77.813637301325798 4.6113347467035046 4.030412055552004 5.0984824951738119
leaf_count=5242 213 207 280 199 311 56 233 109 156 100 127 59 55 148 40 413 70 2081 1503 57 114 59 72 85 34198 1557 1088 68 63 90
internal_value=-0.000109753 -1.1041e-05 -0.000669359 0.00639516 0.0188752 0.000332174 0.004436 -0.00188932 -0.00962324 0.028015 -0.00178443 0.013185 0.0381054 -0.0163162 -0.00040904 -0.000674503 0.000117391 0.00744395 -0.010993 0.00760498 0.0159878 0.0342425 0.0480932 0.071328 -0.00110472 -0.0111215 -0.0131545 -0.00324893 0.0359814 0.00575086
internal_weight=3160.71 3154.48 2860.52 293.955 96.114 197.841 166.272 124.376 98.8195 25.5569 77.7955 38.3207 21.2842 39.4748 2842.08 2808.7 2608.51 372.911 200.189 48.5868 42.0645 29.16 23.2336 16.5437 2235.6 194.51 189.962 112.149 13.7402 9.12889
internal_count=49053 43811 42045 1766 510 1256 1043 810 654 156 498 223 114 275 41838 41558 39628 2494 1930 427 370 256 216 157 37134 2936 2866 1778 221 153
is_linear=0
shrinkage=0.05


Tree=97
num_leaves=31
num_cat=0
split_feature=18 58 31 49 12 53 60 2 4 16 19 38 42 4 13 45 42 17 47 48 58 60 58 4 45 17 41 48 3 38
split_gain=5.93067 5.20761 8.09326 8.35122 8.82409 8.71851 9.36124 8.98528 8.27132 7.98377 7.74902 10.0058 11.7766 21.7648 11.6998 11.4099 14.617 12.4115 9.85262 11.8905 13.4315 9.49749 12.305 15.2283 11.656 10.4631 9.48722 15.0406 12.4743 9.69637
threshold=0.0014882296037690304 -0.0004504940351024482 0.56416404096233108 0.0052188430139496287 0.75975432846416824 -0.0053198417292019311 0.9006234391527802 -0.013155698870434043 1102.4921428571433 0.13638372094054077 0.0027580477193436207 0.18500768817886895 2.9950000000000005e-06 180.03214285714216 0.072472142735054604 -0.0003195267016353498 5.9780000000000007e-05 0.75046249631514039 -0.00049865419507288207 -0.00044281135129715709 0.010034567511446752 0.37289341958981714 0.0071357769215385841 382.94285714285644 -0.00028715707026298745 0.83183239436496004 7.1340000000000018e-05 0.00047650680590181704 0.0032605157646517086 0.20362905829868158
decision_type=2 2 2 2 2 2 2 2 2 2 2 2 2 2 2 2 2 2 2 2 2 2 2 2 2 2 2 2 2 2
left_child=-1 2 8 4 -4 7 9 -6 -2 -7 11 18 13 -13 -15 16 -14 -18 -3 20 -20 22 25 -24 -25 -12 28 29 -27 -28
right_child=1 10 3 -5 5 6 -8 -9 -10 -11 21 12 15 14 -16 -17 17 -19 19 -21 -22 -23 23 24 -26 26 27 -29 -30 -31
leaf_value=-0.050067866571319335 0.001457231008393831 -0.038250155743636868 0.070323149723452619 0.068948753244933034 0.0049372019757011696 -0.038954691823093385 -0.046267871928987341 0.068451667305525737 -0.045354688864000535 0.019026383489764265 -0.032283873569489294 0.1640793213279679 0.00096274751583546214 0.081642663347570296 -0.02411119680041043 0.0049667315008148308 -0.030323758650549006 -0.0077263149138216709 -0.00044616296108518041 -0.01804430555431593 0.071084094896594521 -0.0018255125216782881 0.12412943779765084 -0.036702254854408624 0.075490876278648422 0.060051851046210795 0.070417404377828396 -0.03722760964836748 -0.015921350260381602 0.021058824610154323
leaf_weight=5.9289452395169056 1500.5471951644868 32.324595681391656 6.0385301839560261 7.1309382915496817 12.683732375502588 7.4748507328331462 10.61910470202565 9.9260166212916356 9.4960171543061715 28.859995186328888 12.581020083278416 2.9643923472613087 333.59097443521023 3.9862014986574632 7.6047147698700428 360.17523115640506 85.869141061790287 207.83227954385802 86.805550855118781 139.74365514703095 7.0994594637304536 179.48293171916157 5.6076898816972962 4.6028605494648209 4.6575563959777346 6.5752188097685567 17.989640352316201 6.8104057498276225 30.306211383081973 22.264403440058231
leaf_count=5242 18193 527 71 64 77 88 100 70 133 293 223 59 5760 75 130 5237 1773 3439 1452 2282 81 2492 55 70 51 98 219 78 382 239
internal_value=-0.000107584 -1.35975e-05 0.00199711 0.0172239 0.0123451 0.00731232 -0.00497088 0.032821 0.00116285 0.00709844 -0.00206803 -0.00375646 -0.00146814 0.0431788 0.0122583 -0.00212624 -0.00619885 -0.0143331 -0.0123774 -0.00879803 0.00496171 0.0052922 0.0167605 0.0591028 0.0197256 0.0102384 0.0166113 0.0314911 -0.00237685 0.0431173
internal_weight=3157.58 3151.65 1592.78 82.7332 75.6022 69.5637 46.954 22.6097 1510.04 36.3348 1558.87 1268 1002.02 14.5553 11.5909 987.468 627.292 293.701 265.973 233.649 93.905 290.878 111.395 14.8681 9.26042 96.5269 83.9459 47.0644 36.8814 40.254
internal_count=49053 43811 19089 763 699 628 481 147 18326 381 24722 20815 16473 264 205 16209 10972 5212 4342 3815 1533 3907 1415 176 121 1239 1016 536 480 458
is_linear=0
shrinkage=0.05


Tree=98
num_leaves=31
num_cat=0
split_feature=18 47 6 59 20 15 34 49 45 59 20 63 14 0 42 50 44 21 16 21 45 7 37 2 16 16 49 2 58 60
split_gain=5.64072 5.17628 6.55175 6.43743 12.0562 7.3477 7.42677 7.45036 7.01949 6.31385 6.59924 10.4224 9.84586 9.79791 9.74522 8.65341 9.98502 9.12018 8.76089 9.4118 9.03496 8.66632 12.7172 9.9773 8.68601 8.80937 9.71175 7.64295 7.79315 10.5697
threshold=0.0014882296037690304 0.0010280947707184298 9.5000000000000018 0.01852754674717744 0.012012202769686882 0.47260287667020789 0.11987591127595677 0.0040023384508943854 -0.00060782702446673877 0.0062841889570895825 0.0015432951595676374 0.0043198156270852972 0.79205013403853186 -0.0029090255820444317 0.00024031000000000004 0.00028667331132832302 2.9592088047312988e-05 0.0033810010684722502 0.60202442422751179 0.00055028089129526123 6.8100391291876181e-05 5.5000000000000009 0.41275440644494693 0.0043116226412305064 0.1746866544198091 0.13015873015872359 -0.00081026506989057316 0.0059656251275598095 -0.0081954303491995981 0.23758330539417002
decision_type=2 2 2 2 2 2 2 2 2 2 2 2 2 2 2 2 2 2 2 2 2 2 2 2 2 2 2 2 2 2
left_child=-1 3 -3 4 9 6 -6 -8 -5 10 11 27 13 -12 -13 21 17 18 -17 -20 -21 24 -23 -24 25 -15 -27 28 29 -2
right_child=1 2 -4 8 5 -7 7 -9 -10 -11 12 14 -14 15 -16 16 -18 -19 19 20 -22 22 23 -25 -26 26 -28 -29 -30 -31
leaf_value=-0.050064564154346847 0.055745882426998919 -0.0098543712899502658 0.046657190325968136 0.055626858449661309 -0.01301604904481153 0.086519332481338043 0.089790156961784759 0.016232439581719025 -0.020600991668455415 -0.0075664275153185662 0.044368439289491649 -0.021148911403382362 -0.010673254379541393 0.015438439708639187 0.063689789272366473 0.00047905205599529872 0.06191217480944991 -0.026622588990489256 0.086721219398610314 -0.0019512528455540624 0.080649781699013684 0.10690025726461663 -0.007831579699480876 0.08425188706852603 0.0030136917548497341 0.00095913461620179624 0.089233686272719451 -0.022341505791953355 -0.00079686328219252779 0.0065115612393963664
leaf_weight=5.6401498257764606 11.467315971851347 8.4528308250010031 13.042789552360771 3.1918162349611512 9.9201259221881681 5.0779951736330977 5.3895233422517768 9.5283408723771554 56.129124293103814 264.22591011645272 17.390116414055228 83.850236625876278 86.878076967783272 39.302147249691188 3.5272713229060164 294.37569971103221 6.7580101946368805 28.370265802368522 5.8141634277999428 16.441587902605537 4.1451352937147012 6.0286296270787743 9.7348021576181036 4.2154597956687203 106.31597394309938 4.5669284341856828 9.8056834172457439 37.880793249234557 1778.007019976154 220.71939195878804
leaf_count=5242 87 97 95 59 113 48 45 92 1058 6145 142 1586 1214 511 44 4220 90 306 76 255 37 87 177 38 1447 64 111 421 23302 1844
internal_value=-0.000106734 -1.72991e-05 0.0244349 -0.000185278 0.000129985 0.0317161 0.0205119 0.0428074 -0.0164995 -0.000180865 0.000522212 -0.000812638 0.00497514 0.00743237 -0.0177241 0.00623373 0.00171554 0.000550385 0.00295363 0.0305457 0.0146805 0.0151688 0.046218 0.019994 0.0112916 0.0276879 0.0611843 -9.11388e-05 0.000328155 0.00894316
internal_weight=3156.19 3150.55 21.4956 3129.06 3069.74 29.916 24.838 14.9179 59.3209 3039.82 2775.59 2135.45 640.143 553.265 87.3775 535.874 355.905 349.147 320.777 26.4009 20.5867 179.97 19.9789 13.9503 159.991 53.6748 14.3726 2048.07 2010.19 232.187
internal_count=49053 43811 192 43619 42502 298 250 137 1117 42204 36059 27284 8775 7561 1630 7419 4984 4894 4588 368 292 2435 302 215 2133 686 175 25654 25233 1931
is_linear=0
shrinkage=0.05


Tree=99
num_leaves=31
num_cat=0
split_feature=59 5 14 18 45 21 13 12 58 58 38 60 53 6 21 38 39 54 58 13 54 53 18 59 21 43 59 58 5 5
split_gain=5.38141 8.40525 18.1551 7.90332 17.5564 9.25365 12.6728 13.7204 11.0889 12.9733 12.8025 15.5079 15.5528 24.6106 22.0952 11.6857 22.1887 17.5402 16.3467 16.0487 12.4885 16.3378 13.7805 11.1724 13.2314 12.7222 18.9862 12.5083 13.3052 14.6519
threshold=-0.0034760205464071437 0.00085335044930872077 0.32230244051183693 0.0022052367935837072 0.00075765966712065932 -0.0015838001166094691 0.015922144370970986 0.34127913017268513 0.0017058559757860481 0.0016180907702591939 0.25679340190691347 0.36455033060260239 0.0040177368907978938 8.5000000000000018 0.0021153005898625634 0.1971738152648983 1.0000000180025095e-35 0.00018271662633786265 -0.0032720307167973263 0.28804963230877406 -0.0055557252971547887 0.0011846249558980161 0.0030088242911794775 0.0061449901963459173 0.0030861382753403 -9.2849999999999983e-06 0.0054009441165753808 -0.012710339364398712 0.0024030272572813033 0.0022845688484900164
decision_type=2 2 2 2 2 2 2 2 2 2 2 2 2 2 2 2 2 2 2 2 2 2 2 2 2 2 2 2 2 2
left_child=1 2 -1 4 -2 6 7 -5 9 15 11 12 -10 14 -14 16 -7 19 -19 20 -18 22 -22 24 25 26 -17 -27 29 -29
right_child=3 -3 -4 5 -6 8 -8 -9 10 -11 -12 -13 13 -15 -16 23 17 18 -20 -21 21 -23 -24 -25 -26 27 -28 28 -30 -31
leaf_value=0.16572686544593829 -0.010862664344203831 0.001894948776479059 -0.0038342059650812513 0.085403338971932349 0.088785621708063381 0.00063499248941979356 -0.016439894456994716 -0.032251347132687201 0.0051219527429319537 0.082349470421200208 -0.016333858835089803 -0.0064121672201727905 0.19082486093910517 0.018831259521380657 0.021659756957116749 0.016692768965487929 -0.01534384347148659 0.073200436489905846 0.0011191553597067012 0.15073875061638936 0.029165431006532773 -0.016892919369627692 0.15159697780168513 -0.016015559300357855 0.073610538510203355 0.098644510988207743 0.12544541542292931 0.00086624366501232932 -0.018993136080035503 0.045942616099572724
leaf_weight=2.4722890967968842 295.034631885821 1425.1184575085645 4.3674355031689629 6.5014726724475604 4.4873777038883409 90.653968816623092 135.76451124437153 4.0039504133164883 118.99238588660955 5.4202180448919526 156.2723461734131 291.22597536910325 4.6563712805509594 23.295793227851391 3.2970160059630871 54.997405594214797 5.09895047731698 10.511423185467718 31.246951099485159 5.1938221268355838 3.5397793557494861 3.4859668761491784 6.553577933460474 80.797562832944095 6.764407565817236 3.1660837940871707 4.3291788790374985 266.27657781913877 81.435565903782845 19.336685439571738
leaf_count=86 13069 12095 169 72 87 1556 2529 59 2031 91 2782 5014 73 275 57 793 89 110 440 57 65 54 76 1909 47 31 61 3938 1099 239
internal_value=-0.00010463 0.00216033 0.0574554 -0.00198773 -0.00936975 -0.000433712 -0.0123459 0.0405614 0.00093122 0.00530421 -0.00403485 0.000318793 0.013366 0.0447581 0.120699 0.00468406 0.0166651 0.0388072 0.0192635 0.0729943 0.0513761 0.076429 0.10866 0.00106301 0.00422572 0.00313305 0.0246287 -0.000311607 -0.00116518 0.00391802
internal_weight=3154.3 1431.96 6.83972 1722.34 299.522 1422.82 146.27 10.5054 1276.55 678.808 597.74 441.468 150.242 31.2492 7.95339 673.388 156.284 65.6305 41.7584 23.8721 18.6783 13.5793 10.0934 517.103 436.306 429.541 59.3266 370.215 367.049 285.613
internal_count=49053 12350 255 36703 13156 23547 2660 131 20887 10655 10232 7450 2436 405 130 10564 2447 891 550 341 284 195 141 8117 6208 6161 854 5307 5276 4177
is_linear=0
shrinkage=0.05


Tree=100
num_leaves=31
num_cat=0
split_feature=18 47 38 0 62 64 16 13 28 4 2 8 13 53 37 41 60 0 59 21 20 63 53 5 4 59 20 20 5 4
split_gain=5.33546 5.03476 9.75398 7.21866 6.95127 6.37317 7.32335 7.43842 10.9273 8.6012 9.26205 7.67464 9.3122 7.48774 12.1876 7.3554 10.906 6.90539 6.193 10.4789 10.4162 8.82355 7.10658 6.11259 6.86257 6.06278 11.6214 10.1 8.96694 8.9313
threshold=0.0014882296037690304 -0.00049865419507288207 0.16786919691057756 0.0045012314477936568 -0.0064210834405963721 0.99981132352869106 0.80058985897044299 0.082704320112422222 1.0000000180025095e-35 146.40107142857156 -1.0000000180025095e-35 1.0000000180025095e-35 0.090519741792254776 -0.0045157112513327215 0.42777900371786776 4.6855000000000005e-05 0.12712104473348038 -0.00034207647240505694 0.01852754674717744 0.0065171544342671637 0.013020386385805872 0.031215529652027212 0.0020779977728876495 0.0036495704235225833 441.81428571428745 -0.010375813110932755 -0.0091666794415042156 -0.0048795018415858744 0.0023886986042932026 537.35035714285641
decision_type=2 2 2 2 2 2 2 2 2 2 2 2 2 2 2 2 2 2 2 2 2 2 2 2 2 2 2 2 2 2
left_child=-1 2 3 4 -2 6 7 8 9 10 -4 13 -13 14 -9 -15 -17 -11 20 -20 21 25 -22 24 -16 26 -3 28 -27 -30
right_child=1 18 5 -5 -6 -7 -8 11 -10 17 -12 12 -14 15 23 16 -18 -19 19 -21 22 -23 -24 -25 -26 27 -28 -29 29 -31
leaf_value=-0.05006188853000465 0.017683783266732988 -0.0034760091527016265 -0.01628473025961839 0.032558081473861571 -0.027390886536954918 0.02824194694153644 0.059588699913801335 -0.021038658924104208 0.083727702842328736 -0.032353642944607852 0.11653859119563231 0.068065370640900263 -0.018676567034334519 -0.0054483480938923518 0.036148616114257189 0.080569655731712111 0.0084232178672295471 -0.0082394710643343798 -0.035660994665367485 0.0090886534152495382 0.075858954074593143 -0.037352177945319635 0.011932755278753321 0.013428680840400928 0.098015754465157659 -0.026520396640980638 0.013040784858433394 0.00099175096517104054 0.011509726382552052 -0.023854814921889136
leaf_weight=5.3357830880559041 9.5780736245214921 176.64370307326317 2.7316633802838624 6.3602835126221171 79.952509280759841 17.547798201441765 4.6902820542454711 11.628249859437345 2.8584669316187492 49.038903630338609 2.5263459295965722 3.2678208346478632 58.201144728343934 119.90691069373861 14.524473110213878 6.1010818127542725 37.033534919843078 75.236199210397899 29.815485158003867 23.309544725343585 7.6228744052350548 14.943956106901167 10.118246942758558 14.969149749726055 6.4830877780914298 64.866010730154812 268.19373621419072 1951.4525972637348 49.263124246150255 28.001129476353526
leaf_count=5242 85 1201 80 62 1029 149 72 136 35 857 61 48 837 1555 150 85 442 1350 581 379 70 251 97 114 53 851 1495 30651 646 389
internal_value=-0.00010574 -2.1035e-05 -0.00450252 -0.0189123 -0.0225688 -0.0012646 -0.00252994 -0.00325021 -0.0129708 -0.0151047 0.0475337 0.00147913 -0.0140652 0.00601513 0.0234609 0.000921293 0.0186278 -0.0177549 0.000871487 -0.0160263 0.00122063 0.000955359 0.0394001 0.0378439 0.0552413 0.00118088 0.00648201 5.45123e-05 -0.0128138 -0.00130664
internal_weight=3152.2 3146.87 522.636 95.8909 89.5306 426.745 409.197 404.507 132.392 129.533 5.25801 272.115 61.469 210.646 47.605 163.042 43.1346 124.275 2624.23 53.125 2571.11 2553.36 17.7411 35.9767 21.0076 2538.42 444.837 2093.58 142.13 77.2643
internal_count=49053 43811 7200 1176 1114 6024 5875 5803 2383 2348 141 3420 885 2535 453 2082 527 2207 36611 960 35651 35484 167 317 203 35233 2696 32537 1886 1035
is_linear=0
shrinkage=0.05


Tree=101
num_leaves=31
num_cat=0
split_feature=18 38 58 21 4 0 21 17 17 59 41 21 5 18 10 62 52 49 20 1 60 58 16 58 60 49 38 21 5 47
split_gain=5.13975 11.6969 9.9803 7.22561 7.49022 20.7681 9.47452 7.88592 18.6408 9.17493 6.10523 14.0554 5.48201 8.13249 8.03999 20.9275 11.9718 10.9461 12.5838 9.30941 9.58487 8.81351 12.9486 12.0232 29.1136 12.3039 12.1479 10.4659 9.44863 15.8628
threshold=0.0017244628137603202 0.37181224100644633 0.0084443228413062978 0.00203884050620615 105.58571428571462 0.0021163398444451393 0.0010219320037871003 0.47369770213757739 0.45176925615836677 -0.0047208124466097783 -4.7549999999999997e-05 0.00051828091302115519 0.003873159588168276 0.0038176967109885634 1.0000000180025095e-35 -0.015424092870287778 0.087609661474410669 -0.00091304732599001726 -0.0052102204311452321 -0.0051698342554071684 0.24521007681071141 0.0012874727955863564 0.67945425625969158 0.00073527631257493218 0.69093872410785095 -0.0020542891677150727 0.19957748087838997 -0.0012538085741323989 0.0030009308472071549 -0.00042768351810049961
decision_type=2 2 2 2 2 2 2 2 2 2 2 2 2 2 2 2 2 2 2 2 2 2 2 2 2 2 2 2 2 2
left_child=1 2 3 4 5 6 7 8 -1 -9 11 -6 14 -14 -2 16 -16 18 19 20 -17 23 28 26 25 -25 27 -20 -23 -30
right_child=12 -3 -4 -5 10 -7 -8 9 -10 -11 -12 -13 13 -15 15 17 -18 -19 21 -21 -22 22 -24 24 -26 -27 -28 -29 29 -31
leaf_value=-0.050719325215031169 -0.0013341161581484787 0.16663577317732439 0.18255798445081109 0.13197744585637325 -0.020994938959142426 0.42760591656861896 0.29139863779461589 0.12113961587366649 0.69889106429078529 -0.034749392679375851 -0.025671333756585993 0.25395860781085372 0.052220468421047044 -0.0060532900267047177 0.09731695820323899 -0.026505263065056503 0.011651591952272449 -0.00070910512243970141 0.0074903555815561476 -0.018336754455754681 0.015844678929275071 -0.005593605300272286 0.072500847186875855 -0.010288634046995681 0.19494969974673598 0.093441775904571964 0.011553241003354905 0.066611498701310487 0.081812855895356251 -0.0013943341962190372
leaf_weight=0.22025273030157944 1518.8387442333624 0.9004852069192556 0.63686644472181697 0.81458437762921576 1.6270967667223879 0.31222743104444806 0.29159144539153192 1.1182300599757571 0.13302201597252861 6.0533337014494473 67.925767127308063 0.65067180013284076 6.077936314046382 400.6725886631757 9.3554934673011321 16.599774733185768 7.2303513176739207 665.11063320655376 11.650407990440725 58.461944347247481 68.464484749361873 99.675009440630674 6.7249578144401303 7.6971165630966416 3.331202430650591 4.547726782038807 138.68778394442052 20.940361531451344 9.0134131275117415 15.714016046375034
leaf_count=117 22782 86 16 56 144 21 41 35 22 1839 5715 45 68 4371 64 133 58 8449 144 509 491 1456 75 108 47 71 1577 214 114 185
internal_value=-0.000103748 -0.0125607 -0.0145832 -0.0161695 -0.0177101 0.0277277 0.0117545 0.000918175 0.231539 -0.0104423 -0.0229712 0.0575488 0.000223768 -0.00518252 0.00104983 0.00421709 0.0599724 0.00339627 0.00931281 -0.00297636 0.00758034 0.0148597 0.00492288 0.021833 0.0638912 0.0282368 0.0180083 0.0454771 0.00126975 0.0289356
internal_weight=3149.48 80.6841 79.7836 79.1468 78.3322 8.12866 7.81643 7.52484 0.353275 7.17156 70.2035 2.27777 3068.79 406.751 2662.04 1143.2 16.5858 1126.62 461.508 143.526 85.0643 317.982 131.127 186.855 15.576 12.2448 171.279 32.5908 124.402 24.7274
internal_count=49053 8137 8051 8035 7979 2075 2054 2013 139 1874 5904 189 40916 4439 36477 13695 122 13573 5124 1133 624 3991 1830 2161 226 179 1935 358 1755 299
is_linear=0
shrinkage=0.05


Tree=102
num_leaves=31
num_cat=0
split_feature=59 18 21 13 18 17 14 20 1 54 10 20 49 58 42 62 45 12 59 1 50 37 47 60 58 55 6 58 60 55
split_gain=5.10257 10.7328 10.1204 17.6241 10.0451 9.75936 19.8721 16.501 9.59554 10.5493 9.39425 12.7608 10.2726 7.56793 9.30459 7.87793 12.6449 14.546 14.3655 12.1679 12.128 11.2819 12.8615 13.9832 26.6465 9.19371 9.50628 9.27924 7.77302 12.3077
threshold=-0.0013639540657373152 0.0019749762891991232 -0.0014430017991169696 0.023644543986115898 0.010901637654837192 0.63632039088516845 0.041608696472786817 0.0034787964963672838 -0.00015874743941081222 0.0016898311551763886 1.0000000180025095e-35 0.0016186378463087692 -0.0014307846633218764 -0.0097075200006514571 9.965000000000001e-05 0.0011949774214986915 0.00015654625758019486 0.28240128144558202 -0.00058333263640647319 -0.0023192068097632706 -0.006127183936394537 0.5743606955581203 0.00045872289467158519 0.44757720430451881 0.0029596827869785894 1.0000000180025095e-35 6.5000000000000009 0.0014089929571477037 0.45745797071403654 1.0000000180025095e-35
decision_type=2 2 2 2 2 2 2 2 2 2 2 2 2 2 2 2 2 2 2 2 2 2 2 2 2 2 2 2 2 2
left_child=-1 5 3 8 -5 6 -2 10 -3 -10 -8 12 -12 14 -4 16 28 -18 -19 -17 -21 22 23 24 -20 -23 -27 -28 29 -15
right_child=1 2 13 4 -6 -7 7 -9 9 -11 11 -13 -14 15 -16 19 17 18 21 20 -22 25 -24 -25 -26 26 27 -29 -30 -31
leaf_value=0.001616983493905597 0.21957705958001267 -0.022970995176013639 0.042110417980602735 -0.026933928940088166 0.080270207234037008 -0.025559734837781508 -0.031631910892725663 0.24384381525164014 0.12841222006009323 0.017834254198096765 0.19756226051803732 0.18667983065305366 -0.025043198536165951 0.01394601030288424 -0.043066261565442895 -0.028049939321783998 0.091828216278772301 0.077306773284972027 0.011765833759195959 0.11210445378046244 0.012728502615856839 -0.012474288332886187 -0.020149283910013405 -0.022479615098160044 0.18189143709777969 -0.021286739060810203 0.10445021161374531 0.034144050336790153 -0.008962989026553559 -0.0051806693589639477
leaf_weight=1819.1987022739486 1.1037752659758577 4.2993910089135179 19.714308008551601 86.48442511446774 2.241747783496975 82.732304720382672 12.610835378174675 0.67623553646262635 3.9708950128406251 4.7214784305542707 0.60124535579234351 1.2541215210221706 3.7550867053796528 122.01667563710362 3.8289639856666318 18.634773166850209 5.5950003378093234 7.2537719160318366 7.2262999545782822 3.1405545715242615 137.05727174412459 10.453597366809843 51.070421006530523 7.7280738130211821 3.3774024993181229 4.6997515484690693 6.9974082112312344 14.251962535083292 430.97439587581903 270.71591997984797
leaf_count=18898 70 65 257 1905 50 6354 1061 27 48 68 35 50 297 2183 67 377 81 82 107 43 2303 158 853 139 57 103 76 154 8129 4956
internal_value=-0.000103591 -0.00245846 -0.0011581 -0.0162613 -0.0242253 -0.0179824 0.01336 0.00131521 0.0381283 0.0683491 -0.0076856 0.0461394 0.00568001 0.000207786 0.0282577 -0.000391915 -0.00212814 0.0131322 0.00923777 0.00990917 0.0149546 0.0045711 -0.00725355 0.0286726 0.0659528 0.0271149 0.0430634 0.0572958 -0.00432637 0.00076173
internal_weight=3148.39 1329.19 1226.45 101.718 88.7262 102.734 20.0013 18.8975 12.9918 8.69237 18.2213 5.61045 4.35633 1124.74 23.5433 1101.19 942.361 118.654 113.059 158.833 140.198 105.805 69.4022 18.3318 10.6037 36.4027 25.9491 21.2494 823.707 392.733
internal_count=49053 30155 22261 2136 1955 7894 1540 1470 181 116 1443 382 332 20125 324 19801 17078 1810 1729 2723 2346 1647 1156 303 164 491 333 230 15268 7139
is_linear=0
shrinkage=0.05


Tree=103
num_leaves=31
num_cat=0
split_feature=59 21 13 42 58 1 64 56 45 18 45 59 2 12 13 53 18 41 38 15 58 64 59 35 19 21 59 20 54 47
split_gain=4.98737 11.0555 7.69115 8.20169 6.48674 11.9804 8.92824 8.39754 6.45401 9.11443 9.04045 11.1357 9.68143 9.41201 8.64293 10.9319 8.63914 14.3055 10.043 7.97197 15.6777 7.88626 7.44924 8.89671 7.53625 6.94927 7.31712 6.63162 6.61514 7.87668
threshold=-0.028360432417434332 -0.0072358242474633849 0.12593954737788349 4.6670000000000005e-05 -0.010806516223081968 -0.012227296063644167 0.52606251748829358 0.73880666888757385 -0.00066969256490117493 0.0048310348625520633 -0.00051576741716421863 -0.015943980570770767 -0.013155698870434043 2.4014979950274782 0.35194542712554122 -0.0056116707160075744 0.0071635099243238373 -9.2749999999999967e-06 0.19305541321915379 1.0000000180025095e-35 -0.0053701934604853049 0.99981132352869106 -0.018863133693344004 0.65909780953384967 -0.006852110447760411 -0.0010121057414996945 -0.0044353083462125376 -0.0027377010739989644 0.0030446853877331734 -0.00049507369797114795
decision_type=2 2 2 2 2 2 2 2 2 2 2 2 2 2 2 2 2 2 2 2 2 2 2 2 2 2 2 2 2 2
left_child=4 2 3 -2 5 -1 7 -6 9 -3 12 16 -10 19 27 -16 17 -12 22 20 -14 28 23 24 -19 -22 -27 -15 29 -21
right_child=1 8 -4 -5 6 -7 -8 -9 10 -11 11 -13 13 14 15 -17 -18 18 -20 21 25 -23 -24 -25 -26 26 -28 -29 -30 -31
leaf_value=-0.008651557021462938 0.049120321605166634 -0.010704787626681216 -0.035220466540217522 -0.028579217686669024 -0.032651361319243448 0.059733184521199335 0.042149485801675414 0.020336975783581557 -0.036017604674523959 0.048600708331915377 -0.029863774370861046 8.3327633397916212e-05 0.1362617809955777 0.0076545658409344075 0.040012617059575158 -0.021611742243085319 -0.010681053940514747 -0.026289644957501298 0.042365300544225895 -0.012184028378646815 -0.04719055835388436 0.03179272431240461 -0.0093759326516130725 0.068795626466034057 0.035283129497906136 0.084907447762391008 -0.0075225724763829981 0.093293047712128277 -0.022348064009118606 0.0073820267931193773
leaf_weight=10.647555716335775 6.5264332424849254 10.943063112674283 37.351098001003265 7.0814194194972515 19.323518306016926 16.07222880423069 9.9642494320869428 12.19634599983692 26.887979686260223 15.87989301048219 12.670447796583174 2429.7661284591886 2.7229999657720318 3.7105991380522028 12.647543187427802 16.698121382854879 27.842325806617737 8.5057895854115504 50.667575225234032 172.05648791079875 4.3576374051044686 11.376220576057674 24.01135972887278 9.2405255138874036 11.953417532145975 3.5973528102040273 5.2896360934828408 5.7848886370775272 87.480815116141457 73.372100162436254
leaf_count=54 68 160 370 86 131 86 56 65 202 159 79 40452 38 35 99 215 160 51 250 2926 69 105 158 46 66 31 170 78 1495 1093
internal_value=-0.000104201 -0.000400496 -0.0234959 0.00868609 0.0132692 0.0324826 0.000893971 -0.012148 -1.17497e-05 0.0244056 -0.000230018 0.000886316 -0.0069772 -0.00502067 0.018364 0.00494744 0.0143521 0.0203067 0.0263968 -0.00754192 0.0269954 -0.00914372 0.0113332 0.0280759 0.00968463 0.00453097 0.0298921 0.0598277 -0.0105426 -0.00633466
internal_weight=3146.63 3078.42 50.959 13.6079 68.2039 26.7198 41.4841 31.5199 3027.46 26.823 3000.64 2574.66 425.982 399.094 38.8412 29.3457 144.891 117.049 104.379 360.253 15.9676 344.286 53.7111 29.6997 20.4592 13.2446 8.88699 9.49549 332.909 245.429
internal_count=49053 48661 524 154 392 140 252 196 48137 319 47818 41262 6556 6354 427 314 810 650 571 5927 308 5619 321 163 117 270 201 113 5514 4019
is_linear=0
shrinkage=0.05


Tree=104
num_leaves=31
num_cat=0
split_feature=18 34 63 47 62 59 19 3 2 0 37 59 59 51 42 18 7 19 1 50 37 21 0 48 59 18 31 18 58 19
split_gain=4.92589 4.72757 4.9264 6.20825 5.94033 5.89613 12.9356 7.62902 5.86882 9.95049 13.235 8.03197 7.12164 14.3789 10.4033 11.8526 10.0314 8.40629 9.78953 9.03696 13.2315 18.5259 11.3365 10.4587 10.1946 9.8287 9.23734 9.15605 12.6479 8.80278
threshold=0.0014882296037690304 3.9119600025118051 0.02709302147913677 0.0010280947707184298 0.020317993885797244 0.023801984047257588 0.0128825641985483 0.014531027022605546 -0.013155698870434043 -0.0068020003511503552 0.33549843012639319 -0.022612264641119751 -0.013664957503751332 1.0000000180025095e-35 7.4050000000000003e-06 0.0042785714069068738 1.0000000180025095e-35 -0.00030283431224006777 0.00076314790820760498 -0.00051872100217641973 0.055914471263272099 -0.0015838001166094691 0.0019088982466539605 -0.00060770511811805076 0.00089682324671317998 0.0031704071817196416 0.42552748699043264 0.0028738786251762205 0.0014932436139602854 -0.00028549282742163271
decision_type=2 2 2 2 2 2 2 2 2 2 2 2 2 2 2 2 2 2 2 2 2 2 2 2 2 2 2 2 2 2
left_child=-1 2 3 5 -4 6 8 -7 11 10 -10 -2 13 14 -11 16 -16 18 -14 23 21 -21 -23 25 -24 -19 -25 28 -26 -22
right_child=1 -3 4 -5 -6 7 -8 -9 9 12 -12 -13 17 -15 15 -17 -18 19 -20 20 29 22 24 26 27 -27 -28 -29 -30 -31
leaf_value=-0.050059179556751598 0.0027376578358108963 -0.033028203329453901 -0.02471843991396765 0.028242511177924808 0.033409104521397635 -0.035191889420723627 0.085112770419907446 0.053260886051549085 -0.035958436673724468 0.039230051846871491 0.039167253779447221 -0.019791329754815415 -0.0020907082586540441 0.045707886156058579 0.055439450279389561 -0.0080299431365865644 0.0077285625602214626 0.11057433264420019 -0.018028385248273791 0.13669161100022029 0.073308061846018555 0.0051518364695878217 0.083213788580701109 0.00657546412914528 -0.0073945335231447229 0.020577128317418061 0.088026659957509037 -0.043181059891269205 0.12798084040941049 -0.0023057488479728072
leaf_weight=4.9265391619992434 74.938728917390108 10.812371402978895 34.810170935466886 19.773875936865807 5.0304417163133612 20.755547937005762 4.4921957850456229 2.7621441520750514 7.1543384455144396 19.584509015083313 32.468855639919639 83.804657548666 1049.2140169753693 23.694546721875668 14.330484911799429 123.66332216560841 47.649525046348572 4.7232523085549465 106.0926105119288 3.0697874277830115 3.8642999436706296 98.424870126415044 9.6998954983428138 337.20596922375262 4.166630504652856 8.4812117610126716 3.5172118218615642 4.388038506731391 2.9447295274585485 977.6301702731289
leaf_count=5242 440 113 574 169 48 419 39 40 54 108 231 700 14539 116 80 795 260 74 1310 35 61 1923 81 5566 82 127 49 76 54 15648
internal_value=-0.000101657 -2.32544e-05 9.08195e-05 0.000316175 -0.017379 0.000136226 0.00032883 -0.0248031 0.000203574 0.000719112 0.0256026 -0.00915597 0.000372229 0.00882856 0.00457067 0.000914264 0.0187599 -0.000368503 -0.00355428 0.00215568 -7.28668e-05 0.0154077 0.0122953 0.00910831 0.0454611 0.0527692 0.00741627 0.0136162 0.0486628 -0.00200805
internal_weight=3144.07 3139.15 3128.34 3088.5 39.8406 3068.72 3045.2 23.5177 3040.71 2881.97 39.6232 158.743 2842.35 228.922 205.228 185.643 61.98 2613.42 1155.31 1458.12 1104.19 122.694 119.624 353.928 21.1993 13.2045 340.723 11.4994 7.11136 981.494
internal_count=49053 43811 43698 43076 622 42907 42448 459 42409 41269 285 1140 40984 1359 1243 1135 340 39625 15849 23776 17960 2251 2216 5816 293 201 5615 212 136 15709
is_linear=0
shrinkage=0.05


Tree=105
num_leaves=31
num_cat=0
split_feature=58 19 38 21 43 43 5 59 43 4 32 4 13 45 17 21 59 20 38 64 18 32 43 50 51 62 6 32 41 16
split_gain=4.83397 7.59297 9.0612 10.164 12.5378 14.4567 27.7873 12.273 12.453 20.7229 13.9507 18.1977 13.9795 11.8574 14.4339 10.4959 10.4396 10.9526 10.2343 10.8395 9.76482 9.58418 14.3012 10.0104 9.72102 9.10503 8.96768 8.90622 14.6399 14.6868
threshold=-0.0004504940351024482 0.0027580477193436207 0.18500768817886895 0.0018197669814445391 3.1562500000000001e-05 4.0335000000000006e-05 0.0021012841425227069 0.0019698929277255487 3.057624999999999e-05 157.37857142857061 4.5000000000000009 154.9928571428583 0.025423027369952861 -0.00031710638561762339 0.75046249631514039 -0.00013824047849893731 -0.0043354466300243562 0.00081746407089193886 0.33636875069186861 0.087946275162463894 0.0021424626077304748 2.5000000000000004 0.00029107500000000007 -0.0067700584332710942 1.0000000180025095e-35 -0.0091482616760727217 22.500000000000004 5.5000000000000009 2.3000000000000004e-06 0.62221790587072345
decision_type=2 2 2 2 2 2 2 2 2 2 2 2 2 2 2 2 2 2 2 2 2 2 2 2 2 2 2 2 2 2
left_child=-1 2 -2 7 25 6 -6 8 9 10 11 20 -12 14 -10 -14 17 -7 19 -11 -4 24 23 -23 -18 -5 -27 28 -21 -30
right_child=1 -3 3 4 5 16 -8 -9 13 18 12 -13 15 -15 -16 -17 21 -19 -20 27 -22 22 -24 -25 -26 26 -28 -29 29 -31
leaf_value=0.0018398314444773951 -0.012011470842398453 0.0052215979142470666 -0.052020903120617482 0.05836500463875112 0.2138542352760332 0.0023567325896370599 6.5838018611353766e-05 -0.018107417816308469 -0.02855669692254599 0.067539683616509236 0.24409532641639939 0.22562306174735555 0.15514781683123627 0.003436337802655984 -0.0045631132443488499 0.010680706753949392 0.058781145008578964 0.069418110713649478 0.063132770100503777 -0.01547748804923036 0.049277529517285028 0.086706827550560153 0.10314728433703475 0.0039075363655702508 -0.025176630838746092 -0.03101370970026153 0.061853359858531611 -0.021813562682683578 0.015169840499465768 0.102963572628738
leaf_weight=1588.2751792991185 263.18010593467625 289.45035732159158 4.1862067532492819 3.8105544578284016 2.6826448552310458 10.205654814839365 3.5067259855568409 126.29674281028565 87.294666623405647 6.0135588171542613 1.6704875649884332 1.0400619891588565 2.3324575604638085 242.48516047635349 222.30139599076938 2.727359120559413 3.910046560689806 15.092586219310759 7.145062915980815 42.704974255058914 5.5108349062502384 3.990664340555667 4.6233357954770318 42.811391748487949 29.157332025468349 30.8219761736691 2.8389809671789399 37.548105668567587 52.585906673630234 5.2381780797732054
leaf_count=20550 5036 3958 483 38 47 65 70 4392 2016 89 86 19 79 3597 4028 109 62 75 88 612 62 62 55 838 533 578 45 526 788 67
internal_value=-9.97295e-05 -0.00208314 -0.00375627 -0.00158482 0.0102555 0.0183791 0.0927277 -0.00372973 -0.00121046 0.0106785 0.0622426 0.026865 0.118682 -0.00484344 -0.0113284 0.0772767 0.0141878 0.0423646 0.00472295 0.00182657 0.00554706 0.0057513 0.0192549 0.0109676 -0.0152491 -0.0148887 -0.0231813 -0.00103538 0.00672537 0.0231229
internal_weight=3141.44 1553.16 1263.71 1000.53 153.452 115.98 6.18937 847.081 720.784 168.703 17.4674 10.7371 6.7303 552.081 309.596 5.05982 109.791 25.2982 151.236 144.091 9.69704 84.4928 51.4254 46.8021 33.0674 37.4715 33.661 138.077 100.529 57.8241
internal_count=49053 28503 24545 19509 2468 1807 117 17041 12649 3008 838 564 274 9641 6044 188 1690 140 2170 2082 545 1550 955 900 595 661 623 1993 1467 855
is_linear=0
shrinkage=0.05


Tree=106
num_leaves=31
num_cat=0
split_feature=16 7 17 12 16 11 12 19 55 19 58 15 15 60 16 1 37 53 49 16 7 53 41 58 5 58 20 49 32 50
split_gain=4.82493 11.1661 11.4118 11.3463 11.4339 10.7943 12.2711 13.0261 13.827 12.3356 10.3838 11.1757 9.96092 9.20292 18.1681 9.01241 8.87888 11.085 14.6867 18.4541 17.6948 12.1506 9.21198 8.78562 8.97068 11.2698 8.2082 8.12532 13.1292 11.9646
threshold=0.29683838032259363 5.5000000000000009 1.2279048618670219 0.75975432846416824 0.31783353181908974 0.35313598778692795 0.64877609920994872 0.00049624360404819942 1.0000000180025095e-35 -0.00013498434136159895 -0.0020210456522170204 0.11234360113889653 0.27729640343194389 0.032466216231544796 0.4085371873699804 -0.001051694939742146 0.12645453339105092 0.00048880502168396369 -0.0021367742991878548 0.3204490807363134 3.5000000000000004 0.0059746031823200933 -1.1589999999999997e-05 -0.0068719668686935999 0.0019033669712554765 0.0031206327700342138 0.0012611989650983487 -0.00062752384754060134 7.5000000000000009 0.0046766355271609028
decision_type=2 2 2 2 2 2 2 2 2 2 2 2 2 2 2 2 2 2 2 2 2 2 2 2 2 2 2 2 2 2
left_child=-1 2 16 4 -3 6 -4 9 -9 -8 11 -6 -10 14 -12 -16 17 18 -2 20 -20 -19 27 -21 -25 -26 -15 -18 29 -29
right_child=1 3 5 -5 10 -7 7 8 12 -11 13 -13 -14 26 15 -17 22 21 19 23 -22 -23 -24 24 25 -27 -28 28 -30 -31
leaf_value=-0.0016790495322616665 -0.021453233743349301 0.10024301110098198 -0.058065224025469708 0.0034650739893027933 0.099610272508052891 0.0043558318037122627 0.030378526320772953 0.13216006449858464 0.006692519554717071 -0.052283001025817545 0.22599498596435397 0.020793303151488043 0.10719086292074254 -0.018568483070556977 0.16048198241366488 -0.052490601793939509 0.034163934308964326 -0.012517439574057291 0.18959919017674393 0.084759232694864711 0.020495879926814179 0.08404943885374333 -0.0069910544212918842 0.025877357631266331 -0.041683963045591743 0.034486634198341151 0.031037456895085493 -0.032882295417201092 0.061997037264164757 0.036069195238740047
leaf_weight=1903.8893928683829 19.842799619596917 5.508928458497393 3.7640491425991049 86.372710234834813 8.1099434485076944 199.93658909149235 29.789419852837455 6.0048440271057197 7.8079947882215492 5.3191951762419185 1.4136605806415894 10.097154980001504 3.603502111742273 20.360354925098363 0.67165221873438041 1.9075231578899543 26.466834925755393 67.597306669107638 3.257058809103909 4.9161222521215668 2.9463710829149932 3.4223867948749094 584.33198921702569 58.319321338785812 12.689822195097806 7.8662534449249497 14.123984361183828 24.012564830074552 6.7101053754449813 8.5250862396787834
leaf_count=30079 341 88 69 1485 71 2169 342 73 129 94 69 112 48 455 17 164 371 1518 59 51 85 53 8434 1530 172 104 290 389 80 112
internal_value=-9.99319e-05 0.00233308 0.000576031 0.0151903 0.031474 0.00980114 0.0291427 0.0353922 0.070745 0.0178547 0.0247906 0.0559006 0.0384277 0.0100697 0.0819321 0.00297035 -0.00226871 0.00753019 0.0174839 0.026069 0.109282 -0.00786395 -0.00499499 0.0199084 0.0158664 -0.0125355 0.00174896 0.012754 -0.00168388 -0.0148165
internal_weight=3139.58 1235.7 1087.13 148.566 62.1932 256.226 56.289 52.525 17.4163 35.1086 56.6843 18.2071 11.4115 38.4772 3.99284 2.57918 830.904 180.857 109.838 89.9949 6.20343 71.0197 650.047 83.7915 78.8754 20.5561 34.4843 65.7146 39.2478 32.5377
internal_count=49053 18974 16223 2751 1266 2924 755 686 250 436 1178 183 177 995 250 181 13299 3913 2342 2001 144 1571 9386 1857 1806 276 745 952 581 501
is_linear=0
shrinkage=0.05


Tree=107
num_leaves=31
num_cat=0
split_feature=63 18 63 44 49 19 37 7 41 58 4 60 6 13 21 32 21 20 58 5 21 2 5 58 6 35 13 11 56 6
split_gain=4.74477 4.68899 4.51286 7.11435 6.54336 6.64721 5.7474 13.4139 18.0142 26.6913 15.7275 12.3865 16.364 11.0058 12.389 10.4825 10.3017 10.7095 10.4091 9.76097 11.4626 11.2888 9.71074 9.63223 9.55294 9.27011 17.523 9.07327 9.04995 8.84825
threshold=0.063143394799142535 0.0014882296037690304 -0.029424514007218856 2.8726587946090142e-05 -0.0060855778211041404 -0.00045901377046108309 0.77534285387458735 1.0000000180025095e-35 9.965000000000001e-05 -0.001395777434384542 200.45178571428633 0.24521007681071141 19.500000000000004 0.03884231666424736 0.0041095008445430842 6.5000000000000009 -0.0021407396625195067 -0.0046163611959967243 -0.0023369715046271393 0.0056490377116819954 0.0065171544342671637 0.010410735891709939 0.0014718295243670984 -0.019260493694202439 18.500000000000004 0.17700948253608242 0.33885340415541237 -0.87660923863967921 0.37479336461770957 21.500000000000004
decision_type=2 2 2 2 2 2 2 2 2 2 2 2 2 2 2 2 2 2 2 2 2 2 2 2 2 2 2 2 2 2
left_child=1 -1 3 4 -3 -6 7 8 23 10 -10 12 27 15 -15 22 17 -12 -18 20 29 -22 -11 -4 -21 -13 28 -8 -27 -9
right_child=-2 2 6 -5 5 -7 11 19 9 13 16 25 -14 14 -16 -17 18 -19 -20 24 21 -23 -24 -25 -26 26 -28 -29 -30 -31
leaf_value=-0.050056241576454913 -0.058613182132735253 0.038940251676135039 0.073005526779244059 0.048985741918683399 -0.015346431042064979 0.021138877093352174 0.077427296121538119 0.00031833138470389503 0.12120703445229604 0.1346681754455476 0.040513238102276118 -0.011977227743019179 0.078486408238953337 -0.0025156543881901749 0.086112284708297113 -0.021331981501075004 -0.0053833545216900314 0.11136333357150791 0.078841062299332881 -0.048603755850149831 0.066712333040740021 -0.020048710778581273 0.038757509192665567 -0.0023761302649187481 0.0096427664420275123 0.0083561442342351289 -0.0040319145220602355 0.00088093044124575276 0.073406970401147062 -0.011860578177468098
leaf_weight=4.6780141802155404 3.4606854021549216 12.103857725858687 4.3370939157903186 11.127502765506504 33.557991366833448 19.878627844154835 4.1362280873581758 1906.1301371227019 6.9783184099942437 3.8938608150929239 17.583937034010891 353.3262942628935 8.7939283978193981 89.420497003477067 4.1249592881649724 4.2880651522427788 15.708170449361205 7.6560128293931475 4.7861192151904115 20.389481296762828 12.14342766441405 5.4237570203840724 8.1899964231997711 185.01492404844612 10.751279274001716 9.6531412899494189 137.01562192104757 60.437035394832492 11.984628677368162 161.79409037670121
leaf_count=5242 48 70 24 75 233 138 67 28130 54 62 150 4715 90 1218 61 68 182 79 53 294 125 69 112 2649 112 109 1243 867 111 2603
internal_value=-9.9568e-05 -3.49819e-05 3.97635e-05 0.0120211 0.00574521 -0.00177376 -0.000261021 0.000795198 0.00983341 0.0220388 0.0512892 -0.00471547 0.0144983 0.00801137 0.00139246 0.0458303 0.0406208 0.0620041 0.0142859 -0.000707797 -0.000292887 0.0399254 0.0696634 -0.000649519 -0.0284943 -0.00746882 0.00257154 0.00578409 0.0443862 -0.000634545
internal_weight=3138.77 3135.31 3130.63 76.668 65.5405 53.4366 3053.96 2468.61 351.982 162.63 52.7126 585.347 73.3672 109.917 93.5455 16.3719 45.7342 25.2399 20.4943 2116.63 2085.49 17.5672 12.0839 189.352 31.1408 511.98 158.653 64.5733 21.6378 2067.92
internal_count=49053 49005 43763 516 441 371 43247 36045 4712 2039 518 7202 1024 1521 1279 242 464 229 235 31333 30927 194 174 2673 406 6178 1463 934 220 30733
is_linear=0
shrinkage=0.05


Tree=108
num_leaves=31
num_cat=0
split_feature=59 18 53 17 14 20 21 13 18 32 59 42 10 60 38 38 60 62 60 17 19 15 53 14 59 38 1 58 27 15
split_gain=4.54564 9.73438 10.6038 9.83884 14.284 15.9827 9.56185 15.6463 9.16121 10.484 15.9761 8.50546 8.1392 10.3735 7.6097 7.18222 9.54039 10.6426 10.2534 13.4026 22.352 9.0614 18.1921 17.5554 8.92462 10.655 9.45739 8.42528 8.96473 10.1431
threshold=-0.0013639540657373152 0.0019749762891991232 0.0091809316527560539 0.63632039088516845 0.041608696472786817 0.0037609261964728475 -0.0014430017991169696 0.023644543986115898 0.006516665283598861 6.5000000000000009 0.0078419213334092394 4.5320000000000007e-05 1.0000000180025095e-35 0.47903207038813594 0.31424026844727188 0.23704289371654447 0.50244085277923201 0.016126120662499032 0.96128737803145836 1.0551816454390128 -0.0013605473628657977 0.054866827811578665 0.0065756909319427308 0.8311121302421608 0.011294299539410612 0.16368441763871958 0.010391921282903969 0.0028903917346718611 0.26601336452141461 0.02208442692616339
decision_type=2 2 2 2 2 2 2 2 2 2 2 2 2 2 2 2 2 2 2 2 2 2 2 2 2 2 2 2 2 2
left_child=-1 2 3 4 -2 12 7 11 -9 -10 -11 -3 -6 14 -14 24 17 21 -18 20 -20 22 23 -17 26 27 -8 -26 29 -29
right_child=1 6 -4 -5 5 -7 15 8 9 10 -12 -13 13 -15 -16 16 18 -19 19 -21 -22 -23 -24 -25 25 -27 -28 28 -30 -31
leaf_value=0.0015268354405283558 0.16992526628025534 0.081534456592524257 0.18819667334216403 -0.02645026380613201 -0.030950366853084301 0.23773579614862927 0.0054082354925126183 -0.032390117677595705 -0.019453127556345411 -0.012020548528984746 0.14503884537870024 0.00079618903699404269 -0.016100812552169583 0.18164165566006174 0.16193485097812182 0.027453058222291229 -0.019895939343816366 0.061522924782084411 0.16511129136154198 -0.037435707610294675 0.012425554262194816 -0.0045328898780603085 0.12295650482137191 -0.045764863450091384 0.036926905675404957 -0.020457123495644786 0.047040050777850555 0.07992264263933363 0.051112493181543699 -0.023555373294537708
leaf_weight=1814.1607357233297 1.3468855397077302 5.581503249704836 0.6239988140296181 79.786220581270754 12.210428630816756 0.6890788150485595 509.88282397110015 67.368317672982812 13.061653124168517 3.6292742677032939 2.9233320448547602 7.8492452576756477 4.1741505801328449 1.0666360867908222 0.70099173107882951 34.797197097912431 140.84888542909175 7.1356102526187888 2.6191030275076654 11.714526221156119 28.259342970326543 227.66946802102029 3.8843853101134291 10.705578165128825 17.702263182029128 74.613630096428096 14.016447100788353 2.5739942267537108 6.0376546718180171 29.618676768615842
leaf_count=18898 70 68 30 6324 1063 23 8936 1542 286 82 45 113 302 43 39 582 2789 99 37 216 536 4172 56 203 268 1470 95 47 89 530
internal_value=-9.85261e-05 -0.00232715 -0.0172777 -0.0185602 0.0126225 0.00137755 -0.00109687 -0.0158789 -0.0236345 0.00643822 0.0580488 0.0343491 -0.00759489 0.0404009 0.00949875 0.00022595 -0.00450634 0.00123143 -0.0133954 0.00810086 0.0253763 -0.000321378 0.0190932 0.0102269 0.00360741 -0.00808947 0.00652206 0.00840889 -0.00479617 -0.0152817
internal_weight=3137.25 1323.09 100.598 99.9744 20.1882 18.8413 1222.49 100.413 86.9826 19.6143 6.55261 13.4307 18.1522 5.94178 4.87514 1122.08 467.634 284.192 183.442 42.593 30.8784 277.057 49.3872 45.5028 654.445 130.546 523.899 55.9326 38.2303 32.1927
internal_count=49053 30155 7894 7864 1540 1470 22261 2136 1955 413 127 181 1447 384 341 20125 8690 5112 3578 789 573 5013 841 785 11435 2404 9031 934 666 577
is_linear=0
shrinkage=0.05


Tree=109
num_leaves=31
num_cat=0
split_feature=63 18 4 11 21 7 59 20 45 38 28 59 53 43 4 41 54 43 58 15 13 58 5 41 12 2 58 7 6 12
split_gain=4.46569 4.39778 4.34224 5.89938 4.90596 10.8774 6.59423 10.1576 8.2582 6.10385 5.77197 5.00239 7.71728 9.43172 6.67605 6.34154 13.3566 10.5064 17.7581 9.43684 8.75906 7.91547 7.33908 7.89273 7.6605 9.36382 7.96473 9.20612 6.72409 10.4837
threshold=0.063143394799142535 0.0014882296037690304 1102.4921428571433 0.4230133611386459 0.010593227361031226 1.5000000000000002 0.01852754674717744 0.012012202769686882 -0.00060782702446673877 0.20486956782489313 0.34180417848075106 0.0062841889570895825 0.010587167712382673 8.5222499999999999e-05 264.14285714285774 -1.4049999999999999e-06 0.0097199885980079562 -1.9320000000000008e-05 0.0021968137285947342 0.27985085470777554 0.1726811931848112 -0.0097075200006514571 0.0036091725649073573 1.3735000000000001e-05 0.71482252649129219 0.0099110176036765283 0.0011662109842101392 2.5000000000000004 18.500000000000004 0.26634822048971379
decision_type=2 2 2 2 2 2 2 2 2 2 2 2 2 2 2 2 2 2 2 2 2 2 2 2 2 2 2 2 2 2
left_child=1 -1 4 -4 6 -6 7 11 -8 -9 -10 -3 14 -14 -13 16 17 21 19 -19 28 -16 23 -22 -25 -26 -27 -28 29 -17
right_child=-2 2 3 -5 5 -7 8 9 10 -11 -12 12 13 -15 15 20 -18 18 -20 -21 22 -23 -24 24 25 26 27 -29 -30 -31
leaf_value=-0.050053296655516971 -0.058200118117390925 0.00068836339617816742 -0.049617135745739206 0.026203710728063698 0.085396485924918247 -0.017409200236195906 0.063319011487848548 0.041823708529579423 -0.029250457326251467 -0.019696595210539666 0.02529622591967351 -0.023340950452348255 -0.0027139369516775641 0.093171017993175564 0.075754775417809672 0.082052604209220628 -0.055443328281567977 0.070608074754227632 0.15244756543111682 -0.026147791207272664 -0.045264605308968003 -0.025573829824489636 -0.034781871775936078 0.086469088741173802 -0.0022375595761930495 0.090476889374832947 -0.031055053567760501 0.055359650325682346 -0.04047594520176271 -0.014456775170687292
leaf_weight=4.3888882391620418 3.3037166744470587 2763.1702756192535 9.3876267522573453 3.5302391760051242 5.2087573148310167 5.084519486874342 2.9466179795563212 22.338423613458875 41.961388207040727 4.9198614172637454 5.483634188771247 57.018868279177696 6.5257531832903606 4.2251822836697102 2.4588810596615085 2.9561633802950373 5.2703298386186352 5.5091024264693242 3.850845007225872 4.6447399314492941 5.8447927776724091 8.9152370225638169 10.411343712359665 3.5839606281369916 40.465600450523198 5.6114246938377645 5.3322638832032663 7.3035123869776726 25.218088679015636 58.493577630259097
leaf_count=5242 48 36018 155 33 58 74 49 203 868 54 74 1829 97 50 35 77 88 104 67 85 113 207 206 86 709 60 60 76 670 1558
internal_value=-9.90508e-05 -3.77654e-05 3.24186e-05 -0.0288966 0.000152396 0.0346141 3.81337e-05 0.000334139 -0.0179017 0.0307199 -0.022946 6.04963e-05 -0.00652009 0.0349694 -0.00828391 -0.00390072 0.0169878 0.0320293 0.0610217 0.0263484 -0.00777562 -0.0036684 0.00431683 0.0102907 0.015503 0.0111711 0.0409066 0.0188929 -0.0187358 -0.009814
internal_weight=3135.36 3132.06 3127.67 12.9179 3114.75 10.2933 3104.46 3054.07 50.3916 27.2583 47.445 3026.81 263.64 10.7509 252.889 195.87 30.6491 25.3788 14.0047 10.1538 165.221 11.3741 78.5529 68.1416 62.2968 58.7128 18.2472 12.6358 86.6678 61.4497
internal_count=49053 49005 43763 188 43575 132 43443 42452 991 257 942 42195 6177 147 6030 4201 586 498 256 189 3615 242 1310 1104 991 905 196 136 2305 1635
is_linear=0
shrinkage=0.05


Tree=110
num_leaves=31
num_cat=0
split_feature=34 26 14 26 4 18 16 53 47 38 49 49 11 5 4 63 49 14 37 18 4 15 18 53 19 37 62 58 60 0
split_gain=4.55252 5.11161 14.904 6.16539 7.53997 8.1164 5.24256 6.63227 5.14287 8.65699 7.95108 7.09669 6.95551 6.77544 8.33873 10.0457 9.63417 13.0009 7.71757 12.7023 12.597 9.80342 11.4348 11.4778 11.1367 9.21814 8.68796 8.45793 10.177 8.43639
threshold=3.9119600025118051 0.55285432520133482 0.52052111562568049 0.58507306376832247 251.82857142856952 0.0031186742345099146 0.45534410438237877 -0.0015312574401909328 -0.00050004143120146668 0.16959209141197037 -0.0081671923691433463 0.0052188430139496287 1.330216120479907 0.0011411787201982403 180.03214285714216 0.00011068390621433533 0.0010922330752178978 0.6023071389065312 0.42406405359891824 0.0022320233073521512 212.12142857142996 0.45212405974865622 0.0042785714069068738 -0.0053198417292019311 0.00089703099154063621 0.89572664167821536 -0.013949741857396957 -0.00025433533949858995 0.51640070969667329 -0.00024749648686595564
decision_type=2 2 2 2 2 2 2 2 2 2 2 2 2 2 2 2 2 2 2 2 2 2 2 2 2 2 2 2 2 2
left_child=1 8 3 -3 6 -6 -5 -8 9 11 12 -1 -11 -12 15 16 -15 -18 19 20 -16 22 23 -20 25 -25 -21 28 -23 -22
right_child=-2 2 -4 4 5 -7 7 -9 -10 10 13 -13 -14 14 18 -17 17 -19 21 26 29 27 -24 24 -26 -27 -28 -29 -30 -31
leaf_value=-0.02300562513228489 -0.032675359802638713 0.055094980195471759 0.10276634592019558 -0.056243387133230863 0.056386927023852985 0.002928903732658689 0.044100947023685708 -0.032999444647959446 0.00060073709863463838 0.055753408184027756 -0.036362476390573918 0.024072506051965634 -0.0013902522427528064 -0.0045105649253883587 -0.0092460174128854468 0.10380966737337692 0.1354162468832488 -0.0085379275417708841 0.065854443369225538 0.023168318744648121 0.014092979488921884 0.081605080875800207 -0.016067457227045796 -0.026262210357201273 0.036898800067327812 0.024570056938282819 -0.022811175158713476 -0.014557505465449226 0.01726570761845006 0.11842338365527286
leaf_weight=85.528921665041707 10.687433771148788 6.1574137031566343 4.3633324679103671 7.437601204786918 9.0506508126854879 32.949401449412107 4.6119738547713496 7.057595778256653 2562.3163166553131 10.948143715038897 14.997696261911186 8.8314911257475597 10.368280097842215 19.514407072681941 11.060056275688114 3.43852900591446 3.2839345026295623 3.0023962779087014 8.5870015230029804 11.28339423984289 3.4073690827935934 9.5237489454448241 80.069803124293685 28.345590161159635 17.944486388936639 13.013303831219671 114.81626542843878 9.6190157141536456 17.330574713647366 4.4922057781368485
leaf_count=1176 132 70 47 188 91 269 53 123 40487 92 1064 97 75 360 237 81 57 53 85 95 55 110 944 395 278 138 1764 161 205 71
internal_value=-9.79004e-05 1.35727e-05 0.0132165 0.00740755 0.00260237 0.0144486 -0.0234373 -0.00252831 -0.000296317 -0.0049929 -0.00174285 -0.0185994 0.0279588 -0.00343694 -0.00206041 0.0235298 0.0128308 0.0666627 -0.00433129 -0.0129598 0.0251978 0.00245512 -0.00326829 0.011827 0.00400398 -0.0102682 -0.0186969 0.0256731 0.0400833 0.073422
internal_weight=3134.04 3123.35 71.628 67.2646 61.1072 42.0001 19.1072 11.6696 3051.72 489.407 395.046 94.3604 21.3164 373.73 358.732 29.2393 25.8007 6.28633 329.493 145.059 18.9596 184.434 147.96 67.8904 59.3034 41.3589 126.1 36.4733 26.8543 7.89957
internal_count=49053 48921 841 794 724 360 364 176 48080 7593 6320 1273 167 6153 5089 551 470 110 4538 2222 363 2316 1840 896 811 533 1859 476 315 126
is_linear=0
shrinkage=0.05


Tree=111
num_leaves=31
num_cat=0
split_feature=5 37 23 12 41 58 23 2 41 4 34 31 58 43 10 62 43 49 23 18 59 49 59 2 7 18 59 19 7 54
split_gain=4.30385 7.32649 9.14935 11.2934 9.63499 9.36721 8.37109 9.89445 8.03203 10.7198 7.95993 9.05228 7.13033 7.14725 7.06884 17.3154 9.91763 9.01363 10.6175 9.28399 8.4941 7.7645 8.12643 11.9631 12.0503 11.1438 13.5244 17.3955 14.2158 19.8158
threshold=0.003873159588168276 0.58929440674155498 0.00021569787720196489 0.26634822048971379 8.1730000000000005e-05 -0.016554484380855501 0.00089029791822815417 0.0062515945905066393 0.00015222500000000003 377.88571428571339 1.1134786994521459 0.30070697304228966 -0.0056161491159361374 8.8062499999999887e-06 1.0000000180025095e-35 -0.015424092870287778 3.4475000000000005e-05 -0.00091304732599001726 -0.00051832147396077587 0.0045870268768851081 -0.020508045326491867 -0.0058145868198835639 0.0020255593330605593 0.009459736632299447 2.5000000000000004 0.0035532248409233052 -0.0097148420065696003 0.00040306438679408137 3.5000000000000004 -0.0050459344785579651
decision_type=2 2 2 2 2 2 2 2 2 2 2 2 2 2 2 2 2 2 2 2 2 2 2 2 2 2 2 2 2 2
left_child=14 2 3 4 -2 -5 -4 -8 9 -7 -3 -12 13 -11 20 16 -16 18 19 -17 -1 -22 25 -24 -25 26 -23 -28 -29 -30
right_child=1 10 6 5 -6 8 7 -9 -10 12 11 -13 -14 -15 15 17 -18 -19 -20 -21 21 22 23 24 -26 -27 27 28 29 -31
leaf_value=0.026562042315174825 0.012670709355975487 -0.01249346755805685 -0.029780876492910991 0.048121892940246186 0.10516821582984073 0.037053398678464654 0.064366557576235758 -0.01244552114155844 0.044695075562842093 -0.03168025221061279 -0.0033627362277213503 0.073655850724160074 -0.034882135921831321 0.018932024748592138 0.088385141912767862 -0.015579547921913565 0.011750651068873923 -0.00087125580354359725 0.013129301775123193 0.0099266136749484521 -0.019745090100751386 0.023547278731750873 -0.010950997020483334 -0.011400447933762154 0.045269672080727782 -0.0081426539352131271 -0.0031710235384788 0.0227925697931609 0.14419261917180803 -0.0078000067141507316
leaf_weight=26.374705828726292 5.5302524734288436 235.81147468090057 30.756066798232496 11.769667303189634 5.7348306216299534 12.047767758369444 6.1844492107629803 13.016503203660248 8.9569463767111284 10.747797243297095 11.155365254729988 5.7980188298970452 24.847215702757246 19.873076079413295 9.3045869544148463 73.606489547528327 7.7285095062106839 675.31538318330422 326.21662124589784 69.234093734994531 59.627698477532249 76.932982366532087 324.53346902469639 17.596406849101186 20.091016223654151 267.64348728023469 554.32862881431356 143.11818212969229 2.2056247986620283 77.256707829248626
leaf_count=146 73 2711 428 82 44 130 75 176 59 87 102 49 250 173 64 601 58 9935 4548 535 661 469 9387 292 268 2725 11305 1815 30 1775
internal_value=-9.66054e-05 -0.00492527 0.00385019 0.0126155 0.0597594 0.00659707 -0.0136091 0.0122949 0.000206123 -0.00569597 -0.0101144 0.0229774 -0.0149812 0.00116733 0.000614545 0.00357182 0.0536134 0.00282699 0.00815146 -0.00321684 -0.0015735 -0.00205432 -0.00134336 -0.00785448 0.0188102 0.000759625 0.00355011 0.00156991 0.013377 -0.00358117
internal_weight=3133.34 402.229 149.465 99.5076 11.2651 88.2425 49.957 19.201 76.4728 67.5159 252.765 16.9534 55.4681 30.6209 2731.11 1161.41 17.0331 1144.37 469.057 142.841 1569.71 1543.33 1483.71 362.221 37.6874 1121.49 853.842 776.909 222.581 79.4623
internal_count=49053 4439 1577 898 117 781 679 251 699 640 2862 151 510 260 44614 15741 122 15619 5684 1136 28873 28727 28066 9947 560 18119 15394 14925 3620 1805
is_linear=0
shrinkage=0.05


Tree=112
num_leaves=31
num_cat=0
split_feature=34 26 14 26 4 18 16 53 60 58 32 58 21 50 52 2 0 53 12 4 53 2 20 54 1 13 48 60 2 60
split_gain=4.22224 4.47622 12.5656 5.37773 6.79882 7.01548 4.99863 5.94218 4.87881 14.8203 9.30071 8.84681 10.3204 9.96243 10.0716 9.1034 8.59085 14.1179 19.3262 8.53715 8.46659 8.20618 7.99795 7.18475 12.6725 8.21657 8.24818 9.12971 14.2217 6.67371
threshold=3.9119600025118051 0.55285432520133482 0.52052111562568049 0.58507306376832247 251.82857142856952 0.0031186742345099146 0.45534410438237877 -0.0015312574401909328 0.052984507140435913 0.0012495389974072652 12.500000000000002 0.0015421647591050678 0.00091023455886547755 0.0010321390750289128 0.18345619610650651 -0.00015001772760882116 0.00092776342646924421 0.0012519435422121768 0.74975769614486842 426.4892857142857 0.0041912674139587989 0.0029660223213042783 0.0018524935993922043 -0.0001852709692438642 0.0012971114675114253 0.012016219605645648 -0.00050394396723023435 0.0032048311297629673 -0.0012440925622497258 0.0032048311297629673
decision_type=2 2 2 2 2 2 2 2 2 2 2 2 2 2 2 2 2 2 2 2 2 2 2 2 2 2 2 2 2 2
left_child=1 8 3 -3 6 -6 -5 -8 9 10 19 12 13 14 15 -11 20 18 -18 -1 23 -20 -12 24 25 -13 27 28 -27 -28
right_child=-2 2 -4 4 5 -7 7 -9 -10 11 22 16 -14 -15 -16 -17 17 -19 21 -21 -22 -23 -24 -25 -26 26 29 -29 -30 -31
leaf_value=-0.021692960811179409 -0.031764194738455778 0.050632824030811388 0.092151707286923026 -0.05571190595436594 0.051575703017243596 0.002566486489925615 0.040802043068625303 -0.032024565116417429 0.0003399870831426555 -0.053289815624850224 0.0084333686112005677 0.08157469781835873 0.13720491664722798 -0.055247766343889615 0.16964665246583949 0.11222639344229127 0.18298105130238437 0.0039683205036159155 -0.025716975733163568 0.067084445321643343 0.083851539984821005 0.092271300450776278 0.12331592899127033 -0.031278572186433665 0.10500443358010102 0.1690191930533517 -0.049182031153908665 -0.020268849914179446 -0.0098077823523391762 0.0022243730725557739
leaf_weight=141.88427572860382 10.4896685614367 6.3576795949484213 4.6141400103806509 7.1296707449364503 9.3753499481827003 33.018513148650527 4.706954488705378 6.917066596914081 2780.9478955123341 1.9829820552258752 8.0430507204728183 2.5342309736879534 2.607846632192377 2.6998779209679924 1.5529506340972146 1.4296711296774429 2.9103693182114494 25.048628734832164 3.3676608675741591 2.7606857717037192 2.4422637934912919 2.620328999706544 1.8665831547114056 26.219516936689615 2.7990711595048188 2.2437578496756032 14.127156406582808 4.5609885276644491 2.2037735294434153 11.41499784454936
leaf_count=5309 132 70 47 188 91 269 53 123 39783 74 341 91 68 96 44 61 45 434 73 24 44 42 21 713 54 45 347 93 66 212
internal_value=-9.53691e-05 1.10905e-05 0.0123229 0.00686641 0.0023159 0.0134048 -0.0227513 -0.00253464 -0.000280196 -0.00673199 -0.0167881 0.00705072 0.0512856 0.0220553 0.0640863 0.0160503 0.00261685 0.0231867 0.0772859 -0.0199986 -0.00757028 0.0259144 0.0300727 -0.010948 0.00241729 -0.00532572 -0.0116997 0.0294364 0.0804096 -0.0262081
internal_weight=3130.88 3120.39 72.1194 67.5052 61.1476 42.3939 18.7537 11.624 3048.27 267.321 154.555 112.766 10.2733 7.66548 4.9656 3.41265 102.493 33.947 8.89836 144.645 68.5458 5.98799 9.90963 66.1035 39.884 37.0849 34.5507 9.00852 4.44753 25.5422
internal_count=49053 48921 841 794 724 360 364 176 48080 8297 5695 2602 343 275 179 135 2259 594 160 5333 1665 115 362 1621 908 854 763 204 111 559
is_linear=0
shrinkage=0.05


Tree=113
num_leaves=31
num_cat=0
split_feature=59 21 13 62 63 62 50 43 20 41 15 48 58 14 2 15 45 20 0 15 16 54 14 27 11 7 49 53 6 11
split_gain=4.151 10.2679 9.06112 6.48995 8.20453 8.52922 8.965 8.67004 6.22317 7.98716 8.03333 6.12719 5.93913 9.71173 8.13294 6.85362 6.49161 7.02006 9.8186 6.57856 7.77375 15.9591 6.32621 6.17957 7.40162 7.23067 14.5507 10.2721 10.5852 10.9517
threshold=-0.028360432417434332 -0.0081122469488254505 0.12593954737788349 -0.023128070954327316 -0.023639040058348111 -0.018374907541093565 -0.0052800246635899871 6.2824999999999996e-05 -0.018024762839272141 4.5450000000000005e-06 0.14657334957104576 -0.00039545717743705338 -0.013708640470839275 0.25195275967601433 0.00041810261786459608 0.20510090954345128 -0.00051576741716421863 -0.0087102715156730775 -0.0054977894864163962 1.0000000180025095e-35 0.30983383146755644 -0.0011771001927866397 0.94894765082129129 0.46272391170534372 -0.31762088270317163 5.5000000000000009 0.00054467650502263278 0.0043679805565936614 5.5000000000000009 -0.33820680389376712
decision_type=2 2 2 2 2 2 2 2 2 2 2 2 2 2 2 2 2 2 2 2 2 2 2 2 2 2 2 2 2 2
left_child=8 2 -2 11 5 -5 7 -7 9 -1 -11 -3 13 -6 15 -15 17 -14 -19 20 22 -22 -20 25 -25 -18 27 28 -27 -30
right_child=1 3 -4 4 12 6 -8 -9 -10 10 -12 -13 16 14 -16 -17 23 18 19 -21 21 -23 -24 24 -26 26 -28 -29 29 -31
leaf_value=-0.044798533640257265 0.01597090405900772 -0.04608160306346365 -0.042751818553915542 0.060854419495428115 0.061297290801190341 0.06499710618219226 -0.00088950800400309788 -0.0020495284971121688 0.02938519922733316 -0.016975431462381042 0.034518985284504471 0.0084028269781309863 -0.024652845478512767 0.048108474813012711 -0.034795482348060514 -0.0099684865579054583 -0.0012188117281979136 0.043833548514456228 -0.031024714733267379 -0.0069580601990626295 -0.0055741925580709934 0.14142067944529141 0.056231783285060691 0.047598440857826121 0.0070109923891184603 -0.013520946957574982 -0.0066331340294744252 0.10911951327179469 0.037092488107944514 0.0080918720894778209
leaf_weight=8.2293149605393392 8.8581590931862575 14.564644074067475 25.421825939789414 9.2901211082935315 10.081856554374097 12.130940955132248 52.567067708820105 8.0026480481028539 29.538585670292377 14.084461256861688 16.384441047906876 7.9913102556020013 46.515994841232896 11.277791509404784 9.1212668605148775 9.2433596253395063 2056.1650588590419 10.408412491902707 6.8286776890163328 340.13352825236507 3.9379154641646892 3.4767034010146736 2.9853855645633303 12.287468185357282 130.85101802751888 26.520918313355651 108.90326601476409 2.9721434676321214 59.048762942664325 72.554370231227949
leaf_count=49 99 141 266 53 96 75 397 58 164 82 97 72 389 85 144 75 32878 80 139 5778 77 69 53 210 1721 890 2310 48 1164 1294
internal_value=-9.46829e-05 -0.00036648 -0.0275775 -5.841e-05 0.000142134 0.0157415 0.00997674 0.0383476 0.0121023 -0.00108989 0.0107153 -0.0267784 -0.000295386 0.018906 0.00448803 0.0219488 -0.000559903 -0.00635174 -0.004037 -0.00543126 0.0247113 0.0633515 -0.00448175 0.00041182 0.0104951 -0.000208649 0.00748419 0.0170277 0.0152967 0.0211041
internal_weight=3130.38 3062.14 34.28 3027.86 3005.3 81.9908 72.7007 20.1336 68.2368 38.6982 30.4689 22.556 2923.31 39.7243 29.6424 20.5212 2883.59 414.287 367.771 357.362 17.2287 7.41462 9.81406 2469.3 143.138 2326.16 269.999 161.096 158.124 131.603
internal_count=49053 48661 365 48296 48083 583 530 133 392 228 179 213 47500 400 304 160 47100 6585 6196 6116 338 146 192 40515 1931 38584 5706 3396 3348 2458
is_linear=0
shrinkage=0.05


Tree=114
num_leaves=31
num_cat=0
split_feature=63 3 48 14 42 38 15 38 62 5 19 17 32 19 6 7 4 59 16 63 18 14 17 4 50 13 15 50 18 3
split_gain=4.21646 4.16974 9.81821 13.0802 10.8343 10.7838 12.4058 10.6423 8.25756 8.16459 24.027 17.4783 15.2469 8.75154 7.68322 6.9698 9.06448 8.73532 7.70011 7.00921 7.11091 6.70997 11.3801 6.65917 11.037 11.755 9.65669 5.53141 5.28309 5.02738
threshold=0.063143394799142535 0.001474999160963253 -0.0004084312617584965 0.62193380580007707 9.3000000000000024e-06 0.30185351889985085 0.32077839420497295 0.31834722472410631 0.016126120662499032 0.0013690275759066131 0.0006316673953074796 0.65670218956227633 2.5000000000000004 -0.002023435486390696 2.5000000000000004 5.5000000000000009 257.1071428571434 -0.005288117619987545 0.85213121406641734 -0.01882376707396358 0.0040542616580081636 0.023834931285318304 0.50903557605766714 105.58571428571462 -0.0014459297133176091 0.060140881063978108 1.0000000180025095e-35 -0.0037818782969366396 0.0025597720674737571 0.0014906487961770796
decision_type=2 2 2 2 2 2 2 2 2 2 2 2 2 2 2 2 2 2 2 2 2 2 2 2 2 2 2 2 2 2
left_child=1 2 8 4 -4 9 7 -7 15 10 13 12 -12 -6 -11 18 17 -17 19 -1 21 22 -21 24 -3 -26 -27 -19 -5 -25
right_child=-2 23 3 28 5 6 -8 -9 -10 14 11 -13 -14 -15 -16 16 -18 27 -20 20 -22 -23 -24 29 25 26 -28 -29 -30 -31
leaf_value=0.056911356322083231 -0.057827392114340626 -0.05263226371853344 0.10500693820889372 -0.046138799651269422 0.13609413122847178 0.20743286263081262 -0.0085918816315989546 0.050995563636441678 0.11826613375843265 0.066939577994252653 0.087201088906165666 0.0038629787190153832 0.27887155501167643 -0.017992260529952717 -0.020788255282405951 0.093594723742313923 0.12018825413217547 0.10787790146972231 0.081148760822197435 0.12363518716833975 0.088982442240022594 -0.028117055687665083 -0.052321349138240436 0.037824570318687051 0.21690093358464449 0.29584308293462191 -0.020445795813557256 -0.016866939936334237 0.019002045504858817 0.0002520990065731346
leaf_weight=2.7163071986287823 3.1592102199792853 1.5199332118500022 3.3973550040391265 13.314523440785708 0.98724927939474483 2.0230641960515632 3.0050767126958817 2.3500519689987414 1.1580694068688888 2.7582452325150397 2.4642757996916762 2.6255012875772081 1.7921031413134185 13.837015545694159 26.229397736606188 2.2497094982536572 1.7100063655525435 0.93518170202151907 1.8228085145237845 1.9449664431740523 1.3661049902439106 105.64499075314961 1.7418803920154458 8.930597438302355 1.4505375571316101 0.28436251962557424 1.594469500123523 17.860043098044109 4.0622259173542252 2893.9671274765278
leaf_count=22 48 130 98 714 13 42 104 74 35 60 83 205 48 911 491 33 30 57 50 40 19 4344 85 185 91 22 215 1473 71 39260
internal_value=-9.28947e-05 -3.45421e-05 -0.00670417 0.0073924 0.0182203 0.013143 0.0696204 0.123366 -0.0146917 0.00492306 0.0281117 0.10532 0.167902 -0.00773059 -0.0124407 -0.0158075 0.00948035 0.000484777 -0.0208009 -0.0224394 -0.0243865 -0.0258031 0.0405031 0.000465486 0.0590089 0.109976 0.0274247 -0.0106601 -0.0309106 0.000367689
internal_weight=3128.9 3125.74 217.996 78.8461 61.4693 58.072 7.37819 4.37312 139.15 50.6938 21.7061 6.88188 4.25638 14.8243 28.9876 137.992 22.7549 21.0449 115.237 113.414 110.698 109.332 3.68685 2907.75 4.8493 3.32937 1.87883 18.7952 17.3767 2902.9
internal_count=49053 49005 9102 2914 2129 2031 220 116 6188 1811 1260 336 131 924 551 6153 1593 1563 4560 4510 4488 4469 125 39903 458 328 237 1530 785 39445
is_linear=0
shrinkage=0.05


Tree=115
num_leaves=31
num_cat=0
split_feature=18 5 18 59 19 21 21 6 11 59 5 58 19 53 6 21 11 2 58 38 58 4 58 35 7 21 47 45 18 6
split_gain=4.06988 4.13562 6.86158 6.41151 11.7359 13.7321 9.71849 12.9628 17.473 12.3829 14.5277 11.9076 11.7627 11.5195 11.5087 11.3215 11.0037 10.6749 10.0701 8.76293 8.4391 8.17843 15.2793 7.75627 7.63404 15.7234 18.982 13.8068 17.837 9.82736
threshold=0.0014882296037690304 0.003873159588168276 0.0038176967109885634 -0.0076965161478502438 -0.0020669385339974387 0.00203884050620615 -0.0012538085741323989 20.500000000000004 -0.96438181404219281 -0.0024746295888892294 0.0032113633955999205 -0.0081954303491995981 -0.00023093245356749917 -0.0010695878893852678 21.500000000000004 -0.0015465564755859592 -0.38830035566532539 0.011058885938130246 -0.0039663190967052326 0.14772710749718179 -0.0087932993489338446 166.90964285714242 -0.0023369715046271393 0.099037702410896253 3.5000000000000004 0.0049536887983959652 -0.00035210196658405228 0.00075765966712065932 0.0021152069600824572 2.5000000000000004
decision_type=2 2 2 2 2 2 2 2 2 2 2 2 2 2 2 2 2 2 2 2 2 2 2 2 2 2 2 2 2 2
left_child=-1 3 -3 4 -2 19 7 9 13 10 11 16 -13 -9 24 -10 -5 21 20 -6 -12 22 -16 -14 29 27 -27 -26 -29 -8
right_child=1 2 -4 6 5 -7 14 8 15 -11 18 12 23 -15 17 -17 -18 -19 -20 -21 -22 -23 -24 -25 25 26 -28 28 -30 -31
leaf_value=-0.0500499814119863 0.00057142870833933772 0.046950593056204457 -0.0056009601662413248 0.072011695747256285 0.060689099366381255 0.07238226578891381 0.017905896393844451 0.1326256431363865 -0.01712817737640265 -0.025610250092626088 0.019706968730645466 -0.021544860102982025 -0.0036195260728098533 0.030537600837903214 0.12122914645787496 0.047069797525261012 -0.0016716603691434226 0.057885344827621699 -0.010018575990896093 0.0097533193347676128 0.10313746937901372 -0.019804600367654645 -0.0081086064375353994 0.045113360309478406 -0.0054012869551687357 -0.024136687854083308 0.10235788838677495 0.12542952566383392 0.013318482890101577 0.0028656009265921175
leaf_weight=4.0715513259056015 445.25826638750732 6.3109246827661982 394.06002012453973 8.0910511761903781 8.8701864406466466 9.9920061193406564 123.78054486727342 4.4266286976635456 27.505546988919374 107.55510153435171 5.6772176437079915 120.89899022504687 31.395478438585997 7.3537367070093733 2.9908448420464984 9.1528320605866629 13.556301571428774 5.1118459943681946 7.2996262907981864 175.70517117530107 6.502741303294898 119.37843482475728 9.6545209055766446 11.034549457952378 539.45269870152697 4.861109921708703 7.606508441269396 4.2974716918543008 20.339548191055655 886.08322725072503
leaf_count=5242 3083 68 4371 68 67 51 2282 53 439 2184 51 1833 314 101 27 132 100 72 95 1064 55 2160 239 90 10742 83 92 56 270 13569
internal_value=-9.27866e-05 -2.7681e-05 -0.00477261 0.000669767 0.0050478 0.0152918 -0.000674363 -0.00814075 0.0159243 -0.0118768 -0.0046522 -0.00897733 -0.0135958 0.0688985 0.000887091 -0.00109928 0.0258687 -0.0130094 0.0364189 0.0122012 0.0642496 -0.0157544 0.022482 0.00905417 0.00208835 -0.00250203 0.0530378 -0.00372958 0.0328742 0.00470911
internal_weight=3128.27 3124.2 400.371 2723.83 639.826 194.567 2084.01 360.45 48.4387 312.011 204.456 184.976 163.329 11.7804 1723.56 36.6584 21.6474 137.136 19.4796 184.575 12.18 132.024 12.6454 42.43 1586.42 576.557 12.4676 564.09 24.637 1009.86
internal_count=49053 43811 4439 39372 4265 1182 35107 5515 725 4790 2606 2405 2237 154 29592 571 168 2498 201 1131 106 2426 266 404 27094 11243 175 11068 326 15851
is_linear=0
shrinkage=0.05


Tree=116
num_leaves=31
num_cat=0
split_feature=58 31 31 4 19 59 4 38 60 7 21 36 38 21 59 43 4 3 47 59 6 38 56 53 12 18 6 41 5 38
split_gain=4.21456 6.89073 7.25645 7.19511 6.70784 8.29305 12.1086 9.9116 9.87156 8.55855 8.48041 19.9804 8.02314 8.8545 10.808 10.8002 17.5487 10.7489 14.6163 14.3586 11.389 10.3473 12.8427 9.98507 11.1278 12.3945 9.77504 9.30183 11.1986 10.4504
threshold=-0.0004504940351024482 0.56416404096233108 0.59553371570131775 1102.4921428571433 0.0027580477193436207 0.012606232387165401 785.00357142857069 0.16368441763871958 0.96128737803145836 1.5000000000000002 0.0037166648799633289 0.43997926075771165 0.18500768817886895 0.0018528995920525468 0.0019698929277255487 3.057624999999999e-05 157.37857142857061 0.0024954463221616542 0.00032423313865719965 0.00033131893278383687 15.500000000000002 0.20134404838866032 0.59470219232156685 0.0025860537175304722 0.39333682711064355 0.0020642635878062236 15.500000000000002 6.0860000000000003e-05 0.0013976193781691866 0.20765736377031782
decision_type=2 2 2 2 2 2 2 2 2 2 2 2 2 2 2 2 2 2 2 2 2 2 2 2 2 2 2 2 2 2
left_child=1 3 -3 -1 12 8 7 -7 -6 -8 -10 -12 -2 14 15 16 21 18 19 20 -15 -14 23 24 -23 -26 -17 28 -21 -30
right_child=4 2 -4 -5 5 6 9 -9 10 -11 11 -13 13 17 -16 26 -18 -19 -20 27 -22 22 -24 -25 25 -27 -28 -29 29 -31
leaf_value=0.0012093137411863487 -0.011366428224999198 0.069817303865142302 0.011695497284233684 -0.044158942382791506 0.014531244881969319 0.0035436812247059408 0.099065452398608742 -0.033344588834440553 -0.03981910468463587 -0.0039366712353771129 -0.032798192491898852 0.10358998537209591 -0.053767425379753708 0.018289018457891937 -0.017022392334741187 -7.6600253031019821e-05 0.0043609785628191738 0.0017476156503489983 0.12052386127250161 0.12916241390905261 0.12308768300648704 0.21614356330893211 -0.024571109226766676 0.22494879289189132 -0.007038394181335045 0.10301943220929831 -0.014505312058437079 -0.026821202506981362 0.083437079569904399 -0.03443912437467795
leaf_weight=1490.4493834945024 259.38803597050719 5.7703541173832482 77.428804097697139 8.7907708026468736 179.70664192445111 36.008107439789455 4.1835346631705743 36.840921373397578 16.856968863692604 3.893782552331686 7.5774167291820032 4.1592471674084663 1.9070381763740467 5.1588484570384008 125.19243682775414 382.82850954146124 151.7571641234681 108.58032969385386 4.1972022084519258 2.459883989766241 5.2113178912550211 1.2737804212956714 2.9726246955688103 1.2493223804049183 4.2102457012515497 6.519358616322279 169.29019029677147 13.564954176545143 2.9197843801230174 5.2812675228342414
leaf_count=19595 5036 65 757 133 2163 571 51 753 223 68 95 34 115 56 4446 6759 2182 1590 57 55 47 46 168 45 403 61 2909 358 71 141
internal_value=-9.2556e-05 0.00172055 0.0157266 0.000943298 -0.00195178 0.00491218 -0.0086712 -0.0151113 0.0101894 0.0494119 -0.0170982 0.0155351 -0.00353495 -0.00149248 -0.00346014 -0.00110852 0.00991569 0.00981893 0.0324101 0.0217202 0.0709535 0.0564054 0.0693545 0.0904223 0.0764207 0.0598333 -0.00450072 0.000645269 0.0355936 0.00752782
internal_weight=3125.63 1582.44 83.1992 1499.24 1543.19 289.227 80.9263 72.849 208.3 8.07732 28.5936 11.7367 1253.96 994.574 847.201 722.008 169.89 147.374 38.7933 34.5961 10.3702 18.1324 16.2253 13.2527 12.0034 10.7296 552.119 24.2259 10.6609 8.20105
internal_count=49053 20550 822 19728 28503 3958 1443 1324 2515 119 352 129 24545 19509 17134 12688 3020 2375 785 728 103 838 723 555 510 464 9668 625 267 212
is_linear=0
shrinkage=0.05


Tree=117
num_leaves=31
num_cat=0
split_feature=6 47 6 16 7 42 42 45 60 11 37 18 36 18 13 17 4 62 54 6 18 4 60 21 62 32 59 47 58 3
split_gain=4.15367 8.13535 7.98619 10.5447 10.2767 14.3489 14.022 15.6368 13.8522 9.80653 11.97 9.67252 11.1445 9.97223 12.7833 10.3247 10.9297 12.6045 9.08716 11.6458 8.99041 12.92 9.57413 8.94158 13.2218 17.8106 8.9012 8.73454 8.54884 8.44937
threshold=9.5000000000000018 0.0010280947707184298 15.500000000000002 0.25190458260603288 5.5000000000000009 5.9950000000000002e-06 2.2710000000000004e-05 -0.00049052766796499239 0.22550432235482978 -0.66230217813408498 0.92997055000457818 0.0021552850156175813 0.18523875039002682 0.002640796472354383 0.017132088709086533 0.62184821863772677 285.31071428571266 -0.00229294590087049 -0.01250557946443521 19.500000000000004 0.0030419935974398842 323.06428571428484 0.36455033060260239 0.0019997262776075132 0.0056348828829371582 5.5000000000000009 -0.00041165604713674328 -0.00023555530505132139 0.0026792615890918825 0.0016540372120451678
decision_type=2 2 2 2 2 2 2 2 2 2 2 2 2 2 2 2 2 2 2 2 2 2 2 2 2 2 2 2 2 2
left_child=-1 2 3 -2 5 -4 7 -6 -9 10 29 12 -5 14 -13 -16 17 -17 19 -11 -8 22 -22 28 26 27 -25 -26 -20 -7
right_child=1 -3 4 11 6 9 20 8 -10 18 -12 13 -14 -15 15 16 -18 -19 23 -21 21 -23 -24 24 25 -27 -28 -29 -30 -31
leaf_value=-0.0025812655024039163 -0.0006819425064794614 0.039789011682201288 -0.030539480815298212 0.0081602106551540293 -0.0026715169102370616 -0.012132555573352138 -0.014725767972825472 0.1272132217456661 0.039134981752840636 0.026453433698481667 -0.037116828087157085 0.10275054506404793 -0.037403902705239411 0.0087495885323163238 0.081441683092305997 0.091029907821260192 0.083631744759755655 0.0049193605935681705 -0.0094720669423296305 -0.016768227311575592 0.0097191491433352897 -0.00073637558739080803 0.083999151998897792 0.028873060470116476 0.045257955039129882 0.13182476479575983 -0.012163916868147315 -0.035227027041647013 -0.029946474754141292 0.009322859672151981
leaf_weight=1090.9373288982315 478.44295748398872 13.597123138606547 47.849959407292772 35.361189839837607 18.010382402339019 54.495509628672153 52.379105440631974 5.6336171142756966 21.500576042395551 42.217681627720594 16.939332243055105 5.4198108315467826 21.628464486391749 298.11554572917521 6.9149450771510592 4.5872877091169348 5.6929835341870776 57.737102769315243 300.57655516132945 24.705154253169894 8.026502640917899 45.412489302456379 9.4401501072570664 16.207268934696913 9.046668628230691 4.241607252508401 71.551309316419065 5.3730018325150022 61.396862875088118 290.48752709978726
leaf_count=20440 6504 95 827 1169 206 1530 1272 45 197 346 252 56 623 2994 97 33 58 684 4450 214 86 440 86 118 123 39 1143 63 958 3905
internal_value=-9.23885e-05 0.00124319 0.000983647 0.00444191 -0.00187527 -0.00386132 0.00982646 0.0334477 0.0574218 -0.00243856 0.00391871 0.0100716 -0.00913208 0.0129632 0.0285963 0.0232328 0.017315 0.0112574 -0.00673666 0.0104978 0.000574468 0.0133198 0.049865 -0.00919907 0.00354179 0.0417607 -0.0045852 0.015268 -0.0129449 0.00593364
internal_weight=3123.93 2032.99 2019.39 913.9 1105.49 945.088 160.403 45.1446 27.1342 897.238 361.922 435.457 56.9897 378.468 80.3521 74.9323 68.0174 62.3244 535.316 66.9228 115.258 62.8791 17.4667 468.393 106.42 18.6613 87.7586 14.4197 361.973 344.983
internal_count=49053 28613 28518 12218 16300 13968 2332 448 242 13141 5687 5714 1792 3922 928 872 775 717 7454 560 1884 612 172 6894 1486 225 1261 186 5408 5435
is_linear=0
shrinkage=0.05


Tree=118
num_leaves=31
num_cat=0
split_feature=34 63 62 7 47 9 19 59 37 41 59 41 43 12 58 47 47 17 38 50 60 60 45 45 49 15 58 20 63 1
split_gain=3.92998 4.12193 5.48613 5.74054 6.37181 7.82429 4.86338 8.88621 12.9887 11.4918 7.79854 7.24121 11.4345 13.6821 8.56096 8.5344 14.7419 7.22698 7.0591 10.7549 8.35656 6.72814 7.56614 7.18474 6.46247 15.1361 10.9382 6.2028 10.5267 10.0809
threshold=3.9119600025118051 0.02709302147913677 0.020317993885797244 1.5000000000000002 -0.00027372167768693266 1.0000000180025095e-35 0.0062623029751807226 0.01852754674717744 0.31288679534333658 6.6015000000000011e-05 0.0062841889570895825 -1.4049999999999999e-06 -1.8474999999999998e-05 0.51295903746298011 -0.0097075200006514571 -0.0004708242924003413 -0.00044594047822588476 1.0402141873710178 0.14367143093686915 -0.0031407147069574706 0.29873993352861666 0.96128737803145836 0.0003384049023602134 -0.00044732185643294055 0.0028822302217861415 0.25696110334592387 0.002833410142289613 0.0016566585819816589 0.0043198156270852972 0.0020041592313825942
decision_type=2 2 2 2 2 2 2 2 2 2 2 2 2 2 2 2 2 2 2 2 2 2 2 2 2 2 2 2 2 2
left_child=1 6 3 4 5 -3 10 8 -8 -10 27 12 14 -14 -12 -15 -17 -18 19 -13 -21 -9 23 -23 25 -11 -26 28 -1 -29
right_child=-2 2 -4 -5 -6 -7 7 21 9 24 11 18 13 15 -16 16 17 -19 -20 20 -22 22 -24 -25 26 -27 -28 29 -30 -31
leaf_value=6.207822410279971e-05 -0.030948880486307132 -0.049739145418492337 0.032450568223451236 -0.042577639664783798 0.059951496428270357 0.032959151409756991 0.072927610305237506 -0.026372991417400578 -0.012362545917014828 0.11253171178383437 0.047157218478865982 0.11489196777234628 0.10785559743622682 -0.026928130405463869 -0.035571216154720156 0.14219339939710468 -0.052716137705980139 0.061870613176874617 -0.015434218633730026 0.080181611897175625 -0.011531716882936908 0.052925294596820827 0.081056558429677475 -0.043159072638491475 0.056814308937675362 0.0017924500102126169 -0.037512633757749637 0.011441390740979754 -0.018671450921968483 -0.0016087576588193053
leaf_weight=2061.7185949301347 10.284440670569891 7.4526652731001359 5.035109305754303 18.153372360393405 3.346878081560134 4.6414614710956812 10.692835219204424 20.998212883248925 24.239479510113597 6.6997459717094916 4.0016914606094387 2.3830205816775587 5.1000029519200352 7.08880848158151 14.309723788755944 2.7592162330984138 2.9521461743861401 2.5773763386532664 187.4296176287462 2.9257620795397115 16.439106097212061 3.1836342830210915 3.6150797232985488 5.0029223207384339 6.2452523596584779 5.7202111221849918 6.0512912087142467 307.48034798790468 77.818627666856628 285.27746734151151
leaf_count=30514 132 130 48 350 45 49 99 361 292 55 53 58 95 150 408 53 74 49 4842 63 387 47 36 100 59 55 65 4887 1792 3705
internal_value=-9.15654e-05 1.04326e-05 -0.0162207 -0.0235155 -0.00110486 -0.0180013 0.000214487 0.0115087 0.0230038 0.0120995 -0.000135863 -0.00862604 0.0112158 0.036887 -0.0174921 0.0133501 0.0477974 0.000694112 -0.0123054 0.0146594 0.00232489 -0.00939597 0.0208106 -0.00579324 0.0360895 0.061529 0.0103948 0.000634654 -0.000619292 0.00516073
internal_weight=3121.62 3111.34 38.6295 33.5944 15.441 12.0941 3072.71 92.4487 59.6488 48.956 2980.26 247.966 38.789 20.4776 18.3114 15.3775 8.28874 5.52952 209.178 21.7479 19.3649 32.7998 11.8016 8.18656 24.7165 12.42 12.2965 2732.3 2139.54 592.758
internal_count=49053 48921 622 574 224 179 48299 1169 625 526 47130 6232 882 421 461 326 176 123 5350 508 450 544 183 147 234 110 124 40898 32306 8592
is_linear=0
shrinkage=0.05


Tree=119
num_leaves=31
num_cat=0
split_feature=59 19 16 48 37 50 20 52 14 0 19 1 6 5 17 14 38 50 53 13 53 5 7 5 5 3 17 63 63 31
split_gain=3.84153 7.69934 9.67305 7.71644 13.6314 11.5171 9.06559 7.34689 7.27867 14.4375 6.52343 12.8764 16.1256 11.0022 9.24977 11.9389 8.92595 11.0556 8.55729 10.5084 8.48191 9.57533 7.96161 10.2241 7.73455 17.2809 8.22861 9.35513 7.11677 6.97
threshold=-0.0013639540657373152 0.00049624360404819942 0.02933790996705064 0.00034941463876518337 0.58393085548231805 0.00011589500548709254 3.1362074402037451e-05 3.6954643532194762 0.99461862198113205 -0.0018285746826668776 -0.0008251204284548631 -0.00069303331562871144 2.5000000000000004 0.0020458159550060914 1.1747335692942211 0.28090593355342514 0.3033872416081918 0.0035679929413771597 0.0031566056510379122 0.17063928116855392 0.00055144836158894548 0.0043800769835698585 2.5000000000000004 0.0013976193781691866 0.001353720823772243 0.0015738081798949506 0.96592300894027505 -0.0027297275156541317 -0.030854991835746807 0.028606954999821663
decision_type=2 2 2 2 2 2 2 2 2 2 2 2 2 2 2 2 2 2 2 2 2 2 2 2 2 2 2 2 2 2
left_child=10 3 7 8 5 -5 -7 -3 -2 -10 -1 12 13 -12 24 -16 20 18 19 22 21 -13 -18 -24 25 -14 27 -26 -22 -30
right_child=1 2 -4 4 -6 6 -8 -9 9 -11 11 16 14 -15 15 -17 17 -19 -20 -21 28 -23 23 -25 26 -27 -28 -29 29 -31
leaf_value=-0.00077084705937336925 -0.010202220500266278 -0.013966413909460414 0.0026181518811733465 -0.030239750150777192 0.080269421949715092 0.1270691215781023 0.0020824009701871436 0.044710482001937946 0.20195802042406183 -0.051936080942979003 0.11689622749954272 0.010475659733317317 -0.026324523637215332 0.030872559025103188 -0.018019719826202891 0.070853019269457945 0.0061200785500968927 -0.010448332477788643 0.08193343917582753 -0.034417619211604723 0.042894697604210379 -0.041034816580413573 0.13609791611145194 0.036974620006777918 0.065854913268372492 0.087307697681611118 -0.04194016446072181 -0.00048410315899646849 -0.0041658427227810723 -0.02874205820973439
leaf_weight=1186.4518987691263 377.06539719633292 135.04633049602853 766.66685082850745 12.593394117429858 6.6582234390079966 2.4838915475411332 3.4882115873624571 5.5540910035488187 1.1668879871722313 1.0764494505710889 6.6672603777842587 180.40508560620947 5.7198164669098324 8.3996755257248861 5.3024112504790564 13.152221601223571 9.7537241345271521 18.360444741148967 8.24561680969782 6.043335775320883 7.2489555776119223 9.4969306588172895 3.7021162408636874 8.7497975938022119 5.944985505193471 8.0613354198867437 10.366018958389757 50.100125955417752 223.15771004837006 33.133248626836576
leaf_count=12178 11331 2968 15168 270 93 54 69 78 24 100 87 2043 245 65 54 126 88 151 65 53 45 85 98 72 40 86 84 446 2431 356
internal_value=-9.06988e-05 -0.00215061 0.000407227 -0.0078872 0.0188918 -0.00312038 0.0540663 -0.0116485 -0.00966798 0.0801287 0.00140349 0.00555092 0.0207606 0.0689388 0.0134021 0.045318 0.00214828 0.0211981 0.0371194 0.0240386 -0.000156268 0.00789964 0.0399477 0.0664453 0.00605726 0.0401451 -0.00101639 0.00655281 -0.00596121 -0.00734305
internal_weight=3120.26 1311.8 907.267 404.532 25.2237 18.5655 5.9721 140.6 379.309 2.24334 1808.46 622.011 113.714 15.0669 98.6469 18.4546 508.297 54.855 36.4946 28.249 453.442 189.902 22.2056 12.4519 80.1923 13.7812 66.4111 56.0451 263.54 256.291
internal_count=49053 30155 18214 11941 486 393 123 3046 11455 124 18898 6720 1233 152 1081 180 5487 527 376 311 4960 2128 258 170 901 331 570 486 2832 2787
is_linear=0
shrinkage=0.05


Tree=120
num_leaves=31
num_cat=0
split_feature=6 7 21 38 63 6 4 13 18 20 15 38 44 63 53 49 18 21 59 13 6 11 18 59 43 42 37 4 4 53
split_gain=3.88604 7.77407 9.72775 9.31019 10.309 8.79361 9.48957 9.29277 13.0217 8.94609 11.9993 9.63366 9.51204 10.615 8.59617 16.0293 13.2844 10.9379 7.99434 9.14333 9.46935 9.47984 7.77574 11.5781 10.6672 14.8058 11.7326 17.139 21.3217 14.4227
threshold=9.5000000000000018 3.5000000000000004 0.0049536887983959652 0.31424026844727188 0.018325532202513078 1.0000000180025095e-35 131.72285714285658 0.078597554622508586 0.0019211136776396017 0.0028078308548858811 0.36625700650234455 0.26413968813639188 1.909999999939094e-06 0.0010288793193377109 0.0061611960050162477 0.00098571717419099919 0.0027198300274017917 -5.8843717795597759e-05 -0.0043354466300243562 0.040213513286054596 2.5000000000000004 -0.59787751350670071 0.0039441563601036568 -0.0014257672663618608 9.9980000000000015e-05 9.0145000000000012e-05 0.10591263573108427 176.43928571428583 162.04285714285683 0.0020385635339028141
decision_type=2 2 2 2 2 2 2 2 2 2 2 2 2 2 2 2 2 2 2 2 2 2 2 2 2 2 2 2 2 2
left_child=1 3 14 4 5 9 7 8 -7 11 -11 12 13 -1 -3 -16 17 -17 -5 20 -20 -22 23 24 25 26 27 28 -8 -29
right_child=-2 2 -4 18 -6 6 22 -9 -10 10 -12 -13 -14 -15 15 16 -18 -19 19 -21 21 -23 -24 -25 -26 -27 -28 29 -30 -31
leaf_value=0.041070763989491839 0.0012028099753484446 -0.011595996291644364 0.059794411309210496 0.052094257824563478 -0.036775465446394692 0.039594253544213566 0.035864404084620403 -0.0031337793238529138 0.22833112888475757 0.022027145617294429 0.13450667402265512 0.048531262387545411 -0.021045804382825856 -0.044799461004162433 0.11374409511506821 -0.00091655808097233077 -0.022426676709091906 0.1464782318571341 0.11033074791395606 -0.012691267751869179 -0.027296893412786717 0.080480293401301362 -0.0120461425924791 -0.0090572852762155903 -0.0061495879372910536 0.062253250855308521 0.0020801128993596786 -0.0060297825216232802 0.189497762449127 0.077272154108987051
leaf_weight=17.483828735654246 2029.9436982148327 330.29387797496747 5.1359300240874282 14.97960663679987 19.586843417258933 2.6036591808660878 6.2366834380081837 3.8181202588602901 1.4081500526517627 7.327335221692918 3.5054415473714471 12.358194400439968 26.575177119346336 4.5317989815957835 3.7981044923653853 2.5559410935966298 14.702919885516165 2.4798736072261844 3.5890197166590943 20.23898196592927 5.3596874400973311 3.2943115616217247 161.34518386702985 173.29918371664826 88.445749198494013 15.306637674570082 106.86156475701137 21.010901339352134 3.5403186256298795 6.903319500386714
leaf_count=174 28613 8348 70 92 395 124 94 125 23 109 50 150 365 102 44 46 195 57 70 354 98 57 2086 4458 969 141 1300 235 44 65
internal_value=-8.9709e-05 -0.00249996 -0.00852393 0.000463826 -0.001026 3.08352e-05 -0.00197703 0.0527015 0.105841 0.016556 0.0584251 0.00911442 -0.000910541 0.0233948 -0.00951559 0.0196789 0.00157899 0.0716676 0.0218766 0.00794117 0.0420487 0.0137306 -0.00271145 0.000860873 0.00778303 0.0154916 0.01054 0.0345253 0.0914961 0.0145712
internal_weight=3118.52 1088.58 358.967 729.61 682.148 662.561 590.779 7.82993 4.01181 71.7818 10.8328 60.949 48.5908 22.0156 353.831 23.5368 19.7387 5.03581 47.4616 32.482 12.243 8.654 582.95 421.604 248.305 159.859 144.553 37.6912 9.777 27.9142
internal_count=49053 20440 8760 11680 11009 10614 9664 272 147 950 159 791 641 276 8690 342 298 103 671 579 225 155 9392 7306 2848 1879 1738 438 138 300
is_linear=0
shrinkage=0.05


Tree=121
num_leaves=31
num_cat=0
split_feature=58 19 38 42 18 64 47 18 45 54 31 4 15 3 21 47 47 48 58 60 62 45 41 38 56 58 4 47 45 55
split_gain=3.88165 6.25801 7.3716 9.7979 12.2784 20.4864 10.9287 11.9349 10.8308 11.7288 10.9523 10.7212 10.8402 13.006 9.56992 9.47576 8.32465 11.0072 10.6438 9.09981 9.26586 8.01517 9.6919 10.2997 8.01503 7.51986 7.44991 7.43044 7.33627 9.40684
threshold=-0.0004504940351024482 0.0027580477193436207 0.18500768817886895 9.7750000000000021e-06 0.0024574152015923675 0.087946275162463894 -0.00044682650969560218 0.0023095207768162027 -0.0003195267016353498 -0.0085294503468178375 0.0012957803360507515 283.95357142857137 0.25446429064012704 0.0037711037939607652 0.00035929525599773314 -0.0004708242924003413 -0.00049865419507288207 -0.00044281135129715709 0.010034567511446752 0.52034251102894402 -0.0017799544928748098 -0.00045914635543647394 2.6890000000000005e-05 0.27899661321519359 0.84335575970319232 0.0052383545554672119 299.75000000000165 -0.00042554728355760217 -0.00031468076800526579 -1.0000000180025095e-35
decision_type=2 2 2 2 2 2 2 2 2 2 2 2 2 2 2 2 2 2 2 2 2 2 2 2 2 2 2 2 2 2
left_child=-1 2 16 4 5 -4 -7 14 9 10 21 25 24 15 -8 -14 -2 18 -18 27 -21 -5 -23 -24 -13 -6 28 -19 -22 -30
right_child=1 -3 3 8 11 6 7 -9 -10 -11 -12 12 13 -15 -16 -17 17 19 -20 20 26 22 23 -25 -26 -27 -28 -29 29 -31
leaf_value=0.0016500348258741743 -0.035968208044594607 0.0047600465348206292 0.18983570163077229 0.051804909525264654 -0.041799215765215891 0.0067937365280157916 0.1143450465080616 0.19519384498543177 0.0039401359506763415 -0.0097977301442673595 -0.014132348206651175 -0.02371361549909308 0.036348027621305977 -0.0086783622475098618 -0.030446098475404183 0.15206354788684184 0.0005455490884171268 0.024929616763927714 0.062828385979210907 0.076693456285615136 -0.022935820743607001 0.077173381265805183 -0.030159880449249332 0.058318936053765147 0.059832351238940144 0.03109119479718624 -0.02250823578507348 -0.038995073082175952 0.088132604307943258 0.0080514819740625538
leaf_weight=1580.550805566425 29.459858182410244 288.32575468847062 2.2494139590417062 19.378496298217215 15.794411525130274 14.353063207468953 2.3066607196815285 1.7850036956369875 359.41039247217122 495.79872463952051 23.917975849239156 12.298402573913341 3.1776646664366126 4.3678432460874319 2.2586689034942538 3.9914024751633388 84.984862978453748 5.0207747324020593 7.4618879463523617 3.2247728211805216 11.614326100505421 4.071345527656379 13.358701455639677 4.3635518368682815 3.7448876909911624 4.5599872805178157 46.741990715265274 48.059809062164277 4.7907720090588546 15.634786327893382
leaf_count=20550 600 3958 84 245 294 420 82 26 5953 11299 296 194 52 61 79 55 1793 133 81 38 269 44 177 52 32 64 676 1080 70 296
internal_value=-8.9642e-05 -0.00187919 -0.00341283 -0.00145626 0.0164555 0.0465276 0.0309573 0.0855718 -0.00283594 -0.00717796 0.0127771 0.00205593 0.02237 0.059335 0.0427105 0.100773 -0.010959 -0.00772098 0.00557274 -0.0168185 -0.006378 0.0284096 0.00760684 -0.00837473 -0.00421199 -0.0254696 -0.00977836 -0.0329486 0.00879286 0.0268343
internal_weight=3117.06 1536.51 1248.18 991.187 70.8874 22.9528 20.7034 6.35033 920.299 560.889 65.0901 47.9346 27.5802 11.5369 4.56533 7.16907 256.994 227.534 92.4468 135.087 82.0066 41.1721 21.7936 17.7223 16.0433 20.3544 78.7819 53.0806 32.0399 20.4256
internal_count=49053 28503 24545 19509 1443 691 607 187 18066 12113 814 752 394 168 161 107 5036 4436 1874 2562 1349 518 273 229 226 358 1311 1213 635 366
is_linear=0
shrinkage=0.05


Tree=122
num_leaves=31
num_cat=0
split_feature=59 20 38 11 36 63 18 17 48 63 2 5 5 60 43 49 3 3 48 54 4 18 19 50 52 11 58 50 63 60
split_gain=3.8872 10.5124 7.99599 11.9902 7.14159 7.79938 9.99186 9.63315 7.65632 7.20295 6.40687 10.9314 15.4998 6.67268 6.88228 8.96379 6.21776 9.60571 6.02147 5.55157 9.50118 9.61126 7.23055 7.15466 7.43315 8.25566 10.0582 6.51722 6.27895 6.14707
threshold=-0.015943980570770767 -0.0144570081636746 0.17038417739012129 2.809041335626048 2.0719838736934064 -0.0078563294672740844 0.0054209411371115837 0.74716618807632573 -0.00054663623234181601 -0.033721642016703683 -0.0066188492560003498 0.0030009308472071549 0.0034851522643702328 0.29003092108632628 8.42275e-05 -0.0011864934006647042 0.0051376325779739166 0.0043859032812010304 -0.00061146127465176411 -0.011225119704935225 488.83928571428424 0.002372156837245567 -0.0050686186517962936 -0.0097992245868864097 1.9642224819034821 -0.38158985645503579 -0.00058816407106517736 -0.0070033009265581285 -0.0013547449701867527 0.35649065290006926
decision_type=2 2 2 2 2 2 2 2 2 2 2 2 2 2 2 2 2 2 2 2 2 2 2 2 2 2 2 2 2 2
left_child=2 -2 18 4 5 9 -7 -8 -9 -4 11 -3 13 -13 15 -15 17 -14 -1 20 21 -12 -21 -23 25 27 -27 -25 -22 -28
right_child=1 10 3 -5 -6 6 7 8 -10 -11 19 12 16 14 -16 -17 -18 -19 -20 22 28 23 -24 24 -26 26 29 -29 -30 -31
leaf_value=-0.030793209676676016 -0.0481166598201666 -0.01611293126308555 0.016912075950108209 0.057560683794678595 -0.026204952354254064 0.036730699271863086 -0.021932826696673981 0.045271676461462219 0.0060930967922824836 -0.036955861869198615 -0.02166943571947565 -0.014124343012600328 -0.010920074361721967 0.060339053162283808 0.083134804365449233 -0.016661346262118546 -0.017050384330687302 0.06138710852654259 0.00016400740119833213 -0.049647637865314807 0.028606939328257638 0.0068813106157425254 -3.8539327408118905e-05 0.1130600839373684 0.094341662098922141 -0.016334636620186551 0.0042406040110553583 0.0380554159363959 -0.028172597432920873 0.079153136327179241
leaf_weight=18.970990411937237 11.618699591606854 158.6492553553544 10.846005927771332 13.337405771017073 13.764470614492891 41.111784148961306 21.82419652864337 17.014853816479445 46.683101933449507 14.504790298640726 11.802883093187118 5.5019262321293381 12.278693307191135 8.739189403131606 8.4773191846907121 6.659949652850627 50.403451329097152 7.3380707856267682 91.323296561837196 7.3670975398272267 6.418374132364991 26.601003658026457 2442.5246822208283 4.468936037272214 5.4761758074164382 12.52653146535158 4.6187092363834434 8.2294041421264357 20.170785814523697 6.7265804093331099
leaf_count=132 141 1668 62 63 77 214 160 103 275 98 196 63 154 75 86 64 493 92 582 68 49 283 43166 50 44 122 55 100 245 73
internal_value=-8.93568e-05 -0.000654416 0.00543 0.0119525 0.00828256 0.0114059 0.0164737 0.00673591 0.0165584 -0.0139092 -0.000458518 -0.00796722 0.00503408 0.0355159 0.0469547 0.0270373 -0.00775518 0.016128 -0.00516074 0.000299267 0.0114453 0.0200093 -0.000187719 0.0271753 0.0400145 0.0318793 0.0145527 0.0644519 -0.0144665 0.048656
internal_weight=3115.98 2826.6 289.381 179.087 165.749 151.985 126.634 85.5222 63.698 25.3508 2814.98 258.048 99.3986 29.3784 23.8765 15.3991 70.0202 19.6168 110.294 2556.93 107.039 80.4502 2449.89 68.6473 42.0463 36.5702 23.8718 12.6983 26.5892 11.3453
internal_count=49053 47287 1766 1052 989 912 752 538 378 160 47146 2695 1027 288 225 139 739 246 714 44451 1217 923 43234 727 444 400 250 150 294 128
is_linear=0
shrinkage=0.05


Tree=123
num_leaves=31
num_cat=0
split_feature=18 37 60 41 37 49 48 6 6 7 41 58 4 58 23 13 21 5 0 21 12 50 13 60 58 60 6 7 18 32
split_gain=3.81159 3.88368 11.4883 12.1186 11.1169 10.4883 11.5067 10.4331 11.2331 10.3492 15.3561 19.2584 13.1407 11.2397 9.88529 9.51408 9.85674 9.48512 9.31258 9.26493 10.1027 9.04678 9.04278 18.0584 19.4283 15.3226 11.3937 8.78644 10.9874 8.46894
threshold=0.0014882296037690304 0.77534285387458735 0.094960235406061577 3.1635000000000011e-05 0.99278624772029034 -0.0006536064986676169 0.00062793743926317983 1.5000000000000002 11.500000000000002 1.0000000180025095e-35 9.965000000000001e-05 -0.001395777434384542 200.45178571428633 -0.019260493694202439 -0.00016007132143450097 0.0368854597983767 0.0041095008445430842 0.0056490377116819954 0.00064867129487085307 0.0065171544342671637 0.74975769614486842 -0.0043213982326278455 0.076765352703681691 0.75600204378310831 0.0029596827869785894 0.82723927659939889 7.5000000000000009 2.5000000000000004 0.0051698590599561292 6.5000000000000009
decision_type=2 2 2 2 2 2 2 2 2 2 2 2 2 2 2 2 2 2 2 2 2 2 2 2 2 2 2 2 2 2
left_child=-1 9 3 -3 -5 7 -7 -4 -9 10 13 12 -12 -2 21 29 -17 19 -14 -11 -21 -15 23 -16 25 -25 -24 -10 -29 -13
right_child=1 2 5 4 -6 6 -8 8 27 17 11 15 18 14 22 16 -18 -19 -20 20 -22 -23 26 24 -26 -27 -28 28 -30 -31
leaf_value=-0.050047381095501643 0.073465847387158417 0.089777214704712699 0.033099441190891289 -0.035460264444244667 0.077714842228717398 -0.012870448847570612 0.044399728058576976 -0.024411023907211015 -0.006959004507315159 -0.00036730894251817961 0.10498674208896148 0.065224481421605071 0.018030688426162664 0.0037381280183901387 -0.014926953294713635 -0.0018651806552157247 0.074339150221578471 -0.027231965179147301 0.063386488114599626 0.077138181651956669 0.0019016547877476803 -0.034900646693809233 -0.045613569893543843 0.10151379591489798 0.14215408628894258 0.0087022637597012811 0.003820389321045203 0.026974233715579173 -0.0039597124911387362 -0.018926833220498568
leaf_weight=3.8130065124714738 4.935932580381631 6.6397843975573805 24.849773865193129 6.5152527634054405 3.2532578883692622 297.2404790148139 9.0373365581035596 42.234443378634751 101.8220028411597 2092.0040804988239 7.4982612673193207 11.675567776430396 32.197226610034704 25.580578899942338 20.368322161957622 91.303647027350962 4.4502256866544476 32.612920938059688 17.451573660597205 8.0850339233875292 9.9567929394543153 37.149420248344541 14.557063813321291 5.7137691443786087 4.4740262012928715 20.058309485204518 58.492178466171026 64.288091918453574 51.863095739856362 4.0190103547647587
leaf_count=5242 26 81 280 119 40 3989 77 540 1128 30996 54 160 303 237 379 1241 62 427 181 84 112 458 324 66 86 311 823 667 494 66
internal_value=-8.72988e-05 -2.60519e-05 -0.00361133 0.0376575 0.00223103 -0.00475645 -0.0111806 0.00214591 -0.000810148 0.000844619 0.00868975 0.0196918 0.0432909 -0.001005 -0.00297708 0.0075909 0.00167647 -0.00047321 0.0339733 -5.96255e-05 0.0356172 -0.0191442 0.0052239 0.0214671 0.0459755 0.0292789 -0.00603068 0.00376275 0.0131618 0.0436753
internal_weight=3114.14 3110.33 607.744 16.4083 9.76851 591.335 306.278 285.057 260.208 2502.58 359.925 168.596 57.1471 191.33 186.394 111.448 95.7539 2142.66 49.6488 2110.05 18.0418 62.73 123.664 50.6144 30.2461 25.7721 73.0492 217.973 116.151 15.6946
internal_count=49053 43811 7415 240 159 7175 4066 3109 2829 36396 4777 2067 538 2710 2684 1529 1303 31619 484 31192 196 695 1989 842 463 377 1147 2289 1161 226
is_linear=0
shrinkage=0.05


Tree=124
num_leaves=31
num_cat=0
split_feature=59 20 12 41 6 54 59 4 18 52 64 19 41 2 15 5 37 38 1 62 37 5 63 43 5 1 5 60 15 7
split_gain=3.86721 10.9131 15.1905 7.75554 10.1292 11.3603 11.454 12.0957 7.37741 13.0041 11.4677 7.66051 11.0856 11.2895 13.7124 8.47858 8.64362 8.42032 8.41001 7.63533 6.87617 6.75988 6.74549 6.73745 11.6705 6.63423 6.62386 11.3733 10.2896 8.7298
threshold=-0.005173393328614855 -0.0017762059209727552 0.75975432846416824 6.3350000000000003e-06 16.500000000000004 -0.0072961101078049062 -0.0031609132786462406 353.66785714285919 0.0031528149634713338 1.30145844365843 0.45909833380675052 -0.00073076430506621357 -2.0404999999999995e-05 -0.0014018784268131103 0.08944916445834307 0.0010507501451996807 0.051675702833744723 0.25014355751305584 -0.0021367545660887135 0.006842917132200566 0.18144025040838552 0.0017360590417749165 -0.0016735572886453084 2.8788749999999991e-05 0.0031132081867208052 0.009529592710558565 0.002856202916389502 0.23758330539417002 0.01238085706049788 1.0000000180025095e-35
decision_type=2 2 2 2 2 2 2 2 2 2 2 2 2 2 2 2 2 2 2 2 2 2 2 2 2 2 2 2 2 2
left_child=8 2 3 4 5 -2 -7 -8 9 11 19 12 -1 14 17 18 -17 22 -16 23 -12 -15 -14 24 -10 -22 27 -5 -28 -30
right_child=1 -3 -4 26 -6 6 7 -9 10 -11 20 -13 13 21 15 16 -18 -19 -20 -21 25 -23 -24 -25 -26 -27 28 -29 29 -31
leaf_value=-0.034093485034838757 0.1088094152124619 0.00018371001837222219 -0.020108436524380421 0.019406994580055452 -0.012022816487990938 0.081275705904917617 -0.054593111029580546 0.041240719581900794 -0.037065884841222051 -0.0096216877890887634 -0.014420197404786089 0.028661471574001313 0.083116770596806125 -0.038288387086852609 0.0010475983273067939 0.048056218830315738 -0.0012998517771440812 0.092179452144266108 0.092007794733142231 0.029356869789496556 0.0034618689045138188 0.013833585244039208 0.02280828212070168 -0.03690625520297959 0.031285998272912049 -0.039120449117786567 0.097102225205810522 -0.026662027455966963 0.053755457224630245 -0.0097630482220561893
leaf_weight=13.973947972524909 4.9159488808363703 1627.4426081189013 169.97455297544366 18.354372734494973 14.384635234600863 5.9534469683421802 6.0202574698778317 7.2669868730008602 12.921254113316538 77.127184854354709 62.433772291988134 64.738549983594567 5.4201505430974057 16.144158644950952 4.6117639273870736 9.8244324327679333 91.3700578706339 6.7530194717692202 5.6598685581702721 7.2996851541101924 690.36581732705235 10.120184646919368 32.071668884018436 41.359642010182142 12.086370352655647 9.2696684803813678 3.2599151050671926 49.602437521039974 6.8874335903674355 25.205588510259986
leaf_count=131 57 33908 3496 376 248 80 143 108 116 626 448 421 38 163 53 87 830 51 66 57 5031 81 325 323 90 81 49 1004 112 454
internal_value=-8.71619e-05 -0.00145812 -0.010027 0.00205328 0.0211944 0.0409744 0.0236427 -0.0021802 0.00217832 0.00841374 -0.00034212 0.0137497 0.0088231 0.0121187 0.0172334 0.00788527 0.00349187 0.0407843 0.0511684 -0.0191801 0.00147889 -0.0182047 0.031527 -0.0245186 -0.00403091 0.00289768 -0.00508761 -0.0142193 0.0124657 0.00386856
internal_weight=3112.82 1939.27 311.826 141.851 38.5413 24.1566 19.2407 13.2872 1173.55 337.815 835.736 260.688 195.949 181.975 155.711 111.466 101.194 44.2448 10.2716 73.667 762.069 26.2643 37.4918 66.3673 25.0076 699.635 103.31 67.9568 35.3529 32.093
internal_count=49053 40035 6127 2631 636 388 331 251 9018 2872 6146 2246 1825 1694 1450 1036 917 414 119 586 5560 244 363 529 206 5112 1995 1380 615 566
is_linear=0
shrinkage=0.05


Tree=125
num_leaves=31
num_cat=0
split_feature=2 59 51 58 43 2 59 43 60 15 45 35 42 58 58 3 3 56 54 0 16 19 4 4 0 15 53 16 21 59
split_gain=3.84132 9.94842 11.4428 10.3803 9.42238 7.64905 7.17687 6.94825 7.00622 6.98867 6.65646 10.4932 8.10814 6.95106 9.24912 6.64968 6.41603 6.46114 6.09819 6.9061 5.55482 5.4243 9.9138 10.2035 10.2384 9.62744 9.19075 9.87161 8.83536 9.59435
threshold=-0.013155698870434043 -0.013664957503751332 1.0000000180025095e-35 -0.016554484380855501 2.2374999999999971e-05 -0.003931060583437289 -0.022612264641119751 5.4511249999999991e-05 0.68062471716518824 0.12652005643469902 -0.000467330621757061 0.61961309101659934 5.1140000000000008e-05 -0.0040665247921489985 0.0036304171252560533 0.0099298716628474868 0.00422967999139279 0.82350131373205071 -0.0091785045188424383 1.7943365314610726e-05 0.048197192980384038 -0.002964875824866937 437.68571428571164 494.43928571428586 0.00092776342646924421 0.054866827811578665 -0.0072417114742942788 0.24968306990775851 -0.0047152345552628179 -0.0061689085290375445
decision_type=2 2 2 2 2 2 2 2 2 2 2 2 2 2 2 2 2 2 2 2 2 2 2 2 2 2 2 2 2 2
left_child=6 2 3 -2 -4 10 7 9 -9 -1 11 12 -5 18 16 -10 -15 -18 -12 -20 -7 22 -3 25 -25 -24 -27 -28 -23 -30
right_child=1 21 4 5 -6 20 -8 8 15 -11 13 -13 -14 14 -16 -17 17 -19 19 -21 -22 28 23 24 -26 26 27 -29 29 -31
leaf_value=-0.037807660918777526 0.05213933536816695 -0.012901407901876469 0.0016421733397580015 0.00069313239201576724 0.062759303466707744 0.024665834894791301 -0.017763985840436095 -0.0088309113494136459 0.071442528726230095 0.0051011781145932408 0.031810032811415472 0.038911170901525814 -0.044141855743996476 0.069297600555111361 -0.010629415123890616 0.015063194532807245 0.0017924606142832662 0.050428742459003785 -0.02844806792864793 0.02335783681711609 -0.017841032598074593 -0.023709019838465895 0.079541493874902502 -0.014042933011549028 0.058355972349921958 -0.044754020440219582 0.066204902002211352 -0.011159764946139763 0.0076253069899466664 -0.00083914751763313985
leaf_weight=14.955640040338038 11.616125427186487 204.59347380429972 9.919605530798437 28.938020527362823 17.312683820724487 9.0447147116065008 83.515086054801941 13.395321264863012 8.5711115747690219 25.963429525494576 12.304009940475224 11.364854134619234 15.477075159549711 13.449242793023584 11.005020357668398 13.416702575981615 13.112293273210527 14.249133247882126 18.417426154017452 9.8861279711127263 51.157857771962881 37.999672085046768 7.6465910524129894 43.675237132236362 5.4979503303766242 5.0546390041708973 9.3750038454309124 7.3605836182832709 402.91095918940846 1979.762806080078
leaf_count=88 79 2287 50 182 86 59 716 77 54 150 70 63 104 69 59 79 73 70 115 64 328 543 77 478 61 43 95 86 2849 39899
internal_value=-8.62814e-05 0.000322585 0.00992265 0.00613846 0.0404968 0.00357446 -0.00763626 0.00344883 0.0196746 -0.0105817 0.00967963 -0.00396037 -0.0149303 0.0179117 0.0300506 0.0370405 0.0410204 0.027121 0.00242244 -0.0103528 -0.0114549 -0.000555287 -0.00710266 0.00798937 -0.00594816 0.0312715 0.0143327 0.0321787 0.000210715 0.000592195
internal_weight=3110.95 2951.13 247.254 220.022 27.2323 208.406 159.817 76.3022 35.3831 40.9191 148.203 55.7799 44.4151 92.4233 51.8157 21.9878 40.8107 27.3614 40.6076 28.3036 60.2026 2703.88 283.203 78.61 49.1732 29.4368 21.7902 16.7356 2420.67 2382.67
internal_count=49053 47889 1471 1335 136 1256 1164 448 210 238 869 349 286 520 271 133 212 143 249 179 387 46418 3127 840 539 301 224 181 43291 42748
is_linear=0
shrinkage=0.05


Tree=126
num_leaves=31
num_cat=0
split_feature=34 31 6 0 43 12 4 53 4 59 23 4 4 54 1 1 49 34 37 18 5 42 56 14 3 13 52 5 50 13
split_gain=3.74539 3.97867 7.72534 6.39486 8.0988 7.26148 11.571 6.72918 6.23589 6.28921 8.30662 6.8425 7.1084 6.61742 6.39804 8.80519 6.05561 6.01179 5.69924 5.39412 9.25799 9.71951 13.4394 8.96133 7.53282 7.17776 6.1629 5.51245 7.13925 6.8244
threshold=3.9119600025118051 0.46221024459411703 22.500000000000004 0.0024290476631000906 6.7407500000000008e-05 0.67826236915778571 416.51071428571498 -0.0013647166775245798 1102.4921428571433 -0.028360432417434332 -0.0013180410627098705 669.88750000000084 478.54642857143028 -0.015271145865183468 -0.010898407416733575 -0.0027354647694658473 0.0069805830053195584 2.1061918545551186 0.78746402363546253 0.0018689818075742499 0.0016044964983689448 8.8060000000000007e-05 1.236204380476168 0.38033990599429263 0.0037711037939607652 0.3894172401546282 2.3209259054104043 0.0034851522643702328 -0.0058256755180728448 0.20537545771922325
decision_type=2 2 2 2 2 2 2 2 2 2 2 2 2 2 2 2 2 2 2 2 2 2 2 2 2 2 2 2 2 2
left_child=1 8 3 5 16 6 7 -3 9 11 13 12 -1 18 -13 -16 -5 -6 -11 -7 21 22 23 -21 -22 27 -27 29 -29 -26
right_child=-2 2 -4 4 17 19 -8 -9 -10 10 -12 14 -14 -15 15 -17 -18 -19 -20 20 24 -23 -24 -25 25 26 -28 28 -30 -31
leaf_value=0.028456988976411315 -0.030382625486999566 0.079281949593611054 0.055258670533622836 -0.021256259444583619 0.072712722443082342 -0.045461012512628796 0.11688587769773373 -0.015850893855452526 -0.037535127693905428 -0.024144980778131857 -0.00024962414151042848 0.00030839997942375998 -0.023389638380484967 -0.032191947744263365 0.081400991802114353 0.012615836816372857 0.046364724649684864 0.011861636996644657 0.025773421209056104 0.14363314647928571 -0.024208200204729153 -0.0079732331462196212 -0.0099303817466546655 0.042000666609382044 0.0025002676030744238 -0.023626050722483662 0.010460671276456531 0.029907573114351362 -0.049077928275864754 0.060310083599175682
leaf_weight=11.398003321141006 10.166426751762627 2.5146483868593341 7.8750669162836848 10.989919624174943 10.360770877450706 6.8745438326732247 3.344995914027094 7.12752500118222 11.301126777194439 10.911121541634204 2762.1648202418291 9.6122087165713328 15.741295531392096 36.89294539578259 10.342085458338262 8.4570634886622411 4.7382619749987489 6.6731187949189907 12.013443723320959 4.4004823453724402 37.980133414268494 10.471973352134226 4.9162567006424061 4.2770296456292272 8.7352077122777718 30.261186620220542 23.603133391588926 6.1609030924737453 5.3410130161792022 12.284295072779058
leaf_count=62 132 52 97 123 91 479 36 171 185 81 45196 52 91 329 53 52 54 70 91 57 487 141 73 70 92 247 170 45 73 101
internal_value=-8.39851e-05 1.54507e-05 0.00667853 0.00477572 0.0249861 0.000841303 0.0367572 0.00895945 -0.000466446 -0.000320864 -0.000648828 0.0163397 -0.00161501 -0.0190827 0.0334906 0.050457 -0.000884805 0.048874 0.00201438 -0.00216209 -0.000156718 0.0282301 0.0561193 0.0935399 -0.00564978 0.00250957 -0.00868938 0.0210581 -0.00677002 0.0362857
internal_weight=3107.93 3097.76 208.93 201.055 32.7621 168.293 12.9872 9.64217 2888.83 2877.53 2821.98 55.5507 27.1393 59.8175 28.4114 18.7991 15.7282 17.0339 22.9246 155.306 148.432 24.0657 13.5938 8.67751 124.366 86.3857 53.8643 32.5214 11.5019 21.0195
internal_count=49053 48921 2729 2632 338 2294 259 223 46192 46007 45697 310 153 501 157 105 177 161 172 2035 1556 341 200 127 1215 728 417 311 118 193
is_linear=0
shrinkage=0.05


Tree=127
num_leaves=31
num_cat=0
split_feature=18 59 38 4 54 62 5 6 64 50 41 16 59 41 41 15 5 47 0 43 7 5 43 0 20 5 11 38 18 4
split_gain=3.61636 3.58723 10.8054 10.1472 7.79133 7.73776 14.0777 8.53377 14.1608 11.4642 17.652 9.12859 8.75244 10.6909 10.4427 10.1919 12.9598 11.9356 11.8786 10.7015 7.55108 9.54414 12.9845 7.16005 7.08897 10.311 12.3424 12.0215 7.62292 8.09277
threshold=0.0014882296037690304 0.0026711989739723143 0.24684187389854856 194.68392857142837 0.011287178514535505 0.0083201270165056563 0.0017360590417749165 7.5000000000000009 0.1019671154341636 0.01399783123050795 9.965000000000001e-05 0.20250215889463088 0.0073979957845853586 0.00029107500000000007 -1.4049999999999999e-06 0.50807751337425833 0.0029738515224194562 -0.00030168884248952973 0.0022163459855366694 3.1562500000000001e-05 1.5000000000000002 0.0019613427403982618 5.579500000000001e-05 0.0011204351132507119 0.0026372743053877995 0.001538078765704945 0.40449483278669768 0.27619856863239095 0.0032358270406103386 272.914285714286
decision_type=2 2 2 2 2 2 2 2 2 2 2 2 2 2 2 2 2 2 2 2 2 2 2 2 2 2 2 2 2 2
left_child=-1 -2 3 4 -3 7 -7 8 -5 -10 -11 -9 13 15 23 16 18 19 20 -17 21 22 -13 -14 -4 26 27 -26 -27 -30
right_child=1 2 24 5 -6 6 -8 11 9 10 -12 12 14 -15 -16 17 -18 -19 -20 -21 -22 -23 -24 -25 25 28 -28 -29 29 -31
leaf_value=-0.050045498550891104 0.00087535824422639878 -0.026155927138363656 -0.024875224036964478 0.082699032748525109 0.064795239206656766 0.096806467186761155 0.0107958712756501 -0.0034724403999613672 -0.020173698371141149 -0.036049657356638364 0.13579279433065564 -0.012914863027446009 0.015165142461965569 0.11292761412679056 -0.0058256678459456257 0.041875042950776417 0.048966004326380527 -0.01168828877435428 0.093494547083883078 0.17318996720239843 -0.020324429968662343 -0.0071964260853921661 0.14460978197322891 0.091812547667264599 0.037511525274519508 -0.043073618913564815 -0.011607314260260813 0.18709968923660333 0.055266276881332781 -0.0090007101016183529
leaf_weight=3.6174808628857127 2424.5682461902034 45.739800014533103 81.233222709037364 3.7998056197538963 2.4824955752119413 5.7968720342032602 26.530223248526454 168.26309338957071 89.95815868396312 2.9391786213964215 3.0401976499706507 2.2990583740174761 8.5426526814699155 3.3091288395225993 70.631856883876026 2.991562195122242 19.359407521784306 2.9834525864571315 3.2073259968310586 3.2231069877743721 30.345271481201053 9.2892072442918998 3.0352707989513874 4.7361823562532654 3.7867532493546587 14.946785363368688 5.955168979242444 2.0812719231471419 5.3983207773417226 52.904232077300549
leaf_count=5242 28749 1649 2498 72 48 101 406 2873 2575 64 38 57 160 27 1352 45 228 44 33 57 613 165 71 74 88 339 133 48 95 1109
internal_value=-8.2356e-05 -2.4116e-05 -0.00323686 0.000356684 -0.0214737 0.00262409 0.0262192 0.000858247 -0.0119681 -0.0157176 0.0513232 0.00470895 0.0131054 0.0249337 0.00182234 0.0211389 0.014414 0.0705155 0.00052943 0.109979 -0.00610115 0.0234135 0.0767178 0.0425031 -0.014311 -0.00422362 0.0391035 0.0905675 -0.0112171 -0.00305013
internal_weight=3106.99 3103.38 678.809 512.503 48.2223 464.281 32.3271 431.954 99.7373 95.9375 5.97938 332.217 163.953 80.0428 83.9107 76.7337 67.5355 9.19812 48.1761 6.21467 44.9688 14.6235 5.33433 13.2788 166.306 85.0725 11.8232 5.86803 73.2493 58.3026
internal_count=49053 43811 15062 10752 1697 9055 507 8548 2749 2677 102 5799 2926 1340 1586 1313 1167 146 939 102 906 293 128 234 4310 1812 269 136 1543 1204
is_linear=0
shrinkage=0.05


Tree=128
num_leaves=31
num_cat=0
split_feature=58 63 21 54 5 1 14 59 63 18 58 5 38 60 6 41 5 7 59 38 64 62 58 10 38 60 49 45 59 19
split_gain=3.73549 10.6277 11.6731 10.7968 10.2159 14.9914 13.092 11.7605 9.72885 10.9265 13.285 13.1525 11.698 28.3413 11.3521 13.0868 10.4727 9.63553 9.4847 9.47329 8.93523 9.67005 13.2859 8.89717 15.4103 11.5078 11.4555 10.7507 8.90025 15.3928
threshold=-0.0039663190967052326 -0.0072624266005512986 -0.0027820706012782006 0.0077007068054222132 0.0013690275759066131 0.0017248612110968506 0.12469608373063205 -0.0084159032942590969 -0.00041806404992081276 0.0044397617794867559 -0.010171515760915106 0.002948871753492462 0.20486956782489313 0.1789413834187604 20.500000000000004 3.3715000000000005e-05 0.0025277539577874793 2.5000000000000004 -0.0023478264657698753 0.27715929378240139 0.46326402033287201 0.0016632327602995112 0.0020259388890200027 1.0000000180025095e-35 0.37181224100644633 0.43990818806411164 -0.00091304732599001726 0.00093865888868340604 -0.013137175804676925 -0.002164563716335216
decision_type=2 2 2 2 2 2 2 2 2 2 2 2 2 2 2 2 2 2 2 2 2 2 2 2 2 2 2 2 2 2
left_child=4 2 -2 18 5 6 -1 -8 16 12 11 -11 13 -10 -15 -16 -6 -17 -4 -18 21 -20 -23 24 28 -26 -25 -28 -3 -30
right_child=1 23 3 -5 8 -7 7 -9 9 10 -12 -13 -14 14 15 17 19 -19 20 -21 -22 22 -24 26 25 -27 27 -29 29 -31
leaf_value=0.10400875926514658 -0.015154667360397452 0.013428380208771582 0.023876026188815416 0.054693429601632496 -0.025613018599283596 0.10581570487163594 0.072537338996759348 -0.026576494320025852 0.13349445247121042 0.086970563777075405 -0.0098541018189281602 0.0080634209872740611 0.0039107242930304749 0.011632346872006656 -0.0061965577007473535 0.040301146527134589 -0.0053503018573472991 0.13405527986945462 -0.0071091925077299348 0.037335308455394574 -0.023300345700994547 0.089624386566722655 -0.023559835910188037 0.0079562498736934339 0.10362249353510766 -0.026546909113450187 -0.0038032111748927395 0.053844384809347862 -0.021426884717928536 -0.0041880816307502304
leaf_weight=3.3557735388167265 35.731743980199099 58.579011388123035 72.828421899816021 16.59458699967945 59.33043472841382 5.6444370631943448 3.8737490251660409 13.162593072920567 5.6746636275202027 5.5657038632780305 187.93842257279903 103.23604079242796 176.76529834698886 88.004681929945946 5.4825987871736315 5.340982645750044 97.058610985055566 5.6286831181496382 17.803822018729992 15.007884174585341 28.327373243926559 7.7052670849370752 3.9076221846044064 398.07539182336768 5.5781966769136471 2.4408552871318534 585.40618597375578 8.200789410620926 150.36544893402606 932.81170633886359
leaf_count=49 298 327 589 113 621 73 21 259 55 57 2083 982 2084 1015 74 46 842 61 237 106 382 115 48 5192 111 48 9310 57 2141 21657
internal_value=-8.30011e-05 -0.00108826 0.0104805 0.0167047 0.0029085 0.0337017 0.0137409 -0.00403984 0.00184663 0.00492236 -0.00180453 0.0120999 0.01188 0.0246711 0.0187592 0.0568815 -0.00862676 0.0884077 0.0118766 0.000366132 -0.00325733 0.0160435 0.051539 -0.00207633 -0.00506943 0.0640013 0.00139392 -0.0030068 -0.00555454 -0.00658115
internal_weight=3105.43 2324.36 182.899 147.167 781.071 26.0366 20.3921 17.0363 755.034 583.637 296.74 108.802 286.897 110.132 104.457 16.4523 171.397 10.9697 130.573 112.066 57.7441 29.4167 11.6129 2141.46 1149.78 8.01905 991.682 593.607 1141.76 1083.18
internal_count=49053 40625 1782 1484 8428 402 329 280 8026 6457 3122 1039 3335 1251 1196 181 1569 107 1371 948 782 400 163 38843 24284 159 14559 9367 24125 23798
is_linear=0
shrinkage=0.05


Tree=129
num_leaves=31
num_cat=0
split_feature=5 38 37 20 12 60 20 37 18 21 50 58 60 58 31 38 37 37 41 4 49 60 7 4 45 5 42 13 13 45
split_gain=3.58446 6.37548 6.47289 8.24367 9.00253 8.35353 7.49825 14.5826 7.2417 6.75664 9.93613 7.67482 6.79683 6.66442 6.58492 7.10623 10.9988 7.80936 6.52282 8.6317 6.24774 5.944 12.9457 14.9152 11.7252 8.05042 6.19637 6.71325 8.60648 8.34466
threshold=0.003873159588168276 0.34417895071826882 0.58929440674155498 0.0021523362284621215 0.26634822048971379 0.94354384698665028 0.0057723146547406555 0.54614870973207952 0.0073170270438070919 0.0015784575513397867 -0.0024822362801036613 0.0017058559757860481 0.97948196731936044 -0.016554484380855501 0.23919412538738219 0.22531775270647583 0.98494724367051789 0.88720223312406532 0.00015222500000000003 377.88571428571339 -0.0029867411054320162 0.78863573753896943 3.5000000000000004 704.14428571428562 -0.00047467789983825817 0.0042945548558801583 7.0105000000000007e-05 0.64263085925455921 0.12593954737788349 -0.00048056119591792436
decision_type=2 2 2 2 2 2 2 2 2 2 2 2 2 2 2 2 2 2 2 2 2 2 2 2 2 2 2 2 2 2
left_child=-1 2 3 4 5 -2 -5 -8 14 21 -11 -12 -13 -6 15 -4 17 20 19 -15 -17 22 23 -10 -25 -23 27 28 29 -27
right_child=1 -3 8 6 13 -7 7 -9 9 10 11 12 -14 18 -16 16 -18 -19 -20 -21 -22 25 -24 24 -26 26 -28 -29 -30 -31
leaf_value=0.00056624472902735805 0.091777709526090476 -0.063349639028604646 -0.033073324895847619 -0.038194541366821558 0.041851992193204006 0.0064446967350467177 -0.011636291441318858 0.086436654979062943 -0.039232354415708756 -0.022466189155688664 0.07005478443372444 -0.026627127583184924 0.040846511232980554 0.033944794152817814 0.0083386046076067213 0.054242387812886594 -0.050418621255100465 0.080343515046160732 0.041457358650733384 -0.012668682329011508 -0.020491249996850751 0.03914244042184209 -0.0293085189728815 0.10932714637934078 0.02104806159489991 0.076954125326391121 -0.038649457895190878 0.045116498298488655 -0.035265380826287593 -0.023373522521322788
leaf_weight=2707.3675719242892 6.5014760736376029 4.553899521008133 63.772558214142919 17.796641916967928 11.986677873879669 5.1317190621048212 25.998902352526787 4.4372284021228543 5.1740631591528681 10.842429056763647 9.5580547284334916 6.3521886579692337 9.0494364788755774 12.239203076809643 18.896254412829876 3.9823669437319067 8.0017456403002125 4.1402643239125601 9.038293242454527 52.67202480789274 9.3923526406288165 5.9540990609675637 13.182743929326532 6.5882402379065743 8.7661458961665613 4.0623502545058727 28.79243821464479 5.2257012277841559 19.02727036178112 4.2313393913209456
leaf_count=44614 56 49 827 267 82 61 344 57 65 129 102 103 93 130 194 39 101 56 59 493 127 50 129 53 90 51 341 28 199 64
internal_value=-8.31775e-05 -0.00453046 -0.00384504 0.00449636 0.0128555 0.054135 -0.0124133 0.00266159 -0.00880927 -0.00116483 0.0174989 0.0348596 0.0130179 0.00726751 -0.0184761 -0.0241508 -0.0018514 0.0203366 0.00166162 -0.00387957 0.00176094 -0.00778038 0.00935673 0.0341864 0.0589267 -0.0163654 -0.0217535 -0.00680639 -0.0167377 0.0257682
internal_weight=3102.72 395.348 390.794 145.802 97.5694 11.6332 48.2328 30.4361 244.992 136.807 35.8021 24.9597 15.4016 85.9362 108.186 89.2893 25.5167 17.515 73.9495 64.9112 13.3747 101.004 33.7112 20.5284 15.3544 67.2932 61.3391 32.5467 27.321 8.29369
internal_count=49053 4439 4390 1549 881 117 668 401 2841 1497 427 298 196 764 1344 1150 323 222 682 623 166 1070 337 208 143 733 683 342 314 115
is_linear=0
shrinkage=0.05


Tree=130
num_leaves=31
num_cat=0
split_feature=63 13 21 62 62 58 5 13 13 42 50 58 13 63 14 7 21 59 56 48 4 21 60 58 59 50 5 47 55 7
split_gain=3.57065 6.99392 5.46948 6.24229 9.22869 7.05307 7.74288 7.67207 9.07677 5.64353 4.95908 5.43713 8.97247 8.63087 7.71209 7.3178 9.11602 9.98955 8.85167 8.1377 7.30749 7.13557 9.16101 14.7321 8.01721 6.66987 8.46969 7.58188 6.66441 6.49428
threshold=-0.023639040058348111 0.71993295677858826 -0.0072358242474633849 -0.023128070954327316 -0.018374907541093565 -0.006046150357126045 0.0031132081867208052 0.085797318822497332 0.24617630876861046 1.9815000000000003e-05 -0.027560192413361103 -0.0097075200006514571 0.01069408567213934 -0.012008807491561274 0.05581822603758884 1.0000000180025095e-35 -0.0030509034511560164 -0.028360432417434332 0.36221266138966501 -0.00053910454373217169 594.79642857142824 -0.0052028018834899591 0.63797269969632497 -0.002638811682017093 -0.020508045326491867 -0.0016720694343197551 0.0036495704235225833 -0.00041275453199325808 1.0000000180025095e-35 5.5000000000000009
decision_type=2 2 2 2 2 2 2 2 2 2 2 2 2 2 2 2 2 2 2 2 2 2 2 2 2 2 2 2 2 2
left_child=1 2 9 -4 -5 6 -6 -7 -9 -1 -2 12 -12 -14 -15 18 17 -17 19 -16 -21 22 -13 25 -23 26 27 -24 -18 -19
right_child=10 -3 3 4 5 7 -8 8 -10 -11 11 21 13 14 15 16 28 29 -20 20 -22 24 23 -25 -26 -27 -28 -29 -30 -31
leaf_value=0.014101341150102293 -0.023579755583723352 0.051711750777129709 -0.032426845253420843 0.065498919130774838 -0.04443442507981895 -0.013528397343190619 0.015518180628841725 0.05463148199799267 0.0028940163303791751 -0.041512961141166121 -0.047102787351097936 -0.03472530639128879 -0.031129184357175294 0.066371656679173274 0.062899835818790037 0.03547612466665738 0.041236836790386935 -0.025174542272076841 0.074435035133233185 0.028917383790998619 -0.036859739918159301 0.020064022506942836 0.062591659587429974 0.058497371869794951 -0.00064578891819789294 -0.038706396336888632 -0.027697433340488464 -0.012194277049714779 -0.0028493022526949806 0.02413529405386472
leaf_weight=7.6195953935384777 22.917752964422107 8.708526708185671 7.6936090476810923 8.0401043221354467 10.901637155562641 12.682563569396732 10.643470119684933 19.3468480668962 15.089067339897154 11.366174362599848 6.8240447845309964 34.763375954702497 10.95886931195855 6.9327431041747323 6.7542250975966445 11.248865589499472 23.02313269302249 39.765764118172228 9.1290581654757244 8.9824821874499374 7.9678282029926768 47.560911804437637 7.59566680341959 8.5361520871520025 2680.1954968066711 16.20868281647563 12.483776429668067 6.119404489174487 13.657450698316095 8.0248534772545081
leaf_count=60 165 42 56 46 97 101 71 132 98 103 68 334 106 67 78 61 226 434 62 85 91 242 61 86 45502 193 121 49 153 63
internal_value=-8.19326e-05 0.00867928 0.00505442 0.0105091 0.0148157 0.00888097 -0.0148173 0.0197171 0.0319613 -0.0191932 -0.000410419 -0.000231438 0.0089394 0.0115508 0.015003 0.0122328 0.00524603 -0.00691633 0.0326013 0.0164904 -0.00200245 -0.000731038 -0.0149366 -0.001433 -0.000284695 -0.0134963 0.00210067 0.0292236 0.024822 -0.0168946
internal_weight=3101.74 112.092 103.383 84.3973 76.7037 68.6636 21.5451 47.1185 34.4359 18.9858 2989.65 2966.73 153.269 146.445 135.486 128.554 95.7201 59.0395 32.8336 23.7045 16.9503 2813.46 85.7071 50.9437 2727.76 42.4075 26.1988 13.7151 36.6806 47.7906
internal_count=49053 806 764 601 545 499 168 331 230 163 48247 48082 1494 1426 1320 1253 937 558 316 254 176 46588 844 510 45744 424 231 110 379 497
is_linear=0
shrinkage=0.05


Tree=131
num_leaves=31
num_cat=0
split_feature=47 50 38 58 59 58 6 38 53 19 16 17 58 60 15 53 47 53 58 4 45 19 42 18 15 48 17 58 58 20
split_gain=3.56424 7.29062 8.55321 8.30645 7.85895 10.2406 7.6647 10.742 6.59033 7.69002 9.66853 6.19718 8.47672 9.22034 6.15324 12.2799 12.1736 8.17494 14.0145 8.05859 6.87419 7.23319 10.6096 10.2499 12.7007 7.88868 6.68429 8.61939 6.31015 6.19069
threshold=-0.00050004143120146668 0.024578880264538919 0.17419491338382687 0.00031083509397594609 -0.00096498579016961151 0.0052383545554672119 16.500000000000004 0.25213807370844882 -0.0081973901049126 0.00032777347123629468 0.39462569698552852 1.398160427834567 -0.0011737749070203573 0.48483369657758973 0.41271360400444956 0.0024054809404510228 -0.00053707290043500291 -0.00095849140805456931 -0.0058712684947087044 204.17857142857278 -0.00051576741716421863 -0.00024917763142234215 4.8295000000000004e-05 0.0031528149634713338 0.15629790980655067 -0.00051076517579324318 0.96592300894027505 0.0047040104679596196 -0.0011737749070203573 -0.0052102204311452321
decision_type=2 2 2 2 2 2 2 2 2 2 2 2 2 2 2 2 2 2 2 2 2 2 2 2 2 2 2 2 2 2
left_child=1 2 3 -1 14 8 7 -7 -6 -10 -11 12 13 -12 20 16 17 18 -16 -18 26 22 -22 24 -23 29 27 -4 -19 -24
right_child=-2 -3 4 -5 5 6 -8 -9 9 10 11 -13 -14 -15 15 -17 19 28 -20 -21 21 23 25 -25 -26 -27 -28 -29 -30 -31
leaf_value=-0.0092775965482629393 0.00065789922691679025 0.068879513292515154 -0.02566385276137528 -0.042198784639596199 0.046855014710189324 0.0150302153658061 -0.01630101177523486 0.13242733057047915 -0.037861307900127567 -0.01974469923712394 0.091990124476305724 0.096765666657157717 -0.032591713787396358 -0.001052390327480224 -0.0063174416558706347 0.068237040366711646 0.041919534179271717 0.032406686359841556 0.096509079956873078 -0.032073796967273853 -0.015569540937208385 0.0051878489772866918 0.049617389269752454 0.0079789512730411901 0.12383052553669292 0.080744917442105324 0.0032595047561899352 0.047539623000042164 -0.048858409473613876 -0.029372615362884203
leaf_weight=81.596912685228745 2605.8711731711228 3.4102985803037873 51.662595076457364 25.040289183409186 4.0576075408607712 5.0313202943652851 5.3760394556447855 3.1801810953766108 34.039097121800296 58.458082855446264 4.5734033454209602 2.3441047617816357 7.012943139328855 6.3734308345592581 5.3485640771687022 10.209355294296982 4.5650195021880853 5.6173247126862407 8.7095945937908272 18.974227823317051 31.567259497183841 3.7962545735645126 4.6593341007828704 13.889566749334334 5.5586463331128471 5.8420298982528029 69.297859872051049 4.360586477443575 4.156149412738154 5.304315613990183
leaf_count=1013 41300 42 695 483 57 104 129 61 1098 1426 88 31 203 132 35 96 97 65 94 209 391 60 36 99 69 66 684 49 73 68
internal_value=-8.02999e-05 -0.00397423 -0.00448066 -0.0170081 -0.00100147 -0.0109738 0.0301107 0.0604962 -0.0157508 -0.0180028 -0.00942043 0.0203048 0.0103251 0.0378192 0.00412971 0.0184992 0.00777967 0.0329705 0.0573877 -0.0177241 -9.30209e-05 0.012383 0.00117385 0.0352277 0.0756849 0.0346139 -0.00712318 -0.019966 -0.00215113 0.00756574
internal_weight=3099.88 494.012 490.602 106.637 383.965 130.446 13.5875 8.2115 116.859 112.801 78.762 20.3039 17.9598 10.9468 253.519 57.5802 47.3709 23.8316 14.0582 23.5392 195.938 70.6174 47.3729 23.2445 9.3549 15.8057 125.321 56.0232 9.77347 9.96365
internal_count=49053 7753 7711 1496 6215 3329 294 165 3035 2978 1880 454 423 220 2886 669 573 267 129 306 2217 789 561 228 129 170 1428 744 138 104
is_linear=0
shrinkage=0.05


Tree=132
num_leaves=31
num_cat=0
split_feature=2 0 35 15 15 43 47 38 17 4 14 18 18 13 2 49 50 53 58 60 43 11 43 32 53 16 38 18 2 7
split_gain=3.56382 6.89659 6.33718 5.16663 8.02732 6.75736 5.57548 5.53794 5.00713 4.87254 4.82427 8.15978 9.68295 7.70342 5.37724 5.11645 8.97107 9.32025 8.22596 7.55234 7.96 10.3868 7.24478 9.72537 8.02405 8.83275 8.02804 7.43506 10.8709 8.54453
threshold=-0.013155698870434043 -0.0068020003511503552 1.8708345142079168 0.15239395158639688 0.047802660208959923 1.7390000000000005e-05 -0.00054208729063972563 0.17986496371508492 1.4208807841935649 530.93928571428535 0.89245295944461389 0.0025216219175705928 0.0026260241893633373 0.017132088709086533 -0.00035606114704950291 -0.0058145868198835639 -0.0039559094699556183 0.011804170878434479 -0.012710339364398712 0.19775888610111966 4.549499999999999e-05 -0.69041805980872895 0.00031918750000000008 1.5000000000000002 -0.0025461448694526936 0.41551286901870998 0.25079265181638161 0.0054209411371115837 0.009459736632299447 2.5000000000000004
decision_type=2 2 2 2 2 2 2 2 2 2 2 2 2 2 2 2 2 2 2 2 2 2 2 2 2 2 2 2 2 2
left_child=2 8 3 4 5 -1 7 -5 -2 -7 15 14 -13 -14 -12 19 17 18 -17 -3 21 -21 27 -24 -25 26 -26 28 -18 -30
right_child=1 10 -4 6 -6 9 -8 -9 -10 -11 11 12 13 -15 -16 16 22 -19 -20 20 -22 -23 23 24 25 -27 -28 -29 29 -31
leaf_value=-0.039520875952492596 0.052727553288425127 -0.037359539656865663 0.036037371081938614 -0.0049999210141018881 -0.037697398316574017 0.028659013259104624 -0.0073888632624889913 0.055894589889907864 0.011202915926228548 -0.014876113917645506 -0.045231237042268502 0.060025549555562357 0.056168245391430907 -0.0087531904902299808 -0.0099191234045570148 0.038283900043027654 -0.00058459462964685432 0.072876580303983002 0.0049554738239605614 0.073254001030638158 -0.016601199523471083 0.0023069644670912237 -0.012836116767522247 -0.014634995921212233 0.05107165612847625 0.089510385609826479 -0.020323926973940358 -0.0087841134710812153 0.00093806402287830945 0.034875453702255796
leaf_weight=9.5040990859270078 9.3312516044825298 20.340297478192952 7.9767793267965308 7.2432101331651193 32.772094409912825 14.765502437949182 66.843090729787946 7.7056271769106388 32.700643422082067 11.381018012762068 21.042350403382443 6.1094664484262458 4.8408338390290728 81.451833539642394 22.107197759672999 19.261463833972812 1753.8380520867067 5.3049118109047404 477.0006473143585 5.9373166952282181 55.841234070248902 39.34716575598577 16.410966733237728 6.6442336917971252 11.632517673016997 8.2902536214096454 5.952015094459056 262.82105737458915 34.999276116490364 39.454921884462237
leaf_count=72 77 240 49 50 243 94 521 59 235 76 570 91 69 1020 810 160 32522 46 6242 61 586 389 176 60 129 74 59 3394 458 421
internal_value=-7.98402e-05 0.000313435 -0.00739053 -0.00969666 -0.0198351 -0.00341511 -0.00121537 0.0263892 0.0204216 0.00970911 2.18548e-05 -0.00918759 -0.000804507 -0.00511124 -0.0271395 0.000473654 0.000935026 0.00695375 0.00624905 -0.00956013 -0.00396859 0.0116089 -0.000475597 0.0185427 0.0343783 0.0469642 0.0269057 -0.000920607 0.000209789 0.0189222
internal_weight=3098.85 2940.66 158.191 150.215 68.4227 35.6506 81.7919 14.9488 42.0319 26.1465 2898.63 135.552 92.4021 86.2927 43.1495 2763.08 2641.61 501.567 496.262 121.466 101.126 45.2845 2140.04 48.93 32.519 25.8748 17.5845 2091.11 1828.29 74.4542
internal_count=49053 47889 1164 1115 485 242 630 109 312 170 47577 2560 1180 1089 1380 45017 43741 6448 6402 1276 1036 450 37293 498 322 262 188 36795 33401 879
is_linear=0
shrinkage=0.05


Tree=133
num_leaves=31
num_cat=0
split_feature=59 19 64 5 3 63 53 21 63 26 43 50 3 17 37 18 14 54 60 1 37 59 19 42 58 0 60 53 19 59
split_gain=3.51221 7.79364 4.32347 6.10206 4.82287 3.97288 8.46973 8.25052 10.1394 8.69858 7.29231 7.118 7.01617 7.65403 6.83746 7.48686 19.1239 6.61367 9.92403 6.38361 10.6999 9.5395 6.2943 7.81536 7.11546 7.16519 7.09332 6.17469 6.85598 5.48372
threshold=0.023801984047257588 0.0128825641985483 0.55560154863510081 0.0074376139541497957 0.0073528661030292054 0.0069141893434967973 0.0097629511699719434 0.0032807740432119962 0.02709302147913677 0.011448076153080499 0.00034950625000000006 0.0040917421397684778 0.0052507014236610758 0.54266123000486466 0.28716785887123092 0.0026002138574830799 0.27777451709250539 0.018403650307028094 0.13459381730411027 0.001652535880463858 0.051675702833744723 0.0019698929277255487 0.0062623029751807226 1.1905000000000002e-05 0.0010096484789700129 0.0027589145735765455 0.66940663416365032 0.0023238203893760395 0.00032777347123629468 0.005070974216084068
decision_type=2 2 2 2 2 2 2 2 2 2 2 2 2 2 2 2 2 2 2 2 2 2 2 2 2 2 2 2 2 2
left_child=1 5 3 -2 -4 17 7 10 9 11 14 12 13 -9 19 16 -16 22 -19 -7 21 -21 29 -24 25 -25 -26 28 -15 -1
right_child=2 -3 4 -5 -6 6 -8 8 -10 -11 -12 -13 -14 27 15 -17 -18 18 -20 20 -22 -23 23 24 26 -27 -28 -29 -30 -31
leaf_value=0.0011812608936619074 -0.039797850995675621 0.060071707814749742 0.060286897021799263 0.033702009997994442 -0.021739055727641912 -0.017844368638980607 0.040758030537453249 0.083209309379546903 -0.025730109136458595 0.096277421936185367 0.064505221986825678 -0.032830767246111919 0.089632758680585498 0.044763433882629905 0.0885782583177534 -0.037744912869249359 -0.037194731146128729 0.056069591488117625 -0.026114105971548729 0.12490030507375163 -0.0076568154861647352 0.0065975815177853189 -0.045951172911407184 0.10097818409247522 0.032471159580756914 0.026102531729691233 -0.015436678421513509 0.057458500761690838 -0.048613150498111567 -0.0060305501582569839
leaf_weight=2493.3064847675269 18.418869994580753 5.4051448218524447 3.330150610767304 3.3351915124803773 3.8798417113721371 38.875440394534962 8.7645654771476966 3.2804407645017042 14.20142555143684 3.798549346625804 2.7518466766923657 5.9353305529803029 3.9064008537679902 2.7388872914016229 4.4818902127735774 51.560709909535944 9.2806402247515489 4.0390483679948366 40.565593723207712 3.5334955023136017 15.014942869660443 3.2912103345734067 4.2980224415659896 5.2049115709960452 17.725781223969538 8.2746018767356855 13.696468366309999 3.2407053317874661 6.9640858648344874 294.74878988135606
leaf_count=36666 406 43 56 58 52 947 83 41 251 43 30 90 37 34 105 962 271 44 499 33 270 76 69 58 182 97 176 37 132 7205
internal_value=-7.83876e-05 8.51695e-05 -0.0174081 -0.0285293 0.0161471 -2.06696e-05 -0.00719314 -0.00962448 0.00905045 0.0255897 -0.0160141 0.0152884 0.029476 0.0149916 -0.0177722 -0.0289996 0.00376436 0.000431354 -0.0186722 -0.00569258 0.0159381 0.0678489 0.000731682 0.0184598 0.0246253 0.0550146 0.0115889 -0.0022975 -0.0222555 0.00041884
internal_weight=3097.85 3068.89 28.9641 21.7541 7.20999 3063.48 181.621 172.856 44.0658 29.8644 128.79 26.0659 20.1305 16.2241 126.038 65.3232 13.7625 2881.86 44.6046 60.7151 21.8396 6.82471 2837.26 49.1998 44.9018 13.4795 31.4222 12.9437 9.70297 2788.06
internal_count=49053 48481 572 464 108 48438 3442 3359 665 414 2694 371 281 244 2664 1338 376 44996 543 1326 379 109 44453 582 513 155 358 203 166 43871
is_linear=0
shrinkage=0.05


Tree=134
num_leaves=31
num_cat=0
split_feature=3 48 14 6 19 38 54 47 17 14 15 1 15 21 32 64 2 47 58 37 48 3 4 13 48 48 38 16 54 58
split_gain=3.52254 8.42439 11.3103 7.92544 11.5513 11.3122 10.0257 14.2214 12.4268 9.99691 9.59687 7.17775 11.2531 6.58017 6.45186 6.14771 6.42796 9.41156 9.2095 7.98114 10.5776 9.04173 5.99742 8.97577 10.0533 18.6136 10.1303 8.68574 7.36585 6.04825
threshold=0.001474999160963253 -0.0004084312617584965 0.62193380580007707 2.5000000000000004 0.00038525519147394909 0.17986496371508492 0.004089363580270052 -0.00020364682027010459 0.63632039088516845 0.21789306517393756 0.24525027047374012 0.0028720966006989656 0.3917190400162377 0.00031271527199895377 12.500000000000002 0.98218394778495066 -0.0025611529558623729 -0.00062891069814140102 0.0020259388890200027 0.2492163842841448 -0.00051507760471620481 0.00130660747113633 131.72285714285658 0.39747135451945353 -0.00031254192239418621 -0.00026524940095285702 0.30052617647915886 0.41896628833206423 -0.0013543881789279922 0.00034937254927519952
decision_type=2 2 2 2 2 2 2 2 2 2 2 2 2 2 2 2 2 2 2 2 2 2 2 2 2 2 2 2 2 2
left_child=1 11 3 10 14 -6 7 8 9 -7 -3 15 -13 -10 -5 16 18 -18 19 20 -1 -22 23 24 26 -26 27 -2 -27 -29
right_child=22 2 -4 4 5 6 -8 -9 13 -11 -12 12 -14 -15 -16 -17 17 -19 -20 -21 21 -23 -24 -25 25 28 -28 29 -30 -31
leaf_value=0.1390300495168999 -0.0098081521269522028 0.15571633928691556 -0.0299253466920134 -0.015875328960675554 -0.033152426453078421 0.069892200334806462 -0.0079468191371841624 0.013939100520474312 0.12099795653113528 0.19254139283280952 0.024749816696226161 -0.011729281268778776 0.11909074011631403 -0.054364730677210142 0.08846490061998602 0.099985477542481105 0.12227286963470221 -0.023682600787012939 -0.044813649305623808 -0.015310392441582572 -0.053704270392229615 0.08655758632210557 0.00013561762690796419 -0.055381527855152157 0.26577605549221789 0.11940036482558186 0.10387559290118593 -0.0074759523874811593 -0.055929075086716407 0.098822916589906995
leaf_weight=2.9881069296388896 17.257814660726588 2.1447410570690399 16.623864984023385 28.587254325422695 4.9280231774027952 2.7432573927217181 5.3695253472542381 6.4036743929609647 0.84607336251065168 4.2128583308658563 4.0216732789995149 4.6187198054394676 2.5522090815356933 1.4546541058807632 1.5625486126518797 1.1213038760470215 1.1159328685025673 107.69516072236001 5.3668532300507641 5.0549812517128885 2.241282652132214 2.3575751376338303 2849.0527158170298 3.4081185685936353 1.2364346781978386 1.1370322266011501 3.1293677154171737 2.0832649897201909 1.2660400344175311 3.7415201495168731
leaf_count=67 784 83 785 1067 175 64 168 174 45 94 116 105 39 97 46 22 29 5530 140 116 91 49 38528 195 38 55 104 84 76 87
internal_value=-7.74924e-05 -0.0062666 0.00671522 0.0164963 0.0105829 0.035033 0.051011 0.0712259 0.110856 0.144173 0.0703013 -0.0138473 0.0348309 0.0101234 -0.0104678 -0.0165756 -0.0176062 -0.0221857 0.0100636 0.0333606 0.0657887 0.0182001 0.000382046 0.0214913 0.0302678 0.108138 0.0194557 0.00801063 0.0270294 0.0608046
internal_weight=3096.32 214.01 78.8981 62.2743 56.1079 25.9581 21.03 15.6605 9.25684 6.95612 6.16641 135.112 7.17093 2.30073 30.1498 127.941 126.82 108.811 18.0088 12.6419 7.58696 4.59886 2882.31 33.2596 29.8515 3.63951 26.212 23.0826 2.40307 5.82479
internal_count=49053 9102 2914 2129 1930 817 642 474 300 158 199 6188 144 142 1113 6044 6022 5559 463 323 207 140 39951 1423 1228 169 1059 955 131 171
is_linear=0
shrinkage=0.05


Tree=135
num_leaves=31
num_cat=0
split_feature=34 26 14 26 4 26 18 16 1 60 58 58 37 48 0 2 14 14 59 12 15 20 21 0 37 7 54 1 50 43
split_gain=3.61402 3.62272 10.1547 4.44952 5.70861 6.55279 8.34509 4.79158 4.7007 4.24091 13.661 8.56833 10.5442 15.0125 14.3269 10.1753 8.06115 9.92797 8.03701 7.72529 7.56691 10.0312 7.43525 8.67749 11.6 8.09815 7.28588 15.7954 7.27851 6.71543
threshold=3.9119600025118051 0.55285432520133482 0.52052111562568049 0.58507306376832247 251.82857142856952 0.69196788859187353 0.0031528149634713338 0.45534410438237877 -0.0012270723434992202 0.052984507140435913 0.0012495389974072652 0.0013331726398154839 0.062457276539195923 -0.0004963185587357914 0.0016688336334914143 -0.0012032303105917539 0.64231445784229668 0.50824054471703439 -0.0088424369798085004 1.0926008602043342 0.57667859497938312 0.0018133834874483222 0.00056541039146208629 -0.0012302189312320749 0.015340045362465724 2.5000000000000004 -0.0001852709692438642 0.0012971114675114253 0.0068563250315546624 4.5132499999999988e-05
decision_type=2 2 2 2 2 2 2 2 2 2 2 2 2 2 2 2 2 2 2 2 2 2 2 2 2 2 2 2 2 2
left_child=1 9 3 -3 7 -6 -7 -5 -9 10 18 -12 13 15 22 -13 17 -17 -1 -20 26 -22 23 -15 -25 -26 27 -14 -28 -27
right_child=-2 2 -4 4 5 6 -8 8 -10 -11 11 12 20 14 -16 16 -18 -19 19 -21 21 -23 -24 24 25 29 28 -29 -30 -31
leaf_value=0.019599256667756408 -0.030056829687465217 0.045224882936575762 0.08062687412257627 -0.055191292008217145 -0.02084636833947931 0.069360127129947532 0.0090076343512722531 -0.023508256254693681 0.045760930816253105 0.00033426379625288303 0.095778830762277112 0.15781817618251223 -0.0072147916838852591 -0.061494766353960652 0.12120116295137512 0.012392074169333352 -0.05420006556194254 0.17368229664404974 -0.011374483462259619 -0.036525931624276045 -0.0078792681482594204 0.11214133009832608 -0.043184173522691716 -0.011905485996833351 0.016859613642997484 0.059548276405504613 -0.036128538192263936 0.091575470218590874 0.025898581743417245 0.21159049844627609
leaf_weight=14.232886362820862 10.020593954803187 6.5362770423525935 4.8950845337240017 6.7147043687000432 11.262204939499496 7.5630462840199497 23.602672416716814 7.8795991569641046 3.5538120529672579 2750.9341651744908 2.6472532640618729 3.1110502555675339 30.388710636878386 2.7205775757902328 2.5123782775481223 2.2028091160464087 1.500319799641147 1.6830327630159443 90.222622408036841 46.144960814999649 4.0298553313477887 3.065047868352849 7.9756669237685847 5.4159002001397329 2.0331938672461547 1.2711419649713209 29.672475986502832 4.6676277800579546 5.6263325950130811 1.6942148961243217
leaf_count=95 132 70 47 188 117 64 179 113 63 39783 97 58 634 52 44 93 48 29 3841 1759 103 46 243 206 31 48 656 70 75 69
internal_value=-7.80146e-05 1.93377e-05 0.0111027 0.0060317 0.00180268 0.0118413 0.0236535 -0.0216663 -0.00197753 -0.000245476 -0.00631366 0.0068922 0.00474467 0.02883 0.00832886 0.085825 0.0442417 0.08225 -0.0161538 -0.0198854 -0.00524404 0.0439705 -0.00510404 0.0180184 0.0387898 0.0937178 -0.010207 0.00593878 -0.0262419 0.146415
internal_weight=3095.78 3085.76 72.0074 67.1123 60.576 42.4279 31.1657 18.1481 11.4334 3013.75 262.818 112.218 109.57 32.1203 23.6231 8.49721 5.38616 3.88584 150.6 136.368 77.4501 7.0949 21.1107 13.135 10.4145 4.99855 70.3551 35.0563 35.2988 2.96536
internal_count=49053 48921 841 794 724 360 243 364 176 48080 8297 2602 2505 921 693 228 170 122 5695 5600 1584 149 649 406 354 148 1435 704 731 117
is_linear=0
shrinkage=0.05


Tree=136
num_leaves=31
num_cat=0
split_feature=5 59 7 38 6 46 6 13 5 14 3 2 52 15 17 59 32 60 20 11 20 11 48 2 58 59 46 20 46 31
split_gain=3.43594 8.79675 6.64761 6.08748 6.62643 6.02782 9.58913 6.07246 5.83597 7.67086 5.23793 4.72665 9.90838 7.18769 7.29615 6.62704 10.3701 8.4165 10.2612 8.75509 6.86725 12.138 17.9709 12.7815 8.77563 7.82221 7.47611 8.65461 7.43409 8.1199
threshold=0.0056490377116819954 -0.035377141157370291 1.0000000180025095e-35 0.26561858808891486 18.500000000000004 -0.0001557272505932141 14.500000000000002 0.20537545771922325 0.0074376139541497957 0.40381090903789008 0.014531027022605546 -0.01584783638481849 3.408581226483876 0.15239395158639688 0.90945379799191828 -0.017548071315661145 6.5000000000000009 0.49375234345572266 -0.0091666794415042156 -0.51644835106896048 -0.0067770852366986958 -0.37461667332864373 -0.00055450613701166522 -0.0051672938899507128 -0.0046447294811446053 -0.010375813110932755 0.00053605925312521748 -0.0065295217951216742 -5.4221113445113195e-05 0.36349475086564426
decision_type=2 2 2 2 2 2 2 2 2 2 2 2 2 2 2 2 2 2 2 2 2 2 2 2 2 2 2 2 2 2
left_child=1 -1 5 4 10 6 7 -2 9 -6 -4 12 13 -3 -15 16 17 18 -13 -19 21 22 23 -17 -24 26 27 -22 29 -29
right_child=2 11 3 -5 8 -7 -8 -9 -10 -11 -12 15 -14 14 -16 20 -18 19 -20 -21 25 -23 24 -25 -26 -27 -28 28 -30 -31
leaf_value=0.035878503799235253 0.057204490804556564 -0.037862642676924102 -0.046412944943700511 0.02220151431651007 0.059481430179577667 0.045028762385068914 -0.037030874606054358 -0.0063534127736397791 -0.044418795244252747 -0.015130673808687729 0.0052950590512722646 -0.025249179305753922 0.043480829945789168 -0.047128479584548577 0.0065239671886816349 0.12246107089849818 -0.024051880645944025 -0.0061851093032573657 0.029765727270803156 0.036875635825250268 0.055759683503656968 -0.0155012124082943 -0.023344817891047705 0.021242532672892681 0.032940714750139544 -0.00023864856999025304 0.050435626048120824 0.0057950376796308658 -0.025601354485720158 0.052327946209963117
leaf_weight=17.200717285275459 6.9797826949507025 27.851999318227172 29.495667443610728 7.8600273821502915 5.8190581165254143 8.4159973841160518 11.889021979644893 8.1418196968734247 5.7332972642034283 8.4429232403635961 5.8727447316050521 20.416778869926929 7.1412150748074046 7.9847324676811686 30.698473036289215 5.4084645360708237 17.377895228564739 15.027061365544794 14.491891980171202 55.039322547614574 8.9579377323389036 158.81903210841119 22.380418185144659 7.3674952387809736 10.027997570112349 2391.0043695472414 10.95483188331127 140.71223195642233 17.422447524964809 10.0441802367568
leaf_count=91 63 207 462 107 58 73 116 66 71 86 56 122 45 76 227 52 95 91 74 311 53 1463 251 82 100 43552 57 783 110 53
internal_value=-7.77463e-05 0.00022454 -0.00925916 -0.018975 -0.0248208 0.00808002 -0.00343251 0.0229834 -0.0018148 0.015312 -0.0378271 1.86834e-05 -0.0124881 -0.0184952 -0.00455062 0.00033583 0.0117247 0.0176472 -0.00241044 0.0276404 -0.000164857 -0.0089959 0.0138697 0.0640915 -0.00592863 0.000533668 0.0103513 0.00787232 0.00532163 0.0088953
internal_weight=3094.98 2996.33 98.6503 63.2237 55.3637 35.4266 27.0106 15.1216 19.9953 14.262 35.3684 2979.13 73.6764 66.5352 38.6832 2905.45 122.353 104.975 34.9087 70.0664 2783.1 204.003 45.1844 12.776 32.4084 2579.1 188.092 177.137 168.179 150.756
internal_count=49053 47895 1158 840 733 318 245 129 215 144 518 47804 555 510 303 47249 693 598 196 402 46556 1948 485 134 351 44608 1056 999 946 836
is_linear=0
shrinkage=0.05


Tree=137
num_leaves=31
num_cat=0
split_feature=37 60 6 60 7 42 58 4 0 5 21 12 58 64 58 20 50 43 59 19 52 63 38 6 59 7 12 60 37 38
split_gain=3.37745 10.4538 11.5956 9.24355 8.83892 13.296 14.9906 11.4033 8.82102 8.24271 8.06944 8.78763 7.94598 8.39475 7.77017 8.90522 8.48616 8.3429 7.43185 13.0513 9.83686 7.15356 8.00646 7.72601 10.855 8.41301 11.0867 7.91585 12.5988 7.26844
threshold=0.77534285387458735 0.24521007681071141 19.500000000000004 0.30188492313759074 1.0000000180025095e-35 9.965000000000001e-05 -0.001395777434384542 200.45178571428633 0.00064867129487085307 0.0056490377116819954 0.0065171544342671637 0.74975769614486842 0.002833410142289613 0.50015170739780468 -0.019260493694202439 -0.0016032796051954716 -0.0043213982326278455 7.3540000000000018e-05 0.017149476301002154 0.0062623029751807226 0.05763514628739045 0.018325532202513078 0.32498936567260905 21.500000000000004 -0.022612264641119751 5.5000000000000009 0.75449074337171229 0.99761748676189421 0.36047028838043116 0.29927194796340156
decision_type=2 2 2 2 2 2 2 2 2 2 2 2 2 2 2 2 2 2 2 2 2 2 2 2 2 2 2 2 2 2
left_child=4 2 12 -3 5 14 7 -7 -9 10 18 -12 13 -2 -1 16 17 -16 19 21 -21 23 -23 29 -25 27 -27 -26 -29 -6
right_child=1 3 -4 -5 9 6 -8 8 -10 -11 11 -13 -14 -15 15 -17 -18 -19 -20 20 -22 22 -24 24 25 26 -28 28 -30 -31
leaf_value=0.059033430006846459 0.019634688233299183 -0.036285831377555755 0.065841837335117892 -0.0045106964641162825 -0.00055281274861911079 0.094335480123540524 0.0071960010958138287 0.014210004812708199 0.05690044716945452 -0.02602157406697957 0.070961038485574793 0.0013069553881176002 -0.03401669778022906 -0.049333324390125992 -0.011619639736872306 0.0049345720568711509 -0.033968292775904255 0.05706287844202769 -0.033611948100579964 0.090228261931559681 0.018459529212526814 -0.028338279591433386 0.06025490646613655 0.08424034576855477 -0.021219559180251906 0.074943920992267973 -0.0081008237572468 0.09955237289341827 -0.011426620109681561 0.0087143976469768163
leaf_weight=5.2105965726077548 52.263969524530694 23.985590083291754 9.3920388463884574 500.07227344036801 1597.0921480860852 7.8548720851540557 111.56672909780173 33.293427813798189 19.009096492081881 31.150460970588028 8.3042482342571038 9.9580127187073213 10.24168713390827 4.8189940042793742 19.826298687839884 122.15033211768605 36.126083391049178 5.6904823482036582 16.71062596142292 5.8198242001235476 26.581294552772306 35.673709647031501 2.7465818580240002 2.9340115562081328 119.60523154216935 5.9534889924107146 12.368730570713522 3.5991517379879943 8.8348547928035241 243.89548507644213
leaf_count=26 807 351 91 6058 27793 54 1550 313 190 427 84 112 143 55 191 2052 484 55 338 70 239 649 34 16 2401 91 192 49 139 3999
internal_value=-7.63174e-05 -0.00344149 0.0137969 -0.00596501 0.000734978 0.00797308 0.0180438 0.0381619 0.0297256 -0.000490131 -0.000111423 0.0329802 0.00653641 0.0138123 -0.00117692 -0.0028839 -0.0183768 0.00369721 -0.000401711 -0.000132977 0.0313505 -0.000634821 -0.0220049 -0.000223121 -0.011008 -0.0128666 0.0188831 -0.0172723 0.0206974 0.000674915
internal_weight=3092.73 600.775 76.7167 524.058 2491.96 360.728 171.724 60.1574 52.3025 2131.23 2100.08 18.2623 67.3247 57.083 189.004 183.793 61.6429 25.5168 2081.82 2065.1 32.4011 2032.7 38.4203 1994.28 153.295 150.361 18.3222 132.039 12.434 1840.99
internal_count=49053 7505 1096 6409 41548 4915 2107 557 503 36633 36206 196 1005 862 2808 2782 730 246 36010 35672 309 35363 683 34680 2888 2872 283 2589 188 31792
is_linear=0
shrinkage=0.05


Tree=138
num_leaves=31
num_cat=0
split_feature=18 34 27 14 60 48 53 11 56 6 38 26 27 17 38 6 42 2 42 54 59 18 63 42 38 28 21 63 13 7
split_gain=3.36412 3.3571 3.39059 7.91419 10.0521 7.97153 14.2229 8.77816 8.68848 10.571 8.19447 6.91308 7.1392 6.35376 7.37417 8.28453 6.15113 6.04209 5.73014 5.73012 5.39232 7.89159 5.21725 5.92838 5.68712 4.86006 5.40816 11.6001 9.20317 13.1887
threshold=0.0014882296037690304 3.9119600025118051 0.46272391170534372 0.3293911233799946 0.525114178361069 -0.00046582717780135468 -0.0035431263705635045 -0.39491550377835222 1.8569945489056141 13.500000000000002 0.14222517094528617 0.65539864789944047 0.42135764711905166 1.5247033226406748 0.25213807370844882 10.500000000000002 1.5435000000000004e-05 -0.0036133906395317489 1.1430000000000002e-05 0.0006599153114416463 -0.00024150462440027844 0.002932578502888777 0.031215529652027212 1.9110000000000002e-05 0.30185351889985085 -0.012704271184410138 0.0017463031458191068 0.0043198156270852972 0.046653019689328404 5.5000000000000009
decision_type=2 2 2 2 2 2 2 2 2 2 2 2 2 2 2 2 2 2 2 2 2 2 2 2 2 2 2 2 2 2
left_child=-1 2 11 5 13 6 -4 -7 10 17 -9 12 22 14 15 -5 -12 -10 -14 -15 21 -18 25 -24 -25 -2 27 -27 29 -28
right_child=1 -3 3 4 -6 7 -8 8 9 -11 16 -13 18 19 -16 -17 20 -19 -20 -21 -22 -23 23 24 -26 26 28 -29 -30 -31
leaf_value=-0.050043010468411121 -0.016378888770253144 -0.029181008402471162 0.041764579137704518 0.1430866578043643 -0.00089731668190696405 0.077774469056623344 -0.025551328533091652 0.060687198672321474 0.039700325289927833 0.077885637115308673 0.035721984790099352 0.047602411963533466 0.031346973500217777 -0.024354127463127061 0.011587343051324361 0.052430777107436245 0.036165304825240788 -0.036584272043261902 -0.03880580829798435 0.054245219704980058 -0.040389912503728545 -0.0212708573763076 0.036659028403634539 -0.044245519810759339 0.034398032852437671 -6.6969064111570655e-05 -0.014627727915098868 -0.017690325950380888 0.0080352136408959295 0.062208538434717346
leaf_weight=3.3648765037360127 44.823687565512955 9.8391150040552002 9.4918128577992302 4.3423281749710458 19.98105706134811 4.6336162975057951 45.277230016421527 4.5638066884130231 5.3077765628695488 8.3768124589696509 6.5640970850363365 7.5008200053125611 3.4237315878272083 4.6432876861654204 4.1507106171920887 6.0052867764607072 8.7274331916123611 5.0799978105351347 19.42993782972917 4.6319866878911853 15.021165963262321 19.000445701181889 3.4828504994511631 17.58783587533981 2.6444759145379058 2199.0630127161276 84.572697401978076 97.514064569957554 416.13855242170393 5.9796817526221266
leaf_count=5242 699 113 78 64 224 71 615 40 40 68 78 68 38 55 62 71 91 71 275 47 262 156 47 326 34 30212 1509 2117 6196 84
internal_value=-7.58728e-05 -2.14219e-05 7.17906e-05 0.00681442 0.0252439 0.00070756 -0.0138851 0.0110501 0.00679396 0.0360949 -0.00341114 -0.000336645 -0.000460868 0.0472148 0.0678897 0.0904741 -0.00934328 0.00239439 -0.0282961 0.0148977 -0.016263 -0.00319265 -0.000239356 -0.0235942 -0.0339664 -4.48876e-05 0.00021629 -0.000815268 0.00489182 -0.0095538
internal_weight=3091.16 3087.8 3077.96 175.799 43.7547 132.044 54.769 77.2752 72.6415 18.7646 53.8769 2902.16 2894.66 23.7736 14.4983 10.3476 49.3131 10.3878 22.8537 9.27527 42.749 27.7279 2871.81 23.7152 20.2323 2848.09 2803.27 2296.58 506.691 90.5524
internal_count=49053 43811 43698 2093 523 1570 693 877 806 179 627 41605 41537 299 197 135 587 111 313 102 509 247 41224 407 360 40817 40118 32329 7789 1593
is_linear=0
shrinkage=0.05


end of trees

feature_importances:
btc_1h_return_3=449
btc_1h_trend_strength=255
stop_distance=232
dist_ema_slow=226
trend_strength=203
btc_4h_return_3=165
range_compression=159
volatility_lookback=150
hour_of_day=137
dist_ema_fast=128
atr_percentile=122
atr_proxy=121
btc_1h_atr_percentile=108
day_of_week=87
log_return_6=85
mark_premium_mean_4=81
funding_rate_abs=77
volume_percentile=74
btc_4h_trend_strength=72
relative_volume=68
sol_return_1=67
sol_return_3=67
atr_normalized_range=65
eth_return_3=64
funding_rate=58
funding_rate_mean_4=56
mark_basis=56
log_return_3=55
volume_zscore=55
lower_wick_ratio=51
futures_pressure=50
eth_return_1=48
body_ratio=43
range_1=42
log_return_1=41
fvg_age_candles=40
upper_wick_ratio=39
btc_4h_atr_percentile=34
sol_volume_block=26
eth_volume_block=25
fvg_size_atr=20
ema_slow_slope=18
sweep_depth_atr=18
session_newyork=16
rejection_volume_confirmation=16
breakout_volume_confirmation=14
volume_block_strength=11
funding_rate_std_4=11
sol_trend=11
eth_trend=10
session_london=9
sweep_rejection_ratio=8
high_volatility_flag=6
sweep_volume_zscore=5
mark_premium=4
btc_1h_trend_direction=4
session_asia=3
market_regime=3
trend_direction=2

parameters:
[boosting: gbdt]
[objective: binary]
[metric: binary_logloss]
[tree_learner: serial]
[device_type: cpu]
[data_sample_strategy: bagging]
[data: ]
[valid: ]
[num_iterations: 500]
[learning_rate: 0.05]
[num_leaves: 31]
[num_threads: 2]
[seed: 42]
[deterministic: 0]
[force_col_wise: 0]
[force_row_wise: 0]
[histogram_pool_size: -1]
[max_depth: -1]
[min_data_in_leaf: 50]
[min_sum_hessian_in_leaf: 0.001]
[bagging_fraction: 0.9]
[pos_bagging_fraction: 1]
[neg_bagging_fraction: 1]
[bagging_freq: 0]
[bagging_seed: 400]
[bagging_by_query: 0]
[feature_fraction: 0.9]
[feature_fraction_bynode: 1]
[feature_fraction_seed: 30056]
[extra_trees: 0]
[extra_seed: 12879]
[early_stopping_round: 0]
[early_stopping_min_delta: 0]
[first_metric_only: 0]
[max_delta_step: 0]
[lambda_l1: 0]
[lambda_l2: 0]
[linear_lambda: 0]
[min_gain_to_split: 0]
[drop_rate: 0.1]
[max_drop: 50]
[skip_drop: 0.5]
[xgboost_dart_mode: 0]
[uniform_drop: 0]
[drop_seed: 17869]
[top_rate: 0.2]
[other_rate: 0.1]
[min_data_per_group: 100]
[max_cat_threshold: 32]
[cat_l2: 10]
[cat_smooth: 10]
[max_cat_to_onehot: 4]
[top_k: 20]
[monotone_constraints: ]
[monotone_constraints_method: basic]
[monotone_penalty: 0]
[feature_contri: ]
[forcedsplits_filename: ]
[refit_decay_rate: 0.9]
[cegb_tradeoff: 1]
[cegb_penalty_split: 0]
[cegb_penalty_feature_lazy: ]
[cegb_penalty_feature_coupled: ]
[path_smooth: 0]
[interaction_constraints: ]
[verbosity: -1]
[saved_feature_importance_type: 0]
[use_quantized_grad: 0]
[num_grad_quant_bins: 4]
[quant_train_renew_leaf: 0]
[stochastic_rounding: 1]
[linear_tree: 0]
[max_bin: 255]
[max_bin_by_feature: ]
[min_data_in_bin: 3]
[bin_construct_sample_cnt: 200000]
[data_random_seed: 175]
[is_enable_sparse: 1]
[enable_bundle: 1]
[use_missing: 1]
[zero_as_missing: 0]
[feature_pre_filter: 1]
[pre_partition: 0]
[two_round: 0]
[header: 0]
[label_column: ]
[weight_column: ]
[group_column: ]
[ignore_column: ]
[categorical_feature: ]
[forcedbins_filename: ]
[precise_float_parser: 0]
[parser_config_file: ]
[objective_seed: 16083]
[num_class: 1]
[is_unbalance: 0]
[scale_pos_weight: 1]
[sigmoid: 1]
[boost_from_average: 1]
[reg_sqrt: 0]
[alpha: 0.9]
[fair_c: 1]
[poisson_max_delta_step: 0.7]
[tweedie_variance_power: 1.5]
[lambdarank_truncation_level: 30]
[lambdarank_norm: 1]
[label_gain: ]
[lambdarank_position_bias_regularization: 0]
[eval_at: ]
[multi_error_top_k: 1]
[auc_mu_weights: ]
[num_machines: 1]
[local_listen_port: 12400]
[time_out: 120]
[machine_list_filename: ]
[machines: ]
[gpu_platform_id: -1]
[gpu_device_id: -1]
[gpu_device_id_list: ]
[gpu_use_dp: 0]
[num_gpu: 1]

end of parameters

pandas_categorical:[]
