tree
version=v4
num_class=1
num_tree_per_iteration=1
label_index=0
max_feature_idx=64
objective=binary sigmoid:1
feature_names=log_return_1 log_return_3 log_return_6 range_1 atr_proxy volatility_lookback hour_of_day day_of_week session_asia session_london session_newyork volume_zscore relative_volume volume_percentile body_ratio upper_wick_ratio lower_wick_ratio atr_normalized_range stop_distance dist_ema_fast dist_ema_slow trend_strength trend_direction ema_slow_slope sweep_high_detected sweep_low_detected sweep_depth_atr sweep_rejection_ratio sweep_volume_zscore bullish_fvg_present bearish_fvg_present fvg_size_atr fvg_age_candles price_inside_fvg breakout_volume_confirmation rejection_volume_confirmation volume_block_strength atr_percentile range_compression high_volatility_flag market_regime funding_rate funding_rate_abs funding_rate_mean_4 funding_rate_std_4 mark_basis mark_premium mark_premium_mean_4 futures_pressure btc_return_1 btc_return_3 btc_trend btc_volume_block eth_return_1 eth_return_3 eth_trend eth_volume_block btc_1h_trend_direction btc_1h_trend_strength btc_1h_return_3 btc_1h_atr_percentile btc_4h_trend_direction btc_4h_trend_strength btc_4h_return_3 btc_4h_atr_percentile
feature_infos=[-0.061285913393805867:0.096476662990186007] [-0.16848398472608775:0.13430291005597131] [-0.15791777552631686:0.21791796400464847] [0.00083375020843750474:0.22179743223965767] [0:11.583571428571432] [0:0.033661787607931919] [0:23] [0:6] [0:1] [0:1] [0:1] [-2.3508725175431771:4.2387609802192934] [0.090446948233763272:92730.399999999994] [0:1] [0:1] [0:0.98550724637682474] [0:1] [0:8.1632503660321998] [0:0.061366663639390931] [-0.11765806072988561:0.092662534929126752] [-0.1604500645783585:0.13237262304583472] [-0.045541621547653635:0.051394847415047906] [-1:1] [-0.013826537606050076:0.015256851796278399] [0:1] [0:1] [0:3.254777070063692] [0:0.98596491228069472] [-1.7731015701273372:8.2422932639867401] [0:1] [0:1] [0:4.5809086268504373] [0:999] [-1:1] [0:4.2269150523957961] [0:4.1195208523247207] [0:4.5316027421448242] [0:1] [0:0.53045112781954784] [0:1] [-1:1] [-0.0050000000000000001:0.0013873100000000001] [0:0.0050000000000000001] [-0.0050000000000000001:0.0013873100000000001] [0:0.0029020222605681953] [-0.028114236064420733:0.0028910020547618441] [-0.028114236064420733:0.0028910020547618441] [-0.01321735960116086:0.0025247530996766084] [-0.028140686064420734:0.0041732545133279396] [-0.047965858971904363:0.031568184591943091] [-0.078009406844934195:0.063346432335985012] [-1:1] [0:4.309937392268882] [-0.099789740127447749:0.093010238747904317] [-0.13729346134722348:0.10986901874042833] [-1:1] [0:4.5524963345642142] [-1:1] [-0.045485637974321438:0.027153173533924255] [-0.075982633830520577:0.10077106503998827] [0:1] [-1:1] [-0.058533161656173976:0.039273273349937049] [-0.12497771883709037:0.091067112082388726] [0:1]
tree_sizes=3415 3512 3496 3514 3508 3525 3523 3532 3514 3512 3512 3517 3501 3545 3511 3547 3506 3543 3524 3531 3532 3512 3524 3532 3496 3553 3531 3522 3549 3517 3525 3530 3531 3537 3530 3534 3546 3521 3516 3511 3539 3548 3533 3518 3534 3520 3559 3545 3516 3535 3529 3533 3543 3507 3544 3569 3541 3541 3513 3515 3534 3543 3530 3521 3506 3547 3541 3529 3511 3527 3490 3512 3525 3503 3513

Tree=0
num_leaves=31
num_cat=0
split_feature=12 63 20 6 6 20 38 50 18 38 63 58 18 32 43 7 19 63 21 37 62 11 41 8 63 38 21 42 47 17
split_gain=238.866 131.026 103.637 71.582 60.5528 54.3678 46.5908 44.6017 36.1105 36.0453 32.2105 30.4626 45.4805 34.9724 40.2352 29.8648 30.3753 28.4592 29.4409 37.3644 37.2548 26.7571 22.976 21.649 21.4711 20.012 27.4897 18.228 21.157 18.2167
threshold=1.1960443431695069 -0.0070977227912305835 -0.0015765982105086383 11.500000000000002 14.500000000000002 -0.00020731214466009629 0.26024261448765451 -0.0041678339223634514 0.0047796913715863953 0.28237871772474199 -0.020462592634947565 -0.001464033692087411 0.0088782846644170042 10.500000000000002 1.1783750000000002e-05 4.5000000000000009 -0.0052918299112738624 -0.032174700562844057 -0.0015609379729759857 0.64025179492365936 -0.0043933401318752121 3.3318654718933409 5.2540000000000002e-05 1.0000000180025095e-35 -0.0076586823696834462 0.20623858091075262 -0.0036578092315136053 2.3070000000000004e-05 -0.00055252095757088676 0.86928104575163723
decision_type=2 2 2 2 2 2 2 2 2 2 2 2 2 2 2 2 2 2 2 2 2 2 2 2 2 2 2 2 2 2
left_child=1 6 11 5 15 10 8 21 -1 29 -2 12 13 -3 -15 -5 -17 -8 23 20 -20 27 -9 -19 -7 -16 -27 28 -6 -4
right_child=3 2 9 4 7 24 17 22 -10 -11 -12 -13 -14 14 25 16 -18 18 19 -21 -22 -23 -24 -25 -26 26 -28 -29 -30 -31
leaf_value=-1.7104746481613338 -1.6758005915284602 -1.7579013241869406 -1.7930715865889808 -1.7228763371174831 -1.6258050628535987 -1.7132293093271675 -1.6190996934955848 -1.7805375171807196 -1.767471608637972 -1.7749793812974566 -1.7560646851064807 -1.7761860749259257 -1.7819068693839872 -1.7603685975892507 -1.5963906974652464 -1.7045368900295035 -1.7746598689623097 -1.7856857117851161 -1.6457733302402642 -1.5904821349854901 -1.7540810432963716 -1.6522749024712193 -1.7548637655607651 -1.6926158578498498 -1.7813316829561372 -1.7823562791650562 -1.6534982383021959 -1.7479503056693604 -1.7328302330857559 -1.7835691966272347
leaf_weight=33.276930451393127 12.91343569755554 404.66237440705299 1283.0243371427059 285.70976480841637 7.0775561034679439 11.920094490051268 7.3258914053440085 160.54877266287804 168.49550232291222 551.18020251393318 390.01059159636497 840.49082919955254 195.81238552927971 23.467686027288437 6.8292208015918758 20.611830055713654 61.587154865264893 22.226009517908096 12.168429791927336 7.0775561034679404 22.846847772598267 9.8092444241046888 190.59734418988228 8.6917355656623858 398.20565655827522 6.2083825469017073 12.416765093803402 91.263223439455032 13.285938650369642 831.05408772826195
leaf_count=268 104 3259 10333 2301 57 96 59 1293 1357 4439 3141 6769 1577 189 55 166 496 179 98 57 184 79 1535 70 3207 50 100 735 107 6693
internal_value=-1.77218 -1.77822 -1.78046 -1.75596 -1.74573 -1.76654 -1.74525 -1.75757 -1.75807 -1.78637 -1.75349 -1.7699 -1.76177 -1.75307 -1.71314 -1.73052 -1.75708 -1.71305 -1.72247 -1.69526 -1.71644 -1.73145 -1.7666 -1.75952 -1.77935 -1.66961 -1.69645 -1.73841 -1.69563 -1.78934
internal_weight=6090.8 4437.26 4155.15 1653.54 840.491 813.05 282.109 472.582 201.772 2665.26 402.924 1489.89 649.397 453.584 48.9221 367.909 82.199 80.3365 73.0106 42.0928 35.0153 121.436 351.146 30.9177 410.126 25.4544 18.6251 111.627 20.3635 2114.08
internal_count=49053 35736 33464 13317 6769 6548 2272 3806 1625 21465 3245 11999 5230 3653 394 2963 662 647 588 339 282 978 2828 249 3303 205 150 899 164 17026
is_linear=0
shrinkage=1


Tree=1
num_leaves=31
num_cat=0
split_feature=36 20 63 49 63 6 6 36 63 37 58 45 63 7 38 6 38 5 7 64 62 20 58 19 58 18 4 5 60 19
split_gain=211.841 116.731 66.0775 62.5025 45.0802 44.4061 43.3894 41.4267 40.5345 32.8306 47.8838 37.4845 32.9689 32.5962 32.2444 31.9271 27.9033 25.2076 24.8539 22.7478 21.5475 21.3325 20.3607 26.2325 20.2451 21.4092 20.1505 21.4995 25.1052 28.3617
threshold=0.3455303623469056 -0.0015056236226013142 -0.0070977227912305835 -0.0021250346910409155 -0.0070977227912305835 11.500000000000002 14.500000000000002 2.909366343320285 -0.029424514007218856 0.62241591121331252 -0.001464033692087411 -0.0005126995359322333 -0.0093321214120904803 4.5000000000000009 0.28237871772474199 3.5000000000000004 0.26024261448765451 0.0034871282193500602 5.5000000000000009 0.17785771342454856 0.0049558503944461809 7.0252577099145182e-05 -0.00098100565470447105 0.00012711103735165772 0.00089536840164365346 0.010615938195442978 0.90857142857142914 0.006347499011752032 0.99070884522252911 -0.0047432162575265164
decision_type=2 2 2 2 2 2 2 2 2 2 2 2 2 2 2 2 2 2 2 2 2 2 2 2 2 2 2 2 2 2
left_child=1 8 17 7 15 21 13 24 16 10 11 18 20 -7 22 -5 -1 -3 -10 -17 -12 -6 23 -4 25 -2 -14 28 -28 -30
right_child=3 2 14 4 5 6 -8 -9 9 -11 12 -13 26 -15 -16 19 -18 -19 -20 -21 -22 -23 -24 -25 -26 -27 27 -29 29 -31
leaf_value=0.03490958806861845 0.044607163011154083 0.056112313995149855 0.016335347526174344 0.11596107315989859 0.0091844266896708091 0.043538332478600755 0.0057005977738606422 0.072009559983810797 0.001710737480499498 -0.0080235861955443855 0.10650824464009943 0.033009392505994939 -0.009794938119677311 0.0032664474305080446 -0.0028031833129879458 0.097234087998030128 0.14424160128507374 0.0067250945044512213 0.075846295131934985 0.019189824969256922 0.011062915828443974 -0.0090918627123018261 -0.019430976146996057 -0.013131093732403232 0.0094156324418442489 -0.0032152161457788286 0.0082456628183196195 -0.031443127727148919 0.15526377212280851 0.02032423277291975
leaf_weight=32.623600237071514 145.13329789042473 42.595531925559044 91.039998196065426 13.724393703043459 283.87443925440311 193.25925800204277 325.14487680792809 59.965457297861576 226.21271640062332 458.48243995755911 11.499128468334677 254.75358977168798 402.67756098508835 67.899579457938671 538.86582219600677 11.21367961168289 7.1071561425924292 65.670421935617924 11.899988450109957 55.783184669911861 12.17308536171913 364.89986640959978 1547.8020018413663 443.37325176596642 109.39781754463911 27.902842916548252 238.32585697621107 31.454516813158989 6.3163413554430035 10.153652548789976
leaf_count=261 1146 332 742 107 2262 1505 2602 468 1803 3688 91 2028 3251 543 4348 88 52 519 95 439 96 2958 12615 3615 868 220 1924 254 51 82
internal_value=-1.02554e-05 -0.00571309 -0.0121234 0.0152357 0.0102838 0.0079178 0.0178909 0.0342653 0.00455636 0.00336462 0.00769597 0.0196784 -0.000591621 0.0330679 -0.0137045 0.0464849 0.0544672 0.0261557 0.00541576 0.0322526 0.0574269 -0.00109498 -0.0165257 -0.00811134 0.0262515 0.0368956 -0.00258519 0.00755699 0.0123715 0.0720744
internal_weight=6091.23 4433.03 2729.35 1658.2 1315.8 1235.08 586.304 342.399 1703.68 1663.95 1205.47 492.866 712.6 261.159 2621.08 80.7213 39.7308 108.266 238.113 66.9969 23.6722 648.774 2082.22 534.413 282.434 173.036 688.928 286.25 254.796 16.47
internal_count=49053 35847 22171 13206 10504 9870 4650 2702 13676 13363 9675 3926 5749 2048 21320 634 313 851 1898 527 187 5220 16972 4357 2234 1366 5562 2311 2057 133
is_linear=0
shrinkage=0.05


Tree=2
num_leaves=31
num_cat=0
split_feature=59 59 21 59 18 37 17 59 50 12 19 12 13 51 58 5 5 51 5 63 58 2 62 59 6 63 59 14 59 52
split_gain=965.313 163.482 202.895 154.632 71.9375 62.5796 58.7858 54.494 55.0289 47.409 45.6129 49.7984 42.5669 41.9291 49.2697 42.3588 37.2062 33.9431 34.5265 33.2469 32.8641 32.15 30.0523 29.9902 29.5363 28.3857 28.0588 27.8964 26.8813 29.1719
threshold=-0.0029655066132058257 -0.0088424369798085004 -0.0044809635272026766 0.00053301595747259 0.008594252897074264 0.50478374461269004 1.0101352508132189 -0.011508317009568387 -0.0074217108322987765 1.2664107793294905 -0.0016157213526435908 1.1960443431695069 0.24533548658856677 1.0000000180025095e-35 -0.0004504940351024482 0.0024444908421409448 0.0035651292069003846 1.0000000180025095e-35 0.0027126066727852574 -0.014139006870608732 0.00093378724072070622 0.0074239865849289998 -0.0107915349629334 0.0038658478062116113 12.500000000000002 -0.0070977227912305835 -0.002295102883644891 0.72413793103450208 -0.016678661354529875 3.1138446784247908
decision_type=2 2 2 2 2 2 2 2 2 2 2 2 2 2 2 2 2 2 2 2 2 2 2 2 2 2 2 2 2 2
left_child=1 2 9 13 10 7 -7 8 -4 -1 20 22 19 -2 25 26 -8 18 -13 -5 -3 -17 -12 -21 -19 -15 -16 -24 29 -11
right_child=3 4 5 12 -6 6 16 -9 -10 28 11 17 -14 14 15 21 -18 24 -20 23 -22 -23 27 -25 -26 -27 -28 -29 -30 -31
leaf_value=0.012311715985629884 -0.0069144274277652268 0.026253869261903279 0.065558345197423248 0.016423828105454633 -0.008767039359770681 0.028992837572021382 0.18579588399559246 0.078360536088160862 0.16825587827890687 0.060293343864491623 0.13041254153018594 0.11679180852413694 -0.0073754808070932631 0.1301970786556603 0.09530302457254447 -0.012619571585167758 0.079270092094262209 0.079869330774271996 0.027684143787281776 -0.017538979269132619 0.00082692458847155646 0.028966704084898622 0.03475884717978537 -0.029221303103810978 0.20506488420892857 0.029684589930527597 0.018336036231002734 -0.0077108571587056743 0.028191379613891884 0.15840559489489478
leaf_weight=203.85015717148781 876.23678284883499 342.77886415272951 17.651166059076786 53.641172289848328 175.67382807284594 67.374611899256706 10.011110693216322 69.301969178020954 49.974774718284607 57.837804138660431 7.4045890420675269 15.950377278029917 589.51940874010324 7.3771783560514441 13.005595952272413 320.08258630335331 45.229785971343517 10.836683094501497 34.135570622980595 1091.7621107622981 201.94655385613441 54.369467452168465 261.27690061181784 1105.7878908067942 8.3342009559273702 146.8273916170001 132.27564558386803 45.382169306278229 66.46315548568964 8.7183673828840238
leaf_count=1633 7032 2700 136 414 1408 540 78 549 392 448 59 126 4713 55 105 2604 353 87 270 8879 1615 442 2117 9030 65 1182 1075 369 512 65
internal_value=-1.87838e-05 0.0319697 0.0530618 -0.0124046 0.0205722 0.0862863 0.0603413 0.109519 0.141451 0.0274638 0.026126 0.0393401 -0.019336 0.00029726 0.00967371 0.00230981 0.0985754 0.0777174 0.0560614 -0.0224681 0.0168273 -0.00658135 0.0308772 -0.0234174 0.134296 0.0344931 0.0252261 0.0284738 0.0506841 0.0731453
internal_weight=6091.02 1700.13 596.413 4390.89 1103.72 259.543 122.616 136.928 67.6259 336.869 928.046 383.32 2840.71 1550.17 673.938 519.733 55.2409 69.2568 50.0859 2251.19 544.725 374.452 314.064 2197.55 19.1709 154.205 145.281 306.659 133.019 66.5562
internal_count=49053 13522 4706 35531 8816 2048 971 1077 528 2658 7408 3093 23036 12495 5463 4226 431 548 396 18323 4315 3046 2545 17909 152 1237 1180 2486 1025 513
is_linear=0
shrinkage=0.05


Tree=3
num_leaves=31
num_cat=0
split_feature=59 59 21 59 18 18 17 19 38 63 63 61 59 5 51 58 20 36 51 58 43 56 18 59 50 18 38 58 48 47
split_gain=864.914 169.972 164.459 108.471 52.8565 52.3755 48.6431 47.0071 48.677 45.5053 39.8682 42.5234 38.4937 52.8572 42.783 38.0001 37.0526 45.7108 36.6693 34.9835 34.8359 33.4702 31.908 40.4735 29.3993 26.8059 25.8811 34.4982 25.8438 25.2167
threshold=-0.0022255565802207548 -0.0088424369798085004 -0.0038105040344307401 0.0027456073984877647 0.0090369357925801658 0.0047796913715863953 0.81783815137911564 0.0055364894223744717 0.28327956264199011 -0.014139006870608732 -0.0033871621909801479 1.0000000180025095e-35 -0.011508317009568387 0.0067504890607183983 1.0000000180025095e-35 0.00031083509397594609 -0.0039990158536028445 0.75666992892587359 1.0000000180025095e-35 0.0037780578126414134 -6.6913749999999959e-05 0.022829460908286862 0.0088782846644170042 -0.020508045326491867 -0.0016282935860777435 0.0063141200009418233 0.24818582631636024 -0.0081954303491995981 0.00011064074498230506 -0.00057924669831610238
decision_type=2 2 2 2 2 2 2 2 2 2 2 2 2 2 2 2 2 2 2 2 2 2 2 2 2 2 2 2 2 2
left_child=1 2 6 7 10 24 -1 8 -2 -5 18 16 13 14 15 25 29 19 20 -18 -3 -11 23 -8 -4 -7 27 -24 -19 -12
right_child=3 4 5 9 -6 12 22 -9 -10 21 11 -13 -14 -15 -16 -17 17 28 -20 -21 -22 -23 26 -25 -26 -27 -28 -29 -30 -31
leaf_value=0.0017851466291274943 -0.011954359862894991 0.10783942822356654 0.11546730546260847 0.02759920931614035 -0.0094358576114796644 0.17886022050462047 0.12097017789049241 0.02189739047971926 0.0063315186755372524 -0.028248709104230586 -0.010700286672208736 -0.014599049804184409 0.048257048046761258 0.034793301136910863 0.17517613999085002 0.044246855127827459 0.030869839995366188 0.056374325522523951 0.12059173984684045 -0.0025686844965400486 0.027609384666985842 -0.014101948392841096 0.048500059685307143 0.045431468054917629 0.23499947979185853 0.094675678556722098 0.08516674125677276 -0.0080089158801576934 0.15628747227686873 0.016572106358558627
leaf_weight=119.84604664891958 1559.4247306734324 15.268537297844885 18.523051038384441 44.941507890820503 166.14288095384836 13.594330355525015 21.029394626617432 143.7613297700882 474.73742152750492 1200.9050086587667 111.25454057008028 95.409632131457329 90.186100132763386 30.80074866861105 19.996428355574608 25.976255387067795 357.02865942567587 65.348558388650417 14.444734714925287 100.16202867776155 118.81392606347799 641.41955211013556 44.596398144960403 113.10976053029299 7.1219102740287772 31.062515266239643 14.529593721032141 68.484090268611908 7.1836769580841056 355.88562566787004
leaf_count=950 12700 117 134 344 1341 97 155 1165 3814 9978 876 762 684 233 146 192 2851 501 109 809 916 5226 343 856 52 227 110 527 54 2784
internal_value=-3.6333e-05 0.026654 0.0484916 -0.0133369 0.0170486 0.0811799 0.0281673 -0.00573396 -0.00768676 -0.0221108 0.0205949 0.0172899 0.0730019 0.0913798 0.110611 0.0923323 0.020342 0.0293943 0.0448998 0.0235441 0.0367455 -0.0233234 0.0402467 0.0572739 0.148663 0.120303 0.0223484 0.014277 0.0662698 0.0100769
internal_weight=6090.99 2025.8 618.857 4065.19 1406.94 237.261 381.595 2177.92 2034.16 1887.27 1240.8 1092.27 211.616 121.43 90.6295 70.6331 996.863 529.723 148.527 457.191 134.082 1842.32 261.749 134.139 25.645 44.6568 127.61 113.08 72.5322 467.14
internal_count=49053 15826 4706 33227 11120 1765 2941 17679 16514 15548 9779 8637 1579 895 662 516 7875 4215 1142 3660 1033 15204 1991 1011 186 324 980 870 555 3660
is_linear=0
shrinkage=0.05


Tree=4
num_leaves=31
num_cat=0
split_feature=59 59 21 59 18 19 63 37 17 38 58 51 12 38 59 50 56 59 63 62 18 37 7 11 34 59 58 13 47 51
split_gain=773.488 157.465 133.436 88.2878 48.087 46.6012 41.6131 41.0708 42.623 38.9832 38.6612 118.06 36.1741 32.9381 32.2532 34.1726 31.7299 29.0604 28.586 29.0324 40.3776 28.294 34.2224 29.2153 28.9415 26.2589 24.843 27.0442 25.0009 23.573
threshold=-0.0018873181724142248 -0.0088424369798085004 -0.0044809635272026766 0.0027456073984877647 0.0090369357925801658 0.0054353114052735751 -0.014139006870608732 0.50478374461269004 1.0101352508132189 0.25951578697384764 0.00089536840164365346 1.0000000180025095e-35 1.2664107793294905 0.27459292981017525 -0.011508317009568387 -0.0059320650069371872 0.022829460908286862 -0.0029655066132058257 0.0016174490892762201 -0.0051661086852568825 0.00540294294402762 0.61773447554697547 5.5000000000000009 -0.65812711778677369 1.9289232739691349 -0.0048112554407097408 -0.0028659384871458902 0.094257559764333129 -0.00051699316142672365 1.0000000180025095e-35
decision_type=2 2 2 2 2 2 2 2 2 2 2 2 2 2 2 2 2 2 2 2 2 2 2 2 2 2 2 2 2 2
left_child=1 2 12 5 10 9 -5 14 -9 -2 11 17 -1 -12 15 -4 -8 18 19 20 -3 22 24 -24 -21 -15 28 -28 -13 -11
right_child=3 4 7 6 -6 -7 16 8 -10 29 13 26 -14 25 -16 -17 -18 -19 -20 21 -22 -23 23 -25 -26 -27 27 -29 -30 -31
leaf_value=0.010478165755980434 -0.013784847486484323 0.15179609133930091 0.063976033730912804 0.025714351884181353 -0.0097502536697603986 0.020973456227441824 -0.027404854970333792 0.022991718155960895 0.079612043238644278 -0.0092043039428548034 0.0011300238767906943 0.17722028335286966 0.043239162635948403 0.062506681414231269 0.063899386852093717 0.13309876684842661 -0.013536140714537463 0.00092445210329970221 -0.029802228307846887 0.020624029270599694 0.032408666226650791 -0.00085795327794753744 0.14110422487029958 0.048080426414641358 0.12514731269358101 0.014272986114962761 0.030498617700361354 0.086425135042741033 0.075339533717574958 0.0095401949883520826
leaf_weight=208.39833425730467 1201.6972845196724 10.633966997265818 27.217578694224358 45.800899475812912 173.65161874890327 145.75797940790653 1176.6163336783648 71.617342308163643 62.024507567286491 302.13431669771671 422.9260872527957 10.138188295066358 141.45349226146936 41.956582240760326 76.597953364253044 52.120560541749001 634.98687806725502 192.94842381030321 23.985669992864132 317.11839638650417 21.20341781526804 98.863661453127861 10.241367377340792 47.996338285505772 6.7639651447534552 86.168610170483589 40.825562186539173 45.940701134502888 14.829699553549288 377.04208765923977
leaf_count=1633 9885 78 186 344 1411 1165 9978 540 431 2433 3362 76 1025 325 549 342 5226 1534 186 2428 158 765 79 366 50 677 319 347 111 3044
internal_value=-5.10267e-05 0.023596 0.0445045 -0.0134794 0.0150597 -0.00626263 -0.0213537 0.06961 0.0492698 -0.00837329 0.0181535 0.0248953 0.0237242 0.00785837 0.0870422 0.109386 -0.0225437 0.017567 0.023549 0.0260443 0.0722851 0.0229836 0.0291519 0.0644391 0.0228069 0.0300679 0.0727576 0.0601104 0.116708 0.00120163
internal_weight=6089.66 2205.62 639.43 3884.04 1566.19 2026.63 1857.4 289.578 133.642 1880.87 1392.54 841.489 349.852 551.051 155.936 79.3381 1811.6 729.755 536.807 512.821 31.8374 480.984 382.12 58.2377 323.882 128.125 111.734 86.7663 24.9679 679.176
internal_count=49053 16978 4706 32075 12272 16527 15548 2048 971 15362 10861 6497 2658 4364 1077 528 15204 5644 4110 3924 236 3688 2923 445 2478 1002 853 666 187 5477
is_linear=0
shrinkage=0.05


Tree=5
num_leaves=31
num_cat=0
split_feature=59 59 21 59 18 19 4 59 17 63 58 51 60 56 35 20 59 58 59 18 59 39 4 41 4 58 63 62 21 18
split_gain=692.738 134.407 111.014 82.1776 42.6362 41.8608 39.1371 69.2406 38.3054 38.0685 33.6808 90.8281 36.3154 30.0471 28.77 33.4977 29.7375 26.2648 25.959 30.5613 25.1433 26.3017 28.2062 26.9113 31.4475 38.4318 23.7669 37.711 41.7285 32.393
threshold=-0.0018873181724142248 -0.0088424369798085004 -0.0038105040344307401 0.0027456073984877647 0.0090369357925801658 0.0054353114052735751 1.2100000000000011 -0.011508317009568387 0.81783815137911564 -0.014139006870608732 0.00062859520055519747 1.0000000180025095e-35 0.90504276615960388 0.022829460908286862 0.15349612242068425 -0.0029523631850881401 -0.0034760205464071437 0.00031083509397594609 -0.016678661354529875 0.0088782846644170042 0.00053301595747259 1.0000000180025095e-35 0.8971428571428558 7.0560000000000016e-05 1.2685714285714293 0.0023379910174786771 0.0016174490892762201 -0.0051661086852568825 -0.0026579253606642357 0.0050485297993573845
decision_type=2 2 2 2 2 2 2 2 2 2 2 2 2 2 2 2 2 2 2 2 2 2 2 2 2 2 2 2 2 2
left_child=1 2 8 5 10 20 7 17 -1 -5 11 26 -13 -11 16 -16 -12 -4 19 -10 21 22 -2 -24 25 -25 27 28 -3 -30
right_child=3 4 6 9 -6 -7 -8 -9 18 13 14 12 -14 -15 15 -17 -18 -19 -20 -21 -22 -23 23 24 -26 -27 -28 -29 29 -31
leaf_value=0.00092309632874347915 -0.003620351565267715 0.014491133581537261 0.15081202403796468 0.023994558492436882 -0.0093290880979860786 0.019625227869880621 0.047526877694764845 0.050093863608529993 0.085842316422210463 -0.02657447296686103 0.012054046027711407 0.055752357239431651 0.14882954070731783 -0.012988251266213745 0.0069509174947195197 0.054355223327214999 -0.014479122500333442 0.084591943176061168 0.021385529493047034 0.032983461893025035 -0.014568207414664407 -0.013465912461832336 -0.0028546006446054061 0.074211233948187252 -0.0030497157332774571 -0.0036749821325056777 -0.027484874578497978 0.015820609520982121 0.19294960315170193 0.065639560072892664
leaf_weight=121.25589849054813 473.29570095986128 20.838107623159885 36.910234227776527 46.607870176434517 172.4481034129858 147.92497204989195 134.79894405603409 64.901206359267235 43.263631507754326 1153.3152250722051 264.06416650116444 99.828199423849583 11.70873713493347 628.84438294917345 90.014704294502735 63.595500640571117 175.97344624251127 25.195220112800598 157.52184648811817 74.317736677825451 819.60431419312954 376.53040278702974 83.723205797374249 56.499047733843327 37.966381222009659 22.007783614099026 28.842788971960545 634.04432471841574 8.0715591982007044 13.115006253123282
leaf_count=950 3868 152 225 344 1411 1165 933 446 296 9978 2086 727 83 5226 690 473 1417 161 1151 544 6789 3076 682 455 310 182 229 4855 55 94
internal_value=-6.32453e-05 0.0220362 0.0410251 -0.0129375 0.0141389 -0.00597939 0.0662917 0.0862079 0.0243358 -0.0206139 0.0170089 0.0235982 0.0655233 -0.0217805 0.00794669 0.0265766 0.00144329 0.123948 0.0346553 0.0524327 -0.00800523 -0.00288243 0.00303449 0.0187676 0.03431 0.0523774 0.0169645 0.0188608 0.0647295 0.114142
internal_weight=6087.03 2240.71 658.165 3846.32 1582.54 2017.55 261.806 127.007 396.359 1828.77 1410.1 816.449 111.537 1782.16 593.648 153.61 440.038 62.1055 275.103 117.581 1869.63 1050.02 673.492 200.196 116.473 78.5068 704.912 676.069 42.0247 21.1866
internal_count=49053 16978 4706 32075 12272 16527 1765 832 2941 15548 10861 6195 810 15204 4666 1163 3503 386 1991 840 15362 8573 5497 1629 947 637 5385 5156 301 149
is_linear=0
shrinkage=0.05


Tree=6
num_leaves=31
num_cat=0
split_feature=59 59 37 59 55 38 18 12 20 56 51 38 63 63 56 19 59 11 58 59 59 61 18 1 59 5 17 58 51 60
split_gain=621.651 104.327 93.1689 86.6617 47.5605 45.4865 41.3926 41.2556 40.5008 51.5586 39.9089 38.616 34.8351 33.9384 28.4213 28.1781 27.925 27.7233 27.0135 25.8274 24.8283 24.1349 22.9143 21.8829 21.8139 27.849 21.1794 20.6708 28.0173 24.8351
threshold=-0.0022255565802207548 -0.0093969255485101336 0.50478374461269004 0.0027456073984877647 1.0000000180025095e-35 0.28432962761861863 0.0085320617912759394 1.1324852250797417 -0.003805209917948501 0.73059810661663083 1.0000000180025095e-35 0.28327956264199011 -0.014139006870608732 -0.0053472345318347657 0.022829460908286862 0.0099933930721274756 -0.013664957503751332 -0.18179550610493292 0.0037780578126414134 -0.016678661354529875 -0.012042605746047022 1.0000000180025095e-35 0.0095821431496622249 0.0059356768424671134 -0.0061689085290375445 0.0040157280314083764 2.0073731401369552 7.0666006887828365e-05 1.0000000180025095e-35 0.46561111557519569
decision_type=2 2 2 2 2 2 2 2 2 2 2 2 2 2 2 2 2 2 2 2 2 2 2 2 2 2 2 2 2 2
left_child=1 2 5 7 6 20 19 11 22 13 -9 -2 -5 -10 -14 -12 -6 -18 21 -4 -1 24 26 -16 -15 -26 27 28 -3 -30
right_child=3 8 4 12 16 -7 -8 10 9 -11 15 -13 14 18 23 -17 17 -19 -20 -21 -22 -23 -24 -25 25 -27 -28 -29 29 -31
leaf_value=0.066633671459938176 -0.013291870753541563 0.011289547386876842 0.07410164997944968 0.022420374524089973 0.13506151325208546 0.10995778253677058 0.0028317007204414517 -0.0078717023580704149 0.054272524977721219 0.05491160883338967 0.015608269207085454 0.0054647482097472111 -0.025757617288251086 0.047430473061191025 -0.020117613232419205 0.089695406856148852 -0.018146828932593114 0.10523565979088106 -0.0055773386104306759 0.025277354426022337 0.031400097282513972 -0.01780449597527679 -0.018017890646165404 -0.00099324557058449872 0.026699463219344854 -0.005055735640413026 0.05026584147340505 -0.004018387159447954 0.015262548135725612 0.1195806740884871
leaf_weight=128.37725692987442 1239.6665527671576 369.08767833560705 37.209314972162247 47.366032838821411 13.730526939034464 41.906842052936554 199.03114872425795 257.37850017100573 57.174809157848358 107.02964542806149 290.91211100667715 352.41897266358137 1130.9733178764582 76.300593487918377 373.46814202517271 13.426455870270727 9.5504965335130709 8.7002984881401044 136.59653130918741 99.561334997415543 81.897961854934692 39.144778892397881 85.41562082618475 249.5123847424984 248.62422608584166 95.587899014353752 30.396971397101879 239.99947334825993 11.207490935921671 11.621624268591402
leaf_count=848 10350 2778 247 344 91 260 1473 2064 410 780 2324 2839 9978 578 3144 102 69 58 1091 701 567 312 695 2082 1881 748 221 1861 78 79
internal_value=-7.35752e-05 0.0217162 0.038983 -0.0117981 0.0229327 0.0623908 0.0173838 -0.00502956 0.0146184 0.0227432 0.00662063 -0.00913997 -0.0198912 0.0174741 -0.0210338 0.0188768 0.0811954 0.0406706 0.0139455 0.0385603 0.0529109 0.0197471 0.0063554 -0.012458 0.0232427 0.017881 0.00949872 0.00753771 0.0146144 0.0683678
internal_weight=6083.27 2128.15 619.965 3955.12 367.783 252.182 335.802 2153.8 1508.19 760.458 561.717 1592.09 1801.32 653.429 1753.95 304.339 31.9813 18.2508 596.254 136.771 210.275 459.657 747.729 622.981 420.513 344.212 662.313 631.916 391.917 22.8291
internal_count=49053 15826 4314 33227 2639 1675 2421 17679 11512 5800 4490 13189 15548 5020 15204 2426 218 127 4610 948 1415 3519 5712 5226 3207 2629 5017 4796 2935 157
is_linear=0
shrinkage=0.05


Tree=7
num_leaves=31
num_cat=0
split_feature=59 59 21 59 17 18 63 59 18 51 57 5 56 12 50 1 62 60 47 17 37 49 12 59 10 21 37 47 60 57
split_gain=559.513 99.6128 84.615 70.6236 36.334 35.2715 31.8828 29.8409 29.7117 32.9983 28.9121 28.69 26.8459 26.1926 25.7974 22.5859 22.2856 24.5767 22.2306 22.1236 21.8484 26.6973 23.9687 22.5246 21.7551 32.1327 31.9769 21.6325 21.5924 21.3181
threshold=-0.0018873181724142248 -0.0088424369798085004 -0.0044809635272026766 0.0027456073984877647 1.3112811857370006 0.0065731210263769895 -0.014139006870608732 -0.0043354466300243562 0.0049894208909838289 1.0000000180025095e-35 1.0000000180025095e-35 0.0033685152874893937 0.022829460908286862 1.2664107793294905 0.0011357463414998303 -0.00023646952143821178 -0.0046724457576913809 0.20586249697451328 -0.00057285197264003338 0.6693891788825358 0.2236239274792767 0.0016985986432806793 0.81800733095681555 0.00053301595747259 1.0000000180025095e-35 -7.114571683640005e-05 0.086208145433175468 -0.00023772180513951865 0.63343001636228957 -1.0000000180025095e-35
decision_type=2 2 2 2 2 2 2 2 2 2 2 2 2 2 2 2 2 2 2 2 2 2 2 2 2 2 2 2 2 2
left_child=1 2 13 4 20 7 -5 18 15 -10 -11 -7 -8 -1 -6 29 17 -9 -3 -13 21 23 -22 27 26 -26 -20 -2 -29 -4
right_child=3 5 8 6 14 11 12 16 9 10 -12 19 -14 -15 -16 -17 -18 -19 24 -21 22 -23 -24 -25 25 -27 -28 28 -30 -31
leaf_value=0.0076285760156886697 -0.0022247734575357755 0.0036930021440610425 0.11056590389225539 0.020975333539500953 0.00042810745488445785 0.067275666654412453 -0.024954388154062181 0.003203055130176484 0.038420440935665351 0.13425062586504669 0.059033094723904979 -0.020276804150961454 -0.011946851714933301 0.034718245131622784 0.030777993412658446 0.16033748816409721 0.008108424326812998 0.090281820923222289 0.058378911574208436 0.0051854315797639459 -0.020186589355667823 0.031801766767464462 -0.0027459833404214398 -0.014768628124098343 0.036873242061758592 0.10486699202684009 0.016948322859696056 0.015300835112019316 0.088854160860752415 0.031023158473492341
leaf_weight=215.74124675989151 358.54374721646309 84.510954365134239 17.951233536005017 48.078706055879593 230.57602923363447 16.159054011106491 1109.5616491436958 14.904414549469946 214.06009855866432 17.375452876091003 48.258241087198257 109.4089929908514 617.38375128805637 152.16540004312992 100.54989863932133 9.5440260022878629 586.88952289521694 17.756135530769825 57.997689329087734 387.32053919136524 557.43724951148033 52.77242124825716 304.66659684479237 330.67688389122486 77.551973879337311 22.393341295421124 236.43027822673321 54.240828059613705 12.227064318954943 15.870390236377718
leaf_count=1633 2947 631 103 344 1854 121 9978 106 1379 103 312 874 5226 1025 798 55 4505 118 428 3000 4681 437 2487 2783 569 160 1760 440 100 96
internal_value=-8.17445e-05 0.0193466 0.0352288 -0.0119253 -0.00548668 0.012536 -0.0191861 0.0175909 0.0539009 0.0479302 0.0789457 0.00171006 -0.0203042 0.0188328 0.00964417 0.0924098 0.0103455 0.050544 0.0269647 -0.000422847 -0.0084858 -0.00258109 -0.0140231 -0.00498217 0.0319516 0.0521076 0.0251095 0.00263211 0.0288313 0.0732414
internal_weight=6079 2302.29 690.966 3776.71 2001.69 1611.32 1775.02 1098.43 323.059 279.694 65.6337 512.889 1726.95 367.907 331.126 43.3656 619.55 32.6606 478.884 496.73 1670.56 808.461 862.104 755.689 394.373 99.9453 294.428 425.012 66.4679 33.8216
internal_count=49053 16978 4706 32075 16527 12272 15548 8277 2048 1794 415 3995 15204 2658 2652 254 4729 224 3548 3874 13875 6707 7168 6270 2917 729 2188 3487 540 199
is_linear=0
shrinkage=0.05


Tree=8
num_leaves=31
num_cat=0
split_feature=59 59 37 59 17 55 2 37 5 56 19 38 50 1 37 4 59 6 21 52 20 63 58 51 37 59 20 12 21 51
split_gain=502.582 88.9124 76.3458 65.5365 43.694 42.3438 39.8214 35.355 35.2192 35.0072 34.7005 33.4107 30.361 29.6058 32.649 29.2366 27.1331 25.6972 25.4718 24.5584 23.8318 23.5047 23.4529 24.541 23.0086 21.5587 31.5147 21.4457 21.234 20.2646
threshold=-0.0018873181724142248 -0.012042605746047022 0.496299219468053 0.0027456073984877647 1.0744915758504696 1.0000000180025095e-35 -0.0048110915452911455 0.62241591121331252 0.0069419209628506975 1.1938141634359416 0.0055364894223744717 0.25951578697384764 -0.0070177928825503168 0.010572478476534409 0.097276413718067903 1.4117857142857144 -0.017548071315661145 15.500000000000002 -0.006112359385115518 3.1138446784247908 -0.0028011996551424874 -1.0000000180025095e-35 0.00055307264865484321 1.0000000180025095e-35 0.040414529914532364 -0.005288117619987545 -0.011930369537189763 0.82263925285496053 -0.0031138986924844083 1.0000000180025095e-35
decision_type=2 2 2 2 2 2 2 2 2 2 2 2 2 2 2 2 2 2 2 2 2 2 2 2 2 2 2 2 2 2
left_child=1 2 12 10 7 15 25 22 -7 -8 11 24 -1 21 -15 16 -4 28 -14 -17 -11 -5 23 -3 -2 26 -6 -26 -18 -13
right_child=3 4 5 13 6 8 9 -9 -10 20 -12 29 18 14 -16 19 17 -19 -20 -21 -22 -23 -24 -25 27 -27 -28 -29 -30 -31
leaf_value=0.034996034418969285 0.0038283232247548838 0.015393181273476279 0.070896206930405964 0.00046358854537593465 0.0002114840281527755 0.14347242144086694 0.026707679794551045 -0.0077265358461227193 0.010754481429834763 0.023606372124394617 0.01841626798771626 -0.0079769400414207523 0.045268280968129231 0.095583728972406953 -0.0046838670336728522 1.2346173780210701e-05 0.023661940536647552 -0.018668845107787668 0.098245450719687502 0.093625322276925507 0.082909201317840117 -0.022624176903096777 0.0032986370468112377 0.048684022763083 -0.021348990434460268 -0.00022421458552382233 0.040065483017313913 -0.0063334298889907298 0.11163868169124527 0.0094592665205563385
leaf_weight=52.101481467485428 188.48068552464247 430.42945539951324 39.427697241306305 119.45288863778114 85.043763041496277 12.721835106611254 246.10758428275585 288.46437500417233 8.2341318726539594 24.386747024953365 143.8553864210844 297.9043532460928 33.039970874786377 8.4754005223512632 192.93249825388193 154.83507925271988 27.792678818106651 27.218958884477615 72.426475048065186 7.3379833400249472 55.488758750259876 1428.9825877770782 392.24353519082069 63.528835535049438 584.38630233705044 181.65782891958952 119.02856588363647 400.93748215585947 9.105713486671446 378.17924672365189
leaf_count=325 1591 3184 255 978 606 73 1796 2247 53 173 1109 2440 230 73 1659 1123 192 189 403 45 377 12838 3027 444 5015 1350 832 3317 54 3055
internal_value=-8.78797e-05 0.01814 0.0382643 -0.0114359 0.0134008 0.0228972 0.023177 0.00747749 0.0913242 0.0360423 -0.00523818 -0.00707765 0.0662227 -0.0184975 -0.000464529 0.0175006 0.0382568 0.0181859 0.081649 0.00424813 0.0648035 -0.0208431 0.0124265 0.0196748 -0.0121773 0.0123044 0.023457 -0.015239 0.0453727 0.00177631
internal_weight=6074.21 2330.62 444.242 3743.59 1886.38 286.674 711.713 1174.67 20.956 325.983 1993.74 1849.89 157.568 1749.84 201.408 265.718 103.545 64.1174 105.466 162.173 79.8755 1548.44 886.202 493.958 1173.8 385.73 204.072 985.324 36.8984 676.084
internal_count=49053 16978 2942 32075 14036 1984 5134 8902 126 2346 16527 15418 958 15548 1732 1858 690 435 633 1168 550 13816 6655 3628 9923 2788 1438 8332 246 5495
is_linear=0
shrinkage=0.05


Tree=9
num_leaves=31
num_cat=0
split_feature=59 59 59 37 5 50 55 51 58 5 37 62 63 17 36 51 58 50 2 4 38 59 38 5 7 21 12 42 50 59
split_gain=453.934 93.3146 56.7618 64.2932 48.903 37.3488 35.4999 33.0839 35.6729 37.0856 31.3221 30.7131 30.6919 27.4692 25.8019 25.5646 48.2327 24.9041 24.6365 24.5206 50.4963 29.3546 24.1401 23.564 23.5377 21.1638 21.2575 20.7088 20.6293 24.9006
threshold=-0.0029655066132058257 0.00053301595747259 -0.012042605746047022 0.496299219468053 0.003354690084687164 0.0011357463414998303 1.0000000180025095e-35 1.0000000180025095e-35 -0.0004504940351024482 0.0024444908421409448 0.61773447554697547 -0.0015201938400802811 -0.015118481107092853 1.4434051045180731 0.33360179805238316 1.0000000180025095e-35 0.0016180907702591939 -0.0070177928825503168 0.0074239865849289998 0.86071428571428521 0.25593566611364182 -0.0018873181724142248 0.24882797141831464 0.0067504890607183983 5.5000000000000009 -0.0068924128365968297 0.94002558475073972 7.0850000000000008e-06 -0.0019276416274162571 -0.0064634917019011891
decision_type=2 2 2 2 2 2 2 2 2 2 2 2 2 2 2 2 2 2 2 2 2 2 2 2 2 2 2 2 2 2
left_child=2 7 3 17 11 -3 14 -2 19 27 -6 -4 -7 -14 -5 -12 -17 -1 -11 -9 21 -21 -16 -8 28 26 -19 -10 -13 -30
right_child=1 5 4 6 10 12 23 8 9 18 15 24 13 -15 22 16 -18 25 -20 20 -22 -23 -24 -25 -26 -27 -28 -29 29 -31
leaf_value=0.032553377952177186 -0.0061095756433378143 -0.020856249419699491 0.063624711315670573 0.0029399812576384058 0.014722259267892342 0.042657594871294197 0.12424265573894211 0.010623416046867581 0.10546267521367858 -0.011681635925877232 -0.012566800444952881 0.0043525121549263341 -0.013396251180901188 0.0067802884447832855 0.024599865263793104 0.084173538382207327 -0.0089790991595576283 -0.0101341190983157 0.024005582043438417 0.08259920643017811 0.10146363487580584 -0.0058063617978238074 0.088337224551221324 0.018325966136949975 0.04503248917749382 0.087179213584543155 0.07658541535662941 0.019136240851549594 0.052519071579054812 0.017905910045922627
leaf_weight=53.18137364089489 864.61018972098827 1358.3534826114774 50.200076103210449 152.75798198580742 546.42988226562738 28.221402391791344 13.326592028141024 85.228970624506474 7.3079955652356139 314.58624531328678 243.00115186721087 172.21852485090494 1026.5199812948704 201.86460077762604 98.233953833580017 21.375735372304916 39.712749354541302 12.966517239809038 57.145604580640793 12.838221609592436 29.121257998049259 34.957848720252514 17.502490878105164 8.6659697443246824 97.796203091740608 81.585239499807358 15.531151339411734 140.70279771834612 68.604265429079533 214.16490751504898
leaf_count=325 7032 11986 332 1122 3961 203 71 658 58 2604 1863 1225 9157 1690 627 151 305 92 442 87 214 278 109 55 698 440 101 1122 471 1574
internal_value=-9.33578e-05 -0.00935098 0.0201059 0.035544 0.0152865 -0.0151089 0.021434 0.000384995 0.00861987 0.00223221 0.00756434 0.0261788 -0.00889616 -0.0100806 0.0164315 -0.00529798 0.0236163 0.0606491 -0.00619551 0.0290948 0.0495623 0.0179397 0.0342387 0.0825071 0.0227782 0.0742222 0.0371278 0.0233986 0.0179948 0.0263036
internal_weight=6068.71 4161.46 1907.25 453.751 1453.5 2614.96 290.487 1546.5 681.889 519.743 850.52 602.984 1256.61 1228.38 268.494 304.09 61.0885 163.264 371.732 162.146 76.9173 47.7961 115.736 21.9926 552.784 110.083 28.4977 148.011 454.988 282.769
internal_count=49053 35531 13522 2942 10580 23036 1984 12495 5463 4226 6280 4300 11050 10847 1858 2319 456 958 3046 1237 579 365 736 126 3968 633 193 1180 3270 2045
is_linear=0
shrinkage=0.05


Tree=10
num_leaves=31
num_cat=0
split_feature=59 59 21 59 63 58 18 21 4 17 21 59 1 37 52 10 21 5 60 6 38 51 1 63 19 56 10 6 51 42
split_gain=408.218 70.8793 66.3621 58.5382 36.7814 36.2938 34.207 33.9983 33.6227 31.214 31.0644 27.136 26.6685 27.5376 24.8476 23.2009 28.9845 23.6251 23.0002 24.7082 22.4276 21.7052 26.2428 21.5125 20.9072 31.7341 21.0178 33.6294 24.1877 20.7216
threshold=-0.0018873181724142248 -0.0073502114018449763 -0.0044809635272026766 0.0027456073984877647 -0.0097234447032039945 0.0002422040684243285 0.0090369357925801658 -0.0044809635272026766 1.3028571428571467 1.3112811857370006 0.00081393294097041147 -0.016678661354529875 0.010572478476534409 0.097276413718067903 3.1138446784247908 1.0000000180025095e-35 0.00074423163719289289 0.006070542598389358 0.7604808844147074 18.500000000000004 0.28327956264199011 1.0000000180025095e-35 0.010916976814780792 -1.0000000180025095e-35 -0.0026314212889578946 1.6281629842830194 1.0000000180025095e-35 14.500000000000002 1.0000000180025095e-35 9.0250000000000012e-05
decision_type=2 2 2 2 2 2 2 2 2 2 2 2 2 2 2 2 2 2 2 2 2 2 2 2 2 2 2 2 2 2
left_child=1 2 11 9 7 8 24 -3 10 20 -4 14 23 -14 -1 -7 -17 -18 19 -10 -2 -11 -23 -5 -6 26 -26 28 -28 -29
right_child=3 4 5 12 6 15 -8 -9 18 21 -12 -13 13 -15 -16 16 17 -19 -20 -21 -22 22 -24 -25 25 -27 27 29 -30 -31
leaf_value=0.023383396386477351 -0.010709204436088415 -0.0054161083830854551 0.059540528090056923 0.00083842181463425047 0.0016242159097777616 0.008997975724758623 -0.017891457536505825 0.060174406571582253 0.03262388400060897 -0.0049857297194116981 0.13687684301699676 0.0031937893124962926 0.085037427728027026 -0.0042054870751052137 0.098235746350279513 0.023411779417054152 0.1150425830668152 0.01846620421204008 0.0053854471659204074 0.1102481175527928 0.0031179656198005536 0.015246931618410351 0.085509434904945544 -0.021333225119333693 0.0066771027023706372 0.054681089016722528 0.035886687677263905 -0.004709474017568732 0.1094086494669777 0.03131950338027386
leaf_weight=162.64211151748896 1260.9402967318892 28.66669499874115 149.62534707039595 118.76316090673208 491.44591497629881 112.76867516338825 123.87562464177608 63.564837455749512 39.94427677989006 147.64580599963665 14.21874152868986 270.2644862011075 9.0527959167957288 191.46360197663307 11.898050263524054 60.786377586424351 19.766818769276146 9.3173498809337598 49.826152414083481 13.790824688971041 382.13761985301971 170.34966643154621 14.413788110017775 1388.3506420478225 501.064223729074 46.946158088743687 31.768478997051716 75.017388522624969 17.266899943351746 85.270392186939716
leaf_count=1114 10788 216 894 978 3637 740 1022 424 258 1194 78 1959 73 1659 66 386 118 62 318 85 3087 1355 103 12838 3728 316 229 570 117 641
internal_value=-9.8223e-05 0.0160424 0.0269617 -0.010527 0.00922316 0.0400617 0.00716944 0.0397881 0.0521563 -0.00466643 0.0662519 0.0131184 -0.0173069 -0.000176401 0.0284859 0.0241014 0.043053 0.0841036 0.0298556 0.0525457 -0.00749336 0.00930691 0.0207283 -0.0195861 0.00965542 0.014867 0.0122359 0.0255421 0.0617761 0.0144573
internal_weight=6062.85 2379.74 914.849 3683.12 1464.89 470.045 1372.66 92.2315 267.405 1975.49 163.844 444.805 1707.63 200.516 174.54 202.639 89.8705 29.0842 103.561 53.7351 1643.08 332.409 184.763 1507.11 1248.78 757.334 710.387 209.323 49.0354 160.288
internal_count=49053 16978 6078 32075 10900 2939 10260 640 1633 16527 972 3139 15548 1732 1180 1306 566 180 661 343 13875 2652 1458 13816 9238 5601 5285 1557 346 1211
is_linear=0
shrinkage=0.05


Tree=11
num_leaves=31
num_cat=0
split_feature=59 59 21 63 57 51 59 19 37 9 6 37 59 51 38 50 50 38 36 47 63 7 21 37 52 10 60 51 45 60
split_gain=368.752 95.8449 62.6097 46.2492 35.1035 34.5774 32.9015 47.2829 30.091 27.9456 40.5687 34.1984 26.0515 23.1944 34.7611 23.3717 22.8673 22.7236 22.3835 30.925 21.9316 20.8015 20.2685 20.5723 19.912 19.8536 21.4421 19.6599 21.7095 20.1354
threshold=-0.00030104361721224477 -0.0064634917019011891 -0.0045667781657613123 -0.0070977227912305835 1.0000000180025095e-35 1.0000000180025095e-35 0.0064530211313289692 0.0063661909122049503 0.55780292250437857 1.0000000180025095e-35 12.500000000000002 0.12091792439820527 -0.016678661354529875 1.0000000180025095e-35 0.25951578697384764 0.0066452621353278269 0.00041428467194575474 0.27459292981017525 3.2296349487561842 0.00083651571887188804 -0.00073951426095914094 1.5000000000000002 -0.0037319429895334593 0.39058524173028014 3.1138446784247908 1.0000000180025095e-35 0.28101316618243116 1.0000000180025095e-35 -0.00058784316877530743 0.59285530446663126
decision_type=2 2 2 2 2 2 2 2 2 2 2 2 2 2 2 2 2 2 2 2 2 2 2 2 2 2 2 2 2 2
left_child=1 2 12 21 5 8 7 13 25 -5 11 -11 24 -2 15 20 22 -6 19 -9 -15 27 -12 -24 -1 -4 -27 28 -3 -30
right_child=6 3 4 9 17 -7 -8 18 -10 10 16 -13 -14 14 -16 -17 -18 -19 -20 -21 -22 -23 23 -25 -26 26 -28 -29 29 -31
leaf_value=0.021124698660517482 -0.019527252946488671 -0.020321065630606247 0.039408673705064248 -0.00075074549781894517 0.013240525018328141 0.092828426687576668 -0.021287837089989922 0.0051296380020336638 0.01933139755880325 0.023295074078239351 -0.042590212440438889 -0.0033754091476340198 0.0014425617130287233 0.017930448216086161 0.0030815700374941164 0.073153486063373921 0.082735198975983693 0.047852850486381167 0.071614756910917773 0.11556739414150624 -0.016620215784827454 0.019268541443222108 0.019592457229550171 0.088901296976636804 0.087050515041168286 0.11092400803520758 0.053399002126205769 0.12545043581609211 0.13094767619096534 0.03985801393368904
leaf_weight=164.15729309618473 639.48281029611826 10.012459307909007 112.67628150433302 1281.1017315760255 201.97301186621189 35.005587056279182 813.89780457317829 153.82819223403931 108.35133934766054 195.52608745545149 8.9397193938493711 311.96910177916288 295.30350167304277 48.703086033463478 465.12334345281124 7.6461217105388632 26.223716795444489 61.968249715864658 16.047480992972851 6.6113402992486945 806.7052868232131 107.66499001532793 38.757665932178497 14.792872644960879 12.312750875949858 24.576967626810074 47.521981313824654 8.9542431682348234 8.3080731555819565 22.489077918231487
leaf_count=1108 5574 72 682 10004 1334 196 7484 1284 709 1499 68 2417 2149 413 4002 67 191 390 124 55 7312 768 279 110 65 149 276 54 56 162
internal_value=-0.000101915 0.0119524 0.0241139 0.00559385 0.0349415 0.0458606 -0.0127289 -0.00948007 0.0402516 0.00341091 0.0123532 0.00690011 0.0105254 -0.0117038 -0.00793696 -0.0138751 0.0435483 0.0213668 0.015312 0.00968052 -0.0146531 0.031625 0.0271037 0.0387384 0.0257245 0.0525191 0.073008 0.0583585 0.0436375 0.0644311
internal_weight=6056.63 3098.59 1063.85 2034.74 592.073 328.132 2958.05 2144.15 293.127 1877.31 596.209 507.495 471.774 1967.66 1328.18 863.054 88.714 263.941 176.487 160.44 855.408 157.429 62.4903 53.5505 176.47 184.775 72.0989 49.7639 40.8096 30.7972
internal_count=49053 22738 7058 15680 3736 2012 26315 18831 1816 14568 4564 3916 3322 17368 11794 7792 648 1724 1463 1339 7725 1112 457 389 1173 1107 425 344 290 218
is_linear=0
shrinkage=0.05


Tree=12
num_leaves=31
num_cat=0
split_feature=59 59 17 37 50 59 52 63 7 50 59 11 6 59 38 12 43 58 41 37 41 38 43 20 13 6 58 4 47 15
split_gain=335.403 73.3252 44.3607 42.9736 35.3347 32.4899 30.3011 30.9088 30.1425 27.627 38.608 27.2339 27.0815 44.4173 26.6914 25.3604 24.8472 22.1614 27.2925 28.8212 21.4498 20.6731 20.1352 20.1336 20.1172 24.5229 18.9507 21.4641 21.5064 18.3781
threshold=-0.0029655066132058257 0.00053301595747259 1.0513681214711021 0.62241591121331252 0.0011357463414998303 -0.010375813110932755 0.53322359010345888 -0.014139006870608732 5.5000000000000009 -0.002181034805992296 -0.0086456657403263856 -0.65812711778677369 10.500000000000002 0.0020834252699766845 0.25529100529100474 2.8488207484779231 3.8385000000000006e-05 -0.004774027130076239 -7.9734999999999981e-05 0.21818181818181859 6.1550000000000012e-06 0.25658010197483921 -9.8964999999999999e-05 0.0045681304615841677 0.40562958889983486 12.500000000000002 -0.00025433533949858995 1.402857142857145 -0.00046733219176285369 0.11200000000000047
decision_type=2 2 2 2 2 2 2 2 2 2 2 2 2 2 2 2 2 2 2 2 2 2 2 2 2 2 2 2 2 2
left_child=2 14 3 5 -3 -1 7 -6 20 10 21 -10 -8 23 -2 29 -13 18 -16 -20 22 -4 -7 -14 -5 -26 27 28 -22 -11
right_child=1 4 9 24 6 8 12 -9 11 15 -12 16 13 -15 17 -17 -18 -19 19 -21 26 -23 -24 -25 25 -27 -28 -29 -30 -31
leaf_value=0.037988556784079794 -0.0048488073223103409 -0.01921325853760485 0.023442093126440598 -0.0074508974837928614 0.041981444051101414 0.022007923320897693 -0.010803070098080989 -0.014556335329484133 0.091110625000871942 0.016830531324770165 0.001891814322223675 0.064343079971928452 0.036904810031062357 0.0075277590661240309 -0.013766329559496327 0.087791781523334111 -0.016689732434801343 0.0054899145668935185 0.12408617344097655 0.032379942116965738 0.01499479528388375 0.058321747574381723 -0.015928967936131144 0.1266099596619133 0.10113053890424831 0.0058469782029434043 0.0053706780733690541 -0.0059016061313399166 0.056723148479682309 0.041170350722745358
leaf_weight=149.77910400927067 957.87524542957544 1311.450126722455 212.96139204502106 331.65882974117994 24.924681894481182 47.63057017326355 174.52476108074188 802.42229323089123 21.308698728680611 119.82254018634558 214.53973291069269 17.494210593402386 13.646772623062136 197.61750147491693 17.548590771853924 22.158771343529224 20.599310621619225 531.78156435489655 12.46761169284582 27.387969493865967 56.124019019305706 53.06767039000988 131.64953499287367 11.547979831695555 9.5390234217047674 23.117788560688496 211.62087343633175 35.939146466553211 68.64265501499176 219.85137812793255
leaf_count=911 7868 11986 1274 2500 177 351 1552 7407 143 813 1512 118 112 1715 135 140 146 4186 90 216 391 292 943 87 65 160 1560 262 464 1477
internal_value=-0.000105247 -0.00827687 0.0168534 0.010357 -0.01351 0.0171191 -0.00740274 -0.0128531 0.0120033 0.02553 0.0176731 0.0458448 0.00394611 0.0154989 0.000301981 0.0359652 0.0205241 0.00867593 0.0381906 0.0610675 0.00835895 0.0303999 -0.00585001 0.078021 -0.00376404 0.0336792 0.0152007 0.0281452 0.0379524 0.0325843
internal_weight=6050.7 4083.2 1967.51 1125.1 2536.13 760.788 1224.68 827.347 611.009 842.401 480.569 59.4022 397.337 222.812 1547.06 361.833 38.0935 589.186 57.4042 39.8556 551.607 266.029 179.28 25.1948 364.316 32.6568 372.327 160.706 124.767 339.674
internal_count=49053 35531 13522 8014 23036 5289 11050 7584 4378 5508 3078 407 3466 1914 12495 2430 264 4627 441 306 3971 1566 1294 199 2725 225 2677 1117 855 2290
is_linear=0
shrinkage=0.05


Tree=13
num_leaves=31
num_cat=0
split_feature=59 59 21 59 19 58 51 18 58 51 60 18 59 4 38 51 10 21 18 62 58 18 9 37 37 59 19 5 52 6
split_gain=302.589 76.951 52.6565 30.9313 42.1052 29.5228 29.4856 31.4652 25.4141 67.4569 39.5803 23.3876 22.3983 22.3151 22.1994 27.9245 22.0806 28.3917 21.8181 21.5402 20.9667 20.5251 20.0549 22.52 21.9539 21.2937 19.3858 21.2844 19.0825 18.8998
threshold=-0.00030104361721224477 -0.0064634917019011891 -0.0045667781657613123 0.0064530211313289692 0.0063661909122049503 0.0002422040684243285 1.0000000180025095e-35 0.0051457121232182847 0.00089536840164365346 1.0000000180025095e-35 0.68652113602434317 0.0088782846644170042 -0.016678661354529875 0.52357142857143268 0.26634193743607626 1.0000000180025095e-35 1.0000000180025095e-35 0.00032590420684781347 0.0088782846644170042 -0.015840942909463245 -0.0056161491159361374 0.0090369357925801658 1.0000000180025095e-35 0.10204081632653229 0.016006902264920068 -0.0033120583526565568 -0.0019552233315189844 0.0025082518510316574 0.32686720581049666 10.500000000000002
decision_type=2 2 2 2 2 2 2 2 2 2 2 2 2 2 2 2 2 2 2 2 2 2 2 2 2 2 2 2 2 2
left_child=1 2 12 4 13 6 7 -4 9 11 -11 -3 18 -2 -15 -16 -7 -18 -1 -20 -12 -19 25 24 -24 26 -10 -28 -5 -26
right_child=3 8 5 28 -6 16 -8 -9 22 10 20 -13 -14 14 15 -17 17 21 19 -21 -22 -23 23 -25 29 -27 27 -29 -30 -31
leaf_value=0.047780715074378401 -0.02589590182487882 0.0059866699123500922 0.063639476368031841 -0.025613957752148104 0.014722198683296814 0.0054751541765675864 0.081499519614681271 0.026479727858023688 -0.010974343764874562 0.021804134440989539 0.0019046678318628098 -0.019137786831505983 0.000574105464532953 -0.012630503047487529 -0.016743793551904897 0.0076335260036234634 0.015734261984154754 0.089093072966830514 0.080497985957227028 0.0044445872470573085 0.083184922270607281 0.011648518147000315 -0.0063807442880082629 -0.00088695663011604067 0.021946467279657142 -0.015015333325413729 0.075089085110531362 0.010788455247933319 -0.0091455856821567368 0.080098239767837032
leaf_weight=59.151602536439896 215.1779528260231 875.61057435721159 75.12668314576149 530.62133346498013 177.6020821928978 145.82463937997818 39.161907494068146 235.67525324970484 101.36353646218777 212.28448820859194 9.5856227055191976 103.58333646506071 298.5447156727314 1184.2941161319613 174.65324421226978 358.85321245342493 72.106286980211735 30.430837452411652 10.155606359243391 111.82205548882484 46.052094124257565 11.901493683457373 26.447308897972107 162.06821349263191 30.186911560595036 341.12260762602091 14.740334644913672 101.41532495617867 263.13320228457451 26.012842923402786
leaf_count=346 1911 6588 434 5126 1463 959 208 1429 772 1537 69 859 2149 10832 1526 3099 453 179 66 761 323 74 202 1256 232 2792 104 756 2358 190
internal_value=-0.000108005 0.0106502 0.0213857 -0.0117406 -0.00857622 0.0311295 0.0406137 0.0354619 0.00494397 0.00941164 0.0316427 0.0033289 0.00898988 -0.0107169 -0.0088155 -0.000346842 0.0183766 0.0348165 0.0228611 0.0107766 0.0691814 0.06732 -0.00199156 0.00994453 0.0311847 -0.00722022 0.00500441 0.0189483 -0.0201546 0.0488628
internal_weight=6044.71 3140.37 1089.9 2904.34 2110.58 610.227 349.964 310.802 2050.47 1247.12 267.922 979.194 479.674 1932.98 1717.8 533.506 260.263 114.439 181.129 121.978 55.6377 42.3323 803.357 244.715 82.6471 558.642 217.519 116.156 793.755 56.1998
internal_count=49053 22738 7058 26315 18831 3736 2071 1863 15680 9376 1929 7447 3322 17368 15457 4625 1665 706 1173 827 392 253 6304 1880 624 4424 1632 860 7484 422
is_linear=0
shrinkage=0.05


Tree=14
num_leaves=31
num_cat=0
split_feature=59 59 17 37 59 51 50 58 35 51 58 2 59 6 63 63 56 59 37 38 4 6 42 37 58 18 42 38 58 40
split_gain=274.715 54.5039 44.4868 33.9482 34.14 33.3094 36.7075 32.0503 27.8064 27.5169 30.9932 26.231 31.1286 25.2987 24.8789 24.72 23.5519 22.5689 26.3389 26.1898 27.4964 24.2801 20.934 20.4877 20.4099 29.3069 25.5825 28.5249 24.1516 22.3439
threshold=-0.0024746295888892294 0.0027456073984877647 1.0787043475524964 0.62241591121331252 -0.010375813110932755 1.0000000180025095e-35 0.0089020157314631202 -0.0004504940351024482 0.049285791242250278 1.0000000180025095e-35 0.0027320755463552423 -0.00039477070684719955 -0.0064634917019011891 4.5000000000000009 -0.014139006870608732 -0.00033443800919780034 0.022829460908286862 -0.00064508471716270691 0.43800197735797824 0.23819454886400457 0.69428571428571273 5.5000000000000009 0.00037751500000000009 0.011200463201235321 -0.004348608404498043 0.0085320617912759394 9.0250000000000012e-05 0.16324796146485718 0.0027837989544954402 -1.0000000180025095e-35
decision_type=2 2 2 2 2 2 2 2 2 2 2 2 2 2 2 2 2 2 2 2 2 2 2 2 2 2 2 2 2 2
left_child=2 5 3 4 -1 -2 7 17 15 -4 11 12 -11 -6 -3 -9 22 18 -7 23 -21 -22 -16 -19 25 -15 -26 28 -28 -27
right_child=1 14 9 -5 13 6 -8 8 -10 10 -12 -13 -14 24 16 -17 -18 19 -20 20 21 -23 -24 -25 26 29 27 -29 -30 -31
leaf_value=0.034258268720935854 -0.0097004765719114847 0.020170337407612593 0.018414316797526309 -0.0039291343420643906 -0.0077950278985473567 0.02578215752621793 0.1234315363319623 0.034484007780924246 0.010829811772153421 0.084930065792563222 0.014579927162019755 0.099805144480836494 0.016528188896949663 0.052350226193138352 -0.021975039854113927 -0.010793861364998132 -0.0081523821036297364 0.0377692602914581 0.10098876849173472 -0.013691794820599644 -0.0018228627826475123 0.059796647109396743 0.023932910479294273 -0.021446573045433237 -0.0024387346587893526 -0.03681026113210336 0.037016013971714438 0.0151028952581252 0.14177604954267353 0.058822767634786159
leaf_weight=162.40804332494736 1015.9165586605668 48.459748476743698 717.2700580060482 404.17239673435688 173.08430201560259 65.604334510862827 6.256961300969123 31.768060564994812 266.23431731760502 26.875250324606895 66.02793712168932 27.990680940449238 43.642614133656025 69.41737662255764 982.05335310101509 590.07752250134945 577.92017056047916 17.816543705761433 14.153611734509466 32.505514897406101 22.866983734071255 53.130960665643215 25.476474747061729 81.081480301916599 228.08775373548269 20.022133223712448 16.808234773576263 233.9512824267149 8.178725987672804 8.7888394370675069
leaf_count=956 8593 344 4646 3019 1246 475 45 262 2113 142 447 162 281 467 9728 5127 5226 156 97 268 185 425 250 701 1640 154 115 1660 60 63
internal_value=-0.000110184 -0.00820418 0.0139426 0.00815097 0.0134537 -0.00306176 0.00264659 0.00200353 -0.00269171 0.0226446 0.041086 0.0588524 0.042597 0.00899809 -0.0151201 -0.00848076 -0.0161988 0.0165242 0.0391281 0.00783171 0.0247947 0.041256 -0.0208142 -0.0107788 0.0139645 0.0347555 0.00977118 0.0205264 0.071306 -0.00763723
internal_weight=6038.05 3831.32 2206.73 1324.92 920.747 2197.41 1181.5 1175.24 888.08 881.807 164.536 98.5085 70.5179 758.339 1633.91 621.846 1585.45 287.159 79.7579 207.401 108.503 75.9979 1007.53 98.898 585.254 98.2283 487.026 258.938 24.987 28.811
internal_count=49053 33995 15058 9380 6361 18447 9854 9809 7502 5678 1032 585 423 5405 15548 5389 15204 2307 572 1735 878 610 9978 857 4159 684 3475 1835 175 217
is_linear=0
shrinkage=0.05


Tree=15
num_leaves=31
num_cat=0
split_feature=59 59 21 63 58 50 18 58 51 60 59 42 59 19 64 59 58 4 64 21 38 51 21 42 60 18 49 5 38 43
split_gain=249.966 62.8721 40.5688 38.808 34.9772 30.2061 29.7965 25.5976 46.5656 40.2897 23.3425 25.8188 23.0434 23.8671 22.5866 22.1217 21.7534 24.4165 21.5288 20.9031 20.4117 19.6701 33.531 19.3208 18.9103 18.6327 19.0999 18.604 18.403 18.2437
threshold=-0.00030104361721224477 -0.0073502114018449763 -0.0044809635272026766 -0.0093321214120904803 -0.0041518603969802692 0.0011357463414998303 0.0088782846644170042 0.00089536840164365346 1.0000000180025095e-35 0.68652113602434317 -0.0048112554407097408 0.00013085500000000003 0.0064530211313289692 0.0079657496457589891 0.52166567976734546 0.0064530211313289692 0.0002422040684243285 1.3028571428571467 0.44093127484050115 0.00099626981232402829 0.13946591640933378 1.0000000180025095e-35 0.0017188885649522935 0.00032167000000000008 0.93657678361957963 0.0054279558138561829 0.0014908669026477874 0.0029014144333856158 0.33843082687620502 0.00038177750000000009
decision_type=2 2 2 2 2 2 2 2 2 2 2 2 2 2 2 2 2 2 2 2 2 2 2 2 2 2 2 2 2 2
left_child=1 2 -1 4 -3 15 7 8 18 -10 11 -9 13 -7 -6 21 17 19 -5 -4 -12 23 -23 -2 -19 26 -15 -22 -18 -14
right_child=5 3 16 6 14 12 -8 10 9 -11 20 -13 29 25 -16 -17 28 24 -20 -21 27 22 -24 -25 -26 -27 -28 -29 -30 -31
leaf_value=0.0094370192265632868 -0.023832593308226829 -0.0025090571977707562 0.045252923961393007 -0.018595071832080652 0.07080760769522236 -0.0027920707322168122 -0.016524545526051131 0.0084201045937571002 0.019071851407768438 0.070157287582144262 0.07310753378365735 0.076077516576698007 -0.01517172833731216 0.015330288533055179 0.01973466354715098 -0.028427932290495013 0.014886561363524077 0.034217944658674358 0.0070009967766857077 0.10953477679964077 0.0021617021081650413 0.00070665240510421211 -0.018785679074664028 0.051278663935224622 -0.010128856595743883 0.014559327512353545 0.13004082612034354 -0.015483737027634576 0.091515017348426791 0.049019468383203868
leaf_weight=462.41664623469114 381.19422263652086 51.368757970631123 167.49368399381638 91.841771081089973 51.462841428816319 734.3467715010047 176.07862763851881 138.84669370949268 205.26300548762083 47.533522628247738 7.9552934467792502 15.694793276488779 486.6300558000803 6.7017013654112798 37.364857941865921 275.03391013294458 206.13670065999031 77.279541879892349 778.55718896538019 13.679457262158392 272.54084505140781 458.9225000217557 424.89686663448811 8.7583226487040502 34.892773613333702 60.709318928420544 7.9140933901071548 330.54138574004173 8.1447641998529416 11.326470538973807
leaf_count=3139 3462 364 906 702 340 6634 1462 997 1450 310 63 109 4629 52 252 2748 1261 451 5814 66 2148 4114 3936 80 210 492 61 2649 45 107
internal_value=-0.000112168 0.00954236 0.0201504 0.00487569 0.0303321 -0.0108437 0.00314728 0.00498116 0.00978676 0.0286775 -0.00206921 0.0152912 -0.00524795 -4.26926e-05 0.0493241 -0.0155682 0.0299096 0.0387559 0.00430018 0.0501065 -0.00645995 -0.0127915 -0.0086643 -0.0221456 0.0204232 0.0267611 0.0774432 -0.00750953 0.0177992 -0.0137116
internal_weight=6031.53 3175.09 970.044 2205.05 140.196 2856.43 2064.85 1888.77 1123.2 252.797 765.579 154.541 1307.63 809.672 88.8277 1548.81 507.627 293.345 870.399 181.173 611.038 1273.77 883.819 389.953 112.172 75.3251 14.6158 603.082 214.281 497.957
internal_count=49053 22738 6078 16660 956 26315 15704 14242 8276 1760 5966 1106 11975 7239 592 14340 2939 1633 6516 972 4860 11592 8050 3542 661 605 113 4797 1306 4736
is_linear=0
shrinkage=0.05


Tree=16
num_leaves=31
num_cat=0
split_feature=59 59 59 37 18 55 50 52 37 50 50 56 21 32 41 58 20 51 60 13 6 21 38 59 62 18 6 34 6 7
split_gain=226.231 42.8886 39.6456 38.4635 28.028 26.4147 25.8697 28.9016 28.4283 24.8527 24.0594 23.9558 30.966 23.0477 19.9812 19.8768 19.5022 18.7312 26.3903 18.4154 18.0333 22.4028 17.9216 17.7457 17.5149 29.294 17.2169 17.8955 17.2084 16.9465
threshold=-0.0018873181724142248 -0.011149249180822158 0.0028031250996612711 0.43003497872615254 0.0090369357925801658 1.0000000180025095e-35 0.0013567584694284026 1.3978777932287778 0.1397743763314436 -0.0015983316874489395 0.0011357463414998303 1.2215996288135198 -0.0012430065720507612 11.500000000000002 -0.00015061999999999999 0.0071357769215385841 0.014619086882418158 1.0000000180025095e-35 0.89545333133587779 0.1207043407403809 10.500000000000002 0.0026345874870256016 0.25874740591996487 -0.0029655066132058257 0.016777516464168047 0.0061272687504866597 6.5000000000000009 1.0757685543022801 1.5000000000000002 2.5000000000000004
decision_type=2 2 2 2 2 2 2 2 2 2 2 2 2 2 2 2 2 2 2 2 2 2 2 2 2 2 2 2 2 2
left_child=1 3 6 22 9 13 24 8 29 14 -4 15 -13 -5 -3 17 -10 23 19 -19 -9 -22 -1 -11 -2 -26 28 -28 -12 -8
right_child=2 4 10 5 -6 -7 7 20 16 11 26 12 -14 -15 -16 -17 -18 18 -20 -21 21 -23 -24 -25 25 -27 27 -29 -30 -31
leaf_value=0.033609600101648887 -0.0075278326517186946 0.053589599078006867 -0.021108348622423112 0.0085877756065053396 -0.0087195957850293992 0.057402740619032083 0.043913396171665731 0.0081101688502079675 -0.0089223997762161913 0.015640515469693823 0.0010605081364238739 0.010563610143570844 0.069985044470935773 0.085787407252396086 0.001592377313296486 -0.018344547890565523 0.043341781430735526 0.0099459265501962869 0.078884675372105764 0.046084371928144741 0.039573633872320033 0.1351366453491433 0.070140823571137281 -0.0026007445126504298 0.1092186198917591 -0.02911129916507248 -0.0082467589090551938 0.013739504507286539 -0.028694682194173676 0.0074523149339950148
leaf_weight=127.81721615791321 1418.5645119994879 18.980232022702694 693.61256193369627 340.31209824234247 223.99633429199457 33.266932681202888 51.336260221898556 24.615662939846516 311.39287762343884 490.25219815969467 68.065286070108414 44.027592830359936 43.673728518188 9.9506841748952848 695.07843129336834 48.526046931743622 18.934360437095165 109.85538314282894 22.906083852052689 51.909127235412598 22.702468462288383 8.4027626290917379 45.532492458820343 183.13321208953857 8.3799585551023466 7.0446420013904563 536.76414527744055 111.83375293761492 169.83009770512581 84.036421254277229
leaf_count=700 12198 126 6928 2183 1763 172 426 196 2676 3364 643 291 268 61 4777 367 143 769 151 352 173 58 218 1416 72 63 5169 967 1649 714
internal_value=-0.000113418 0.0114336 -0.00824325 0.0236593 0.00791036 0.0148249 -0.00348371 0.00605359 0.00198173 0.0100909 -0.0141333 0.0152016 0.0401544 0.010781 0.0029745 0.0127877 -0.00592662 0.0145483 0.0286551 0.0215425 0.0400851 0.065389 0.043205 0.0106796 -0.00695162 0.0460413 -0.00867583 -0.0044558 -0.0201813 0.0212791
internal_weight=6024.73 2489.22 3535.52 556.879 1932.34 383.53 1955.41 521.421 465.7 1708.34 1580.11 994.283 87.7013 350.263 714.059 906.582 330.327 858.056 184.671 161.765 55.7209 31.1052 173.35 673.385 1433.99 15.4246 886.493 648.598 237.895 135.373
internal_count=49053 16978 32075 3334 13644 2416 16719 4386 3959 11881 15356 6978 559 2244 4903 6419 2819 6052 1272 1121 427 231 918 4780 12333 135 8428 6136 2292 1140
is_linear=0
shrinkage=0.05


Tree=17
num_leaves=31
num_cat=0
split_feature=59 17 59 18 59 63 50 52 63 59 51 59 32 59 51 21 38 60 21 42 20 20 12 50 37 59 41 41 4 9
split_gain=207.037 52.0094 32.1991 35.0504 28.8237 26.3484 25.9438 25.1944 22.9787 21.3853 21.2886 22.558 20.2481 20.2408 18.6913 31.2045 18.2924 18.2777 18.7378 17.4912 17.3543 17.2925 18.1484 16.9388 16.7487 20.4885 33.3285 35.6949 20.0199 16.0012
threshold=-0.00030104361721224477 1.2512077294685904 -0.0043354466300243562 0.0088064943690627298 -0.015125858816423589 -0.0060593577003596058 0.0011357463414998303 0.52688106985140348 -0.014139006870608732 0.0025335167692304979 1.0000000180025095e-35 -0.0084159032942590969 15.500000000000002 0.0064530211313289692 1.0000000180025095e-35 0.0013274352893061423 0.17333244848808252 0.0015741243249390747 -0.0032372725248451866 0.00032167000000000008 0.0029650682722297725 -0.0032879076469721886 0.53212931381791906 -0.0015983316874489395 0.96407516550209926 -0.013137175804676925 2.6090000000000006e-05 7.580500000000001e-05 1.4321428571428572 1.0000000180025095e-35
decision_type=2 2 2 2 2 2 2 2 2 2 2 2 2 2 2 2 2 2 2 2 2 2 2 2 2 2 2 2 2 2
left_child=1 2 3 4 16 -4 13 8 20 17 11 -3 21 14 19 -16 -1 -9 -19 -2 -8 -6 -23 -7 25 26 28 -28 -5 -25
right_child=6 10 5 24 12 23 7 9 -10 -11 -12 -13 -14 -15 15 -17 -18 18 -20 -21 -22 22 -24 29 -26 -27 27 -29 -30 -31
leaf_value=0.013884782249638839 -0.02271314982197474 0.026760837728176279 0.024318716330540932 0.039807263566464135 0.0057907743241428682 -0.013341449020675626 0.0033930215953043722 -0.037659358454622122 -0.011063263717414427 -0.00054598066702482009 0.033725702771293206 0.0071828582479669216 0.059960385281753209 -0.027018936963904606 0.0026166765593329724 -0.016400148170239544 0.065440298374782005 -0.043694198614231045 0.042833359412147609 0.047717922223081501 0.08353969498836844 0.0038616726251942679 0.03047844975800882 -0.0040172986298404123 -0.023080529224305549 -0.0093897215337090511 0.1159388782401336 0.023762741118635675 -0.029505370515012626 0.01071062229304625
leaf_weight=27.434043377637863 371.45893354713917 242.81218411028385 96.576261609792709 14.502725690603254 443.07681781798601 288.90044891089201 17.311638712882999 9.6571104377508146 855.29347357898951 326.40788393467665 198.49596810340881 373.37737505882978 22.676189050078392 264.64260645955801 395.49523679167032 474.55056072026491 46.145361393690109 6.857832930982112 71.385026097297668 9.0294519737362844 11.075362063944338 96.409866258502007 190.75594612210989 579.02166519314051 78.650173470377922 139.20373389869928 13.652746096253393 45.523872047662735 36.986394688487053 270.61103871464729
leaf_count=164 3462 1366 683 92 2972 2270 125 80 8137 2948 1282 2661 142 2748 3563 4487 250 57 552 80 76 646 1214 4650 582 1047 86 294 245 2092
internal_value=-0.000113849 0.00857505 0.00485632 0.0108575 0.0163489 -0.000755747 -0.0100124 -0.00482458 -0.00959438 0.00534897 0.0194851 0.0148976 0.01343 -0.0144566 -0.0117981 -0.0077557 0.0462179 0.0272393 0.0352494 -0.0210417 0.0346627 0.0119851 0.0215424 -0.00288269 -0.00295781 0.00337612 0.019434 0.0450289 -0.00998237 0.000673597
internal_weight=6017.98 3204.81 2390.13 1155.02 826.498 1235.11 2813.17 1297.99 883.68 414.308 814.686 616.19 752.919 1515.18 1250.53 870.046 73.5794 87.9 78.2429 380.488 28.387 730.243 287.166 1138.53 328.52 249.869 110.666 59.1766 51.4891 849.633
internal_count=49053 22738 17429 7734 5388 9695 26315 11975 8338 3637 5309 4027 4974 14340 11592 8050 414 689 609 3542 201 4832 1860 9012 2346 1764 717 380 337 6742
is_linear=0
shrinkage=0.05


Tree=18
num_leaves=31
num_cat=0
split_feature=59 59 18 58 51 60 21 59 41 37 10 59 19 4 38 43 17 38 51 58 6 17 60 58 5 58 59 37 41 32
split_gain=187.24 46.676 33.9423 28.3593 51.5086 28.5091 25.4298 29.6982 25.075 25.1112 25.007 24.5132 34.3204 21.8537 21.8463 20.41 19.9682 19.9681 26.2014 21.2742 21.307 25.3207 26.2967 22.186 20.9192 21.7893 19.8455 19.8386 18.9765 18.7929
threshold=-0.00030104361721224477 -0.0088424369798085004 0.0088782846644170042 0.00089536840164365346 1.0000000180025095e-35 0.68652113602434317 0.00074423163719289289 -0.017548071315661145 2.6090000000000006e-05 0.2797255100920038 1.0000000180025095e-35 0.0064530211313289692 0.0060575790336738107 0.52357142857143268 0.27459292981017525 0.00022501750000000003 0.83660403846732645 0.26254323037939969 1.0000000180025095e-35 -0.001464033692087411 5.5000000000000009 0.83358778625954655 0.28640618424240971 -0.0022742268890205059 0.0024152071779050791 0.0047871828133763611 -0.0015715729347782264 0.18722186799534943 -1.0000000180025095e-35 12.500000000000002
decision_type=2 2 2 2 2 2 2 2 2 2 2 2 2 2 2 2 2 2 2 2 2 2 2 2 2 2 2 2 2 2
left_child=1 2 6 4 -3 -6 7 -1 -4 -10 -8 12 13 -2 27 26 -9 29 -19 20 23 22 -22 -20 25 -21 -16 -5 -24 -15
right_child=11 3 8 14 5 -7 10 16 9 -11 -12 -13 -14 17 15 -17 -18 18 19 24 21 -23 28 -25 -26 -27 -28 -29 -30 -31
leaf_value=0.050665491905708709 -0.024257832544372519 0.0042553791923568866 -0.0113021185082574 0.0041248881202375406 0.01870270545374236 0.054638241615848307 0.023106299451452511 -0.0025750943107373005 0.073741921643669717 0.011644158964486999 0.088063208508200264 -0.017345591964146225 0.012962811845489801 -0.012532514358666867 0.016424712817533237 0.070991785721989165 0.024256273108964912 -0.015075473961832253 -0.033090959581391258 0.015728507579751274 0.18149547545820571 0.022698918077843282 -0.0035999840308572925 0.072169715990656649 -0.0055290276852046454 0.10398144967585064 -0.01700379531019797 -0.013447865832118811 0.12078054363612861 0.015345736644082711
leaf_weight=77.482677072286606 205.51323357969522 1206.4305048882961 125.56422099471092 258.45646478235722 229.97439072281122 72.61995992064476 27.77038536965847 98.628645792603493 17.908015131950378 179.08386289328337 31.764215260744095 746.61404801160097 199.09414047002792 1024.6182819530368 161.82821121066809 13.309355057775972 233.51633380353451 176.79173266142607 18.254237785935405 74.657760769128799 6.2677370607852962 27.740587204694748 6.4372366443276414 6.8974893763661376 220.80318181216717 7.7168961837887755 61.184736482799053 424.24077389389277 5.8564236387610409 64.240867801010609
leaf_count=404 1905 8906 819 1992 1578 456 146 618 95 1166 153 7484 1644 9781 1163 97 1305 1623 161 640 55 231 56 58 1957 66 489 3351 50 604
internal_value=-0.000114214 0.0081024 0.018645 0.00466475 0.00888176 0.0273269 0.0272291 0.0227913 0.00615927 0.0172893 0.0577635 -0.00959139 -0.00676023 -0.00888763 -0.00225954 0.0108431 0.0162888 -0.00696188 0.000790279 0.00827746 0.0328206 0.0529441 0.0981464 -0.00422478 0.00249307 0.0239961 0.00725343 -0.00679515 0.0556521 -0.0108877
internal_weight=6011.27 3219.76 791.718 2428.04 1509.02 302.594 469.162 409.628 322.556 196.992 59.5346 2791.5 2044.89 1845.8 919.02 236.322 332.145 1640.28 551.423 374.632 71.4537 46.302 18.5614 25.1517 303.178 82.3747 223.013 682.697 12.2937 1088.86
internal_count=49053 22738 4706 18032 10940 2034 2626 2327 2080 1261 299 26315 18831 17187 7092 1749 1923 15282 4897 3274 611 392 161 219 2663 706 1652 5343 106 10385
is_linear=0
shrinkage=0.05


Tree=19
num_leaves=31
num_cat=0
split_feature=59 59 7 13 32 6 17 21 38 43 42 54 13 17 45 12 43 59 21 41 21 7 43 5 59 49 62 62 42 60
split_gain=170.291 42.4377 37.5895 31.827 31.2858 27.6499 24.7165 22.3396 21.7588 21.6083 24.9126 21.3166 19.7192 20.0082 19.6439 19.1135 19.022 20.2661 17.376 21.9861 17.2939 17.5641 22.8629 17.1184 16.9067 18.0668 16.7633 19.8477 16.6509 16.5062
threshold=-0.0029655066132058257 0.00053301595747259 5.5000000000000009 0.24533548658856677 9.5000000000000018 8.5000000000000018 0.63870188196962852 0.002168405555576354 0.25529100529100474 -1.7499999999999999e-07 1.5050000000000002e-06 0.0081713487190494781 0.022719969496694824 2.2143297709640124 -0.00031635821742664237 0.55194233083367938 9.6850000000000352e-06 -0.012042605746047022 -0.0039696899979757899 4.674000000000001e-05 -0.0068924128365968297 4.5000000000000009 0.00014646625000000005 0.0049398647594123832 0.0064530211313289692 0.0016985986432806793 0.015080474428631337 0.0033194366583549667 0.00026873000000000006 0.34217047097583603
decision_type=2 2 2 2 2 2 2 2 2 2 2 2 2 2 2 2 2 2 2 2 2 2 2 2 2 2 2 2 2 2
left_child=2 8 4 24 6 18 -1 14 20 -5 -11 -12 15 -14 -7 -8 -6 -18 -4 -20 -2 23 -23 26 25 -3 27 -22 -26 -10
right_child=1 3 5 9 16 7 12 -9 29 10 11 -13 13 -15 -16 -17 17 -19 19 -21 21 22 -24 -25 28 -27 -28 -29 -30 -31
leaf_value=-0.0087819745648924138 -0.036702682108945214 -0.0128930591996795 -0.052490211940489841 -0.015524107071353668 0.0070550226982956368 0.044764026101352494 0.012740156689563856 0.10189404751222993 0.00072631820763395766 0.10759916803170622 -0.0011438482460116193 0.027858676870625029 0.0065813866380700749 0.037707712180583136 0.0027676613673046999 0.066206605422243756 0.088681488442812012 0.031242058881601253 0.048959801231478785 -0.011985511073354767 0.0088232454723125974 -0.014532818200803058 0.042039047929825629 -0.016296217797575823 -0.023290884154230175 0.0034895307150358684 0.088957400192322067 -0.029087303732193544 0.017550081713818048 0.017631880689027889
leaf_weight=221.77411257475615 39.833224736154079 1162.3512210473418 11.53427432477474 149.28644996881485 71.513348899781704 124.59863472729921 39.533884480595589 13.701226808130739 348.06723703444004 6.0538489297032347 283.70676758140326 81.571851640939713 1279.0568664595485 53.800484448671341 35.858300127089024 28.960222855210304 17.84432926774025 110.1441405788064 26.17059500515461 34.053922891616821 405.96603357046843 343.27321674674749 18.83967674523592 98.342658154666424 484.80759899318218 196.78004525601864 6.1142916530370703 37.733645528554916 26.311100944876671 246.74255772680044
leaf_count=1591 338 11165 79 1362 458 793 269 83 2735 54 2591 706 8323 298 232 186 96 721 165 228 3317 2873 151 822 5076 1820 51 316 262 1892
internal_value=-0.000114676 -0.00621918 0.0115002 -0.0103927 0.00902444 0.0298498 0.0067278 0.0406117 0.000239688 0.000541311 0.00700008 0.00533282 0.00918234 0.00783779 0.0353788 0.0353465 0.0277096 0.0392503 0.00373079 0.0144983 -0.00445536 -0.00304422 -0.0115895 0.00260084 -0.0134364 -0.0105211 0.00673229 0.00559921 -0.0211885 0.00773918
internal_weight=6004.33 3935.78 2068.54 2390.87 1822.63 245.917 1623.13 174.158 1544.91 520.619 371.332 365.279 1401.35 1332.86 160.457 68.4941 199.502 127.988 71.7588 60.2245 950.103 910.27 362.113 548.157 1870.25 1359.13 449.814 443.7 511.119 594.81
internal_count=49053 35531 13522 23036 11942 1580 10667 1108 12495 4713 3351 3297 9076 8621 1025 455 1275 817 472 393 7868 7530 3024 4506 18323 12985 3684 3633 5338 4627
is_linear=0
shrinkage=0.05


Tree=20
num_leaves=31
num_cat=0
split_feature=59 17 59 37 5 50 63 52 59 50 16 51 58 5 46 58 37 60 11 58 21 21 41 59 58 38 38 54 59 9
split_gain=153.607 42.0465 25.5835 31.1734 32.4451 23.865 23.5686 22.3359 18.453 27.1956 28.8844 17.9498 23.3526 17.8127 22.7831 17.8061 17.7354 17.3774 21.8864 17.0862 17.0202 18.5423 21.2438 16.5184 16.4417 22.2265 21.1519 16.2463 16.1766 16.0917
threshold=-0.00030104361721224477 1.2512077294685904 -0.0043354466300243562 0.62241591121331252 0.0033108192043054467 0.0011357463414998303 -0.0065863761641992511 0.1192636118169171 0.008705694615118208 0.006382447393375003 0.21337398373983246 1.0000000180025095e-35 0.0044875382502630639 0.0056988079704308045 0.00077527260701697762 -0.0019135014033809705 0.72161195601887351 0.15271637619738218 -0.83424505822858241 -0.0058712684947087044 -0.0052292065307329638 -0.0027131793710062249 1.7550000000000003e-05 -0.0084159032942590969 0.00089536840164365346 0.13710007087570747 0.38423645320196959 0.0056603151414600962 -0.0064634917019011891 1.0000000180025095e-35
decision_type=2 2 2 2 2 2 2 2 2 2 2 2 2 2 2 2 2 2 2 2 2 2 2 2 2 2 2 2 2 2
left_child=1 2 3 -1 15 13 19 -7 9 -9 16 23 27 14 -2 -5 -11 -16 -19 -4 -21 22 -22 -3 26 -26 -8 28 -13 -27
right_child=5 11 6 4 -6 7 24 8 -10 10 -12 12 -14 -15 17 -17 -18 18 -20 20 21 -23 -24 -25 25 29 -28 -29 -30 -31
leaf_value=0.014989952405424846 -0.012399419247837355 0.022701885664895116 -0.021144783169286946 0.076696355606612934 -0.0071958134296537055 -0.0095614737963691295 0.00089815794523799173 0.0047515084087507648 -0.0097082293286294852 0.039515626453194237 0.092385100125449843 0.065768082480847298 -0.0042255985094835904 -0.029195264419925829 -0.021643687349980716 0.010654205093047691 -0.042811405775361203 0.13283759933012354 0.024590277691366964 -0.031729645848076977 0.15235855745137389 0.027946971142420507 0.032388932718790363 0.0061452019263512625 0.072562501881240887 -0.017623400547193569 0.077845202202502434 0.099138630618791454 0.025824196620034007 0.0029110156874818764
leaf_weight=779.85745868086815 1282.7221308350563 250.51839298009872 17.798524118959904 18.151696160435677 352.17964323610067 725.1284304484725 665.84657018631697 327.21197453886271 173.32513324171305 21.355150364339355 19.244490869343281 31.986636996269226 40.48475655913353 154.55044260621071 12.680720008909701 23.316608734428883 9.4307416006922704 6.0750387534499195 20.184513255953789 8.8975448533892614 7.2576435282826406 52.572338491678238 7.5066841170191765 377.88458136469126 7.967209316790103 328.81169844418764 9.0525256022810918 10.24500762671232 122.11062803864479 134.40461649745703
leaf_count=4940 12398 1366 131 113 2528 7032 5105 2902 1626 175 163 154 272 1574 118 153 77 61 189 66 50 351 53 2661 62 2744 66 59 797 1067
internal_value=-0.000114549 0.00725143 0.00390832 0.00920012 -0.00227013 -0.00880533 -0.00109925 -0.00379652 0.00379625 0.0100009 0.0443335 0.0169355 0.0297896 -0.0131338 -0.0112556 0.0395625 0.0142961 0.026422 0.0496328 0.0229651 0.0332635 0.0418514 0.0913619 0.0127457 -0.00307367 -0.010241 0.00193026 0.038169 0.0341155 -0.0116652
internal_weight=5998.76 3246.85 2413.62 1173.51 393.648 2751.91 1240.12 1275.7 550.567 377.242 50.0304 833.23 204.827 1476.21 1321.66 41.4683 30.7859 38.9403 26.2596 94.0327 76.2342 67.3367 14.7643 628.403 1146.08 471.184 674.899 164.342 154.097 463.216
internal_count=49053 22738 17429 7734 2794 26315 9695 11975 4943 3317 415 5309 1282 14340 12766 266 252 368 250 651 520 454 103 4027 9044 3873 5171 1010 951 3811
is_linear=0
shrinkage=0.05


Tree=21
num_leaves=31
num_cat=0
split_feature=59 59 18 63 18 50 58 6 6 59 58 2 58 43 20 41 38 59 50 37 35 19 55 64 6 60 58 42 60 41
split_gain=139.782 43.7218 36.0659 26.1436 30.2527 24.9061 24.2759 24.0184 38.8549 26.1653 36.8188 35.5349 23.7448 36.7323 23.9976 25.6733 23.1519 22.7775 24.313 24.7751 21.4102 25.277 20.5023 19.6807 19.6238 25.807 19.1954 27.8936 23.2821 18.5255
threshold=0.00053301595747259 -0.0064634917019011891 0.0051259559432271394 -0.0093321214120904803 0.0095821431496622249 0.0011357463414998303 -0.0041518603969802692 9.5000000000000018 15.500000000000002 0.008705694615118208 0.0027837989544954402 0.012315823522083874 -0.003514133181772139 1.1181250000000026e-05 -0.010750732453919746 2.9220000000000005e-05 0.24818582631636024 0.0027456073984877647 0.0044703167082122434 0.3508130618720266 0.16225990913899854 -0.0014289646879062062 1.0000000180025095e-35 0.52166567976734546 19.500000000000004 0.62181019838474361 -0.00090406650207759307 1.0255000000000001e-05 0.21286678017022112 6.743000000000001e-05
decision_type=2 2 2 2 2 2 2 2 2 2 2 2 2 2 2 2 2 2 2 2 2 2 2 2 2 2 2 2 2 2
left_child=1 2 -1 6 12 -2 -3 -7 9 10 -9 17 13 -5 -15 -16 22 -12 -19 -20 -14 -22 26 -8 -17 -26 28 -28 29 -4
right_child=5 3 16 4 -6 7 23 8 -10 -11 11 -13 20 14 15 24 -18 18 19 -21 21 -23 -24 -25 25 -27 27 -29 -30 -31
leaf_value=0.036168549156664287 -0.014674759624462375 -0.0046313805804530511 0.0088057677109990833 -0.0051029258988878647 -0.022114525231222017 -0.013262319382355623 0.056183955001169954 0.0116257946215843 -0.0090960547646782228 -0.0084142505621289578 0.09384245965186841 0.15234965212807269 -0.0027185956867098546 -0.011971498050674025 0.10392237346495625 0.023508073374327098 0.023152638121981602 -0.0086922220475850222 0.15408776062420679 0.0055144135273980342 -0.00012124060473330751 0.02276862438730742 0.02700418057237218 0.010375076014497549 0.01823642023017048 0.13102174377447751 0.053130872068833004 -0.017439806875155825 0.0038169023364507879 0.066097001466524266
leaf_weight=158.93607766181231 1193.4719613343477 53.217511184513569 27.589437648653984 117.18907984346151 133.71819364279509 460.7876218482852 57.177697703242302 165.12649769335985 389.84940128028393 88.61870238929987 14.760263323783873 8.4954663738608343 1419.1635777726769 26.105128884315491 14.233309626579283 97.474020570516586 266.56817933171988 23.895891495049 5.6666111722588521 5.5580742284655571 291.90756603330374 205.52709022909403 99.917544141411781 39.744501054286957 9.6522936522960681 10.688156150281428 15.328177370131014 161.863973043859 401.28137300163507 28.880822695791721
leaf_count=890 11986 380 171 862 1141 4427 360 1477 3785 842 122 67 11249 194 100 703 1539 230 50 50 2100 1455 581 264 74 77 94 1036 2567 180
internal_value=-0.000114194 0.00603307 0.0140417 0.00227957 0.000974088 -0.00960073 0.0225014 -0.00439267 0.00142954 0.0145763 0.0236921 0.0578234 0.0023826 0.0161126 0.0318329 0.0404928 0.01053 0.0417242 0.0198202 0.0805194 0.000410126 0.00933626 0.00595112 0.0373993 0.0328298 0.0775009 0.00263812 -0.011335 0.00804701 0.0381065
internal_weight=5992.39 3636.16 1160.37 2475.8 2325.66 2356.23 150.14 1162.76 701.971 312.122 223.503 58.3763 2191.94 275.342 158.153 132.048 1001.43 49.8808 35.1206 11.2247 1916.6 497.435 734.861 96.9222 117.814 20.3404 634.944 177.192 457.752 56.4703
internal_count=49053 26017 7058 18959 17955 23036 1004 11050 6623 2838 1996 519 16814 2010 1148 954 6168 452 330 100 14804 3555 4629 624 854 151 4048 1130 2918 351
is_linear=0
shrinkage=0.05


Tree=22
num_leaves=31
num_cat=0
split_feature=17 63 63 21 58 18 10 51 6 43 7 38 6 62 37 38 7 58 2 37 41 53 4 2 6 5 4 42 58 31
split_gain=53.9179 38.5749 29.9078 26.8026 26.5807 30.5744 31.7669 29.0276 25.0242 24.239 22.4407 21.0637 22.596 21.0113 20.4378 25.4331 23.0626 18.3718 20.4136 18.0265 18.7659 19.4558 17.9127 17.8703 17.8536 17.8032 17.1366 15.8984 15.8534 15.7095
threshold=1.2512077294685904 0.0011811785531393416 -0.0070977227912305835 -0.0014066886398135126 -0.00098100565470447105 0.0090369357925801658 1.0000000180025095e-35 1.0000000180025095e-35 11.500000000000002 8.1461250000000002e-05 4.5000000000000009 0.24818582631636024 16.500000000000004 -0.020092388223908238 0.62800111091163491 0.21598527125513375 5.5000000000000009 -0.0022742268890205059 -0.011417963775226646 0.11848473205414191 3.3965000000000011e-05 0.0018915461714086525 1.8460714285714297 -0.00056169917197304911 14.500000000000002 0.0049705731124491583 0.96357142857143241 4.0000000000000003e-07 -0.0041518603969802692 0.010798317577976424
decision_type=2 2 2 2 2 2 2 2 2 2 2 2 2 2 2 2 2 2 2 2 2 2 2 2 2 2 2 2 2 2
left_child=1 2 3 13 5 6 9 14 -2 23 17 27 -13 -1 15 16 19 18 -11 -8 -21 -22 -5 -4 -16 -17 -19 -6 -20 -10
right_child=8 -3 4 22 11 -7 7 -9 29 10 -12 12 -14 -15 24 25 -18 26 28 20 21 -23 -24 -25 -26 -27 -28 -29 -30 -31
leaf_value=0.060942723204785526 0.0011636368288179594 -0.015852217495737314 0.0038689939553027564 0.038298521828249277 0.061126552271943441 -0.010887875143021876 0.10778201194588957 0.045014956662631916 0.010469018404541928 -0.046454194751981925 -0.011671546128737685 0.0059425950521005289 -0.011448532066906214 -0.0010772516733183917 0.037115509328333005 -0.0018622278693699635 0.12564518473413674 0.0086515632836039434 0.034387372359404665 -0.0035697405110963936 0.029374086513086203 0.11595163429814355 -0.022880059135475788 -0.015698667876622059 -0.018424189677948767 0.056080886745560055 0.069240039973429576 -0.0099399964698038933 -0.0027258808516130682 0.027238353254754835
leaf_weight=14.557150743901728 659.44061835855246 502.18264058977365 230.35328119248152 109.18133410811424 7.9136496856808654 312.00035028904676 7.3390955477952948 81.592671796679497 595.05629899352789 13.234196700155733 66.191892951726913 582.70361170172691 274.88222524523735 220.65158290416002 17.854089163243771 103.47104654461145 7.4546993672847739 18.070683918893337 69.480790115892887 30.649442985653877 27.81865718215704 8.4631190076470357 13.437229126691816 236.44471105933189 76.333215601742268 15.204707138240336 32.950123302638531 1419.6168562248349 49.114106692373753 182.49031995981932
leaf_count=96 5013 4555 1742 749 67 2630 55 696 4334 92 544 4867 2362 1548 129 800 53 137 574 236 209 62 104 2089 597 110 263 12683 399 1258
internal_value=-0.000114741 -0.00278175 -0.00115985 0.0126416 -0.00249852 0.00291598 0.00685987 0.0186238 0.00832836 0.000677823 0.0132743 -0.0058253 0.000368212 0.00276119 0.0113141 0.0203429 0.0418075 0.0223047 0.0124449 0.0333925 0.0252356 0.0495692 0.0315942 -0.00604251 -0.00789612 0.00556143 0.0477807 -0.00954603 0.0190175 0.0144048
internal_weight=5986.13 4549.15 4046.96 357.827 3689.14 1404.02 1092.02 376.181 1436.99 715.84 249.042 2285.12 857.586 235.209 294.588 200.401 81.725 182.85 131.829 74.2703 66.9312 36.2818 122.619 466.798 94.1873 118.676 51.0208 1427.53 118.595 777.547
internal_count=49053 38448 33893 2497 31396 11417 8787 2947 10605 5840 2009 19979 7229 1644 2251 1525 615 1465 1065 562 507 271 853 3831 726 910 400 12750 973 5592
is_linear=0
shrinkage=0.05


Tree=23
num_leaves=31
num_cat=0
split_feature=59 59 19 59 18 38 50 17 5 59 47 38 4 21 1 4 63 21 51 48 5 52 15 5 36 58 51 58 59 18
split_gain=125.387 29.5291 30.0362 27.8589 30.767 28.2757 26.5864 32.7256 24.5094 22.2391 20.3628 19.2418 19.443 19.0521 18.1877 17.3692 16.9596 19.7826 16.4558 16.3774 32.1589 16.3719 16.3718 16.5333 16.2426 15.7975 15.4188 24.9311 22.3869 20.8668
threshold=-0.0018873181724142248 0.0064530211313289692 0.0063661909122049503 -0.012042605746047022 0.0088064943690627298 0.30624178322387879 -0.002181034805992296 1.1529411764705937 0.0057658349163690649 -0.0064634917019011891 0.00083651571887188804 0.25951578697384764 0.55642857142856994 0.003579473383608494 0.00044079776533666811 0.70571428571428851 -0.0097234447032039945 -0.0013657796134718054 1.0000000180025095e-35 0.00047038465510406303 0.0027748060829525011 0.16405056920319841 0.38805970149253383 0.0035189016065322078 3.2296349487561842 0.0084443228413062978 1.0000000180025095e-35 -0.001464033692087411 0.0012691053768589071 0.0036560574535289612
decision_type=2 2 2 2 2 2 2 2 2 2 2 2 2 2 2 2 2 2 2 2 2 2 2 2 2 2 2 2 2 2
left_child=3 2 11 4 18 -6 13 8 16 -9 24 19 -13 -5 -10 -3 17 -8 -1 -2 -21 -17 -11 -24 -4 26 28 -28 -14 -29
right_child=1 15 10 6 5 -7 7 9 14 22 -12 12 25 -15 -16 21 -18 -19 -20 20 -22 -23 23 -25 -26 -27 27 29 -30 -31
leaf_value=0.026592956337450409 -0.0098045832904770699 -0.03785744112583108 0.0063080411851655031 -0.0047986315836658494 0.002276253131298559 0.071309513811220013 0.015012270846988075 0.044033299624767167 0.0089524172501799695 0.0098835362664172859 0.08734739387921775 -0.016379677497850711 0.0055517392854188561 0.024784346163374823 -0.033238956253885808 -0.018942417452802493 0.0059295193138146638 0.077544547811451481 0.068084170307351463 0.10251831500826609 0.00041463813755130552 -0.0024429974869500191 0.063207906553209833 -0.0042991720439072437 0.055145245036198526 -0.038824900770623588 0.033272819509035628 0.039360644413519177 -0.023771690765848823 0.00037013937234609727
leaf_weight=229.88077530264854 1523.3590615913272 76.904140688478947 176.81890605390072 639.83601704239845 243.44659874588251 15.795692689716814 43.537261657416821 91.166147999465466 40.999523133039474 221.37571350485086 9.1441943794488889 147.76366935670376 191.52363538742065 59.484968848526478 67.754048906266689 397.8474317714572 822.50602474063635 17.82649852335453 26.6695416867733 9.3697181940078718 43.584681712090969 241.68267668783665 30.863531939685345 12.844516552984713 18.839251168072224 21.521420367062092 94.014869078993797 38.297200933098793 98.595878832042217 329.96887236833572
leaf_count=1211 14439 811 1449 4299 1535 81 276 531 320 1466 68 1307 1614 414 542 4356 5814 95 115 84 414 2317 196 83 129 195 755 312 959 2866
internal_value=-0.000113923 -0.00638183 -0.00398956 0.00824473 0.0186306 0.00648247 0.00562928 0.00973101 0.00506534 0.022731 0.0144188 -0.00549879 0.00024009 -0.00228227 -0.017333 -0.0154069 0.00782129 0.0331782 0.0309062 -0.00885437 0.0184808 -0.0127072 0.0154048 0.0433696 0.0110104 0.00341328 0.00462144 0.0102917 -0.0044137 0.00442489
internal_weight=5983.22 3419.24 2702.8 2563.99 515.793 259.242 2048.19 1348.87 992.623 356.25 204.802 2498 921.686 699.321 108.754 716.434 883.87 61.3638 256.55 1576.31 52.9544 639.53 265.084 43.708 195.658 773.922 752.4 462.281 290.12 368.266
internal_count=49053 32075 24591 16978 2942 1616 14036 9323 7047 2276 1646 22945 8008 4713 862 7484 6185 371 1326 14937 498 6673 1745 279 1578 6701 6506 3933 2573 3178
is_linear=0
shrinkage=0.05


Tree=24
num_leaves=31
num_cat=0
split_feature=59 59 18 37 50 45 6 6 59 7 20 41 60 42 50 63 41 59 50 62 7 12 32 62 59 4 20 59 21 17
split_gain=115.284 35.8392 26.603 25.4766 22.6669 21.6563 21.3598 33.577 22.741 24.3003 21.5362 28.6919 21.0055 32.7818 22.7983 20.919 20.5028 18.2826 23.1556 20.0682 19.541 18.2341 17.9278 17.9212 25.4361 17.8829 17.9082 17.4971 20.0754 17.2891
threshold=0.00053301595747259 -0.011149249180822158 0.0095821431496622249 0.43003497872615254 0.0011357463414998303 0.00084708768926438011 9.5000000000000018 15.500000000000002 0.008705694615118208 3.5000000000000004 0.010257241355309211 8.3290000000000011e-05 0.56844415207798782 3.4095000000000012e-05 0.0066452621353278269 0.00085353574446565925 0.00028747500000000009 -0.0033120583526565568 -0.002181034805992296 0.017123500650838171 1.5000000000000002 2.9665135494452288 4.5000000000000009 -0.012232347506433814 -0.0026046312056018719 1.4117857142857144 -0.0020466157835317424 0.0020834252699766845 3.630084751227494e-05 1.0476190476190428
decision_type=2 2 2 2 2 2 2 2 2 2 2 2 2 2 2 2 2 2 2 2 2 2 2 2 2 2 2 2 2 2
left_child=1 3 5 -1 -2 15 -6 8 9 12 -11 -12 13 29 27 16 17 18 -3 20 -19 -20 -7 24 -17 26 -5 28 -15 -8
right_child=4 2 -4 25 6 22 7 -9 -10 10 11 -13 -14 14 -16 23 -18 19 21 -21 -22 -23 -24 -25 -26 -27 -28 -29 -30 -31
leaf_value=0.032101877886064466 -0.013724468199969121 0.0012608781538111192 -0.01291930228703313 0.016865121700357935 -0.012310401303195089 0.010248621851319195 0.18735880818230363 -0.0082889748851392147 -0.0078812032428990115 -0.0075651935170092683 -0.0045187160845559038 0.12767448192363073 0.0080021560854995413 0.011882855903872619 0.10891544319437332 -0.013897614975822217 -0.03155221144430944 0.012859376289537584 0.014923601578905375 0.090705361238462984 -0.001584380928463473 0.06878144829279724 0.065313643591057222 -0.013684599291668199 0.10582376067571253 0.0005059652453185936 0.074099527745435267 0.012257294843197283 0.12630892141693456 0.069709520239071135
leaf_weight=185.00973479449749 1170.6004999876022 415.30784949660301 234.67366354167461 157.24238347262144 452.30871570110321 33.848144665360451 5.9182007387280446 384.10559363663197 87.769125215709209 80.393802493810654 9.1140013635158557 7.4681592285633078 43.830110438168049 7.1324414908885947 9.7813809588551504 10.226482659578325 37.157060138881207 300.08070313185453 684.97520007938147 6.3465775400400153 1066.0751701518893 16.084473431110382 26.240678861737251 229.60690714418888 7.8361110538244239 228.65255086123943 14.968168765306471 48.668900139629841 8.2864728420972806 6.6109780892729759
leaf_count=918 11986 2703 1904 888 4427 227 53 3785 842 740 73 58 382 60 75 66 259 2341 4456 50 8557 88 175 1798 59 1459 69 440 61 54
internal_value=-0.000113196 0.00542239 0.00325874 0.0167543 -0.00882507 0.00459849 -0.00384392 0.00163395 0.0137348 0.0220851 0.00313598 0.0550175 0.0361957 0.0504984 0.0378142 0.00395514 0.0053148 0.0058652 0.0106168 0.00200032 0.00158824 0.0161593 0.0342954 -0.00991222 0.0380412 0.00967097 0.0218398 0.0269624 0.073378 0.125282
internal_weight=5976.32 3654.33 3068.46 585.873 2321.99 2833.79 1151.39 699.079 314.974 227.204 96.976 16.5822 130.228 86.3984 73.8692 2773.7 2526.03 2488.87 1116.37 1372.5 1366.16 701.06 60.0888 247.67 18.0626 400.863 172.211 64.0878 15.4189 12.5292
internal_count=49053 26017 22683 3334 23036 20779 11050 6623 2838 1996 871 131 1125 743 636 20377 18454 18195 7247 10948 10898 4544 402 1923 125 2416 957 561 121 107
is_linear=0
shrinkage=0.05


Tree=25
num_leaves=31
num_cat=0
split_feature=59 17 59 50 63 6 20 51 18 37 6 50 59 51 59 58 58 2 1 63 63 45 6 49 41 12 63 59 59 1
split_gain=104.457 35.0855 24.5665 30.1671 21.6838 29.3265 26.1833 21.5494 21.0814 20.6874 20.4627 25.4476 31.1762 21.6355 21.2674 25.1567 29.5746 23.1859 20.9208 20.1806 19.1423 18.8486 22.8303 18.4024 18.3184 17.7113 19.0126 17.5506 17.1709 17.1414
threshold=0.00053301595747259 0.86610107604733855 -0.0086456657403263856 -0.0012937746057381761 -1.0000000180025095e-35 6.5000000000000009 0.0026156904571627056 1.0000000180025095e-35 0.0088782846644170042 0.60140031335684174 15.500000000000002 0.006382447393375003 0.011294299539410612 1.0000000180025095e-35 0.0049647353640902307 -0.0030932404210676843 -0.0040665247921489985 0.013296212397877557 0.0067992606705514656 0.0011811785531393416 0.0065552805153609693 0.00060113371363612188 22.500000000000004 -0.00029473687205865123 -0.00017236499999999998 1.1324852250797417 -0.00041806404992081276 -0.0033120583526565568 -0.0043354466300243562 -0.0054466876806253213
decision_type=2 2 2 2 2 2 2 2 2 2 2 2 2 2 2 2 2 2 2 2 2 2 2 2 2 2 2 2 2 2
left_child=1 9 8 19 6 -6 24 27 -3 28 11 13 23 -7 15 16 -15 20 -19 -4 29 -12 -23 -13 -2 26 -9 -5 -1 -17
right_child=4 2 3 7 5 10 -8 25 -10 -11 21 12 -14 14 -16 17 -18 18 -20 -21 -22 22 -24 -25 -26 -27 -28 -29 -30 -31
leaf_value=0.011199576328282508 0.075147623285816881 0.025580729871133186 0.00072539021939196338 0.016324607903750885 -0.019463115926419815 -0.020622538024744497 0.028476746134677978 0.067564911882811357 0.0055201587431181216 -0.010727872765924235 -0.014668220383384167 0.13035159625142062 -0.0082099455331810338 0.021674899210166507 -0.011282346787406744 0.043370015274444604 0.14597902125509551 0.13357510211753088 0.020648778074150418 -0.029985320084768636 -0.035014180668292587 0.0048944196472821755 0.11042561972845602 0.040108304090818357 -0.011934081967451686 0.036161826148572322 0.0083248671846241889 -0.00085140262107157635 -0.0020384678620697081 0.00165325448686517
leaf_weight=382.42872732877731 6.3596951365470877 353.06947509199381 643.29352166503668 254.42110293358564 587.41989970207214 152.6031426563859 84.060314506292343 14.612232521176336 208.18710966408253 391.09866727143526 654.99911113083363 6.6141556128859511 37.814973190426826 15.819377690553667 228.55918934941292 27.361824192106724 6.8601265698671332 6.2744751721620586 11.841910757124422 58.344361715018749 32.053322441875935 36.636642344295979 5.9584607779979697 38.71953984349966 119.80613924562931 133.74111127853394 185.2944418489933 358.00205080211163 681.41604059189558 246.13599446415901
leaf_count=2418 53 1822 4553 1663 6064 1502 727 98 1244 3068 6805 55 351 146 2395 255 59 57 92 437 310 367 56 311 1096 888 1435 2879 5512 2335
internal_value=-0.000112761 0.00513418 0.00910509 0.00602766 -0.00844978 -0.00998545 0.00685882 0.0118539 0.0181397 -0.000894648 -0.00629418 -0.000891654 0.0253123 -0.00388656 0.00055584 0.00836802 0.0592746 0.00480098 0.05976 -0.00182834 0.00154242 -0.0125723 0.0196568 0.0532747 -0.00754452 0.0220776 0.012655 0.00628409 0.00272032 0.00582677
internal_weight=5969.81 3663.91 2208.97 1647.71 2305.9 2095.67 210.226 946.071 561.257 1454.94 1508.25 810.658 83.1487 727.509 574.906 346.347 22.6795 323.668 18.1164 701.638 305.551 697.594 42.5951 45.3337 126.166 333.648 199.907 612.423 1063.84 273.498
internal_count=49053 26017 15019 11953 23036 21160 1876 6963 3066 10998 15096 7868 717 7151 5649 3254 205 3049 149 4990 2900 7228 423 366 1149 2421 1533 4542 7930 2590
is_linear=0
shrinkage=0.05


Tree=26
num_leaves=31
num_cat=0
split_feature=59 17 13 7 6 7 6 23 6 59 59 63 43 42 32 37 11 19 54 47 17 37 54 58 47 19 54 21 45 63
split_gain=94.6901 31.4213 25.0557 21.9487 27.4375 23.857 21.8114 22.9394 32.028 20.2553 19.9872 19.2529 19.2306 20.404 19.1762 18.79 17.6709 17.3214 16.8438 18.1897 16.8075 18.6481 16.7872 16.5481 17.4036 15.7793 15.2569 23.7636 15.1316 14.9477
threshold=0.00053301595747259 0.86610107604733855 0.24533548658856677 5.5000000000000009 8.5000000000000018 4.5000000000000009 15.500000000000002 -3.4027453148392912e-05 12.500000000000002 -0.0081528322801396619 -0.002295102883644891 -0.011444032091124984 -1.7499999999999999e-07 1.5050000000000002e-06 10.500000000000002 0.60140031335684174 -0.51541881693858349 -0.0015247433603383087 -0.010708881862346708 -8.9846744224124757e-05 1.844673491815614 0.23158616729107392 0.0081713487190494781 -0.0024571388048944165 -0.00015337204767544194 -0.010935223198788233 0.0027754012213488657 0.0026796521430584755 -0.00013857275246056529 -0.010198053265202227
decision_type=2 2 2 2 2 2 2 2 2 2 2 2 2 2 2 2 2 2 2 2 2 2 2 2 2 2 2 2 2 2
left_child=1 15 29 5 20 6 7 9 -9 25 -10 -7 -4 -14 18 23 -6 -16 -11 -20 21 -5 -15 -1 -25 -3 27 -18 -26 -2
right_child=2 3 12 4 16 11 -8 8 10 14 -12 -13 13 22 17 -17 26 -19 19 -21 -22 -23 -24 24 28 -27 -28 -29 -30 -31
leaf_value=0.013200693307262149 0.011332826795550704 0.0023237922777372996 -0.013807623213753537 0.018219565873204072 0.067407595767269998 0.059357254356877401 -0.00085815021892791704 0.014354990992208848 0.068727471439453222 -0.035544700000079033 0.019695700812055433 -0.0084138359480041801 0.095588313063036862 0.00025907765439328498 0.012780247313730828 -0.010268912202332118 0.025303875124754849 0.076238017821247561 -0.0021301624430573279 0.030965845210428944 0.069817077414647308 -0.023388382880477079 0.025885991907801383 -0.0041011655546916966 0.079616393337791344 0.026262416301260957 -0.011665026650263227 0.096388446999348842 0.011730846458652753 -0.011837637293577147
leaf_weight=272.83261064440012 72.564438439905643 103.60586699843407 144.07957938313484 49.652553714811802 28.807373896241188 10.854972884058951 411.82824044674635 244.34363856166601 53.34455730766058 33.165182217955589 34.051896341145039 303.07658538967371 6.4943902492523184 277.17253797501326 38.85027077049017 388.22468470036983 151.20655404031277 14.869394719600676 386.0858396589756 46.518032036721706 8.2180933803319913 58.841954328119755 83.051644019782543 679.30330941081047 8.9098512530326825 205.13362365961075 24.243840768933296 12.748403273522852 104.30094984918833 1707.0876182764769
leaf_count=1856 587 573 1362 372 212 66 2791 1720 286 231 242 2247 54 2591 263 3068 1000 102 2741 323 52 438 706 5233 67 1101 172 87 774 17736
internal_value=-0.000112632 0.0048627 -0.00809118 0.00860524 0.0204248 0.00651352 0.0090269 0.0125364 0.0236464 0.00808641 0.0496234 -0.00607048 0.00167008 0.0077511 0.00205842 -0.000851759 0.0309389 0.0303451 -0.00120403 0.00142866 0.000875596 -0.00434649 0.0061675 0.00257996 -0.00107636 0.0182292 0.0253567 0.0308311 0.0170735 -0.0108929
internal_weight=5963.47 3673.02 2290.45 2219.45 333.719 1885.73 1571.8 1159.97 331.74 828.228 87.3965 313.932 510.798 366.719 519.489 1453.57 217.006 53.7197 465.769 432.604 116.713 108.495 360.224 1065.35 792.514 308.739 188.199 163.955 113.211 1779.65
internal_count=49053 26017 23036 15019 2333 12686 10373 7582 2248 5334 528 2313 4713 3351 3660 10998 1471 365 3295 3064 862 810 3297 7930 6074 1674 1259 1087 841 18323
is_linear=0
shrinkage=0.05


Tree=27
num_leaves=31
num_cat=0
split_feature=59 7 59 51 54 58 35 32 32 50 4 38 60 60 47 59 21 58 5 60 4 15 18 59 17 13 4 18 43 43
split_gain=87.4268 30.4219 28.7996 30.6484 32.7845 28.9417 31.0178 25.2843 24.8993 23.0875 22.3582 30.0269 33.1988 32.9899 29.7965 19.1562 18.8414 29.5252 18.8345 24.3372 28.8356 22.2411 21.0273 18.262 16.9581 18.4245 16.6737 15.9231 15.7724 15.3884
threshold=-0.0029655066132058257 5.5000000000000009 0.0064530211313289692 1.0000000180025095e-35 0.013007352008959893 -0.00048789735364020587 0.047333423592700014 17.500000000000004 9.5000000000000018 0.0061255527800788993 0.86071428571428521 0.25262592697149749 0.22818230568497719 0.0015741243249390747 -0.00046733219176285369 -0.0018873181724142248 -0.0027736360833274304 -0.0022742268890205059 0.0027981853752579505 0.88354318653970554 1.0792857142857184 0.3272727272727069 0.0041001557304234148 -0.017548071315661145 0.61545460731008672 0.022719969496694824 0.70571428571428851 0.01233111247467125 0.00038177750000000009 9.6850000000000352e-06
decision_type=2 2 2 2 2 2 2 2 2 2 2 2 2 2 2 2 2 2 2 2 2 2 2 2 2 2 2 2 2 2
left_child=1 8 3 -2 5 7 18 10 24 -8 -5 15 13 -13 -15 -12 23 -18 19 20 -7 22 -21 -3 -1 -26 -4 28 -28 -10
right_child=2 16 26 4 -6 6 9 -9 29 -11 11 12 -14 14 -16 -17 17 -19 -20 21 -22 -23 -24 -25 25 -27 27 -29 -30 -31
leaf_value=-0.010304124511112345 -0.0084677421475750133 0.053426196525625351 -0.036480714313967072 -0.0017917372764281554 0.055597896098738164 -0.0052085768269157793 0.0057632205957332148 0.088895831536534381 0.0037102981323896868 0.068037471215354001 0.058752830269308047 0.011363460902873346 0.024603414438905791 0.070377007098952088 0.20559011180394618 -0.0016607202695805299 0.088286948809913932 0.026321412394835281 -0.014203281190997095 0.16851651495666081 0.080499560463429959 -0.016479960113931668 0.040764675825061041 0.00046930280864146266 0.029513871802526459 0.0042575803023370317 -0.0097372876144816538 -0.034292171851619396 0.045640802140352821 0.03213032861682015
leaf_weight=190.16038347035646 1299.098472058773 19.541153267025948 72.871356502175331 218.95285671204329 27.657117947936058 332.21846640110016 419.87318012863398 10.312644623219965 73.684012070298195 15.430287823081015 14.727415665984152 8.5499138236045855 76.688314042985439 8.868515610694887 7.5372491031885138 120.3288192152977 22.990629643201828 117.31893337517977 539.62045120447874 5.3197950497269657 10.112241022288798 7.4493573904037467 8.1641673371195775 97.538021385669708 76.133100084960461 1401.341830573976 540.73615069687366 66.626277722418308 13.170875601470469 134.70728895813227
leaf_count=1366 11501 110 811 1936 214 3099 3545 78 458 108 84 70 607 71 58 1132 122 724 5253 51 91 73 76 624 487 8814 5829 716 128 817
internal_value=-0.000111464 0.00799798 -0.00463536 -0.00259341 0.00157259 0.000744397 -0.00299252 0.0114763 0.00578641 0.00797067 0.00972409 0.0203765 0.0409043 0.0909965 0.132498 0.00492717 0.0241174 0.0364749 -0.00827815 0.000523485 -0.00267681 0.0528592 0.0911663 0.0093081 0.00375014 0.00555902 -0.0138553 -0.0111983 -0.0084205 0.0220814
internal_weight=5957.73 2133.42 3824.31 3130.91 1831.81 1804.15 1338.19 465.966 1876.03 435.303 455.653 236.7 101.644 24.9557 16.4058 135.056 257.389 140.31 902.884 363.264 342.331 20.9333 13.484 117.079 1667.64 1477.47 693.405 620.533 553.907 208.391
internal_count=49053 13522 35531 28047 16546 16332 12296 4036 11942 3653 3958 2022 806 199 129 1216 1580 846 8643 3390 3190 200 127 734 10667 9301 7484 6673 5957 1275
is_linear=0
shrinkage=0.05


Tree=28
num_leaves=31
num_cat=0
split_feature=59 59 55 63 51 63 41 37 49 56 40 6 20 58 51 60 62 47 37 58 37 55 11 4 18 45 62 9 6 17
split_gain=80.7018 25.7535 25.8153 22.1386 21.6687 38.0942 30.6079 28.5758 22.8628 21.2183 24.6173 21.821 20.9878 23.9551 36.9168 26.9248 24.8981 23.1272 19.0458 18.1913 18.0369 18.3894 18.3348 16.4803 17.6137 31.7355 17.2864 17.1573 27.8928 16.3805
threshold=-0.00030104361721224477 -0.012042605746047022 1.0000000180025095e-35 0.00066142526728009898 1.0000000180025095e-35 -0.00065501514540675413 -0.00017236499999999998 0.30679595425558565 0.00076812740926387871 0.022829460908286862 1.0000000180025095e-35 8.5000000000000018 -0.011930369537189763 0.00089536840164365346 1.0000000180025095e-35 0.62181019838474361 0.0012597925790893705 -0.00058615766576557019 0.27122375948761068 -0.0067343883873484832 0.020137166633363179 1.0000000180025095e-35 -0.50906928565704812 0.66642857142857304 0.0050485297993573845 0.00026941349786210509 0.0031801148972551694 1.0000000180025095e-35 12.500000000000002 0.55589310959494243
decision_type=2 2 2 2 2 2 2 2 2 2 2 2 2 2 2 2 2 2 2 2 2 2 2 2 2 2 2 2 2 2
left_child=1 2 18 12 6 8 7 -2 -6 10 20 -11 -3 14 -14 16 -16 -15 -1 -17 21 22 -7 -12 25 26 29 -26 -29 -25
right_child=4 3 -4 -5 5 9 -8 -9 -10 11 23 -13 13 17 15 19 -18 -19 -20 -21 -22 -23 -24 24 27 -27 -28 28 -30 -31
leaf_value=0.037430879443115898 0.11106420548814722 -0.0090782471921278998 0.047402879338828779 -0.011421002765258032 0.0081077876341402403 0.12288439365633733 -0.01606025188476437 -0.0049463054705585936 0.055833608039694886 -0.010634907697224463 -0.038163196649582155 0.0081703146439758602 0.0060578418530389307 -0.02143716544571074 0.012559936378092855 -0.015521137008538119 0.093928134384809889 0.0026479684697857889 0.0075407986700447406 0.0599184665195725 -0.0059473861430751861 0.0088736486858825448 0.0045733195984164225 0.060770768381976481 -0.022897252136289448 0.10526822007839039 0.059495644044288358 -0.007012952455611357 0.091734685342028652 -0.017879654186843029
leaf_weight=61.240988522768021 9.2120115086436289 254.77089616656303 55.728217825293541 237.71292540431023 73.123946309089661 7.7640639320015907 676.18148940056562 12.525752656161783 38.203682787716389 240.2193014472723 79.109950073063374 431.10389279574156 1169.7873585745692 115.54700053483248 189.75576045364141 9.0349294990301114 9.8915854245424253 725.36635830998421 410.73869527131319 69.164668217301369 496.46365220099688 66.988503828644753 5.6632204800844175 7.3029196336865416 337.56132574379444 7.387502670288085 9.9353630095720273 66.165576405823231 8.017770975828169 70.803750962018967
leaf_count=287 87 1820 253 1796 634 71 6700 124 309 2337 858 3931 8161 895 1244 57 64 5358 2402 401 5032 653 53 82 3734 70 104 706 74 756
internal_value=-0.000111449 0.00509259 0.0152192 0.00317104 -0.00662451 -0.00391351 -0.0141828 0.0442165 0.0244856 -0.00563694 -0.00972213 0.00144125 0.0045349 0.00605037 0.00994921 0.0263326 0.0165913 -0.000661487 0.0114191 0.0512024 -0.00238914 0.0195784 0.0729844 -0.0169375 -0.0136267 0.00572818 -0.00262411 -0.0181125 0.00365974 -0.0105259
internal_weight=5952.47 3308.74 527.708 2781.03 2643.73 1945.81 697.919 21.7378 111.328 1834.49 1163.16 671.323 2543.32 2288.55 1447.63 277.847 199.647 840.913 471.98 78.1996 576.879 80.4158 13.4273 586.284 507.174 95.4295 88.042 411.745 74.1833 78.1067
internal_count=49053 22738 2942 19796 26315 19404 6911 211 943 18461 12193 6268 18000 16180 9927 1766 1308 6253 2689 458 5809 777 124 6384 5526 1012 942 4514 780 838
is_linear=0
shrinkage=0.05


Tree=29
num_leaves=31
num_cat=0
split_feature=59 17 50 6 6 21 7 59 62 58 59 50 18 52 37 7 59 7 21 6 3 42 51 58 35 58 19 5 21 37
split_gain=74.0451 26.4694 20.0685 18.4346 43.6751 23.1051 23.0956 34.0788 26.1415 25.5243 18.2066 21.9301 21.5214 19.092 16.8646 15.339 18.3774 16.0489 22.0149 17.41 15.4677 22.4678 14.8665 16.0637 14.8468 14.7524 18.6839 16.7295 14.6923 14.2664
threshold=0.00053301595747259 0.86610107604733855 0.0011357463414998303 11.500000000000002 14.500000000000002 -0.0033041113343958445 4.5000000000000009 0.0026711989739723143 0.0021620116089898565 0.003004222007613546 -0.0058894419934143539 -0.00041378903451064122 0.0052839396332426142 0.2629716525655747 0.60140031335684174 1.5000000000000002 -0.0029655066132058257 5.5000000000000009 -0.0027736360833274304 11.500000000000002 0.0050856222203040343 8.8285000000000026e-05 1.0000000180025095e-35 0.0033653496085691687 0.33506267239005066 0.00077128198602683556 -0.0088671108055253071 0.0028902342600641909 -0.0018579025795818222 0.1397743763314436
decision_type=2 2 2 2 2 2 2 2 2 2 2 2 2 2 2 2 2 2 2 2 2 2 2 2 2 2 2 2 2 2
left_child=1 14 -2 -4 5 -5 7 9 -9 -7 12 13 25 -12 15 20 17 -17 -19 -20 21 29 -14 -24 -13 26 -3 28 -28 -1
right_child=2 10 3 4 -6 6 -8 8 -10 -11 11 24 22 -15 -16 16 -18 18 19 -21 -22 -23 23 -25 -26 -27 27 -29 -30 -31
leaf_value=0.033394211001828641 -0.011957168142090262 -0.024525456544921651 -0.0093633619827052893 -0.052713150479795301 -0.0051155835421852862 0.059286545385852964 -0.0050597026726054836 0.017130373149268342 0.098286239783597906 0.16998158789593337 0.0054166830605781539 0.0067695140637073345 0.006751301076361022 -0.010484166740931396 -0.0099609256109918238 0.0030754473939679119 -0.008244069259351219 -0.020352304345969959 0.024935208824057416 0.099627636655835766 -0.0086483696872537708 0.034428284713440734 0.046629189268460373 0.0022257565787135621 0.02482870172809834 0.007796252475105534 0.0087997544142837513 0.071616916362228486 0.058194856754640659 -0.0091240380309554441
leaf_weight=26.684504926204681 1129.8123655766249 10.200137808918951 525.19515837728977 9.1345811411738378 427.09961465001106 18.202032893896106 38.170287594199181 88.808815248310566 11.170832030475138 7.2945716679096213 433.24798815697432 473.01797284930944 597.51098712533712 334.54908595234156 385.90761588513851 309.57026128470898 433.57211113721132 12.727646350860594 17.901980504393581 13.827667981386183 67.207011811435223 111.09314159303904 51.523996964097023 33.684100344777107 149.86748207360506 52.287329852581024 34.958846792578697 40.026248872280121 26.440273433923721 75.689556442201138
leaf_count=199 11986 55 5286 79 4296 130 350 764 98 47 3235 3599 3473 2359 3068 2007 3657 79 108 78 472 780 250 194 1020 299 194 207 134 550
internal_value=-0.000111193 0.00424947 -0.00725008 -0.00252317 0.00346542 0.0246769 0.0289967 0.0393568 0.026198 0.0909564 0.00766287 0.00414359 0.0134437 -0.00151173 -0.00100216 0.00223413 -0.00134251 0.00710972 0.0352017 0.0574859 0.0122706 0.0188566 0.00953756 0.0290758 0.0111146 0.0297131 0.0399793 0.0464664 0.0300707 0.00195864
internal_weight=5946.38 3691.5 2254.89 1125.08 599.881 172.781 163.647 125.476 99.9796 25.4966 2237.31 1390.68 846.632 767.797 1454.18 1068.27 787.6 354.028 44.4573 31.7296 280.674 213.467 682.719 85.2081 622.885 163.913 111.626 101.425 61.3991 102.374
internal_count=49053 26017 23036 11050 5764 1468 1389 1039 862 177 15019 10213 4806 5594 10998 7930 5929 2272 265 186 2001 1529 3917 444 4619 889 590 535 328 749
is_linear=0
shrinkage=0.05


Tree=30
num_leaves=31
num_cat=0
split_feature=59 7 6 32 59 51 63 9 1 6 42 21 37 2 17 41 41 12 15 37 12 4 39 43 58 5 42 47 11 21
split_gain=67.3783 27.5288 26.5433 24.3832 23.6481 22.879 31.5867 25.7548 29.8335 25.6015 26.1509 22.2714 20.0918 19.0964 19.0706 18.889 21.6527 19.2338 18.8346 18.6663 17.8601 17.7043 17.8421 17.4399 26.5155 21.1277 17.0156 16.9722 16.6831 16.5846
threshold=-0.0024746295888892294 5.5000000000000009 8.5000000000000018 9.5000000000000018 0.0064530211313289692 1.0000000180025095e-35 -0.00041806404992081276 1.0000000180025095e-35 0.015757980543001818 12.500000000000002 5.0610000000000012e-05 0.002168405555576354 0.23158616729107392 0.007975347818982079 2.2143297709640124 6.6615000000000025e-05 6.8100000000000015e-05 0.74749776650431643 0.0084926072845397192 0.59609250891127408 0.77966556214296445 0.55642857142856994 1.0000000180025095e-35 9.6850000000000352e-06 -0.0017527210085536782 0.0041514193408173613 1.2075000000000002e-05 -0.00053060699424775052 0.71616212998220097 0.0022097070476184391
decision_type=2 2 2 2 2 2 2 2 2 2 2 2 2 2 2 2 2 2 2 2 2 2 2 2 2 2 2 2 2 2
left_child=1 3 12 14 5 21 -7 15 9 18 27 26 20 -12 -1 -8 -17 19 28 -18 -3 -2 -23 -5 25 -25 -4 -11 -9 -20
right_child=4 2 11 23 -6 6 7 8 -10 10 13 -13 -14 -15 -16 16 17 -19 29 -21 -22 22 -24 24 -26 -27 -28 -29 -30 -31
leaf_value=0.0015247100214849782 -0.023810946747539075 0.089166313986534532 0.07426211383443436 0.0010883834172914851 -0.01283607458715824 0.024959747612859032 -0.01162496001507838 0.02120395353648798 0.11164653310616145 0.014177421536608956 0.00079351029654612347 0.083171663181900612 -0.01859427202627735 0.07469561407139455 0.030258791155518407 0.093949726284230248 -0.0027028617440079577 0.0097452307546441221 0.0076333887553244944 -0.036620891055405565 0.0033013440655574101 0.00069932530336120572 -0.012773472238675521 0.09265604664269618 0.014152437523832018 0.029726945154087039 0.02076544202358362 0.10539710298397831 0.11945356975921083 -0.012613485799050569
leaf_weight=1772.1293289139867 152.96262215822935 9.3770039752125758 16.254903189837933 82.82085095345974 678.88322585821152 128.66354444622993 557.33645420521498 16.546364285051826 6.8784538209438315 7.4234398975968388 47.157006531953812 18.249197006225586 59.887079551815987 10.730405375361441 59.689251653850079 6.2634119167923918 207.23953956365585 270.58748765289783 262.00382708013058 50.435705915093422 17.10004448890686 531.34066204726696 457.17434177547693 24.044948652386665 98.493457913398743 29.953204713761806 173.70070340484381 16.286365263164043 5.8477261066436759 164.73389840126038
leaf_count=11484 1388 55 100 521 7484 987 5293 155 47 57 378 104 399 82 313 57 2054 2370 2348 515 106 4824 4220 134 606 180 1056 123 45 1568
internal_value=-0.000109809 0.00644511 0.0207453 0.00440732 -0.00443586 -0.00246913 0.00110958 -0.000773633 0.00818471 0.0068438 0.0326079 0.0304119 -0.00255882 0.0144925 0.002461 -0.00518451 0.00153078 0.000435005 0.00216304 -0.00934176 0.0337109 -0.00798115 -0.00553165 0.0195586 0.0295902 0.0577488 0.0253433 0.0768366 0.0468597 -0.000182528
internal_weight=5940.19 2361.7 294.569 2067.13 3578.49 2899.61 1758.13 1629.47 537.607 530.729 81.5972 208.205 86.3641 57.8874 1831.82 1091.86 534.526 528.263 449.132 257.675 26.477 1141.48 988.515 235.312 152.492 53.9982 189.956 23.7098 22.3941 426.738
internal_count=49053 15058 1820 13238 33995 26511 16079 15092 4803 4756 640 1260 560 460 11797 10289 4996 4939 4116 2569 161 10432 9044 1441 920 314 1156 180 200 3916
is_linear=0
shrinkage=0.05


Tree=31
num_leaves=31
num_cat=0
split_feature=59 59 38 18 50 5 11 13 63 7 62 38 4 2 43 42 60 21 47 42 54 62 41 42 21 60 32 54 62 59
split_gain=62.5595 24.1595 22.7478 25.0173 21.3055 24.9866 22.9243 20.8976 19.7845 20.5867 18.2913 24.0871 18.0178 17.7261 16.7922 17.2926 16.3561 18.4212 22.2735 16.0465 15.9618 15.5891 14.9056 14.7989 17.1619 16.8342 16.1569 14.1251 14.1119 14.2267
threshold=0.00053301595747259 -0.012042605746047022 0.30624178322387879 0.0088064943690627298 -0.0015983316874489395 0.0057658349163690649 0.71616212998220097 0.24533548658856677 0.0011811785531393416 5.5000000000000009 -0.0085299784118098559 0.2311504951346264 2.0889285714285712 0.002424239325912827 -1.7499999999999999e-07 1.5050000000000002e-06 0.057432390591484257 -0.0041238155847839785 -0.00044366872712961334 0.00022899500000000004 -0.001179806577662777 0.012789229851504066 2.6090000000000006e-05 3.1195000000000009e-05 0.0014818616353794096 0.95556776042718716 8.5000000000000018 0.0081713487190494781 0.002692003944914046 -0.017548071315661145
decision_type=2 2 2 2 2 2 2 2 2 2 2 2 2 2 2 2 2 2 2 2 2 2 2 2 2 2 2 2 2 2
left_child=1 2 3 19 8 6 10 -2 9 13 11 -6 -12 21 -9 -16 -11 -18 -19 23 -7 -3 -5 25 26 -1 28 -17 29 -25
right_child=7 4 -4 22 5 20 -8 14 -10 16 12 -13 -14 -15 15 27 17 18 -20 -21 -22 -23 -24 24 -26 -27 -28 -29 -30 -31
leaf_value=0.024858363168513423 -0.0093368161539864932 -0.0075995713264508232 0.05796057296748014 -0.015252830031702094 -0.0033575660152817496 0.016362048921376004 0.019568745052033969 -0.012485188469307185 -0.025583567383379392 -0.017832082241786121 0.0031948814249466179 0.071531927767536599 0.074171453924669603 0.015062078844899216 0.086486017544061392 0.00085937593454880586 -0.01348945360678227 0.061830153852292027 0.012051654439082252 0.081075947921117039 -0.020663908860636175 0.055874074421731618 0.0098304601083706589 0.030543885863654599 0.068379915043897163 0.080400201728599047 0.067787185729259194 0.024264716790656161 -0.048902387701577676 -0.0039358971101048868
leaf_weight=57.259545117616653 1727.0744302868843 768.46650455892086 27.566086128354073 97.274810805916786 20.112349897623062 36.906784817576408 301.30448690801859 140.25972490012646 91.679286010563374 28.321663945913315 1523.0401607528329 23.033359691500664 8.994348116219042 105.25318589061499 6.8629289865493766 274.18954422324896 24.916882492601871 41.796905405819416 48.604580350220203 11.101670727133749 137.74486467987299 9.7965763211250287 151.42238596081734 44.625190287828445 12.281558111310003 17.909528121352196 10.228133976459501 84.274525552988052 12.112779408693312 90.766849666833878
leaf_count=281 18323 5370 127 611 137 292 1972 1362 691 192 11525 133 72 757 54 2591 171 272 326 53 1098 67 924 217 53 94 47 706 65 470
internal_value=-0.000109005 0.00387723 0.0137312 0.0113168 0.00222177 0.0052492 0.0069328 -0.00671955 -0.00332834 -0.00134194 0.00451577 0.0366222 0.00361157 -0.00419609 0.002221 0.00786713 0.0162136 0.0245751 0.0350666 0.0222797 -0.0128397 -0.00680058 1.94436e-05 0.0196175 0.0114495 0.0380916 0.00701673 0.00636195 0.00280285 0.00742863
internal_weight=5935.18 3702.52 532.549 504.982 3169.97 2051.14 1876.48 2232.66 1118.84 1027.16 1575.18 43.1457 1532.03 883.516 505.587 365.327 143.64 115.318 90.4015 256.285 174.652 778.263 248.697 245.184 170.015 75.1691 157.733 358.464 147.505 135.392
internal_count=49053 26017 2942 2815 23075 15229 13839 23036 7846 7155 11867 270 11597 6194 4713 3351 961 769 598 1280 1390 5437 1535 1227 852 375 799 3297 752 687
is_linear=0
shrinkage=0.05


Tree=32
num_leaves=31
num_cat=0
split_feature=59 59 51 58 6 35 32 50 11 7 32 21 60 1 42 17 13 42 58 59 4 18 51 58 2 18 21 50 59 52
split_gain=57.3722 23.0321 21.2702 27.6495 37.5076 37.3054 34.7757 29.9746 23.1271 19.9378 21.0816 17.155 17.0749 24.2066 19.4655 16.9961 18.1483 16.3187 16.3002 16.2868 15.9837 15.2508 15.1455 39.2628 14.9258 17.7144 14.7992 16.3878 15.7747 14.9618
threshold=-0.0033120583526565568 0.0064530211313289692 1.0000000180025095e-35 -0.0010158349343202286 5.5000000000000009 0.14820300233535824 17.500000000000004 0.006382447393375003 -1.1707745427366791 5.5000000000000009 9.5000000000000018 -0.0027736360833274304 0.060070965043557349 -0.0093965786462734575 0.00011919000000000002 0.61545460731008672 0.022719969496694824 8.9075000000000024e-05 -0.0022742268890205059 -0.017548071315661145 0.70571428571428851 0.01233111247467125 1.0000000180025095e-35 0.0026151804985685145 -0.00243480500602854 0.004606271042845435 0.0015236743638308021 0.0015166405808771332 0.0027456073984877647 0.84142716865582734
decision_type=2 2 2 2 2 2 2 2 2 2 2 2 2 2 2 2 2 2 2 2 2 2 2 2 2 2 2 2 2 2
left_child=9 2 12 4 17 26 8 -7 -6 10 15 19 13 -2 -15 -1 -17 -4 -13 -11 -3 -22 -18 -24 -20 -26 -5 -28 29 -29
right_child=1 20 3 5 6 7 -8 -9 -10 11 -12 18 -14 14 -16 16 22 -19 24 -21 21 -23 23 -25 25 -27 27 28 -30 -31
leaf_value=-0.011520802473263966 0.065104911687890135 -0.034958057339452162 -0.024846113108862287 -0.0004201608038571262 0.091365538574611493 0.0085293928497091765 0.13985989408647642 0.074434268988440119 0.018407766789325868 0.046323828365347174 0.020303507553151592 0.069973722382729794 -0.0034091112243645446 -0.022705939277650349 0.015706073961223376 0.029494226565572573 0.0011017411038499758 0.01168068164465173 0.0090276001768819242 -0.002875448998794976 -0.0067729052677630011 -0.032751355292513329 0.035459915188489531 -0.0059873733599375579 0.079098403219450109 0.015058974074491596 -0.017206901996329568 0.010985395599432289 -0.015434159731375406 0.087234179529760689
leaf_weight=180.28887259215117 8.8959814906120283 68.737544678151608 69.528167270123959 532.94165175408125 11.394408382475374 383.87532847374678 6.4028895273804656 18.064621932804585 232.56451474875212 20.455481022596359 196.25749876350164 23.55257585644722 1010.5821364298463 298.37433214485645 37.080336160957813 70.565108969807625 1125.4898529797792 54.581701293587685 65.417273253202438 94.680442281067371 537.27962359786034 63.133039690554142 116.98664309084415 111.68997251987457 21.476918518543243 21.719299994409084 406.99794178456068 68.27468977868557 65.06856194883585 7.1029869690537444
leaf_count=1296 73 811 643 4925 104 3140 44 116 1907 110 1157 117 9020 2635 312 437 7013 476 396 596 5957 716 639 736 118 127 4086 609 683 54
internal_value=-0.000107095 -0.00368044 -0.00192226 0.0015536 0.0136929 -0.00151308 0.0248343 0.0114914 0.0218154 0.00666233 0.00483463 0.0199748 -0.00668557 -0.0163011 -0.01846 0.00294314 0.00477344 -0.00878216 0.0322661 0.00586548 -0.0121192 -0.00950452 0.00348525 0.0152163 0.0240893 0.046899 -0.00635118 -0.0121251 0.00260149 0.0181705
internal_weight=5929.46 3880.88 3211.73 1856.8 374.472 1482.33 250.362 401.94 243.959 2048.58 1801.28 247.302 1354.93 344.351 335.455 1605.02 1424.73 124.11 132.166 115.136 669.15 600.413 1354.17 228.677 108.613 43.1962 1080.39 547.444 140.446 75.3777
internal_count=49053 36311 28827 16787 3174 13613 2055 3256 2011 12742 11278 1464 12040 3020 2947 10121 8825 1119 758 706 7484 6673 8388 1375 641 245 10357 5432 1346 663
is_linear=0
shrinkage=0.05


Tree=33
num_leaves=31
num_cat=0
split_feature=59 59 55 50 5 35 13 38 63 58 63 43 6 59 20 37 42 7 2 18 37 19 47 47 6 62 54 59 63 60
split_gain=53.3299 21.0163 20.7716 19.9152 22.8112 19.7427 18.5749 18.5127 18.1877 18.0811 23.7769 20.5791 19.1105 27.024 21.7572 19.8054 17.9714 17.8007 16.1545 16.0321 15.8744 19.8932 15.7933 15.1836 14.8344 14.788 14.5994 14.5305 14.341 14.2855
threshold=0.00053301595747259 -0.012042605746047022 1.0000000180025095e-35 -0.0015983316874489395 0.0057658349163690649 0.20212192397415432 0.24533548658856677 0.30624178322387879 0.0011811785531393416 -0.003514133181772139 -0.0093321214120904803 -0.00012957249999999987 20.500000000000004 -0.0035434067458646611 -0.0018852753291133441 0.50921984193320358 3.9010000000000008e-05 5.5000000000000009 0.0043182538374086071 0.0086653871853441984 0.32626361402779652 0.001448309158337247 -0.00041203747461137291 0.00030025576262000694 17.500000000000004 -0.0008704088979126645 -0.001179806577662777 -0.0073502114018449763 -0.029424514007218856 0.057432390591484257
decision_type=2 2 2 2 2 2 2 2 2 2 2 2 2 2 2 2 2 2 2 2 2 2 2 2 2 2 2 2 2 2
left_child=1 2 7 8 5 9 28 19 17 11 -11 -5 15 -14 -15 20 -12 18 -3 -1 21 -13 -8 -20 -22 -7 -6 -27 -2 -19
right_child=6 3 -4 4 26 25 22 -9 -10 10 16 12 13 14 -16 -17 -18 29 23 -21 24 -23 -24 -25 -26 27 -28 -29 -30 -31
leaf_value=0.016772092973797687 0.049288019910015968 -0.0061729343777725491 0.041322109458660064 -0.036261123371227937 0.015263349335489583 0.045499483098015076 -0.0068675435796663161 0.053215453507566485 -0.024875114720169123 0.034711616736193822 -0.010790632028166595 0.00085526181635215055 0.010247725628752768 0.15792171928402465 0.037593724287162962 -0.011678316978526759 0.0035364509251616391 -0.017314802623247031 0.010693607612346005 -0.0019898307072836233 0.068635988095679487 0.050461545010693089 0.010812445763539706 0.085984865650580333 -0.0091435989494244967 0.043563252500444495 -0.020030571138124752 0.0098104713716241649 -0.009102602352602995 0.022388951850950092
leaf_weight=221.48762619495392 10.581142172217367 809.30406734347343 56.753040805459023 17.100800059735775 37.348086267709732 39.858593732118607 247.09488859027624 22.882262259721756 90.282205849885941 51.878440082073212 286.76852294057608 74.078871920704842 15.15954425185919 8.4714199677109701 6.7501302957534781 51.528317630290985 924.58604433387518 28.068268544971943 65.546220920979977 234.31775740534067 29.571749866008759 27.792546413838863 258.41123051941395 7.4580559059977523 7.7334120795130721 35.585894383490086 135.98056063055992 306.69565690308809 1697.2300956994295 117.47813139110804
leaf_count=1117 82 5676 253 115 292 248 2319 106 691 310 2242 484 101 62 55 375 7150 192 467 1466 197 187 2394 51 56 188 1098 2069 18241 769
internal_value=-0.000106252 0.00355781 0.0127211 0.0020125 0.00493215 0.00652944 -0.00624879 0.00933019 -0.00335839 0.00394692 0.00156434 0.016583 0.0206705 0.0575007 0.104561 0.0148031 0.000144747 -0.00146846 -0.00414093 0.00712707 0.0246075 0.0143888 0.00217034 0.0183853 0.0525122 0.0166761 -0.0124256 0.0133196 -0.00874083 0.0147322
internal_weight=5923.78 3710.47 535.441 3175.03 2056.89 1883.56 2213.32 478.688 1118.14 1501.42 1263.23 238.187 221.086 30.3811 15.2216 190.705 1211.35 1027.85 882.308 455.805 139.177 101.871 505.506 73.0043 37.3052 382.14 173.329 342.282 1707.81 145.546
internal_count=49053 26017 2942 23075 15229 13839 23036 2689 7846 11334 9702 1632 1517 218 117 1299 9392 7155 6194 2583 924 671 4713 518 253 2505 1390 2257 18323 961
is_linear=0
shrinkage=0.05


Tree=34
num_leaves=31
num_cat=0
split_feature=59 51 63 13 63 9 6 50 7 48 18 58 37 54 32 58 63 10 19 21 9 32 13 5 21 21 39 27 16 58
split_gain=49.0236 22.4728 25.0439 24.5196 22.4689 25.8514 36.1483 33.2865 27.2752 26.7595 23.2086 22.0001 21.8678 19.8321 19.8574 20.8635 23.6345 22.0917 19.7558 18.7171 22.6429 18.6217 18.088 16.807 40.5546 16.8045 16.6729 18.1903 17.8259 17.1489
threshold=-0.0043354466300243562 1.0000000180025095e-35 0.015967683609966605 0.18454251925908158 -0.013079537081406458 1.0000000180025095e-35 11.500000000000002 0.0014478284920536042 4.5000000000000009 0.00032757712024678146 0.0095821431496622249 -0.0058712684947087044 0.14455126981671562 0.0084506088138106839 9.5000000000000018 -0.001464033692087411 -0.0023758288527050623 1.0000000180025095e-35 -0.0016627201206275606 -0.0047697152221567304 1.0000000180025095e-35 11.500000000000002 0.081775650714529122 0.0029739205164292415 0.0020840703048708689 0.0026796521430584755 1.0000000180025095e-35 0.47619047619049287 0.73271594400820372 0.0015421647591050678
decision_type=2 2 2 2 2 2 2 2 2 2 2 2 2 2 2 2 2 2 2 2 2 2 2 2 2 2 2 2 2 2
left_child=1 21 3 -3 11 9 12 -8 22 10 13 -2 26 14 -6 17 -17 -16 -19 -13 -21 -1 -9 24 -11 -24 27 28 -7 -28
right_child=4 2 -4 -5 5 6 7 8 -10 23 -12 19 -14 -15 15 16 -18 18 -20 20 -22 -23 25 -25 -26 -27 29 -29 -30 -31
leaf_value=0.0030629203807277794 -0.013010072362459116 0.013012576885387062 -0.025315496075158008 0.045211652120870964 -0.0092324807589160406 0.0039420518557573758 0.0044503431929796564 0.095485247188747624 -0.0063996999818164944 0.013055824416820492 -0.022746880557266914 -0.027362622059483029 -0.010369371255867489 0.012707703339751445 0.0042156461033778826 0.065281182728993803 -0.0068468777006916769 0.0058944577073059756 0.087654279390541642 0.062844575100155564 0.010920873415544484 0.027602323526783996 0.022023346700554544 0.0048800131347528433 0.14020038403828444 0.069802786550614976 0.0034594379498917244 -0.048691564924371912 0.073357755251366299 0.12596972539733584
leaf_weight=1374.7192180678248 43.187060385942459 162.35507782548666 27.701041221618652 92.987546533346176 1914.9340685606003 387.69889745861292 239.07771390676498 17.108484409749508 29.038795068860054 25.691948845982552 233.83258801698685 12.430215753614901 489.48223011940718 130.57034060359001 44.484440974891186 11.984735719859598 216.95590395480394 11.467473745346068 20.771681889891624 44.530225314199924 39.728108301758766 81.916086800396442 52.162999793887138 139.37729569524527 8.2971017062664014 28.43412422388792 5.7127040326595289 16.053013756871223 9.4746145904064161 5.7132136523723602
leaf_count=8471 340 977 177 503 18109 3424 2007 143 256 214 2471 97 4529 1177 392 94 2045 94 179 298 265 458 403 1323 73 207 50 144 83 50
internal_value=-0.000104634 0.00694797 0.0198397 0.0247384 -0.00304113 -0.00372353 0.0021492 0.0154319 0.0361464 -0.00644863 -0.007724 0.0166602 -0.00316633 -0.00622992 -0.00734344 0.00449107 -0.00307107 0.0270562 0.0585723 0.0299128 0.0383624 0.00444293 0.0487914 0.0125679 0.0440932 0.0388796 0.00513637 0.00348893 0.00559797 0.0647173
internal_weight=5917.88 1739.68 283.044 255.343 4178.2 4038.32 1279.96 365.822 126.744 2758.37 2585 139.876 914.135 2351.17 2220.6 305.664 228.941 76.7236 32.2392 96.6885 84.2583 1456.64 97.7056 173.366 33.9891 80.5971 424.652 413.227 397.174 11.4259
internal_count=49053 10586 1657 1480 38467 37467 11296 3016 1009 26171 24561 1000 8280 22090 20913 2804 2139 665 273 660 563 8929 753 1610 287 610 3751 3651 3507 100
is_linear=0
shrinkage=0.05


Tree=35
num_leaves=31
num_cat=0
split_feature=59 17 63 63 4 18 4 37 58 37 59 62 21 10 5 21 58 47 37 59 47 50 37 51 19 38 45 42 12 6
split_gain=46.581 24.8193 18.7788 17.7877 16.3697 25.3109 17.2246 29.7684 17.6009 16.1067 23.1659 22.4951 16.3025 16.1979 20.4942 22.8185 19.5343 22.255 18.3365 15.2968 15.1649 14.7686 14.7342 14.7197 14.7328 14.7426 13.9526 17.4725 15.9815 13.1481
threshold=0.0028031250996612711 1.2512077294685904 0.0011811785531393416 -0.014139006870608732 0.85285714285714376 0.0091262143199898754 1.7828571428571405 0.48742765864918219 0.0044875382502630639 0.62241591121331252 -0.0061689085290375445 0.016777516464168047 -0.0082926533396908281 1.0000000180025095e-35 0.0066671686043066856 0.0011369055969737475 -0.0046447294811446053 -0.00053423849922150477 0.4529316271963354 -0.015943980570770767 0.00088509646153253629 -0.0020127726525905128 0.30679595425558565 1.0000000180025095e-35 0.011032360169657232 0.24175430021915129 -0.00065137494219486816 7.0850000000000008e-06 0.60928645339359566 8.5000000000000018
decision_type=2 2 2 2 2 2 2 2 2 2 2 2 2 2 2 2 2 2 2 2 2 2 2 2 2 2 2 2 2 2
left_child=1 2 9 -2 29 6 -6 20 -9 10 12 -12 22 16 15 19 17 -14 -19 -15 -8 -18 -1 -3 25 -25 27 -11 -28 -5
right_child=3 23 -4 4 5 -7 7 8 -10 26 11 -13 13 14 -16 -17 21 18 -20 -21 -22 -23 -24 24 -26 -27 28 -29 -30 -31
leaf_value=0.031212837602304307 0.022310965932063484 0.0046984717055767915 -0.011596819633095019 -0.0275381645938307 -0.0023952346650914936 -0.020438987460124482 -0.033069673201890463 0.047829053382101416 0.16929290351037191 0.04674828250044933 0.00038311471894203697 0.076081648357502529 -0.0094356609724869922 0.062534533918633436 -0.01981469640511746 0.082268324922731881 -0.014468833443737939 0.072794124783881753 0.0042992683879420407 0.018455194740262994 0.071716792861683004 0.012719987849276304 -0.024074698486427088 0.0047477130040280294 0.071084474082577773 0.024684706938909763 -0.013367243866088969 -0.028316492982440412 0.0039068535647235978 -0.0099242755606492317
leaf_weight=15.959806576371191 46.606617718935013 747.77409936487675 305.54952666163445 177.55960466712713 673.75035575777292 212.08971352875233 13.108206696808343 7.6639344096183759 4.8826116099953651 8.4364160820841771 1872.054139085114 9.8658919259905797 22.027794353663921 24.166327074170113 19.606451727449894 21.469316229224205 88.400713488459587 31.744925491511822 14.115899480879305 106.0692462772131 4.6874858736991873 114.81648091226816 49.199869960546494 180.65132232010365 12.082516968250273 190.50757743418217 209.76427687704563 95.576976433396339 370.20255170762539 262.69707967340946
leaf_count=94 340 4824 2616 2052 7348 2437 145 79 52 66 15348 71 123 118 109 101 514 168 81 604 49 676 316 1279 66 1245 1782 751 2745 2854
internal_value=-0.000104368 0.00237085 0.000224929 -0.00806086 -0.00910442 -0.00529682 -0.000735631 0.0361159 0.0950979 0.00140019 0.00333673 0.000779961 0.0128163 0.0162553 0.0282906 0.0345078 0.00865011 0.0318711 0.0517115 0.0266345 -0.00546833 0.000892685 -0.0105329 0.008782 0.0167497 0.0149809 -0.00536516 -0.0222281 -0.0023409 -0.0170281
internal_weight=5913.09 4510.04 3379.03 1403.05 1356.44 916.182 704.093 30.3422 12.5465 3073.48 2389.5 1881.92 507.577 442.417 171.311 151.705 271.106 67.8886 45.8608 130.236 17.7957 203.217 65.1597 1131.02 383.241 371.159 683.98 104.013 579.967 440.257
internal_count=49053 33697 26283 15356 15016 10110 7673 325 131 23667 18323 15419 2904 2494 932 823 1562 372 249 722 194 1190 410 7414 2590 2524 5344 817 4527 4906
is_linear=0
shrinkage=0.05


Tree=36
num_leaves=31
num_cat=0
split_feature=59 62 62 4 47 59 50 60 4 49 20 3 5 63 18 59 38 43 21 17 47 50 56 58 5 47 41 64 41 6
split_gain=42.9709 20.9924 26.2901 19.8085 21.2663 21.6686 22.2019 27.0222 19.3852 19.4618 20.9177 19.0927 31.2331 18.9012 21.9599 27.1245 22.0597 24.4827 23.9399 18.4162 18.2259 17.761 19.4075 19.2606 19.1563 21.5826 17.2193 26.7629 17.1178 16.8063
threshold=-0.00064508471716270691 0.0026154080757326034 0.0021620116089898565 0.52357142857143268 -0.00056861643875859205 0.011294299539410612 0.0069940800517390407 0.16352359621636123 1.2228571428571475 0.0014312470632560778 -0.0024142438076588915 0.0066675707671997181 0.0032825471850352855 -0.023639040058348111 0.0088782846644170042 -0.01433298232347424 0.28432962761861863 7.6233750000000012e-05 -0.00040420179490953352 1.4549165159170909 1.0000000180025095e-35 -0.0015983316874489395 2.1925065103333741 -0.010806516223081968 0.0020997751491405093 -0.00050045223365234408 -5.1699999999999988e-06 0.71181381005874478 -0.00013276999999999996 4.5000000000000009
decision_type=2 2 2 2 2 2 2 2 2 2 2 2 2 2 2 2 2 2 2 2 2 2 2 2 2 2 2 2 2 2
left_child=1 2 13 -2 28 6 8 -8 9 29 11 12 -11 -1 15 -15 -16 -18 -19 -10 -7 23 26 -17 -24 -26 27 -23 -5 -6
right_child=3 -3 -4 4 5 20 7 -9 19 10 -12 -13 -14 14 16 21 17 18 -20 -21 -22 22 24 -25 25 -27 -28 -29 -30 -31
leaf_value=0.029637111958741941 -0.01910542026598322 -0.0089143705640693672 0.070611551744124368 0.0081546587630221077 -0.013122453495191628 -0.022941253379491055 0.12095318743453415 0.017925065522992719 -0.012783709544630742 0.030477976909787492 0.010495893899053763 -0.0085848290513803657 0.16840227255354484 0.026474855736884385 -0.010391553645211613 0.069151329902327155 -0.0069410844528136999 0.088753191370394502 0.0040881162764734406 0.020683347057359552 0.014186052102845188 -0.0046818062886152022 0.10916652568936941 -0.0017112277132643483 -0.028253213714974447 0.048199118535568714 0.01064478278821207 0.079614764081735623 -0.017319076762362655 0.0028317057969715464
leaf_weight=74.378726728260517 220.50597874820232 294.10797521471977 15.235401920974253 79.294333755970001 206.3897500410676 178.62991466373205 7.1456680968403807 58.200775168836117 406.25706494599581 9.711089022457605 221.74257685244083 7.1871731132268897 7.1097040101885787 152.46587320417166 398.47091095894575 9.6979080960154516 40.426833368837833 18.598139218986034 15.151348687708376 45.733451828360558 40.561294354498386 341.42531657963991 8.0459410026669484 854.43540287017822 13.190871894359583 30.75295572727919 926.92880550771952 9.6827312335371953 391.81539122015238 824.47618290036917
leaf_count=458 2235 2072 96 807 2132 2024 53 499 4234 93 2138 67 71 731 2863 54 277 113 99 382 434 2406 50 5624 80 179 6424 60 4059 8239
internal_value=-0.000102835 0.00381578 0.00510288 -0.00474328 -0.00346848 -0.00123057 0.000582667 0.0291912 -0.000498822 0.00265176 0.0152958 0.0596287 0.0887749 0.00475797 0.0041016 0.00608205 -0.00573103 0.0193051 0.050744 -0.00939743 -0.0160709 0.00466501 0.00829103 -0.000915959 0.0382369 0.02525 0.00707285 -0.00235711 -0.0130315 -0.000362478
internal_weight=5907.76 3203 2908.89 2704.76 2484.25 2013.14 1793.95 65.3464 1728.61 1276.62 245.751 24.008 16.8208 2893.65 2819.27 2346.63 472.647 74.1763 33.7495 451.991 219.191 2194.16 1330.03 864.133 51.9898 43.9438 1278.04 351.108 471.11 1030.87
internal_count=49053 21586 19514 27467 25232 20366 17908 552 17356 12740 2369 231 164 19418 18960 15608 3352 489 212 4616 2458 14877 9199 5678 309 259 8890 2466 4866 10371
is_linear=0
shrinkage=0.05


Tree=37
num_leaves=31
num_cat=0
split_feature=59 38 63 20 59 7 6 37 42 63 64 53 50 59 47 56 50 54 42 54 5 9 51 64 32 58 41 6 19 37
split_gain=39.6959 22.0103 20.8306 17.5795 20.5013 16.4812 20.2632 31.4939 30.9066 16.1513 15.8433 16.4654 15.8062 15.6453 14.0538 13.9505 13.7585 15.5809 21.3918 14.3287 14.7665 13.4888 23.9354 33.9492 14.9785 21.5231 20.2906 15.1363 14.9054 14.0831
threshold=0.0028031250996612711 0.28432962761861863 0.0011811785531393416 0.0082818305537926181 -0.0024746295888892294 5.5000000000000009 9.5000000000000018 0.25102474507367317 9.9515000000000012e-05 -0.029424514007218856 0.94173023830999536 0.0010647880670352323 0.0012321956988896297 -0.011508317009568387 -0.00045080401859120086 2.9374382748437067 0.0032530379461017415 0.0034954393902205498 4.4125000000000009e-05 -0.0034815298962553843 0.0078422463298838518 1.0000000180025095e-35 1.0000000180025095e-35 0.10612235309054778 10.500000000000002 0.00034937254927519952 8.8975000000000021e-05 14.500000000000002 -0.00094010998148496725 0.072166336511976584
decision_type=2 2 2 2 2 2 2 2 2 2 2 2 2 2 2 2 2 2 2 2 2 2 2 2 2 2 2 2 2 2
left_child=1 2 3 4 5 -1 7 8 -7 -2 21 -12 14 -3 -11 -15 19 -18 -19 20 -5 24 -23 -24 -6 26 27 -26 -28 -25
right_child=9 13 -4 16 10 6 -8 -9 -10 12 11 -13 -14 15 -16 -17 17 18 -20 -21 -22 22 23 29 25 -27 28 -29 -30 -31
leaf_value=0.0022195287473125804 0.056231824853672854 0.032782037107526002 -0.011915478873488074 0.075316368590314473 -0.010714666150960553 0.10799160650655421 0.026318737617350343 -0.029020625251188044 -0.0015043407865442352 -0.022499867180040951 0.071895723051250068 -0.0265025593500571 -0.0032461652303202846 0.0061524394242037997 -0.00712831661838393 0.043076630763315332 0.09501225562819568 0.099581212944987521 0.0066767159537693011 0.002698521916834189 -0.014750353461776763 -0.0095516220762365857 0.11758786832885385 0.028159241857524133 -0.031644915965913518 -0.019674820635342424 0.018479076569475891 0.036983020839311452 0.11607994539928204 0.00094439666516378052
leaf_weight=1547.690071053803 9.8714120239019376 64.932881057262421 312.54886499047279 14.432257175445558 761.09493926912546 9.9882755875587481 162.61953917145729 48.980092890560627 18.164804548025131 270.31277936697006 13.325060389935972 6.2434967383742324 777.46381706744432 815.73337455093861 330.5014410763979 26.408558271825314 9.8197783157229406 7.684050813317298 31.996142633259296 140.03808603435755 6.646626040339469 214.13112156093121 7.6271285563707343 72.09766598790884 13.213248059153555 33.082243360579014 6.4291153624653843 20.499433234333992 9.9905895888805372 139.53836640715599
leaf_count=9857 72 301 2624 106 7057 56 955 316 110 3229 108 52 8183 6002 3872 168 69 46 220 1096 53 1921 61 606 118 304 53 178 84 1176
internal_value=-0.000102205 0.00217129 0.00042083 0.00159088 0.000636629 0.00410921 0.0163078 -0.00479831 0.0373431 -0.00749675 -0.00414805 0.040501 -0.00795318 0.00913373 -0.0140441 0.00731034 0.0155669 0.0386226 0.0246676 0.00848353 0.0469164 -0.00483187 0.00233864 0.0139506 -0.00851258 0.011628 0.0322847 0.0100852 0.0778644 0.0102156
internal_weight=5903.11 4514.96 3607.88 3295.33 3084.72 1787.44 239.753 77.1332 28.1531 1388.15 1297.27 19.5686 1378.28 907.075 600.814 842.142 210.617 49.5 39.6802 161.117 21.0789 1277.7 433.394 219.263 844.31 83.2146 50.1324 33.7127 16.4197 211.636
internal_count=49053 33697 27226 24602 23012 11294 1437 482 166 15356 11718 160 15284 6471 7101 6170 1590 335 266 1255 159 11558 3764 1843 7794 737 433 296 137 1782
is_linear=0
shrinkage=0.05


Tree=38
num_leaves=31
num_cat=0
split_feature=59 51 63 6 6 43 1 6 5 6 59 58 59 18 5 58 32 62 62 64 62 40 37 63 50 43 13 63 52 58
split_gain=36.0619 18.2684 25.7397 23.9242 23.1423 23.0999 18.5417 17.6422 22.5036 17.9688 20.9336 21.0547 17.6144 20.0477 15.8946 20.3291 17.7813 15.6832 23.1629 25.06 18.7374 17.4402 17.1516 16.6558 16.5484 19.6577 17.4712 16.3 15.878 15.6519
threshold=0.00053301595747259 1.0000000180025095e-35 -0.00065501514540675413 6.5000000000000009 1.5000000000000002 -0.00027068374999999995 0.0061698085497705864 14.500000000000002 0.0020430497326078987 11.500000000000002 0.0012691053768589071 0.0014577262053352077 -0.016678661354529875 0.0090369357925801658 0.0045003217500183164 0.0020640663551648561 3.5000000000000004 0.0040346497767953489 0.0066337215785017304 0.12170892307755793 0.015080474428631337 -1.0000000180025095e-35 0.32302945288556245 -0.0015382363404522433 -0.0015983316874489395 -0.00018474749999999984 0.13650493678748202 -0.0051948500879782436 2.4514346726353051 0.00014568435743675094
decision_type=2 2 2 2 2 2 2 2 2 2 2 2 2 2 2 2 2 2 2 2 2 2 2 2 2 2 2 2 2 2
left_child=12 5 6 4 -4 -2 -3 8 -5 -10 11 -11 -1 17 29 -16 -17 24 -19 21 27 -20 23 -22 25 26 -14 -21 -26 -12
right_child=1 2 3 7 -6 -7 -8 -9 9 10 14 -13 13 -15 15 16 -18 18 19 20 22 -23 -24 -25 28 -27 -28 -29 -30 -31
leaf_value=0.014843992864995426 0.088647458322628672 0.010586077261656196 0.0050899906745961428 -0.021486895408656378 -0.02117321638532621 -0.014638068028064392 0.063072132833289413 -0.0065052932665076351 0.0020716864635151456 0.13163599356487832 0.038619532065677413 0.013376242503614095 0.088063885447796128 -0.0088415314520905661 0.0090976809757493532 0.047397199112269556 0.14707163584344715 -0.031166380574140441 0.1119919735768789 0.0106556471432592 0.099186664190316715 0.020426384614971718 -0.020185792520773613 0.014888172605146308 0.006505373623592426 -0.0017300500158731894 -0.0028359938899764196 -0.031149496138952806 0.037809863401032005 -0.001580709885830164
leaf_weight=284.33737660199404 5.4724015295505515 75.484787613153458 113.90485633164644 65.761655032634735 318.19478566199541 502.22814299911261 21.653772428631783 581.54279704391956 299.55629095435143 8.3097862750291807 32.078140616416931 6.8796459808945647 11.639477245509626 385.99993669241667 21.040566563606262 14.16434967517853 6.5405220091342917 78.950764276087284 7.4860185384750393 34.933330304920673 9.8440073505043983 17.031311169266701 14.175862826406954 14.476829670369625 1736.8573672175407 1009.587189771235 9.6842589899897558 70.118476957082748 41.473620600998402 98.754872336983681
leaf_count=1570 52 658 1245 672 3631 5373 162 6403 3153 62 289 58 74 2958 199 125 54 591 54 222 61 126 117 105 12567 6704 54 572 242 900
internal_value=-0.000101052 -0.00522265 -0.0026894 -0.0042379 -0.01425 -0.0135248 0.0222861 -0.000424991 0.00596815 0.00967306 0.0217999 0.0780734 0.00288341 0.00189545 0.016847 0.0437101 0.0788836 0.00325151 -0.0088273 0.00166673 -0.00631244 0.0483846 0.0235287 0.0490085 0.0043136 -0.000726623 0.0467813 -0.0172479 0.00723545 0.00827574
internal_weight=5898.16 2171.57 1663.87 1566.73 432.1 507.701 97.1386 1134.63 553.086 487.324 187.768 15.1894 3726.6 3442.26 172.578 41.7454 20.7049 3056.26 247.017 168.066 143.549 24.5173 38.4967 24.3208 2809.24 1030.91 21.3237 105.052 1778.33 130.833
internal_count=49053 23036 17611 16791 4876 5425 820 11915 5512 4840 1687 120 26017 24447 1567 378 179 21489 1848 1257 1077 180 283 166 19641 6832 128 794 12809 1189
is_linear=0
shrinkage=0.05


Tree=39
num_leaves=31
num_cat=0
split_feature=63 43 21 17 37 4 6 21 63 21 6 4 58 38 6 6 6 7 2 17 58 38 19 18 58 58 58 48 45 4
split_gain=24.1172 29.2577 23.0511 22.7847 20.3604 17.8614 14.5856 17.8572 16.535 20.0807 22.1935 24.934 24.1669 15.4772 14.477 15.8214 32.9313 23.157 18.892 24.2828 19.2939 15.1818 15.1624 14.7612 16.8899 14.4642 13.6534 14.0894 15.373 13.5227
threshold=0.0027781398273361234 0.00016913000000000003 -0.00065961822905525019 0.83660403846732645 0.22612677189196703 0.49642857142856917 11.500000000000002 -0.00055394309163523889 -0.032174700562844057 -0.0035151005113718075 15.500000000000002 0.63142857142856823 -0.0038665672249979573 0.32638125763125675 1.0000000180025095e-35 11.500000000000002 14.500000000000002 5.5000000000000009 0.0086327439192051356 0.94071146245059534 0.0070016661851841529 0.32638125763125675 0.0052168001385534211 0.0035724790613298105 -0.0015153618121301635 -0.0045535937765455352 0.0010483788996201325 -0.0002360837389769433 -0.00030702712468186924 0.90857142857142914
decision_type=2 2 2 2 2 2 2 2 2 2 2 2 2 2 2 2 2 2 2 2 2 2 2 2 2 2 2 2 2 2
left_child=3 -2 -3 4 -1 -5 7 13 -8 -10 11 -11 25 -6 22 23 18 -18 20 -20 21 -17 29 24 -16 -12 -26 28 -28 -7
right_child=1 2 -4 5 6 14 8 -9 9 10 12 -13 -14 -15 15 16 17 -19 19 -21 -22 -23 -24 -25 26 -27 27 -29 -30 -31
leaf_value=0.0035136458619101727 -0.012859672396818265 0.12194735228263431 0.014175146507423259 -0.011764269390341885 -0.006442466818511002 0.036068707047136918 0.052319593141155224 -0.022435687633345493 -0.016159985486079161 0.1185935027346583 0.014785553975847611 0.016273214989018698 -0.0087136538269299464 0.060337183978157904 0.078787514429580791 0.011108156677521441 -0.0015803906075918678 0.017910151344801988 0.11645473438067531 0.028828768484271655 -0.042412888684384205 0.038992504082700323 0.076380273754477965 -0.0017680502372206964 -0.0048868213038270759 0.082557435592966411 0.027876655927257576 -0.034567053897880375 0.10809847809904323 -0.00091979606828545462
leaf_weight=705.58252410590649 510.76061373203993 6.6024018004536655 19.964099444448948 182.95970731973648 259.00410676747561 44.984450444579124 13.478338174521921 269.33222578465939 221.66646411269903 6.3433491960167876 59.930638015270233 97.000881724059582 346.79133871197701 8.9772123992443067 10.193825028836725 429.53129023313522 896.63197560608387 183.60209795832634 8.7136253863573057 85.332323051989079 15.488578237593172 55.072523288428783 11.500177539885042 1284.1870442703366 56.014526583254337 9.0635698288679105 26.458842068910599 6.45409932732582 7.7126996964216223 54.825586833059788
leaf_count=6198 4902 54 180 1579 2153 316 91 2697 1843 50 518 859 3338 74 90 2908 7094 1377 68 616 115 364 82 10232 466 75 221 58 60 375
internal_value=-0.000100272 -0.0101988 0.0409591 0.000912677 -0.00331672 0.00342686 -0.00704808 -0.0133435 -0.00256352 -0.00356208 0.00181717 0.0225537 -0.00333693 -0.00420539 0.00430178 0.00365859 0.00693268 0.00173232 0.0163877 0.0369476 0.0125213 0.0142771 0.022015 -0.000282439 0.0175752 0.0236886 0.0111184 0.0331863 0.0459832 0.0157509
internal_weight=5894.16 537.327 26.5665 5356.83 1997.17 3359.66 1291.59 537.314 754.275 740.796 519.13 103.344 415.786 267.981 3176.7 3065.39 1674.37 1080.23 594.138 94.0459 500.092 484.604 111.31 1391.02 106.834 68.9942 96.6402 40.6256 34.1715 99.81
internal_count=49053 5136 234 43917 17896 26021 11698 4924 6774 6683 4840 909 3931 2227 24442 23669 12542 8471 4071 684 3387 3272 773 11127 895 593 805 339 281 691
is_linear=0
shrinkage=0.05


Tree=40
num_leaves=31
num_cat=0
split_feature=59 49 51 58 7 37 63 58 20 32 6 59 7 59 48 58 51 16 4 18 47 12 6 15 61 50 60 54 59 6
split_gain=34.204 20.9522 20.3138 20.0438 17.6481 16.6154 18.7605 25.4013 18.1124 15.9961 15.345 14.7572 13.6452 13.5971 13.7536 14.7092 14.2196 17.2551 13.7426 13.283 13.2125 14.7371 14.6478 13.1047 12.9145 22.6942 13.8337 15.5912 12.8899 15.9878
threshold=-0.0043354466300243562 0.00024919487600531863 1.0000000180025095e-35 0.0026151804985685145 5.5000000000000009 0.13745609621712893 -0.014139006870608732 -0.0044648133361017981 0.011870351649802409 11.500000000000002 6.5000000000000009 0.0028031250996612711 4.5000000000000009 0.0026711989739723143 0.0008124162403020306 0.0046224624652455365 1.0000000180025095e-35 0.040000000000048892 0.85285714285714376 0.0049150900561391224 -0.00053060699424775052 0.78433330571099014 11.500000000000002 0.12316136707765306 -1.0000000180025095e-35 -0.0011951880605948677 0.052984507140435913 -0.0019571868822694676 -0.0047208124466097783 9.5000000000000018
decision_type=2 2 2 2 2 2 2 2 2 2 2 2 2 2 2 2 2 2 2 2 2 2 2 2 2 2 2 2 2 2
left_child=2 13 9 -4 10 8 7 -7 11 19 -5 12 -3 14 15 16 17 -2 -15 24 -8 -22 -23 -10 25 -1 27 -26 29 -28
right_child=1 5 3 4 -6 6 20 -9 23 -11 -12 -13 -14 18 -16 -17 -18 -19 -20 -21 21 22 -24 -25 26 -27 28 -29 -30 -31
leaf_value=0.0012420739134836626 0.017619611677821743 0.020876179939159155 0.031268324465495545 -0.026596356561355089 0.076543924783689252 -0.0072644576544989474 -0.010885616366344697 0.064818489002718707 0.11030954380576592 0.024637123317235127 0.01094356349637781 -0.0061516576908684679 0.0013909586415313951 -0.023145340203204492 0.068943271955758653 -0.017143187823634758 0.0032725094389934096 -0.0091693600171208166 -0.0070802003758212231 -0.00019281267926411926 -0.0068223569194645825 -0.0032546151731015073 0.012971263169477358 0.025302487392003747 -0.050632227557983217 0.094694155473702454 0.0037338139156396113 0.010913423605440287 -0.019321760865270866 0.035657864852830033
leaf_weight=13.599116384983065 65.953964971005917 205.48543026298285 142.04551590234041 37.71157768368721 8.0850875154137594 24.449221566319466 364.90075365453959 24.437485218048096 7.0574782267212894 83.456415079534054 97.866770684719086 152.76115168631077 159.65803588926792 196.60886343568563 6.5275252982974044 182.39038021862507 663.12824749946594 678.3776556327939 412.22664999216795 1136.4642613977194 420.01160339266062 255.90069379657507 304.7073625549674 12.678419746458529 19.055781677365303 12.438446700572966 77.584217324852943 22.370226189494133 24.216327495872974 79.309319645166397
leaf_count=76 555 1643 750 259 46 184 3570 161 61 458 602 1693 1352 2299 49 1623 5434 5668 4710 7020 4370 2356 2618 121 119 64 460 133 155 444
internal_value=-9.93129e-05 -0.00258005 0.00575146 0.0179498 0.00478121 0.00122136 -0.00165781 0.0287684 0.0086887 0.00337817 0.000501707 0.0068972 0.0123563 -0.00591057 -0.00348591 -0.00378329 -0.002052 -0.00679563 -0.0122681 0.0020972 -0.00276329 0.000259134 0.00556464 0.0557007 0.012567 0.0458852 0.00866864 -0.0173973 0.0146308 0.0198713
internal_weight=5891.46 4137.26 1754.2 285.709 143.663 1932.05 1394.41 48.8867 537.641 1468.49 135.578 517.905 365.143 2205.21 1596.38 1589.85 1407.46 744.332 608.836 1385.04 1345.52 980.62 560.608 19.7359 248.573 26.0376 222.536 41.426 181.11 156.894
internal_count=49053 38467 10586 1657 907 18129 13259 345 4870 8929 861 4688 2995 20338 13329 13280 11657 6223 7009 8471 12914 9344 4974 182 1451 140 1311 252 1059 904
is_linear=0
shrinkage=0.05


Tree=41
num_leaves=31
num_cat=0
split_feature=59 38 12 63 59 53 4 18 63 45 64 58 60 34 59 1 51 58 64 59 2 17 54 59 18 21 60 42 42 42
split_gain=31.0095 18.7843 18.1922 16.0921 16.0852 14.7862 14.4395 21.8057 18.307 15.6625 15.3943 21.7756 16.1515 16.8653 13.2929 13.0303 12.5392 23.2574 27.418 24.5749 20.3172 19.7938 16.8156 15.9396 21.1015 15.5708 17.926 15.1642 16.21 14.5071
threshold=0.0028031250996612711 0.28432962761861863 2.8488207484779231 0.0011811785531393416 -0.015125858816423589 0.0011142784565754112 0.84071428571429163 0.0092171616393908144 -0.022964669772353816 -0.0011753982957724205 0.73914159881797603 -0.0037761076467094832 0.93932241239107983 0.43010189621341449 -0.011508317009568387 -0.0038252504504657286 1.0000000180025095e-35 -0.00048789735364020587 0.49574392408939005 -0.0020479947464428993 0.0073081077158976921 0.71861898073766051 0.001358697281237753 -0.0029655066132058257 0.0088064943690627298 -0.0071085975381035499 0.060070965043557349 0.00011919000000000002 0.00014137000000000001 0.00012843000000000004
decision_type=2 2 2 2 2 2 2 2 2 2 2 2 2 2 2 2 2 2 2 2 2 2 2 2 2 2 2 2 2 2
left_child=1 2 3 16 -5 -4 8 10 -2 -9 -8 -12 13 -13 -3 -7 23 19 22 -18 -20 -22 -19 24 -1 -25 27 -27 -29 -26
right_child=6 14 5 4 -6 15 7 9 -10 -11 11 12 -14 -15 -16 -17 17 18 20 -21 21 -23 -24 25 29 26 -28 28 -30 -31
leaf_value=0.0052426473626211228 0.087577698399828832 0.030001627876554523 0.0082875220312189895 0.060330975995644714 -0.013510074233194256 0.090326403904932032 -0.0012198621472848286 0.068674302324473538 -0.015490038149799368 -0.019618550429090286 0.10014755823881766 -0.015433111090013125 0.094605266413259489 0.066121566651328345 0.0066271448239492133 0.025194109429140785 0.041853905842783534 0.018828132354169927 -0.0055077568191769857 0.0080421660022696167 -0.025154511167434109 0.028258596250691832 0.08531367749621846 -0.036337923127894932 -0.0048410620818758994 -0.022474255769774729 -0.00071213930305895606 0.092196098527592696 -0.0058362989025853079 -0.033814951315750172
leaf_weight=1004.9689653068781 4.3535492420196524 65.526784002780914 148.22410926222801 7.5668154805898658 291.17941181361675 10.572256058454512 684.29950319230556 5.1486716866493216 415.08771541342139 205.55559489130974 8.5011906996369344 30.577760972082615 5.2944450154900542 7.9971521943807593 847.47881641238928 28.058819927275181 76.335515916347504 33.497125394642353 591.35988281667233 181.54984962940216 21.544542878866196 88.982356213033199 13.281111873686312 43.800206556916237 282.30693797022104 188.2330165579915 523.84275287389755 5.974278129637244 14.334321871399878 51.008239686489105
leaf_count=6114 29 301 845 39 2528 64 7543 52 4791 2409 74 332 56 70 6170 165 395 263 5011 1488 198 673 100 426 1980 1719 4685 49 123 361
internal_value=-9.7588e-05 0.00189811 0.00027629 -0.000553783 -0.0116398 0.015468 -0.00669673 -0.00327721 -0.0144203 -0.0174611 0.000779696 0.0269069 0.012714 0.00147438 0.00830474 0.043019 0.000507377 0.00510084 0.000640148 0.0180506 -0.00183006 0.017847 0.0377045 -0.00167925 0.00162685 -0.00737957 -0.00564772 -0.0180456 0.0230024 -0.00927502
internal_weight=5886.44 4519.63 3606.62 3419.77 298.746 186.855 1366.82 947.374 419.441 210.704 736.67 52.3705 43.8694 38.5749 913.006 38.6311 3121.02 1006.55 748.665 257.885 701.887 110.527 46.7782 2114.47 1338.28 776.185 732.384 208.542 20.3086 333.315
internal_count=49053 33697 27226 26152 2567 1074 15356 10536 4820 2461 8075 532 458 402 6471 229 23585 8128 6245 1883 5882 871 363 15457 8455 7002 6576 1891 172 2341
is_linear=0
shrinkage=0.05


Tree=42
num_leaves=31
num_cat=0
split_feature=59 49 51 13 9 6 13 63 2 58 38 32 21 51 64 59 21 5 1 16 63 23 52 63 38 45 6 13 58 16
split_gain=28.6905 19.2846 17.8611 18.6084 15.9538 27.0656 20.6951 20.0856 14.4927 14.2736 14.0494 14.0442 13.3617 18.8025 16.5512 15.1465 13.1492 15.4126 13.623 12.9935 12.8065 22.2091 14.3802 13.2933 12.7912 12.6221 17.5761 18.6266 12.5641 12.5511
threshold=-0.0043354466300243562 0.00024919487600531863 1.0000000180025095e-35 0.1953582769498719 1.0000000180025095e-35 11.500000000000002 0.025715405741154607 -0.014139006870608732 -0.017377671842183372 -0.003514133181772139 0.25327553943912451 11.500000000000002 0.0019606107052923091 1.0000000180025095e-35 0.94775309485716808 0.0020834252699766845 0.0051122314161253608 0.0037303443901574363 -0.0052435986274834987 0.040000000000048892 -0.00041806404992081276 0.00034132371248905103 2.9649349365908146 -0.0011353297163022808 0.16408249956654336 0.00026941349786210509 17.500000000000004 0.1259020417108391 0.0075082580635712007 0.12325521002400332
decision_type=2 2 2 2 2 2 2 2 2 2 2 2 2 2 2 2 2 2 2 2 2 2 2 2 2 2 2 2 2 2
left_child=2 12 11 24 7 6 -6 9 -5 10 -3 -1 13 14 15 19 17 18 -8 -2 21 23 -22 -15 -4 -14 28 -28 -27 -18
right_child=1 4 3 8 5 -7 16 -9 -10 -11 -12 -13 25 20 -16 -17 29 -19 -20 -21 22 -23 -24 -25 -26 26 27 -29 -30 -31
leaf_value=0.0018150340151274801 0.015764851458856415 -0.018571682004571374 0.050995569231624106 -0.006076135689396675 0.027681845472351176 0.023272734304011305 0.046522821214365934 -0.0029215264326355756 0.043505779175192119 0.071630345743873766 0.059815925147947716 0.022804998901784505 -0.01359917493488242 0.0057582972337579044 0.036860028689358462 -0.026858120335710625 -0.013425154306185315 -0.027070406344621784 -0.0039013449214136981 -0.0087447612354900391 -0.00014098619695011389 0.10682081425121007 0.062603423948975986 0.079581322740438387 0.0036392149608442505 0.0098589390621090303 -0.0028619480060298685 0.12278868436475623 -0.046074459762189275 0.050086757926051564
leaf_weight=1387.8971955999732 59.342963896691799 15.776466831564905 15.529003791511057 18.076416663825512 60.802042961120605 195.7215363457799 14.206618681550024 1277.182538382709 79.804713271558285 15.012318983674048 8.9639989510178548 84.546105407178402 622.2434263676405 55.902009382843971 19.864756807684898 106.66383784264326 12.492957957088946 73.583978310227394 234.41165296733379 609.09276999533176 625.42397445440292 7.1495359539985648 9.2671045288443548 6.8446969836950293 174.37692072242498 45.392199911177158 5.5199660062789899 6.3337604776024818 12.891230240464209 20.614311069250107
leaf_count=8471 488 125 94 95 562 1520 117 12471 423 95 60 458 6386 398 167 1248 125 699 2140 5070 5751 54 67 58 1045 413 55 56 127 215
internal_value=-9.64624e-05 -0.00237898 0.00524692 0.0166395 0.00126741 0.00793899 0.000726632 -0.00183213 0.0343491 0.0331683 0.00982982 0.00302026 -0.00558759 -0.00293495 -0.00820592 -0.0093609 -0.00388606 -0.00696934 -0.00101999 -0.00656883 0.00301213 0.023325 0.000775143 0.0138112 0.00751164 -0.0113327 0.00877536 0.0642765 -0.00251251 0.0261207
internal_weight=5880.93 4120.7 1760.23 287.787 1928.77 611.833 416.112 1316.94 97.8811 39.7528 24.7405 1472.44 2191.93 1499.55 794.964 775.1 355.31 322.202 248.618 668.436 704.587 69.8962 634.691 62.7467 189.906 692.381 70.1372 11.8537 58.2834 33.1073
internal_count=49053 38467 10586 1657 18129 5378 3858 12751 518 280 185 8929 20338 13301 6973 6806 3296 2956 2257 5558 6328 510 5818 456 1139 7037 651 111 540 340
is_linear=0
shrinkage=0.05


Tree=43
num_leaves=31
num_cat=0
split_feature=59 63 41 21 6 6 58 13 19 21 58 32 64 48 7 59 58 21 60 60 39 59 16 5 60 47 37 37 6 47
split_gain=27.0581 22.825 22.0386 26.9074 19.5183 42.5722 25.0142 33.5676 24.1668 22.3583 20.9567 20.0228 19.9449 25.745 19.0146 19.4788 17.8967 17.674 18.8562 19.1092 17.0879 23.5569 16.8599 16.4437 15.8826 17.8878 16.7617 15.5574 17.6533 16.801
threshold=0.0064530211313289692 0.0027781398273361234 0.00017462500000000003 0.0023512381971181168 11.500000000000002 14.500000000000002 -0.0050120470784510594 0.043197010823438985 0.0068589468905053208 -0.0082926533396908281 0.0070016661851841529 13.500000000000002 0.94775309485716808 -0.00045461147776364755 5.5000000000000009 -0.016678661354529875 -0.0063271095823476614 -0.010985490489754399 0.0032048311297629673 0.02002262972231544 1.0000000180025095e-35 -0.018863133693344004 0.042105263157885923 0.0064247512353298036 0.69093872410785095 -0.00034458618566340682 0.65200722255633092 0.14698112887807108 2.5000000000000004 -0.00064079708711327961
decision_type=2 2 2 2 2 2 2 2 2 2 2 2 2 2 2 2 2 2 2 2 2 2 2 2 2 2 2 2 2 2
left_child=1 4 -3 -4 20 8 7 16 10 -8 17 -9 14 -14 15 23 -7 -6 -19 -20 21 -1 -10 -11 25 26 -16 -22 29 -29
right_child=-2 2 3 -5 5 6 9 11 22 12 -12 -13 13 -15 24 -17 -18 18 19 -21 27 -23 -24 -25 -26 -27 -28 28 -30 -31
leaf_value=0.060752778357848203 -0.0098179418588193196 -0.012472675427422017 0.083279423025791999 -0.037588303089186217 -0.056155154154776447 0.028872263993871133 -0.028366978288049405 0.0041069084791759873 -0.0032789753524501541 0.045876639560622573 -0.035451190662851149 0.079370557892383176 0.11364148746659773 -0.0057313639615051452 0.033121043664766668 -0.0051399536463498886 0.090768121998632642 -0.0068115662102692922 0.060829785252985491 0.01738255148127375 0.03747760423576809 0.0011421334874823815 0.0726251129106638 -0.014477113154344226 0.04985369075189669 -0.01509515551402741 -0.002154360318238836 -0.030979144594605896 -0.013085299887468455 0.010558068013221121
leaf_weight=16.744681067764759 637.89589003846049 409.31723788380623 13.15607798099518 7.0839643850922576 8.5587585493922216 32.658266320824623 74.731302209198475 258.22205302864313 9.7129870727658254 34.863958388566971 21.121744066476822 9.1499209329485875 8.7299826666712779 9.3586790040135366 76.559914171695709 1050.9094196036458 18.179616503417492 77.692291729152203 26.642138093709946 505.41805630922318 18.891970850527287 1619.9826500341296 29.643144436180592 16.687785387039185 25.070011086761951 60.260508649051189 60.11979566514492 28.531049557030201 545.09910118579865 165.90586946904659
leaf_count=88 7484 3780 98 62 59 262 541 1838 61 172 158 61 57 62 585 8823 139 624 196 3268 142 13208 174 95 181 482 491 225 4373 1264
internal_value=-9.50807e-05 0.00108877 -0.00995426 0.040976 0.00207508 0.00524768 0.00109534 0.0137638 0.0158642 -0.00174898 0.0135237 0.00668256 -0.000267332 0.0518806 -0.00097953 -0.00366795 0.0510062 0.0151967 0.0161982 0.0195581 -0.00112287 0.00175199 0.0538922 0.0263396 0.0123707 0.00759917 0.0176048 -0.00732697 -0.00847154 0.00446303
internal_weight=5876.9 5239 429.557 20.24 4809.45 2414.29 1735.5 318.21 678.789 1417.29 639.433 267.372 1342.56 18.0887 1324.47 1102.46 50.8379 618.311 609.752 532.06 2395.16 1636.73 39.3561 51.5517 222.01 196.94 136.68 758.428 739.536 194.437
internal_count=49053 41569 3940 160 37629 18329 13789 2300 4540 11489 4305 1899 10948 119 10829 9090 401 4147 4088 3464 19300 13296 235 267 1739 1558 1076 6004 5862 1489
is_linear=0
shrinkage=0.05


Tree=44
num_leaves=31
num_cat=0
split_feature=59 18 18 19 32 58 43 3 38 37 4 47 47 43 4 37 1 59 58 51 42 41 59 32 45 47 5 9 59 42
split_gain=25.6446 22.2871 22.2542 19.0347 18.064 31.4581 28.3328 25.9367 18.8976 17.8493 15.9641 15.588 15.133 14.7688 14.3823 29.2744 19.3864 14.2745 13.2905 15.0645 16.5116 15.4465 16.9243 16.6758 15.0302 15.1096 15.2192 16.1769 20.2058 19.899
threshold=-0.0064634917019011891 0.0095821431496622249 0.0051259559432271394 0.0066879702748306154 9.5000000000000018 -0.0011039175480879572 7.8457500000000019e-05 0.0047164069868188352 0.25800457584469672 0.15915394440291883 0.73571428571428155 -0.000590958573753811 0.0009332210301208672 -3.2963749999999886e-05 1.7271428571428589 0.42318094031205905 -0.00029101850392684322 -0.0033120583526565568 0.0090145489497763746 1.0000000180025095e-35 1.8670000000000006e-05 -0.00015061999999999999 -0.00058333263640647319 3.5000000000000004 0.0002214044606656256 -0.00063716886941178293 0.0015754531873251811 1.0000000180025095e-35 0.0073979957845853586 9.5315000000000018e-05
decision_type=2 2 2 2 2 2 2 2 2 2 2 2 2 2 2 2 2 2 2 2 2 2 2 2 2 2 2 2 2 2
left_child=2 3 -1 4 8 6 -6 -8 11 -5 -4 -2 17 -11 18 -16 -17 -7 19 21 -21 23 -23 -10 25 -22 -27 -28 29 -29
right_child=1 -3 10 9 5 12 7 -9 14 13 -12 -13 -14 -15 15 16 -18 -19 -20 20 24 22 -24 -25 -26 26 27 28 -30 -31
leaf_value=0.023046889789366583 -0.015411402583499418 -0.013582561545218905 -0.031738372489428214 0.041747435151878877 0.0085661365623792719 0.019250728069293538 0.087918149715191629 0.024628531526659492 -0.0090099293838085525 -0.016629077985478545 0.004696862650876054 -0.0039822528488386594 0.067197932898894891 0.012464928290839561 -0.014100269799932466 0.12151928531263678 0.0180215205904793 -0.0069449862209503659 -0.033351336097676453 -0.015307524748607158 -0.015187144448528029 0.00082231639735003484 -0.018833851606615461 0.10608142405361648 -0.019070534290887217 -0.034613957854604943 0.010243139549281565 0.056728266521966532 -0.043972590177733951 0.018626824939649688
leaf_weight=171.5251330435276 354.93620796501637 368.82406414672732 30.976092427968979 41.40664180368185 119.70483889430761 61.575405962765217 26.251564875245094 42.22691772133112 6.1139784380793554 54.96588622033596 1020.6854199171066 1870.772196020931 7.858095869421958 211.30500154942274 16.883044712245464 10.519205696880819 7.9395231381058684 334.57427563518286 27.332851812243462 70.723038963973522 43.564706042408943 323.47762677073479 165.55721277743578 6.4863434210419655 39.8346923366189 14.53333770483732 274.32027222216129 61.059249587357044 8.5209692418575269 78.099258184432983
leaf_count=890 3304 3886 172 355 966 378 197 319 55 527 5996 17306 65 1818 150 90 76 3155 269 623 382 2288 1677 46 321 123 2436 473 96 614
internal_value=-9.44057e-05 -0.00178915 0.00634736 -0.000772995 -0.00170087 0.00635469 0.02324 0.0488909 -0.00311196 0.0112081 0.00362368 -0.00580487 -0.00151035 0.0064591 0.0020775 0.033482 0.0770025 -0.00287326 0.00108619 0.00194793 0.00735927 -0.0044237 -0.00583206 0.0502363 0.0104425 0.0128912 0.0156934 0.0174259 0.0307682 0.0353448
internal_weight=5872.55 4649.37 1223.19 4280.54 3972.86 592.191 188.183 68.4785 3380.67 307.678 1051.66 2225.71 404.008 266.271 1154.97 35.3418 18.4587 396.15 1119.62 1092.29 590.656 501.635 489.035 12.6003 519.932 480.098 436.533 422 147.679 139.159
internal_count=49053 41995 7058 38109 35409 5080 1482 516 30329 2700 6168 20610 3598 2345 9719 316 166 3533 9403 9134 5068 4066 3965 101 4445 4124 3742 3619 1183 1087
is_linear=0
shrinkage=0.05


Tree=45
num_leaves=31
num_cat=0
split_feature=59 51 58 35 37 5 59 59 18 62 4 7 47 5 7 42 38 18 48 20 59 13 63 52 5 56 59 50 62 38
split_gain=24.4641 17.1659 28.4006 25.2066 20.6197 22.9793 19.9512 17.5252 16.7488 19.4903 17.0299 19.412 16.5164 16.0034 18.6239 21.673 19.5386 16.1633 15.9348 15.4306 14.6048 16.948 17.2684 14.5163 14.3299 14.2296 14.0434 15.3859 19.6018 16.4388
threshold=0.0028031250996612711 1.0000000180025095e-35 -0.00048789735364020587 0.15661696910146009 0.42318094031205905 0.004732780312837608 -0.00064508471716270691 -0.0029655066132058257 0.0049723189992935879 -0.0065473305762966992 0.69000000000000028 1.0000000180025095e-35 -0.00040053712230707377 0.0024699510108881868 3.5000000000000004 3.8570000000000005e-05 0.27124239826615715 0.0036560574535289612 -0.00041762149803661902 -0.0015765982105086383 -0.016678661354529875 0.085403104024456736 -0.035979826559032903 3.1138446784247908 0.003124985421102506 1.7988809986066985 -0.013664957503751332 0.00093895223892527231 0.01818067740113127 0.1480854050239471
decision_type=2 2 2 2 2 2 2 2 2 2 2 2 2 2 2 2 2 2 2 2 2 2 2 2 2 2 2 2 2 2
left_child=1 7 4 13 -3 6 -6 8 9 -1 -11 12 -12 14 15 -4 -17 -18 19 -13 23 -22 -23 -10 -8 -16 -15 28 29 -28
right_child=-2 2 3 -5 5 -7 24 -9 20 10 11 18 -14 26 25 16 17 -19 -20 -21 21 22 -24 -25 -26 -27 27 -29 -30 -31
leaf_value=0.069171423968875156 -0.006003753926636852 0.011072852970320898 0.092072908965056099 0.013908034773770223 0.091473925803780859 0.010788770396369229 -0.027634119469874176 -0.0056653073384500324 0.0068958149588413953 -0.00011579490458577575 0.022917708636846987 0.017596079834806475 0.11554398832919306 0.041275172683023886 -0.0027132455163779001 -0.011295868839042152 0.1012475652018283 0.01697465022867296 -0.0033863349258324545 0.066446234345640953 0.0068958412983900173 0.046603784501922693 -0.0078416971807084498 0.051398473180853235 0.054339100663096211 0.076683631578425823 0.025258951957980794 0.0045949812141717573 0.060197741247816072 -0.015768831737707174
leaf_weight=13.930591300129889 1348.6051447167993 316.64689154922962 12.260716214776037 324.73030991107225 25.743737481534481 42.582766637206078 7.7708692029118565 1086.9281300678849 243.81383883208036 228.28808160871267 9.9396950304508227 76.877089880406857 9.330316409468649 15.294827491044996 152.00305656343699 26.770022794604301 9.5618112906813639 14.050563305616377 70.182611599564552 20.46986623108387 316.79704831540585 14.844969049096106 768.3684321641922 19.813234522938728 16.982823103666306 5.8607805892825118 25.853399030864239 196.20981974899769 9.2047551944851858 438.80039225518703
leaf_count=68 15356 2263 104 2229 127 299 64 9701 1379 1383 59 461 57 68 1356 240 70 104 423 119 2069 92 4884 87 130 47 234 1696 78 3806
internal_value=-9.36842e-05 0.0016697 0.00575232 0.00195605 0.0171543 0.0378425 0.060656 -0.000655919 0.00238139 0.0109978 0.00904542 0.0202414 0.0677663 -0.00232842 0.00938794 0.0324553 0.0179472 0.0511009 0.0147748 0.0278682 -0.000329438 -0.00286261 -0.00680974 0.0102405 0.0286054 0.000234407 -0.00609802 -0.00717935 -0.0120547 -0.013486
internal_weight=5868.52 4519.91 1640.33 1230.6 409.727 93.0802 50.4974 2879.58 1792.66 429.018 415.088 186.8 19.27 905.87 220.507 62.6431 50.3824 23.6124 167.53 97.347 1363.64 1100.01 783.213 263.627 24.7537 157.864 685.363 670.068 473.859 464.654
internal_count=49053 33697 12915 10032 2883 620 321 20782 11081 2570 2502 1119 116 7803 1921 518 414 174 1003 580 8511 7045 4976 1466 194 1403 5882 5814 4118 4040
is_linear=0
shrinkage=0.05


Tree=46
num_leaves=31
num_cat=0
split_feature=59 52 53 4 59 55 37 50 10 37 9 47 54 58 1 58 54 42 62 16 9 13 60 59 43 58 13 58 58 15
split_gain=22.4749 16.8487 15.3063 14.8499 14.0386 17.563 15.4453 14.5345 17.2751 22.5794 22.0264 20.1302 20.9092 20.8548 19.2548 16.177 17.62 15.8099 16.2129 14.5772 28.0848 14.5567 15.6085 14.3371 14.2264 13.9826 13.9508 19.0287 21.8991 14.393
threshold=0.0064530211313289692 2.1760155796603349 0.0016302385274864918 0.70571428571428851 -0.012547761691782089 1.0000000180025095e-35 0.48742765864918219 -0.0015983316874489395 1.0000000180025095e-35 0.2400339447265756 1.0000000180025095e-35 -0.00053614570337293338 -0.0014937941786684502 7.0666006887828365e-05 -0.0056730175452918445 -0.00090406650207759307 0.0027214697775993532 5.1145000000000006e-05 -0.0085299784118098559 0.73271594400820372 1.0000000180025095e-35 0.25559335107417297 0.1108272489003409 0.0049647353640902307 5.6167500000000007e-05 0.0010483788996201325 0.03700231388011329 -0.0017134385978507182 0.00089536840164365346 0.26666666666666378
decision_type=2 2 2 2 2 2 2 2 2 2 2 2 2 2 2 2 2 2 2 2 2 2 2 2 2 2 2 2 2 2
left_child=1 4 -3 -2 5 6 25 -6 9 14 11 13 23 -10 -9 16 24 21 -19 -20 -21 -16 -23 -13 -11 -1 27 -14 -29 -30
right_child=3 2 -4 -5 7 -7 -8 8 10 15 -12 12 26 -15 17 -17 -18 18 19 20 -22 22 -24 -25 -26 -27 -28 28 29 -31
leaf_value=0.02817767404923634 -0.032251886366728696 0.0056549539772366448 0.029534541362469458 -0.0064835982618357676 -0.0052952085110989366 0.039425670343583935 -0.0014370032339069698 0.034774136845200351 0.0032278061007366232 -0.0018845861825292744 0.025186238276107498 0.022557797442037161 0.060136117982546838 -0.024647124033059284 -0.0086620922141922071 -0.012451470091800816 -0.013553940987040984 0.043814497434648908 0.0033167962766310934 -0.015237499193708337 0.097927598247688916 0.080812739718941304 -0.020221227452158902 0.094782406966688326 0.022858519697402681 -0.01472692897784417 0.00061415537653618506 -0.022420622840265143 0.071959747835538587 -0.0018793434310362764
leaf_weight=100.10185289382935 62.035590823739767 293.98337468504906 86.953645743429661 566.25850108638406 1219.2949903830886 42.320906549692154 259.78960381448269 46.140013411641121 173.10570426285267 129.76368019729853 134.86938785761595 117.84977394342422 24.338104248046875 109.57163981348276 358.95065493881702 579.08992079645395 133.52034582942724 27.252141945064068 718.06963849812746 10.36327987909317 11.641372062265873 9.5146315023303014 6.3899381011724463 7.2966056764125815 105.18157202005386 23.435576438903809 449.97191847860813 29.596218049526215 15.213437028229238 11.656073577702044
leaf_count=485 811 1797 586 6673 9467 187 1580 357 1446 1051 957 956 193 1022 3160 5192 1136 203 6077 94 89 72 53 80 861 111 3837 275 135 110
internal_value=-9.22307e-05 0.00098016 0.0111058 -0.00902787 0.00018556 0.00885876 0.00548405 -0.000648044 0.00111751 -0.00148312 0.00629197 0.00357701 0.00838401 -0.0075771 0.00310752 -0.00724021 0.000949932 0.00182831 0.00593988 0.00454521 0.0446315 -0.00658807 0.0402206 0.0267688 0.00919254 0.0200385 0.00404923 0.0231781 0.00724836 0.0399281
internal_weight=5863.52 5235.23 380.937 628.294 4854.29 425.648 383.327 4428.64 3209.35 2135.88 1073.47 938.599 655.922 282.677 1188.32 947.556 368.466 1142.18 767.326 740.074 22.0047 374.855 15.9046 125.146 234.945 123.537 530.776 80.8038 56.4657 26.8695
internal_count=49053 41569 2383 7484 39186 2363 2176 36823 27356 18345 9011 8054 5586 2468 10105 8240 3048 9748 6463 6260 183 3285 125 1036 1912 596 4550 713 520 245
is_linear=0
shrinkage=0.05


Tree=47
num_leaves=31
num_cat=0
split_feature=59 4 51 42 42 63 6 6 42 43 58 59 32 11 56 3 46 32 58 7 5 37 43 59 23 48 38 58 37 43
split_gain=21.3685 15.9941 16.6974 29.4457 23.1058 17.7183 18.9325 21.521 21.7962 19.1665 17.1637 40.8616 28.9612 22.6808 20.6664 15.9684 17.1779 14.425 19.9089 15.6921 17.5872 17.5706 19.4352 17.3654 16.444 16.1042 21.0055 15.0302 14.6117 18.2097
threshold=0.00053301595747259 0.52357142857143268 1.0000000180025095e-35 0.00058511000000000012 4.0000000000000003e-07 -0.00065501514540675413 6.5000000000000009 1.5000000000000002 0.00028747500000000009 -8.1006249999999858e-05 -0.0015730992063802652 0.0023657053527239595 10.500000000000002 -1.1707745427366791 0.022829460908286862 0.002244327688443942 -0.00036393711417706222 9.5000000000000018 0.0042475364370570968 1.0000000180025095e-35 0.0069419209628506975 0.29472787590782884 9.2283750000000036e-05 -0.0081528322801396619 -0.00035257600000811428 0.000651397711630054 0.25951578697384764 0.0084443228413062978 0.23158616729107392 -9.8964999999999999e-05
decision_type=2 2 2 2 2 2 2 2 2 2 2 2 2 2 2 2 2 2 2 2 2 2 2 2 2 2 2 2 2 2
left_child=17 -2 3 4 -3 -4 7 8 -7 -8 11 -11 13 -13 15 16 -12 19 -19 21 23 22 -1 24 -21 28 -27 -22 29 -25
right_child=1 2 5 -5 -6 6 9 -9 -10 10 14 12 -14 -15 -16 -17 -18 18 -20 20 27 -23 -24 25 -26 26 -28 -29 -30 -31
leaf_value=0.0079491539827105297 -0.020154645018221201 0.10086013929298623 0.020638905619865443 0.089968793061774022 -0.013819941516706758 0.0028364000187276355 -0.01828390866910445 -0.018532047082860038 0.10844432073023676 0.074268485110825663 0.0021883628389651622 0.10245163760440777 0.090072485082437675 -0.010142852534482834 0.011041359781551458 -0.0071389757881515428 0.09893255773435998 0.01476454532231916 -0.013506230452731045 0.0042263128911194025 -0.0179923640068743 0.0044080896495428765 0.05220462231483193 0.025628699910625597 0.025634924945058923 0.0040234408138272847 0.10204270889291936 0.041308352248691352 -0.0060892080084123711 0.00043071856193211533
leaf_weight=54.458814762532711 144.4946467615664 4.4348163530230513 94.149750731885433 7.088341273367404 457.33111578598619 100.60436931997538 106.86957860738039 278.36931912228465 5.1350841000676146 28.269987046718597 12.013599619269373 4.7431958168745032 9.1344435662031156 78.409859720617533 330.6130522787571 454.97501023858786 7.4237583428621283 398.79531064629555 73.798792093992233 458.75451853871346 189.62530533224344 358.3338922560215 45.564696252346039 77.915667928755283 111.49528189003468 15.077518433332445 8.5738546177744848 11.323332212865351 1033.0448077619076 898.59920398890972
leaf_count=368 1617 44 761 65 5050 1128 1184 3326 51 220 132 54 84 862 3118 5259 81 2653 533 2542 1376 2470 290 566 558 104 52 75 7859 6571
internal_value=-9.11924e-05 -0.00409536 -0.00292314 -0.0111661 -0.0127185 -0.000364921 -0.00176091 -0.0112378 0.0079651 0.00176482 0.00407968 0.0216741 0.00556316 -0.00372027 0.0014448 -0.00524294 0.0391381 0.00218572 0.0103499 0.00100319 -0.000398653 0.0095802 0.0281093 0.000701402 0.00841213 -0.00146121 0.0395564 -0.0146508 -0.00194396 0.00244125
internal_weight=5859.42 2124.06 1979.57 468.854 461.766 1510.71 1416.56 384.109 105.739 1032.45 925.583 120.557 92.2875 83.1531 805.025 474.412 19.4374 3735.36 472.594 3262.77 2804.41 458.357 100.024 2603.46 570.25 2033.21 23.6514 200.949 2009.56 976.515
internal_count=49053 23036 21419 5159 5094 16260 15499 4505 1179 10994 9810 1220 1000 916 8590 5472 213 26017 3186 22831 19703 3128 658 18252 3100 15152 156 1451 14996 7137
is_linear=0
shrinkage=0.05


Tree=48
num_leaves=31
num_cat=0
split_feature=59 63 41 21 51 13 58 62 6 5 42 11 16 32 37 17 59 37 37 63 41 42 18 21 47 2 37 7 31 54
split_gain=19.7377 20.1483 18.9026 22.6142 17.6556 27.805 31.1317 22.7731 21.5025 24.0965 24.8798 22.0831 19.2542 17.6138 16.9939 16.5799 15.9901 15.3411 15.3085 19.0435 15.2238 14.5845 14.5238 14.406 20.7763 13.962 13.7957 13.5425 12.9736 12.9073
threshold=0.0064530211313289692 0.0027781398273361234 0.00017462500000000003 0.0023512381971181168 1.0000000180025095e-35 0.14200559277634858 -0.0015153618121301635 0.0074140293734871994 5.5000000000000009 0.0020808178242950012 0.00016704000000000003 -1.1707745427366791 0.41666666666662394 13.500000000000002 0.016006902264920068 1.0301568154402989 -0.0029655066132058257 0.24531431478089047 0.59094886427983095 -0.029424514007218856 8.6035000000000026e-05 0.00010040000000000001 0.010615938195442978 -0.0002946373599913799 -0.00035288783515059383 0.014435923132225423 0.16683644337316081 1.5000000000000002 0.73215804718372224 0.0024621897002617805
decision_type=2 2 2 2 2 2 2 2 2 2 2 2 2 2 2 2 2 2 2 2 2 2 2 2 2 2 2 2 2 2
left_child=1 4 -3 -4 16 6 8 17 15 -10 11 -11 25 14 20 -6 18 29 -1 22 -13 -21 -20 -9 -25 -7 -16 -24 -14 -8
right_child=-2 2 3 -5 5 12 7 23 9 10 -12 13 28 -15 26 -17 -18 -19 19 21 -22 -23 27 24 -26 -27 -28 -29 -30 -31
leaf_value=0.0058239487375301132 -0.0085118430065590899 -0.01191969179089708 0.073375829814819993 -0.037019371930343867 -0.017944769235727021 0.0066949161737107138 -0.0033818171425959763 -0.0075695016250438233 -0.035939638432629741 0.11147986168529762 -0.033912693636204576 0.026837415052147779 0.026207313135345064 0.098597005058417911 0.0011172305707859743 0.033806891226946335 -0.0050726143585335254 -0.012774587687932062 0.077447779571026498 -0.0031296250120573725 0.12116724992500881 -0.026980171370592432 0.054545479345452813 0.10352362373225688 0.0030572515153243131 0.033478033754600574 0.038184042494898686 -0.024463725613229469 0.0888387380848146 0.014833290907223998
leaf_weight=1147.7508696764708 621.93953013420105 404.38019370287657 14.001896396279337 6.9373616129159918 58.691161170601845 485.16320445388556 453.63310729712248 11.292416684329508 13.767698258161543 9.8524214103817922 12.653038077056406 8.4610575065016764 132.4666318371892 9.6863656193017942 47.692926071584225 21.019093982875347 1186.449420966208 347.35002423077822 11.676847919821737 484.28359672427177 8.6499971598386747 73.874186374247074 9.3282477259635943 12.543198220431803 8.7258257865905779 54.083317898213863 52.995639234781265 12.956846781074999 8.8187543824315053 123.79623067378998
leaf_count=6757 7484 3780 98 62 527 3784 4051 85 109 74 94 67 1032 60 350 162 10986 3380 64 3210 58 506 61 102 74 386 411 84 61 1094
internal_value=-9.09549e-05 0.000909867 -0.00952109 0.0368009 0.00183266 0.00561161 0.00103562 -0.00302435 0.0169998 0.0273666 0.0331775 0.0393585 0.013686 0.0337848 0.0284554 -0.00429818 -0.000596837 -0.00447139 0.00245528 -0.00407448 0.0745231 -0.00628633 0.0322769 0.0380731 0.0623063 0.00938111 0.0206267 0.00860849 0.0301166 0.000523356
internal_weight=5854.92 5232.98 425.319 20.9393 4807.66 1881.34 1200.81 957.341 243.469 163.759 149.991 137.338 680.532 127.486 117.8 79.7103 2926.32 924.779 1739.87 592.12 17.1111 558.158 33.9619 32.5614 21.269 539.247 100.689 22.2851 141.285 577.429
internal_count=49053 41569 3940 160 37629 15961 10698 8786 1912 1223 1114 1020 5263 946 886 689 21668 8525 10682 3925 125 3716 209 261 176 4170 761 145 1093 5145
is_linear=0
shrinkage=0.05


Tree=49
num_leaves=31
num_cat=0
split_feature=59 63 18 18 19 47 59 1 59 51 20 37 12 48 4 47 5 49 11 53 63 21 45 43 2 52 1 43 58 63
split_gain=18.6711 24.8876 24.9062 18.4623 17.5926 18.3346 16.9822 15.54 15.3673 16.1744 18.3298 24.3326 15.3587 19.9035 14.6116 14.153 19.0194 13.9316 14.0773 15.6665 13.2972 19.6169 17.1072 14.0761 13.2167 14.7054 15.3636 12.6687 12.3461 21.0979
threshold=-0.0064634917019011891 -0.029424514007218856 0.0095821431496622249 0.0051259559432271394 0.0063661909122049503 0.0007661951180532369 -0.0029655066132058257 0.010916976814780792 0.0019698929277255487 1.0000000180025095e-35 0.00061060461875603279 0.66959894709385348 0.25268835245056059 -0.00048711849079213201 0.73571428571428155 -0.00053236488163746411 0.0045899263856844837 -0.0029990536050645837 -0.93325885365251038 0.0018915461714086525 -0.00073951426095914094 0.0022587821278109779 -0.00044341144796785156 -0.00021500124999999988 -0.0057768704477236341 0.25834801224266341 -0.004323101285812138 -3.9834999999999994e-05 0.00089536840164365346 -0.00023419551229800215
decision_type=2 2 2 2 2 2 2 2 2 2 2 2 2 2 2 2 2 2 2 2 2 2 2 2 2 2 2 2 2 2
left_child=3 6 4 -1 8 27 -2 -7 24 12 11 17 13 -10 -5 -13 -17 -11 19 -19 21 22 -12 -22 25 26 28 -6 -3 -30
right_child=1 2 -4 14 5 7 -8 -9 9 10 20 15 -14 -15 -16 16 -18 18 -20 -21 23 -23 -24 -25 -26 -27 -28 -29 29 -31
leaf_value=0.020472137548380384 0.10626611011670538 0.019742917367633572 -0.01470294398275713 -0.031136187017191619 -0.012201874392716951 0.016621785392712869 0.021643653856318983 0.10898973253990728 -0.019008558151430436 0.057934181259780032 0.0025975444472227764 -0.0043897564539436612 -0.02152715124237289 0.12583278455748168 0.003914097742637933 0.037242501222726931 0.1310316765275317 0.01506146142322673 -0.007495101450171778 0.11753432327804342 0.05645658359779835 -0.023641084842289262 0.09257846217097411 -0.010102116941746625 0.0022668742502555735 -0.015468422430196891 -0.0094613302274803406 0.012394534395392799 0.060305959718800498 -0.015152941063248347
leaf_weight=174.07395459711552 7.8450466915965071 122.53029539436102 348.51547064632177 30.622239962220192 65.880205526947975 9.9905028492212313 24.271360151469707 8.367173492908476 5.5554291233420372 10.443617358803747 9.5585590302944166 9.6186934709548932 212.02886082977057 4.1388995423912984 1025.0773404985666 17.037168391048912 7.9174187481403342 27.460913106799129 157.87894797697663 4.3161175474524489 8.0399289242923242 14.112404726445673 11.807030044496061 662.44340202584863 2072.1779913529754 248.22233275324106 214.35176135599613 254.93016627803445 10.648384153842924 71.205567955970764
leaf_count=890 48 897 3793 172 638 77 172 58 69 105 79 104 2482 49 5996 175 79 307 1700 46 94 119 94 7805 16628 1779 1711 2215 74 598
internal_value=-9.01757e-05 -0.0015472 -0.00185416 0.0053851 -0.000798192 0.0101244 0.0423143 0.0587218 -0.00174772 -0.00656488 -0.0037013 0.0084046 -0.0187133 0.04283 0.00289741 0.047138 0.0669993 0.00171223 -0.00138369 0.0289798 -0.0077255 0.0221059 0.0523227 -0.009304 0.000296443 -0.0058255 -0.000109281 0.00734352 0.00969885 -0.00533649
internal_weight=5851.07 4621.29 4589.18 1229.77 4240.66 339.168 32.1164 18.3577 3901.49 1162.36 940.634 234.673 221.723 9.69433 1055.7 34.5733 24.9546 200.1 189.656 31.777 705.961 35.478 21.3656 670.483 2739.14 666.958 418.736 320.81 204.384 81.854
internal_count=49053 41995 41775 7058 37982 2988 220 135 34994 13307 10707 2516 2600 118 6168 358 254 2158 2053 353 8191 292 173 7899 21687 5059 3280 2853 1569 672
is_linear=0
shrinkage=0.05


Tree=50
num_leaves=31
num_cat=0
split_feature=59 50 7 7 8 47 37 37 20 37 54 32 62 41 50 54 37 21 59 2 21 48 31 41 7 37 20 46 59 48
split_gain=17.0915 15.5581 15.2761 19.0022 18.9903 19.3349 17.9472 16.762 19.7236 16.4613 20.7188 15.1813 13.669 20.3764 15.2036 13.5568 15.715 13.3704 13.1193 18.9281 15.0899 13.0939 13.7398 13.0394 12.9618 12.3996 14.1201 17.965 17.5626 13.2942
threshold=0.00053301595747259 0.0011357463414998303 5.5000000000000009 4.5000000000000009 1.0000000180025095e-35 -0.00036326512454868759 0.31629895100640043 0.10204081632653229 0.002896593370973843 0.047769163137234442 -0.0043213982326278455 6.5000000000000009 0.0046007448069344797 7.1200000000000004e-06 -0.002054447441357667 -0.0035469722580623217 0.79880339868228012 0.002168405555576354 -0.013664957503751332 -0.0026801956099912583 -0.0071085975381035499 -1.9327532745307656e-05 0.91179514276114226 -1.5949999999999998e-05 1.5000000000000002 0.10457835593570224 -0.0059706476256469205 -0.00048783634413597418 -0.002295102883644891 -0.00043359768451428003
decision_type=2 2 2 2 2 2 2 2 2 2 2 2 2 2 2 2 2 2 2 2 2 2 2 2 2 2 2 2 2 2
left_child=2 -2 3 7 5 17 25 8 24 -7 -11 -5 13 21 18 -16 -17 -4 20 -20 -15 22 -9 -14 -1 -6 -27 28 -28 -29
right_child=1 -3 4 11 6 9 -8 12 -10 10 -12 -13 23 14 15 16 -18 -19 19 -21 -22 -23 -24 -25 -26 26 27 29 -30 -31
leaf_value=0.020811759353118735 -0.0080274292655325638 0.00056642766402266421 0.020116503795289176 -0.01276127490697921 -0.011274752450258734 0.066023815532187682 -0.021427882342717475 -0.008026651969873044 0.034748718872203384 0.032208596131222386 -0.019029522581357195 0.007516175016453493 0.026312153924419331 -0.0066152353167125691 0.026063285958603799 0.0097567860966479222 -0.0103020238285094 0.060410301872778786 -0.012277887125194993 0.010899125290434089 0.023407138181196552 0.049078287666599628 0.050927958034374492 -0.019309938135468635 0.00024545325269670516 -0.033284014242251296 0.061761522283361125 0.11714028509041952 -0.040184100776849294 0.040528429437582697
leaf_weight=109.9007735773921 1043.8033615238965 1062.9666207879782 234.36624700576067 401.93303256481886 36.64599285274744 8.474496126174925 79.709580764174461 589.05513788759708 74.317447699606419 26.190363191068172 79.979654133319855 119.82132556289434 17.74765633046627 73.411524154245853 103.10671568661928 651.91754814237356 114.84512852877378 22.570459216833115 316.77585268765688 122.02449940145016 97.363728739321232 10.578882217407225 10.051575198769568 133.27191781997681 252.9209538474679 8.345227047801016 6.8201677575707462 8.0204957425594312 11.101034954190249 19.260692037642009
leaf_count=701 11986 11050 1537 3088 280 57 640 4067 517 154 583 900 135 426 693 4503 864 157 2128 847 468 69 60 994 1745 55 41 59 96 153
internal_value=-8.9446e-05 -0.00369142 0.00193928 0.000624689 0.0097058 0.0160375 -0.00414164 0.00232586 0.0112819 -0.00103713 -0.00638994 -0.00810454 0.000578194 0.0016283 0.00479827 0.00904134 0.00675239 0.0236561 -0.00125662 -0.00583267 0.0105014 -0.00606385 -0.00703753 -0.0139485 0.0064751 0.0111353 0.0264719 0.0375039 -0.00138725 0.0630518
internal_weight=5847.3 2106.77 3740.53 3199.04 541.484 371.581 169.903 2677.29 437.139 114.645 106.17 521.754 2240.15 2089.13 1479.44 869.869 766.763 256.937 609.576 438.8 170.775 609.686 599.107 151.02 362.822 90.1936 53.5476 45.2024 17.9212 27.2812
internal_count=49053 23036 26017 22205 3812 2488 1324 18217 2963 794 737 3988 15254 14125 9929 6060 5367 1694 3869 2975 894 4196 4127 1129 2446 684 404 349 137 212
is_linear=0
shrinkage=0.05


Tree=51
num_leaves=31
num_cat=0
split_feature=59 63 4 42 51 13 58 6 42 18 50 37 42 32 37 11 16 4 32 59 5 4 19 13 17 58 38 4 18 58
split_gain=16.6434 17.5377 17.0304 18.614 16.2731 24.6163 28.1173 24.6691 28.0855 23.4464 18.77 17.9325 17.6105 16.8266 16.8153 17.7838 16.6306 16.1668 16.1882 14.7473 14.258 15.7433 23.1958 14.0907 16.659 19.8327 25.5297 13.9497 13.5675 13.6511
threshold=0.0064530211313289692 0.0027781398273361234 3.179642857142857 0.00028747500000000009 1.0000000180025095e-35 0.14200559277634858 -0.0010158349343202286 5.5000000000000009 0.00016704000000000003 0.0040117178235942819 0.009529592710558565 0.25102474507367317 8.5455000000000014e-05 12.500000000000002 0.0050249040812741222 -1.1535320381177254 0.41666666666662394 0.52928571428571869 11.500000000000002 -0.0011688688088310618 0.0028339635125755711 0.80357142857142971 -0.00020383127562524777 0.051073587984576799 0.79880448322849895 -0.0039663190967052326 0.1975695745155045 0.70571428571428851 0.013406275708230629 0.0063479792268863111
decision_type=2 2 2 2 2 2 2 2 2 2 2 2 2 2 2 2 2 2 2 2 2 2 2 2 2 2 2 2 2 2
left_child=1 4 3 20 17 6 7 12 9 -9 16 -8 -6 14 -11 -16 -7 19 23 -1 21 -3 -23 24 -19 26 -26 -2 29 -29
right_child=27 2 -4 -5 5 10 11 8 -10 13 -12 -13 -14 -15 15 -17 -18 18 -20 -21 -22 22 -24 -25 25 -27 -28 28 -30 -31
leaf_value=-0.0044566840863266418 -0.030944166769464373 -0.0096727836746203534 0.077105128286055133 0.035626154435124111 -0.028412718960274488 0.0077937879874268329 0.0019317447237183856 -0.010230882161211055 -0.037324642706556964 0.092329553890055371 0.079099253996909244 -0.012712500444638203 0.015224534846280334 0.091356936219620877 0.088413422688486162 0.022062592741438826 0.027090286688397604 -0.00082475898317091684 0.013806567814548493 -0.034071695231156648 -0.019586544228204862 -0.012876547616412224 0.067360921034149576 -0.0026532473300322364 0.10262720941190856 0.0079212831221731755 0.024121000588026086 -0.0073193749666907899 -0.033613077708096385 0.013006579044198708
leaf_weight=117.63605024665594 59.206439517438412 102.38454122841358 5.6702932715415946 21.091394305229187 47.355402253568172 533.97701045870781 573.20593024045229 30.886798493564129 17.111681714653969 10.841270342469214 10.531190246343611 329.0557935833931 45.177680164575577 13.243420571088789 11.012340910732744 121.7458221167326 141.17996447533369 302.04910315573215 205.45993313193321 65.410919137299061 255.59488750994205 17.367607958614826 18.711732044816017 2026.3596227988601 13.501581296324728 148.43024080991745 44.443795524537563 412.19353117793798 39.608002107590437 103.30817488208413
leaf_count=833 811 1014 43 160 439 4125 5116 249 133 77 59 3236 371 81 82 914 1079 2492 1440 685 2402 148 173 14634 97 1159 328 4880 521 1272
internal_value=-8.80665e-05 0.000826497 -0.00896141 -0.0101369 0.00168307 0.00530499 0.000985555 0.0143191 0.0239982 0.0295878 0.012862 -0.00340903 -0.00710758 0.0374293 0.0324558 0.0275664 0.0118288 -0.000652814 0.000308207 -0.0150395 -0.0125863 0.000335547 0.0287368 -0.000785919 0.00665644 0.0176058 0.0424134 -0.0078734 -0.00541273 -0.00324599
internal_weight=5843.75 5229.44 420.82 415.15 4808.62 1885.32 1199.64 297.374 204.841 187.73 685.688 902.262 92.5331 156.843 143.599 132.758 675.157 2923.29 2740.24 183.047 394.059 138.464 36.0793 2534.78 508.425 206.376 57.9454 614.316 555.11 515.502
internal_count=49053 41569 3940 3897 37629 15961 10698 2346 1536 1403 5263 8352 810 1154 1073 996 5204 21668 20150 1518 3737 1335 321 18710 4076 1584 425 7484 6673 6152
is_linear=0
shrinkage=0.05


Tree=52
num_leaves=31
num_cat=0
split_feature=59 63 18 19 47 20 47 4 42 4 58 13 41 12 64 7 1 62 38 51 7 63 47 62 47 59 5 20 7 10
split_gain=16.4201 18.2976 21.3039 16.2927 16.4624 15.4591 13.6794 20.9651 20.4957 17.6875 14.8469 15.7914 14.6886 14.4864 13.4624 13.1696 13.1634 12.496 12.5128 16.2128 18.4573 19.3129 15.1158 15.7703 14.3482 13.8695 13.6705 17.6625 13.438 17.2717
threshold=-0.0073502114018449763 -0.029424514007218856 0.0095821431496622249 0.0063661909122049503 0.0007661951180532369 -0.0037134548836077487 -0.00059774528152633697 0.48928571428571493 3.7850000000000006e-06 0.44142857142857095 0.0079073883570011105 0.0070475291791660044 -0.00010493499999999998 0.31937628679865987 0.73914159881797603 5.5000000000000009 0.010916976814780792 0.016777516464168047 0.25874740591996487 1.0000000180025095e-35 2.5000000000000004 -0.014139006870608732 -0.00035288783515059383 0.0015208927184144191 -0.00026639896600219901 0.011294299539410612 0.0040157280314083764 0.00027008411015066536 3.5000000000000004 1.0000000180025095e-35
decision_type=2 2 2 2 2 2 2 2 2 2 2 2 2 2 2 2 2 2 2 2 2 2 2 2 2 2 2 2 2 2
left_child=5 -2 3 6 -5 15 9 8 -8 -3 17 -12 13 -11 -7 -1 -6 18 28 20 21 -20 23 -22 -23 -21 27 -26 29 -9
right_child=1 2 -4 4 16 14 7 10 -10 12 11 -13 -14 -15 -16 -17 -18 -19 19 25 22 24 -24 -25 26 -27 -28 -29 -30 -31
leaf_value=-2.94176627770662e-05 0.035040237086599653 0.03214148339482021 -0.013339168808640736 0.0071402186844968518 0.015429281710845275 0.020252284713998141 0.077424724868155062 -0.0014155256682016062 -0.0178332256742816 0.07520355132199362 0.072827863458474404 -0.017829833668190097 -0.01500037380175823 0.00024106625449330863 -0.017799286777108278 0.020263424128251852 0.098268996530223016 0.033680190602308667 0.05384009713025148 0.012178608010658044 0.020160787165328917 -0.023021629732013511 -0.0079645397790105762 -0.033004904834272299 0.072623451813842665 -0.037893490858441875 -0.022805525697802462 -0.012089922704437026 -0.0057805574519298039 0.012878221510645381
leaf_weight=734.60165407508612 34.299662843346596 25.443851418793201 357.92092041671276 323.77662562206388 10.101633615791799 225.82869733124971 5.8003259748220435 765.27945804968476 213.28625349327922 6.795770250260829 4.9701587930321685 143.18250276520848 425.748748883605 124.80689919739962 25.91130355745554 89.715589545667171 9.1294417381286603 29.720651775598526 10.425189279019831 578.53199910372496 166.89784384518862 156.59135672450066 106.94923391193151 15.220178272575138 13.425060957670214 14.16832362860441 18.727556645870209 11.359252020716665 900.18340194970369 291.97116098552942
leaf_count=4277 232 235 3910 2861 77 1178 51 6949 1996 68 47 1484 3925 1081 144 479 59 240 66 4789 1337 1257 845 130 95 164 147 89 8217 2624
internal_value=-8.75398e-05 -0.0013474 -0.00161124 -0.000651226 0.0098098 0.00549105 -0.00154172 -0.000343774 -0.0153113 -0.00862642 0.000672205 -0.0147885 -0.0104875 0.00411202 0.0163357 0.00217918 0.0547552 0.00141602 0.00110159 0.00538895 -0.001246 -0.0125073 0.00695565 0.0157176 -0.015964 0.0109816 0.00943536 0.0337973 -0.00129086 0.00253185
internal_weight=5840.77 4764.71 4730.41 4372.49 343.008 1076.06 4029.49 3446.69 219.087 582.795 3227.6 148.153 557.351 131.603 251.74 824.317 19.2311 3079.45 3049.73 1092.3 499.596 210.528 289.067 182.118 200.103 592.7 43.5119 24.7843 1957.43 1057.25
internal_count=49053 42975 42743 38833 2997 6078 35836 30527 2047 5309 28480 1531 5074 1149 1322 4756 136 26949 26709 8919 3966 1654 2312 1467 1588 4953 331 184 17790 9573
is_linear=0
shrinkage=0.05


Tree=53
num_leaves=31
num_cat=0
split_feature=6 6 7 50 6 41 63 63 60 18 37 7 38 60 54 6 6 7 63 2 60 5 37 42 5 59 43 32 21 13
split_gain=15.6116 46.2701 25.1675 24.5486 22.5794 21.6926 27.8417 19.8622 18.5014 18.4123 19.2781 29.2334 18.41 17.6701 17.5464 16.8535 16.197 16.1824 18.3985 15.9017 15.416 16.3518 15.3536 26.5666 22.5953 17.5158 14.9857 21.3694 14.8135 14.6219
threshold=11.500000000000002 14.500000000000002 5.5000000000000009 0.0014478284920536042 1.5000000000000002 7.7950000000000008e-06 -0.024994001782563488 0.01161746514628258 0.079044754814611887 0.0040784285167758992 0.28882180785811645 1.0000000180025095e-35 0.24117100922213089 0.10551368234112524 0.0010321390750289128 15.500000000000002 4.5000000000000009 4.5000000000000009 -0.0070977227912305835 0.0073081077158976921 0.7183190627757583 0.0066671686043066856 0.82009886967261825 9.5810000000000006e-05 0.0031869232918558818 -0.0047208124466097783 5.9430000000000012e-05 8.5000000000000018 -0.002365878978712654 0.021167002022006751
decision_type=2 2 2 2 2 2 2 2 2 2 2 2 2 2 2 2 2 2 2 2 2 2 2 2 2 2 2 2 2 2
left_child=4 3 5 -2 -1 6 -3 16 -4 26 11 12 -11 14 -10 -8 17 19 -19 -6 22 28 23 24 25 -15 27 -7 -22 -18
right_child=1 2 8 -5 7 9 15 -9 13 10 -12 -13 -14 20 -16 -17 29 18 -20 -21 21 -23 -24 -25 -26 -27 -28 -29 -30 -31
leaf_value=0.0069711165346627874 0.0066332246990318993 0.055425299027402342 -0.027071191341869277 0.024991214132687956 -0.0012138921584358519 -0.014145517385380117 0.011102144663496391 -0.031462158119404046 0.11595080206836442 0.08846803112370373 -0.0019720595946959066 0.0072036327193553493 0.013097073254457404 0.069297393715125027 0.0091760915945382389 -0.016619679901557133 0.011657578461142138 0.034288298425327629 -0.027325632734118706 -0.025131671562290375 0.018944302962919421 -0.0068855642285434674 -0.012820719732927234 -0.0038942096071331862 0.072717220521892306 -0.0018377939514852325 -0.032849137872089193 0.088329989320768243 0.084098241058541703 -0.0030574351672395658
leaf_weight=494.70658457279205 597.03737999126315 15.003067083656786 28.581658191978931 262.02288202941418 375.87943042069674 21.315463319420818 61.555855635553598 67.743199065327644 8.3973305970430356 19.468235477805138 853.45693993940949 245.17103512212634 13.876829132437704 11.49655871093273 7.1014800518751136 501.48269395530224 191.1869805753231 13.019367396831511 174.65283812582493 85.255026053637266 15.476630888879297 14.80678843334317 70.089616868644953 84.56715352088213 27.827331773936749 34.995315887033939 71.388849556446075 6.6822143644094458 19.994987636804581 1442.9727766290307
leaf_count=4088 4207 96 256 1925 3173 192 504 736 66 150 7236 2088 94 57 58 4699 1670 84 1644 863 102 140 581 690 212 300 649 57 166 12270
internal_value=-8.6517e-05 0.00243521 -0.00151116 0.0122326 -0.00273797 -0.0038072 -0.0117976 -0.00478125 0.0113377 -5.62176e-05 0.00175545 0.0131776 0.0571018 0.0150621 0.0670271 -0.0135889 -0.00398954 -0.0106734 -0.0230513 -0.00563584 0.012178 0.0372483 0.00667307 0.0152724 0.0370818 0.0157526 -0.0206903 0.0103123 0.0556709 -0.00133587
internal_weight=5837.21 2991.8 2132.74 859.06 2845.42 1809.4 578.042 2350.71 323.335 1231.36 1131.97 278.516 33.3451 294.753 15.4988 563.039 2282.97 648.807 187.672 461.134 279.254 50.2784 228.976 158.886 74.3192 46.4919 99.3865 27.9977 35.4716 1634.16
internal_count=49053 24525 18393 6132 24528 15765 5299 20440 2628 10466 9568 2332 244 2372 124 5203 19704 5764 1728 4036 2248 408 1840 1259 569 357 898 249 268 13940
is_linear=0
shrinkage=0.05


Tree=54
num_leaves=31
num_cat=0
split_feature=59 38 20 62 63 62 4 63 21 20 56 5 63 42 12 59 21 4 45 62 60 34 37 63 51 11 56 5 38 4
split_gain=15.3768 13.6251 13.8265 13.3173 16.7767 13.2231 12.3999 14.4322 11.9363 11.9188 11.8427 11.7883 13.7712 19.3059 16.6293 13.654 23.9643 13.3844 12.7405 11.5196 11.4612 11.4319 11.3053 11.0389 14.5453 14.0113 13.5047 13.1999 13.9739 13.9969
threshold=0.0028031250996612711 0.28432962761861863 0.0079302739408839747 0.017522093090772312 0.0011811785531393416 -0.020092388223908238 0.84071428571429163 -0.022964669772353816 0.0090933490475320084 -0.013896834423683791 2.9374382748437067 0.0062105535574810437 1.0000000180025095e-35 3.1760000000000001e-05 0.65178205336240191 -0.0061689085290375445 -0.002223155438176264 1.7271428571428589 -0.00050697051816375846 0.0046007448069344797 0.47903207038813594 0.048729745540736995 0.90966206123973614 -0.032174700562844057 1.0000000180025095e-35 -1.2757065894665585 0.43119126124133939 0.0030868611838461425 0.27124239826615715 1.169285714285716
decision_type=2 2 2 2 2 2 2 2 2 2 2 2 2 2 2 2 2 2 2 2 2 2 2 2 2 2 2 2 2 2
left_child=1 2 3 4 5 -1 7 -2 23 -3 -11 12 15 -14 -15 16 19 -18 -16 -7 -13 -10 -9 -8 25 -25 27 28 29 -26
right_child=6 9 -4 -5 -6 11 8 22 21 10 -12 20 13 14 18 -17 17 -19 -20 -21 -22 -23 -24 24 26 -27 -28 -29 -30 -31
leaf_value=0.036948752831204322 0.074999097074546148 0.053736459134322567 0.010785240055112342 0.033854200090800472 -0.013894801415477102 0.0015802335748058335 0.063843791446281231 -0.014433783820114954 -0.033438301295758983 0.0049883685604394856 0.037116318717203493 -0.028548937412626953 -0.050442842169548113 -0.010696561336022122 0.12409501594772031 -0.0022002200048754621 0.022992944256592818 -0.031762367960340786 0.042636272625831362 -0.039583794747598357 -0.0048528688504292268 0.0117097712385689 0.046304868098093643 0.057070218531192596 0.020323524353742493 -0.016899128566421059 0.013800142065520988 -0.0052600251641924441 -0.014607163088584438 0.089426449047833215
leaf_weight=23.698580615222454 4.6900037303566924 13.288335986435412 270.29611543565989 27.222328580915928 243.39472093433142 558.6773868277669 6.7195840775966635 386.79158762842417 52.107698291540146 878.20749287307262 29.65156177431345 64.519626446068287 5.9447313249111167 8.4362026602029818 7.5969924181699779 1897.7242227196693 201.1882229745388 11.816007211804388 13.038287222385405 17.529139623045921 244.04934994131327 19.182737693190575 7.8159313201904288 6.6743747480213633 40.850120291113853 156.86388674750924 195.93958137184381 408.62135644257069 22.714023634791374 8.9297233484685403
leaf_count=145 29 76 2084 206 2141 3254 44 4703 713 6219 176 498 49 80 61 15587 1046 68 101 106 1800 210 88 83 482 1890 1857 4916 240 101
internal_value=-8.63773e-05 0.00130027 -8.98674e-05 -0.000973971 -0.00126148 -0.000254717 -0.00483823 -0.0121944 -0.00164064 0.00672579 0.0060377 -0.000545647 0.000504311 0.0316581 0.0484466 9.83147e-05 0.00562534 0.0199555 0.0726258 0.000327957 -0.00980755 -0.0212899 -0.0132307 1.25911e-05 -0.000497667 -0.0138803 0.00273482 -0.00177166 0.017891 0.0327195
internal_weight=5834.18 4516.28 3595.13 3324.84 3297.61 3054.22 1317.9 399.298 918.603 921.147 907.859 3030.52 2721.95 35.0162 29.0715 2686.93 789.211 213.004 20.6353 576.207 308.569 71.2904 394.608 847.313 840.593 163.538 677.055 481.115 72.4939 49.7798
internal_count=49053 33697 27226 25142 24936 22795 15356 4820 10536 6471 6395 22650 20352 291 242 20061 4474 1114 162 3360 2298 923 4791 9613 9569 1973 7596 5739 823 583
is_linear=0
shrinkage=0.05


Tree=55
num_leaves=31
num_cat=0
split_feature=59 18 45 1 63 43 63 42 47 58 10 45 20 1 50 43 58 5 62 17 50 41 37 58 60 60 3 19 59 59
split_gain=14.8847 19.1971 18.0507 15.6525 15.1438 13.0205 15.672 14.3536 13.8187 18.5938 16.8171 16.9223 18.7828 22.9051 15.3379 16.022 15.2088 17.4985 19.4936 15.7802 17.4482 13.9239 13.8543 24.2518 19.135 21.0906 16.7382 16.5799 16.23 16.4464
threshold=-0.016678661354529875 0.0095821431496622249 0.00084708768926438011 0.010916976814780792 -0.032174700562844057 0.00027931875000000006 0.0070366141270129783 0.00026873000000000006 -0.00060034454756605993 -0.010806516223081968 1.0000000180025095e-35 -0.00069185545445375502 -0.011930369537189763 -0.0066728545665455186 -0.0014566464485738402 2.9170000000000004e-05 -0.0016683914687559602 0.0034414393692079989 -0.00067102474368618099 1.0141136574535217 0.0025550006669151069 7.7950000000000008e-06 0.24808395942655417 0.0079073883570011105 0.057432390591484257 0.1108272489003409 0.0036989512562762262 0.0079657496457589891 0.0028031250996612711 0.0026117843672588278
decision_type=2 2 2 2 2 2 2 2 2 2 2 2 2 2 2 2 2 2 2 2 2 2 2 2 2 2 2 2 2 2
left_child=-1 2 4 -4 -2 6 8 -8 -6 -10 22 -12 -13 -14 15 -15 17 18 -16 20 21 -20 27 24 -24 26 -26 28 29 -11
right_child=1 -3 3 -5 5 -7 7 -9 9 10 11 12 13 14 16 -17 -18 -19 19 -21 -22 -23 23 -25 25 -27 -28 -29 -30 -31
leaf_value=0.010960996530866287 0.041059114679042039 -0.0098063438710710542 0.013450602644083621 0.077409946462713375 -0.0059774562021371984 -0.022745451100687496 -0.01309317002391007 0.069800610779990932 0.040001765041851239 0.0034819870276438501 0.053286097534196109 -0.017787651986993905 0.026111416992865295 0.011930113007310835 -0.024158599499609662 -0.016380990963851965 0.0036758943660517088 0.0082085088310915114 -0.0014981517166639943 0.020984184624749661 0.13962676230361282 0.074156274834665581 -0.019471947334673747 -0.037753141235938703 -0.017464407697390435 -0.0027031868668215067 0.04330524201727412 0.046876917152296083 -0.01012880434967724 0.0551720326686162
leaf_weight=289.81809797883034 22.127259723842144 520.15580100938678 123.28296198695898 10.370314329862593 676.05784700810909 64.323376424610615 276.92228281497955 5.3226066380739203 31.548682697117329 1101.4930410310626 18.631685368716717 82.586675897240639 137.11105281859636 74.216252062469721 10.921483058482407 152.99216719716787 659.09936589747667 137.28136595711112 8.4587254934012908 30.208974048495293 7.182753160595893 21.643059931695461 158.65328665450215 54.347396083176136 15.150925755500792 819.32332046329975 44.944832000881433 20.589738763868809 239.93034920841455 15.606594711542128
leaf_count=1570 126 5032 942 64 5798 497 2879 44 209 8405 146 536 974 564 81 1154 5779 1066 73 209 57 160 1418 547 155 7010 357 175 2870 156
internal_value=-8.50105e-05 -0.000662818 0.000284542 0.0184133 -0.000211289 -0.000399015 -9.95709e-05 -0.0115299 0.000614502 0.00177448 0.00145797 0.00596726 0.00530022 0.00683902 0.00444115 -0.00713334 0.00744736 0.0189718 0.037815 0.0478433 0.0696053 0.0528971 -0.000988933 -0.00519408 -0.00348948 -0.000606126 0.0279844 0.00234565 0.00166999 0.00420413
internal_weight=5830.3 5540.48 5020.33 133.653 4886.68 4864.55 4800.22 282.245 4517.98 3841.92 3810.37 1340.33 1321.7 1239.12 1102 227.208 874.796 215.696 78.415 67.4935 37.2845 30.1018 2470.04 1092.42 1038.07 879.419 60.0958 1377.62 1357.03 1117.1
internal_count=49053 47483 42451 1006 41445 41319 40822 2923 37899 32101 31892 10799 10653 10117 9143 1718 7425 1646 580 499 290 233 21093 9487 8940 7522 512 11606 11431 8561
is_linear=0
shrinkage=0.05


Tree=56
num_leaves=31
num_cat=0
split_feature=59 63 4 42 51 13 58 6 42 18 62 42 50 16 12 38 4 38 18 62 47 59 41 11 13 42 5 4 19 59
split_gain=13.8347 13.5135 14.7082 15.6103 14.063 20.5749 24.1056 21.3431 24.7548 20.0792 19.5792 16.0871 15.7353 14.3417 13.7856 14.6026 13.7801 15.218 13.728 17.9014 19.4927 15.8419 15.7632 18.4261 15.3025 17.7969 13.3704 13.9059 19.9344 13.322
threshold=0.0064530211313289692 0.002892092690250799 3.179642857142857 0.00028747500000000009 1.0000000180025095e-35 0.14200559277634858 -0.0010158349343202286 5.5000000000000009 0.00016704000000000003 0.0040117178235942819 0.0074140293734871994 8.5455000000000014e-05 0.009529592710558565 0.41666666666662394 1.0547609996447065 0.19517363923802597 0.52928571428571869 0.36899563318777423 0.0051259559432271394 -0.0049964283781591748 -0.00057479403126336874 -0.00019262481387795065 -0.00012842999999999999 -0.73524811543785817 0.032071292487396069 5.9660000000000008e-05 0.0028339635125755711 0.80357142857142971 -0.00020383127562524777 -0.0012579992712096067
decision_type=2 2 2 2 2 2 2 2 2 2 2 2 2 2 2 2 2 2 2 2 2 2 2 2 2 2 2 2 2 2
left_child=1 4 3 26 16 6 7 11 9 -9 -8 -6 13 -7 15 29 17 -1 19 -18 -21 24 23 -23 25 -20 27 -3 -29 -11
right_child=-2 2 -4 -5 5 12 10 8 -10 14 -12 -13 -14 -15 -16 -17 18 -19 21 20 -22 22 -24 -25 -26 -27 -28 28 -30 -31
leaf_value=-0.016801077520064541 -0.0072346064395863875 -0.008624615225276069 0.070391477247850151 0.032080286187756026 -0.027595980093809425 0.0069983550559040127 -0.0046735389373683666 -0.0099447548672268616 -0.036404340548055358 0.063589489609235619 0.034201234814770297 0.014210386000986572 0.0711916272324018 0.024763972737926826 0.0020032319398080667 0.049353643064607919 0.040342897080246909 0.064431640544025767 -0.012751197338228477 -0.012017013488607779 0.0075509895453603195 0.096458848218326898 -0.016148287384467368 -0.003663473624131264 -0.0016544479113393554 0.029591191560269348 -0.018449788854946698 -0.011894166041253269 0.062194738170638919 -0.013107358055030252
leaf_weight=173.68939423188567 606.1157428137958 98.424254104495049 5.8981846943497649 21.724144153296947 46.488503191620111 538.82751054316759 865.29545988515019 30.713060304522514 16.683167725801468 7.9039682447910335 33.648604936897755 45.564030207693577 10.938472419977186 143.94851258397102 27.583434462547302 105.33069420605898 35.106558404862881 5.9634216241538516 35.30996061861515 156.47177305817604 681.89845636487007 6.806721210479739 271.31806661561131 14.144097544252871 1456.0670421048999 83.502152070403099 245.35428890958428 17.065423175692558 19.400033459067345 19.958730518817902
leaf_count=1471 7484 998 43 160 443 4137 8106 249 133 40 261 371 59 1081 171 765 233 47 246 1241 5154 66 2919 147 9595 564 2373 148 170 178
internal_value=-8.42628e-05 0.00074583 -0.00799259 -0.00914274 0.00148632 0.00484326 0.000878406 0.0131452 0.0220102 0.0270995 -0.00321841 -0.00690273 0.011697 0.0107439 0.034176 0.0408388 -0.0006896 -0.0141046 0.000189778 0.00536361 0.00389886 -0.00223061 -0.0129216 0.0288653 -0.000246561 0.0170074 -0.0114979 0.00114708 0.027522 0.00864967
internal_weight=5827.14 5221.03 407.866 401.968 4813.16 1892.88 1199.17 300.226 208.173 191.49 898.944 92.0525 693.714 682.776 160.777 133.193 2920.28 179.653 2740.62 873.477 838.37 1867.15 292.269 20.9508 1574.88 118.812 380.244 134.89 36.4655 27.8627
internal_count=49053 41569 3892 3849 37677 15994 10717 2350 1536 1403 8367 814 5277 5218 1154 983 21683 1518 20165 6628 6395 13537 3132 213 10405 810 3689 1316 318 218
is_linear=0
shrinkage=0.05


Tree=57
num_leaves=31
num_cat=0
split_feature=59 18 47 1 55 43 10 6 17 2 5 60 58 49 37 58 19 50 60 60 59 58 37 41 7 5 59 50 2 20
split_gain=13.4915 16.4617 19.1934 16.9049 14.4898 13.4789 14.1377 29.1492 23.5769 19.8863 19.5766 22.5607 17.1585 16.6568 15.528 26.035 20.0367 20.4465 18.3478 18.1765 15.9607 15.3625 18.773 15.6231 43.7456 33.1743 24.5143 15.4722 16.3219 14.8745
threshold=-0.011149249180822158 0.0095821431496622249 0.00083651571887188804 0.010916976814780792 1.0000000180025095e-35 0.00027931875000000006 1.0000000180025095e-35 14.500000000000002 1.043122645545705 0.0074239865849289998 0.0017695492286732143 0.079044754814611887 -0.00058816407106517736 0.00081008426524340111 0.2400339447265756 0.0079073883570011105 0.0079657496457589891 0.0069940800517390407 0.060070965043557349 0.1108272489003409 0.0028031250996612711 0.0018946123213838776 0.92764344849680735 7.7950000000000008e-06 5.5000000000000009 0.0033830878933991666 0.0013312766114956694 -0.001134798885922597 0.0041268391836315798 0.0050931659028768976
decision_type=2 2 2 2 2 2 2 2 2 2 2 2 2 2 2 2 2 2 2 2 2 2 2 2 2 2 2 2 2 2
left_child=4 2 5 -4 -1 6 14 8 9 13 12 -12 -9 -8 16 18 20 -18 -16 -20 -2 22 23 24 -13 -26 -27 -25 -29 -30
right_child=1 -3 3 -5 -6 -7 7 10 -10 -11 11 21 -14 -15 15 -17 17 -19 19 -21 -22 -23 -24 27 25 26 -28 28 29 -31
leaf_value=0.0042054850577500765 0.0025926946251049101 -0.010249048662391583 0.014105878319190435 0.086499647196486784 0.028632881269435591 -0.024919352684178428 0.010896248312577217 0.12031859460735335 0.0061804528604803358 0.070804211734401087 -0.016947535831066601 -0.013483936095477845 0.019272291635964858 0.051490781510907815 -0.018843916094342817 -0.036466136714157688 0.017792847167455498 0.11615990498505054 0.021802222978165021 -0.0039180930149482164 -0.010038744477061415 -0.0071470624770545851 -0.020827032832239616 0.0014772964188931885 0.0047598416307259514 0.048363289837656309 0.16647504438962127 0.033753411482642701 -0.014760794687681321 0.031040702781648555
leaf_weight=548.41756028681993 1321.4487071111798 432.79349121078849 120.42809918895364 8.6427458152174932 68.264908656477928 56.256564229726791 90.519071131944656 5.7823538631200817 302.35242230445147 25.317695036530495 198.43760197237134 161.7734806984663 15.364703223109244 35.055753819644451 194.48059232160449 67.989953339099884 20.484201103448871 7.1185793280601493 73.738338187336922 1003.4544598199427 308.46000372990966 322.54222808405757 57.23684148862958 118.99570428207517 24.174997493624687 11.471638292074205 7.1196284443140021 142.8240201883018 41.853645786643028 30.750517763197422
leaf_count=3026 10257 4508 930 50 308 449 704 43 2059 193 1811 1446 143 274 1786 722 172 60 629 8972 3765 3252 489 887 190 69 66 1131 378 284
internal_value=-8.3487e-05 -0.000911714 -6.52382e-05 0.0189535 0.00690952 -0.000593711 -0.000295487 0.00351303 0.0142365 0.030379 -0.00075673 -0.00165886 0.0469019 0.0222287 -0.0023179 -0.00632105 0.000917597 0.0431611 -0.00470934 -0.00215743 0.000202196 0.00164332 0.00639888 0.00929021 -0.00159493 0.043378 0.0935948 0.0159478 0.0239408 0.00463781
internal_weight=5823.55 5206.87 4774.07 129.071 616.682 4645 4588.75 1591.57 453.245 150.893 1138.33 1117.18 21.1471 125.575 2997.17 1339.66 1657.51 27.6028 1271.67 1077.19 1629.91 918.743 596.2 538.964 204.54 42.7663 18.5913 334.424 215.428 72.6042
internal_count=49053 45719 41211 980 3334 40231 39782 13419 3230 1171 10189 10003 186 978 26363 12109 14254 232 11387 9601 14022 8192 4940 4451 1771 325 135 2680 1793 662
is_linear=0
shrinkage=0.05


Tree=58
num_leaves=31
num_cat=0
split_feature=59 50 47 4 42 59 47 37 52 50 60 49 2 58 4 63 41 5 4 19 6 6 13 2 4 47 1 18 4 41
split_gain=12.6513 17.8859 12.2363 21.8903 19.0459 15.9247 16.5428 19.2465 26.7629 15.7268 18.1049 22.4111 17.0064 23.3978 14.326 14.1675 14.6362 16.6874 15.5667 13.9899 13.6258 21.0612 15.6674 18.9119 14.1656 14.8717 13.9342 14.1315 33.0795 13.3653
threshold=-0.016678661354529875 -0.0098575498771170025 -0.00059774528152633697 0.48928571428571493 3.7850000000000006e-06 0.011294299539410612 1.0000000180025095e-35 0.56653992395438013 0.036007067817046157 0.006382447393375003 0.8521542280651454 -0.00029473687205865123 0.0066818832866168453 -0.00062956227021090689 0.44142857142857095 0.0070366141270129783 0.00034317500000000009 0.0028339635125755711 0.80785714285714005 0.0091690499545566354 1.5000000000000002 5.5000000000000009 0.051073587984576799 0.0038620450778456415 1.3492857142857166 0.00018721304273669489 -0.014407058252995075 0.0038496333145721776 0.83000000000000351 0.00019064500000000003
decision_type=2 2 2 2 2 2 2 2 2 2 2 2 2 2 2 2 2 2 2 2 2 2 2 2 2 2 2 2 2 2
left_child=-1 -2 14 4 -4 9 -7 29 -9 15 11 -11 -13 -14 -3 20 17 18 -17 -19 22 26 -5 -24 -25 -26 -22 28 -28 -8
right_child=1 2 3 5 -6 6 7 8 -10 10 -12 12 13 -15 -16 16 -18 19 -20 -21 21 -23 23 24 25 -27 27 -29 -30 -31
leaf_value=0.010067094793248875 -0.024129819770586081 0.02973612196205221 0.071057306272253609 0.03148668736323107 -0.01710873961461647 -0.018588436379743237 -0.041819498292471141 -0.0085462993058317057 0.12085988979459708 0.092916780574533259 -0.0092211058133011819 -0.0057767330214189517 -0.008732684663194528 0.068664004672261941 -0.0070972799539328604 -0.0070352701584221675 0.055225214637063716 -0.023917101812546741 0.048412982365996303 0.046085289110679564 0.053161584884367591 0.0032613109710801628 -0.0032610833554007333 0.015786695128730658 0.11211736624798173 0.011581401462432165 0.0032611960087527547 -0.010606855254099368 0.13119127285980833 0.03750245731024042
leaf_weight=291.58529943227768 79.726613219827414 27.30082918331027 6.3047329708933821 79.778541292995214 215.42849155887961 171.56064660474658 14.152870714664461 7.5933819524943855 8.4322483539581281 12.868888057768343 38.315873615443707 32.511070117354393 14.875602956861256 28.42307310551405 798.76327346265316 40.95285977050662 8.2224255651235563 159.36619535461068 18.320512033998966 7.4718335643410674 9.5089267753064615 2896.8213844187558 165.73727071285248 52.099386587738991 8.9230274409055692 6.258287899196147 65.890297777950764 538.27714808285236 5.472751557826995 8.4997374936938268
leaf_count=1570 504 241 52 666 2035 2135 157 101 84 101 328 264 126 207 7116 428 66 1677 171 66 66 23559 1232 437 74 51 613 4795 45 86
internal_value=-8.35062e-05 -0.000618933 -0.000274881 0.000726869 -0.0146018 0.00149928 -0.0119289 0.0176099 0.0595437 0.00217305 0.0194997 0.0319092 0.021553 0.0420738 -0.00587996 0.00163149 -0.0103029 -0.0126858 0.010103 -0.020782 0.00236192 0.00147225 0.0123622 0.00581457 0.0281713 0.0706728 -0.00689827 -0.00783506 0.013072 -0.0120562
internal_weight=5819.44 5527.86 5448.13 4622.07 221.733 4400.33 210.239 38.6782 16.0256 4190.1 126.995 88.6786 75.8097 43.2987 826.064 4063.1 234.334 226.111 59.2734 166.838 3828.77 3515.97 312.797 233.018 67.2807 15.1813 619.149 609.64 71.363 22.6526
internal_count=49053 47483 46979 39622 2087 37535 2563 428 185 34972 1026 698 597 333 7357 33946 2408 2342 599 1743 31538 29078 2460 1794 562 125 5519 5453 658 243
is_linear=0
shrinkage=0.05


Tree=59
num_leaves=31
num_cat=0
split_feature=32 58 43 51 18 5 10 18 17 52 9 60 60 12 37 37 20 62 47 5 7 6 14 63 37 64 18 15 37 54
split_gain=12.3722 29.6878 14.5691 14.8706 15.4745 16.4282 14.6686 34.2468 13.7447 13.6823 13.2542 25.5562 17.6755 25.6782 20.3473 17.4153 16.9319 16.8237 15.2259 15.3289 15.7709 14.5336 16.2285 14.5301 14.4884 14.2099 17.8428 13.9477 14.7745 14.2569
threshold=9.5000000000000018 -0.0011039175480879572 -2.8924999999999968e-05 1.0000000180025095e-35 0.0052839396332426142 0.0037609576449560787 1.0000000180025095e-35 0.0044820772381794103 1.9613526570048345 2.1505277023021514 1.0000000180025095e-35 0.088028063207605201 0.10551368234112524 0.66022541859824313 0.44904988583915145 0.072166336511976584 0.017154043348192496 0.0014594803198749956 -0.00057479403126336874 0.0097994594216513024 5.5000000000000009 11.500000000000002 0.037855266300446326 -0.010513539807440195 0.21818181818181859 0.45909833380675052 0.0042113358640263878 0.47945205479451486 0.011200463201235321 0.0055458189710329304
decision_type=2 2 2 2 2 2 2 2 2 2 2 2 2 2 2 2 2 2 2 2 2 2 2 2 2 2 2 2 2 2
left_child=8 2 3 -2 -5 -6 9 -8 10 -4 11 23 13 14 -13 17 21 25 -14 20 -20 -17 -23 -1 -15 26 -12 28 -27 -30
right_child=1 -3 6 4 5 -7 7 -9 -10 -11 15 12 18 24 -16 16 -18 -19 19 -21 -22 22 -24 -25 -26 27 -28 -29 29 -31
leaf_value=0.049726906505765986 -0.01508874998215109 -0.0017354170737826765 0.011019253893428957 -0.02253221511505921 0.10460433267399694 8.5656759294778847e-05 0.12962769328173668 0.030115694512954372 0.010783835065304569 0.077814212830538507 0.0083008218290507429 0.028943070796114603 -0.0090686485224204614 -0.040694290839575459 0.14036309030167374 -0.0052296736205617814 0.045767761963205894 -0.018407405733953563 -0.00093818811091428813 -0.024557463646827073 0.012322830743486064 0.059399102480400749 0.0048255003164140138 -0.014847454682724373 0.026266006134741678 -8.377863984156532e-05 0.091423983954031063 -0.013280346016182701 0.033193946684804208 -0.023462567783803547
leaf_weight=8.8688384220004064 51.623728591948748 474.64893297478557 119.6674687936902 8.2931069321930426 9.2276518121361715 6.344553790986537 9.9197533428668958 67.32584035769105 236.9290309548378 8.1915722191333753 12.154091961681845 9.1632200405001658 598.50764172151685 12.218020528554915 7.4118613377213469 746.72479446977377 19.497857354581356 37.668563768267632 1915.14805656299 62.216803040355444 253.93039456009865 14.172833256423472 350.75232454389334 490.84274956956506 23.843163043260574 69.171462189406157 13.770334027707575 40.527471359819174 126.30305881053209 12.173890367150305
leaf_count=53 402 4100 877 76 74 54 65 444 1530 50 100 87 5278 97 61 6396 164 330 16668 611 2092 99 2530 4500 176 571 100 350 1018 100
internal_value=-8.31226e-05 0.00588657 0.0187798 -5.01976e-08 0.0326387 0.0620205 0.0256918 0.0428949 -0.000973792 0.0152986 -0.00155114 -0.0032628 -0.00145313 0.0272554 0.0787666 0.00246096 -0.000422884 0.012924 -0.00198712 -8.76239e-05 0.000614257 -0.00123305 0.00694501 -0.0137014 0.00357894 0.0172298 0.0524535 0.0135503 0.0187869 0.0282131
internal_weight=5817.24 755.243 280.594 75.489 23.8653 15.5722 205.105 77.2456 5062 127.859 4825.07 3382.15 2882.44 52.6363 16.5751 1442.92 1131.15 311.769 2829.8 2231.3 2169.08 1111.65 364.925 499.712 36.0612 274.1 25.9244 248.176 207.648 138.477
internal_count=49053 6142 2042 606 204 128 1436 509 42911 927 41381 29623 25070 421 148 11758 9189 2569 24649 19371 18760 9025 2629 4553 273 2239 200 2039 1689 1118
is_linear=0
shrinkage=0.05


Tree=60
num_leaves=31
num_cat=0
split_feature=59 49 51 58 5 38 37 6 18 38 58 42 7 59 37 58 20 58 4 47 47 3 18 63 50 41 15 21 51 32
split_gain=12.2347 18.8765 13.6086 25.4991 19.6971 17.7769 14.5195 13.7368 14.0745 12.5793 15.2409 12.5364 12.733 11.8049 11.7031 12.7511 12.6658 11.8181 11.4649 17.689 11.0174 13.9828 10.9785 11.3063 10.9309 15.2724 10.8657 10.8614 17.5508 14.7121
threshold=-0.0018873181724142248 0.00024919487600531863 1.0000000180025095e-35 0.0028903917346718611 0.0027394873400584286 0.16324796146485718 0.43003497872615254 18.500000000000004 0.0063395506716910589 0.27291153048352607 -0.0032720307167973263 4.6775000000000005e-05 1.0000000180025095e-35 -0.013664957503751332 0.13745609621712893 0.0050724425209871934 0.011870351649802409 -0.0084766731717110071 0.50357142857143045 -0.00056861643875859205 -0.00056861643875859205 0.0020906630986762247 0.0064320978362623939 -0.014583752450720343 0.0027621868618781997 6.743000000000001e-05 0.10101010101011015 0.0013274352893061423 1.0000000180025095e-35 12.500000000000002
decision_type=2 2 2 2 2 2 2 2 2 2 2 2 2 2 2 2 2 2 2 2 2 2 2 2 2 2 2 2 2 2
left_child=2 18 -1 6 11 7 9 8 -6 10 -4 -5 -13 -7 16 22 17 -3 20 24 21 -2 23 -16 -20 -26 -18 28 -21 -30
right_child=1 14 3 4 5 13 -8 -9 -10 -11 -12 12 -14 -15 15 -17 26 -19 19 27 -22 -23 -24 -25 25 -27 -28 -29 29 -31
leaf_value=0.00054922015407551613 0.075913681503645261 0.07413040269719301 0.035775997600285998 0.07552085816369955 0.048583280769400508 0.026646269053713697 0.033415082177046383 0.084752026070658265 -0.046418856509032637 0.028952431362201426 -0.0048816019707270076 0.067378731293991065 -0.0056211011972700179 -0.018805073645373118 0.044375055938861763 0.011333297354707006 0.10144125465673651 0.0057015455197020849 -0.020216436345364103 -0.0068794278272224898 -0.029240447379597252 -0.010377267963786187 -0.0098099408541072186 2.9583943501120349e-06 -0.0031697236130871528 0.09567449166150431 0.022636187211086137 -0.0070015546181488005 0.013431581777823954 -0.023937051068172732
leaf_weight=2096.3601087555289 5.6487075686454764 6.4070750512182704 28.494515135884285 10.470348082482813 8.3311580047011393 15.659519657492636 108.16915932297707 7.97300250083208 7.3275103196501723 67.123395957052708 120.63068933039904 7.9452616348862639 24.070222668349743 162.8713473379612 14.749459609389303 176.21385606750846 6.3327897861599949 415.30318490788341 232.9850909858942 273.59083818271756 93.524043548852205 27.795535281300545 384.93596973270178 538.54057386890054 27.015798613429073 4.568817261606454 14.142148543149231 593.76313503086567 304.93165518715978 28.82924285158515
leaf_count=13414 56 59 141 70 66 69 629 53 56 358 715 50 163 1194 101 1955 47 3992 2513 2755 988 272 4063 5380 292 46 129 6370 2813 244
internal_value=-8.23837e-05 -0.00219237 0.00241063 0.00926781 -0.0029202 -0.00942406 0.018459 0.0313287 0.00412681 0.0109778 0.00288716 0.0280275 0.0124952 -0.0148184 0.00172318 -0.00100769 0.0086058 0.00674119 -0.00601935 -0.00477076 -0.0204328 0.00419721 -0.00332553 0.00118582 -0.0164745 0.0111284 0.0470102 -0.00219278 0.0025084 0.0102038
internal_weight=5814.7 3149.28 2665.43 569.066 244.648 202.163 324.418 23.6317 15.6587 216.249 149.125 42.4858 32.0155 178.531 1556.63 1114.44 442.185 421.71 1592.65 1465.68 126.968 33.4442 938.226 553.29 264.57 31.5846 20.4749 1201.11 607.352 333.761
internal_count=49053 32075 16978 3564 1721 1438 1843 175 122 1214 856 283 213 1263 15726 11499 4227 4051 16349 15033 1316 328 9544 5481 2851 338 176 12182 5812 3057
is_linear=0
shrinkage=0.05


Tree=61
num_leaves=31
num_cat=0
split_feature=18 59 45 10 9 42 21 59 37 47 58 20 37 58 43 59 56 49 5 18 5 45 9 48 20 58 5 37 5 51
split_gain=11.7868 19.3694 15.1064 12.8703 20.0327 14.576 14.5027 14.9167 18.5119 13.8469 15.8228 13.4321 12.3189 12.6018 17.6159 13.4313 12.3002 12.1132 11.8297 14.1124 19.5569 11.9874 11.7395 11.3828 13.0856 16.3029 19.3998 17.8568 22.7788 17.8333
threshold=0.0095821431496622249 -0.020508045326491867 0.00095242556458632389 1.0000000180025095e-35 1.0000000180025095e-35 0.00058511000000000012 -0.0042095676484026666 0.0036037924332134505 0.75507363697045038 -0.00060034454756605993 0.0005210340258493297 0.0068178137965089281 0.96407516550209926 0.0096060326684295309 0.00018214875000000004 -0.035377141157370291 1.8505229606770464 -0.00020064765339034818 0.0027394873400584286 0.0077151657414627458 0.0057658349163690649 0.001003126680029307 1.0000000180025095e-35 -0.0007787186136948371 -0.0095107212561621277 -0.0016683914687559602 0.0035049585183323947 0.30987969026535211 0.0049080963302340066 1.0000000180025095e-35
decision_type=2 2 2 2 2 2 2 2 2 2 2 2 2 2 2 2 2 2 2 2 2 2 2 2 2 2 2 2 2 2
left_child=1 -1 3 17 5 9 -6 8 -8 10 -5 -9 13 15 22 -2 -13 -3 -4 21 -21 -20 -15 -11 -25 26 -26 28 -28 -29
right_child=12 2 18 4 6 -7 7 11 -10 23 -12 16 -14 14 -16 -17 -18 -19 19 20 -22 -23 -24 24 25 -27 27 29 -30 -31
leaf_value=0.028443710948043533 0.040737376534507048 -0.00520387753493239 0.067408990325046561 -0.00045241931910124079 -0.018188337676256126 0.078651007368906636 0.021745886674552243 -0.030952779716436792 0.086356965266896721 0.062256882693860885 -0.026783013436323489 0.050102993365144378 -0.017830490846316299 -0.018276394793615685 0.090021283604631519 -0.0059430888176525828 -0.03149556846229111 0.00097374800559986397 0.043871645609391829 0.072392584252659972 -0.023956147977753903 -0.010924905391539503 0.062042060070739251 -0.011260719056570206 0.0335287519256003 0.00095692050900632547 0.00739495220901705 -0.010675616872821873 0.092120536519309112 0.033260401779825081
leaf_weight=62.296933308243752 15.95208105444908 1480.6027963608503 11.525898806750773 157.51532515510917 28.17985600233078 6.04201716184616 190.0020399838686 24.852009765803814 11.77299242466688 8.0410712063312513 89.461026459932327 14.104174032807352 172.45452961698174 15.558069553226238 8.4854934364557248 453.00207339599729 6.8669112846255294 1709.9330127350986 12.577151499688624 18.254559658467773 7.4026108831167212 48.34498256444931 6.4295917116105548 150.32880987226963 93.403509490191936 826.36758073046803 22.035113617777824 118.37551651522517 12.395857356488703 28.694089852273464
leaf_count=294 90 12277 72 1262 187 45 1169 250 72 60 874 113 1519 158 72 4094 51 15294 92 127 54 359 50 975 663 7422 153 896 79 230
internal_value=-8.11045e-05 0.000733081 0.000393066 1.02236e-05 0.00340562 0.00114612 0.0157991 0.0196673 0.0255158 0.000835302 -0.00999002 -0.00608546 -0.006309 -0.00233057 0.0288265 -0.00435519 0.0233838 -0.00189305 0.0198228 0.0134879 0.044594 0.000387642 0.00521018 0.00295781 0.00257683 0.00446573 0.0150133 0.00548487 0.0378979 -0.00210346
internal_weight=5811.26 5139.38 5077.08 4978.97 1788.44 1512.66 275.778 247.598 201.775 1506.62 246.976 45.8231 671.882 499.427 30.4732 468.954 20.9711 3190.54 98.1052 86.5793 25.6572 60.9221 21.9877 1259.64 1251.6 1101.27 274.904 181.501 34.431 147.07
internal_count=49053 43070 42776 42072 14501 12659 1842 1655 1241 12614 2136 414 5983 4464 280 4184 164 27571 704 632 181 451 208 10478 10418 9443 2021 1358 232 1126
is_linear=0
shrinkage=0.05


Tree=62
num_leaves=31
num_cat=0
split_feature=59 49 4 18 6 58 60 43 59 1 58 58 1 19 0 15 42 43 38 58 42 37 41 18 43 59 45 58 32 19
split_gain=11.4691 12.8935 11.9849 20.4883 48.5611 11.8629 12.5052 24.0799 13.2925 15.8453 16.7758 14.9985 18.1187 13.9373 11.7485 11.69 10.858 10.4377 10.3544 12.4413 26.6901 14.0267 18.4036 12.3054 17.7395 14.74 12.2304 12.4557 12.1449 12.0829
threshold=0.00053301595747259 0.00024919487600531863 0.81571428571428195 0.004274345608192451 8.5000000000000018 0.0050724425209871934 0.525114178361069 -0.00027068374999999995 0.011294299539410612 0.010916976814780792 -0.0027716895900246788 -0.0046447294811446053 0.0016898311551763886 0.0008989051524209388 0.0081536736970369891 0.39130434782608803 9.9000000000000005e-07 0.00038177750000000009 0.25874740591996487 -0.0051428851549399678 1.1315000000000001e-05 0.43404444950126553 7.0560000000000016e-05 0.0088782846644170042 2.0068750000000142e-05 -0.016678661354529875 -0.00032845999851538926 0.0084443228413062978 8.5000000000000018 -0.0012453296503432806
decision_type=2 2 2 2 2 2 2 2 2 2 2 2 2 2 2 2 2 2 2 2 2 2 2 2 2 2 2 2 2 2
left_child=18 2 -2 4 -4 6 8 -8 9 10 11 -3 13 -13 16 -11 -5 -7 23 20 -20 22 -22 25 -25 -1 -26 -28 -23 -27
right_child=1 5 3 14 -6 17 7 -9 -10 15 -12 12 -14 -15 -16 -17 -18 -19 19 -21 21 28 -24 24 26 29 27 -29 -30 -31
leaf_value=0.019986101888718549 -0.015009529854819518 -0.0038847116957507811 0.1381561328574277 0.06538345220386485 -0.0087313470460823345 0.0099146512111280023 0.098850511924998011 -0.010460562694641649 -0.025135536592801412 0.041138713885578347 -0.0012483338880548199 0.052261027056959966 0.014391250055285038 0.14922159332361315 0.058821329744257168 -0.029876214634014249 -0.0065075815913928697 0.076476305192268668 0.084445332257729128 0.0034119067494237949 0.0069988255971235175 -0.019240393115893997 0.054192117313462199 -0.021779990711876654 0.0096090104184060818 -0.0030097716219122223 -0.016302710366690381 0.036584342715321454 0.03595660713116746 0.0047900622658101485
leaf_weight=100.94277557730675 331.34171522781253 22.678292393684387 8.5053726509213465 5.2995284646749488 16.625356059521437 180.7473945915699 5.1095402985811225 360.32016802206635 39.262412767857313 43.633761189877987 419.96859754249454 10.281021859496834 18.22382315993309 5.7953471764922133 7.1033644080162039 6.6825139299035063 587.77014681324363 6.0881580933928481 13.961577869951723 1027.2828827127814 55.29436369240284 45.090908646583557 32.978154212236404 150.46117747575045 144.50483740866184 1133.3535460457206 120.44730200618505 12.266779176890848 12.792920269072054 883.65795213729143
leaf_count=464 3894 244 94 54 170 2036 50 4025 459 340 4431 97 186 60 60 55 6727 54 90 6972 341 295 177 1111 1067 7774 901 78 68 6679
internal_value=-7.9818e-05 -0.00305956 -0.00732142 -0.00324758 0.040982 0.000584626 -0.00172065 -0.00893214 0.00293102 0.00502098 0.00220568 0.027664 0.0485231 0.0872142 -0.00509958 0.0317072 -0.00586518 0.0120836 0.00157682 0.0054325 0.0183962 0.0120869 0.02463 -0.000221652 -0.00795768 0.00134049 -0.000455586 -0.0114144 -0.00704129 0.000407356
internal_weight=5808.47 2075.44 956.645 625.304 25.1307 1118.79 931.955 365.43 566.526 527.263 476.947 56.9785 34.3002 16.0764 600.173 50.3163 593.07 186.836 3733.04 1187.4 160.118 146.156 88.2725 2545.63 427.68 2117.95 277.219 132.714 57.8838 2017.01
internal_count=49053 23036 10999 7105 264 12037 9947 4075 5872 5413 5018 587 343 157 6841 395 6781 2090 26017 7943 971 881 518 18074 3157 14917 2046 979 363 14453
is_linear=0
shrinkage=0.05


Tree=63
num_leaves=31
num_cat=0
split_feature=59 13 32 32 58 60 51 60 17 47 4 4 63 54 42 43 64 58 58 6 58 38 16 49 43 60 60 13 59 4
split_gain=11.36 13.5685 12.5771 17.3935 14.0237 15.3506 14.9651 12.4846 12.0008 11.8075 18.328 14.5069 16.4741 18.8697 18.1182 16.1585 15.5657 23.0085 13.4399 20.2655 17.6454 21.6147 14.4043 14.6204 14.0547 20.9331 17.4424 15.2422 14.7078 13.155
threshold=-0.0084159032942590969 0.030017542101805402 23.500000000000004 16.500000000000004 -0.0015730992063802652 0.87961980961602859 1.0000000180025095e-35 0.95224360546085574 0.81783815137911564 -0.00059774528152633697 0.48928571428571493 1.2228571428571475 -0.003541880337330966 0.0027754012213488657 4.3695000000000001e-05 -7.8679999999999985e-05 0.2634423215628115 -0.002638811682017093 -0.0039663190967052326 4.5000000000000009 -0.0045535937765455352 0.24555812194073748 0.47761194029851733 0.0010131038122253193 8.074750000000004e-05 0.63343001636228957 0.46955271235260548 0.095342023969992196 -0.0058894419934143539 0.5171428571428589
decision_type=2 2 2 2 2 2 2 2 2 2 2 2 2 2 2 2 2 2 2 2 2 2 2 2 2 2 2 2 2 2
left_child=1 7 3 9 6 -6 -5 -1 -3 29 -11 12 13 15 -15 -12 17 -17 19 -14 24 -22 -20 -24 28 26 -26 -27 -21 -2
right_child=2 8 -4 4 5 -7 -8 -9 -10 10 11 -13 18 14 -16 16 -18 -19 22 20 21 -23 23 -25 25 27 -28 -29 -30 -31
leaf_value=0.046477585181873782 0.013954705285920114 -0.0061874132750664333 -0.031318810180524674 0.018737093361480116 0.00025144699335310068 0.070165348321298324 0.086349887098785938 -0.013502170483902249 0.0071266307418564826 -0.014914600320594822 0.063625568263693741 -0.0044654802694781299 -0.018119088024759335 0.000913686103545496 0.062209382702888276 -0.036884982413768738 -0.0063394752615759734 0.041593405142199238 -0.0018011385341702398 0.048010763077756854 0.079091411675511841 0.0068903219427868968 0.004305381702886836 0.029648972564659981 0.035326632041515899 0.099406961173172118 -0.046750658758348607 0.022656155937117964 -0.0076302545638018129 -0.009561867630120291
leaf_weight=34.593812361359596 65.689806900918484 229.68638034164906 34.053489834070206 21.271470829844475 79.3350760191679 8.7135449498891813 13.301472872495649 11.579764172434805 643.24118168652058 202.96861137449741 12.002283073961733 1062.0588863715529 43.84257385507226 18.396166510879993 34.978918194770813 11.782110430300234 122.41671315580606 45.051628075540066 1885.2973424829543 13.841883942484854 24.127899892628193 18.173388250172138 336.21013942360878 68.500999566167593 15.546301230788233 14.097194999456407 11.090638205409048 11.954172864556311 83.655331376940012 627.87147016078234
leaf_count=181 581 1476 283 172 645 68 86 64 3377 1985 78 10003 402 131 243 81 860 303 16978 72 188 123 2956 602 115 107 93 94 711 5995
internal_value=-7.91543e-05 0.00502063 -0.00103842 -0.000825911 0.0177659 0.00717033 0.0447502 0.0314354 0.00362341 -0.00130793 -0.000272301 0.000503046 0.00240739 0.0147967 0.0410833 0.00746061 0.00369991 0.0253242 0.00120772 0.01256 0.0195477 0.0480725 3.61639e-05 0.00859501 0.0115134 0.0323202 0.00115268 0.0641884 0.000269217 -0.00733452
internal_weight=5805.33 919.101 4886.23 4852.18 122.622 88.0486 34.5729 46.1736 872.928 4729.55 4035.99 3833.02 2770.97 244.628 53.3751 191.253 179.25 56.8337 2526.34 236.329 192.487 42.3013 2290.01 404.711 150.186 52.6883 26.6369 26.0514 97.4972 693.561
internal_count=49053 5098 43955 43672 971 713 258 245 4853 42701 36125 34140 24137 1696 374 1322 1244 384 22441 1905 1503 311 20536 3558 1192 409 208 201 783 6576
is_linear=0
shrinkage=0.05


Tree=64
num_leaves=31
num_cat=0
split_feature=59 4 58 58 38 54 19 59 17 12 54 63 51 54 58 37 4 41 35 5 60 47 63 23 6 21 58 59 4 60
split_gain=10.7201 12.6314 11.5015 15.1084 17.8086 15.4898 18.2391 12.0953 11.5726 11.575 11.4859 11.3132 11.5065 19.0976 20.3555 18.8758 14.7038 24.1344 14.4412 15.2484 26.749 19.5647 18.1168 16.7852 19.1667 17.2231 12.3517 12.3495 11.7324 25.7698
threshold=0.0064530211313289692 0.70571428571428851 0.0063479792268863111 0.0084443228413062978 0.273809523809522 0.0084506088138106839 0.0099933930721274756 0.021715369853913535 1.6623309628979788 1.9313265710250269 0.00036030291330740107 0.031215529652027212 1.0000000180025095e-35 0.013007352008959893 -0.00048789735364020587 0.65784106015287835 1.3678571428571427 3.1760000000000001e-05 0.14820300233535824 0.0027981853752579505 0.88354318653970554 0.00083651571887188804 -0.0060593577003596058 9.6086355237698674e-05 10.500000000000002 0.0023512381971181168 -0.00023141819655921332 -0.013664957503751332 0.98714285714285521 0.12053030767287863
decision_type=2 2 2 2 2 2 2 2 2 2 2 2 2 2 2 2 2 2 2 2 2 2 2 2 2 2 2 2 2 2
left_child=11 -2 8 4 5 7 -7 10 -3 -10 -4 12 -1 14 15 -14 17 -17 19 20 21 22 -16 24 -22 -25 -21 -28 -24 -30
right_child=1 2 3 -5 -6 6 -8 -9 9 -11 -12 -13 13 -15 18 16 -18 -19 -20 26 23 -23 28 25 -26 -27 27 -29 29 -31
leaf_value=-0.0011957336906777895 -0.029149557845075308 -0.010651254354724721 -0.046039124316950356 -0.006255546853365589 0.122912535794959 0.14294843895652654 0.012340048224954403 0.076379212602875501 0.058576316359424174 0.0014260960404212698 0.018835249606384049 -0.034232731443127301 0.0078417144296976504 0.040120667657830414 0.091573115467059665 0.020311978747192434 0.0096904833216838269 0.10268287053864203 0.0076740751428198825 -0.044312678203294799 0.059591649611204937 0.083181664735474142 -0.0036460093338213729 0.16186634482210982 -0.050300877841216243 0.04153015768122463 0.041746218451647554 -0.0072105733561484385 0.1215396406988464 -0.0049486827307249947
leaf_weight=3011.2610044591129 55.480733726173639 383.90397591143847 11.80294204875827 60.36602733656764 4.7751040644943705 5.0162381306290609 5.7222088947892189 4.9328757822513571 11.726223453879355 36.244858719408512 16.169797159731388 23.141541130840778 502.35756737366319 35.176952056586742 5.2816558927297583 19.478316895663738 28.271714903414249 16.362950868904591 444.62786527350545 22.02397495880723 10.736918479204183 7.1336280331015578 359.89617571234703 5.4488906785845739 6.2935769334435454 6.544998824596405 13.133798882365225 670.45828165113926 6.0749769657850292 11.942894116044043
leaf_count=22573 811 4847 163 782 59 53 55 60 122 331 201 216 3995 237 29 141 217 112 3319 211 86 47 3485 49 56 65 57 6516 50 108
internal_value=-7.82478e-05 -0.00642939 -0.00409792 0.0104326 0.0312383 0.0212082 0.073351 0.00419181 -0.00775801 0.0153961 -0.00853813 0.000649073 0.000804831 0.00357938 0.00297761 0.0111023 0.036651 0.0579175 4.53862e-05 -0.00296974 0.00458127 0.00113778 -0.000389561 0.0508905 0.0189811 0.0961996 -0.00745737 -0.00626997 -0.00167481 0.0376986
internal_weight=5801.79 596.141 540.66 108.785 48.4192 43.6441 10.7384 32.9056 431.875 47.9711 27.9727 5205.65 5182.51 2171.25 2136.07 566.471 64.113 35.8413 1569.6 1124.97 419.354 390.329 383.196 29.0244 17.0305 11.9939 705.616 683.592 377.914 18.0179
internal_count=49053 7484 6673 1373 591 532 108 424 5300 453 364 41569 41353 18780 18543 4465 470 253 14078 10759 3975 3719 3672 256 142 114 6784 6573 3643 158
is_linear=0
shrinkage=0.05


Tree=65
num_leaves=31
num_cat=0
split_feature=63 38 59 43 3 63 51 50 59 12 53 37 62 4 50 3 37 4 4 3 59 41 41 58 11 11 64 52 10 1
split_gain=10.6372 11.3346 10.9575 13.8334 13.0641 12.0712 12.2058 17.4827 14.1361 14.331 13.1746 15.2138 13.0048 13.2428 16.5691 13.0572 12.2838 14.7619 14.3616 14.8362 13.7391 11.7762 21.687 13.6281 11.2484 10.3297 10.035 10.0124 14.5195 14.3332
threshold=-0.029424514007218856 0.16502075462466445 0.0040313968575422321 0.00038177750000000009 0.0021483693436696386 0.031215529652027212 1.0000000180025095e-35 0.0089020157314631202 -0.013664957503751332 0.58602905549472661 0.003056724938641113 0.35852874284369912 0.015080474428631337 2.2557142857142858 -1.0000000180025095e-35 0.0032068507936584109 0.61773447554697547 0.52928571428571869 0.62714285714285778 0.0051388908484012816 -0.0011688688088310618 -1.3739999999999999e-05 -3.9499999999999986e-06 -0.004348608404498043 -0.63484609409237813 -0.89973835458468265 0.25993758307723869 0.32686720581049666 1.0000000180025095e-35 0.0057072491759433573
decision_type=2 2 2 2 2 2 2 2 2 2 2 2 2 2 2 2 2 2 2 2 2 2 2 2 2 2 2 2 2 2
left_child=1 -1 5 4 -4 6 16 8 -8 10 12 -12 13 15 -15 25 17 20 -18 -20 -2 -21 23 -23 26 -10 -11 29 -29 -19
right_child=2 -3 3 -5 -6 -7 7 -9 9 24 11 -13 -14 14 -16 -17 18 27 19 21 -22 22 -24 -25 -26 -27 -28 28 -30 -31
leaf_value=-0.022367230017639537 -0.0030928630222277725 0.02557192701121018 0.043282043091486783 0.032661433273301003 -0.0067781531726986881 -0.039226458932832053 0.034906036268606597 0.064389531072627862 0.012142397108180729 0.071556896202192827 0.063459236561111271 -0.0086776557020579615 0.050509392730919769 -0.011709229177956422 0.11467609572993261 -0.015574732911955444 0.045686393437968292 0.0061760942943969825 -0.022213149022342407 -0.019987605194596924 -0.032236165999792357 0.08949666736320018 -0.003096540458019794 0.0044664504072351192 0.0042062420660715534 -0.012136801264748724 0.01601120270539215 -0.0093305340951446974 0.0062846897772469408 -0.01023056475726705
leaf_weight=14.89340605586767 118.24676366150379 71.641234882175922 13.215244866907595 23.602538842707872 943.26640321314335 18.897577375173569 35.346306696534157 11.900892600417135 102.75389524176717 8.7214442789554578 15.023867025971414 14.233871303498743 9.894766725599764 5.4555585905909538 4.9427795112133008 273.54587943851948 12.748421795666216 1193.3963314555585 143.32922177761793 97.302064828574657 61.460800509899855 10.513209588825704 442.24350695684552 8.5401026010513288 1169.7851256020367 76.367180954664946 120.16277062147856 385.58460456877947 242.48243419826031 149.83389834314585
leaf_count=91 867 425 176 220 11440 172 153 64 967 72 131 139 83 55 49 2498 86 9061 1224 747 684 80 3238 72 9232 760 1028 2604 1479 1156
internal_value=-7.7818e-05 0.0173212 -0.000341369 -0.00515336 -0.0060865 0.000655133 0.000815017 0.00398323 0.00359173 0.00297712 -0.00419534 0.0283647 -0.00620953 -0.0074215 0.0483672 -0.00870304 -0.00122823 0.000658705 -0.00690744 -0.00786265 -0.01306 -0.00418049 -0.000846275 0.0513843 0.00575083 0.00179111 0.0197699 0.00190933 -0.00330185 0.00434597
internal_weight=5799.33 86.5346 5712.8 980.084 956.482 4732.71 4713.82 1848.13 1836.23 1800.89 502.218 29.2577 472.96 463.065 10.3983 452.667 2865.68 2151 714.677 701.928 179.708 558.599 461.297 19.0533 1298.67 179.121 128.884 1971.3 628.067 1343.23
internal_count=49053 516 48537 11836 11616 36701 36529 15231 15167 15014 4682 270 4412 4329 104 4225 21298 15851 5447 5361 1551 4137 3390 152 10332 1727 1100 14300 4083 10217
is_linear=0
shrinkage=0.05


Tree=66
num_leaves=31
num_cat=0
split_feature=32 58 19 38 47 43 20 2 10 58 64 2 21 12 61 59 7 18 18 58 2 59 13 5 21 59 5 59 2 63
split_gain=10.3171 24.4874 13.5667 13.3661 32.0321 12.6507 19.0737 15.6784 14.8374 15.6313 13.0154 12.3733 11.617 11.3934 11.2457 10.9031 11.1123 23.5557 20.7379 18.4352 17.2 16.7749 13.4912 12.7142 12.3567 16.3867 24.4977 11.9778 11.9158 11.5819
threshold=9.5000000000000018 -0.0015730992063802652 -0.0020017876858613695 0.14511088988440859 -0.00031060151030796529 1.5585000000000116e-05 0.0027583308784960418 0.0078290383732757245 1.0000000180025095e-35 -0.0045535937765455352 0.83170107786588587 0.012967569736360098 -0.00069841810856096948 3.2729854331684316 -1.0000000180025095e-35 0.0028031250996612711 1.0000000180025095e-35 0.0049723189992935879 0.0047796913715863953 0.0033653496085691687 -0.0032740374787797121 -0.0015715729347782264 0.028624238208852345 0.0026492915734235216 -0.0071085975381035499 -0.016678661354529875 0.0062774191902462409 -0.00024150462440027844 -0.012645736800633802 0.0069141893434967973
decision_type=2 2 2 2 2 2 2 2 2 2 2 2 2 2 2 2 2 2 2 2 2 2 2 2 2 2 2 2 2 2
left_child=13 5 -3 4 -4 6 -2 8 10 -10 -7 12 14 15 -5 16 17 18 19 -1 -21 -22 -19 -24 -18 26 28 -25 -26 -27
right_child=1 2 3 11 -6 7 -8 -9 9 -11 -12 -13 -14 -15 -16 -17 24 22 -20 20 21 -23 23 27 25 29 -28 -29 -30 -31
leaf_value=0.0038527612657269848 -0.0027083705701294097 -0.016262160864463641 -0.017756304206949593 0.078906006854806379 0.15110887797694084 0.01442577665694522 0.058284975741413426 -0.022349070134252993 0.028227632799703542 0.086752771807448559 0.084539407799912064 0.058401419470510509 -0.0042951582607567221 0.01176139462129581 0.011470799117753949 -0.0057570532115188379 -0.011283381895590864 0.037105434225220842 0.074055675117968914 0.0055810293419951626 0.14475780109035652 0.040232169891024294 0.066125275789936433 0.0014216551617993759 0.066963428300946565 -0.00018639038451072644 -0.012142699187897499 -0.02267113955831716 0.020161335246568324 -0.015496247479253517
leaf_weight=71.327764123678207 95.390827134251595 112.59243799746037 6.3608848080039024 6.7340879924595347 5.0282744131982309 73.252900432795286 14.807398300617931 13.859428904950617 23.67482153326273 22.021258987486362 7.2764779925346366 9.4272089377045614 290.5699917525053 171.7853982411325 75.453752789646387 1085.7509164325893 275.66634824872017 24.272261776030064 19.130034074187279 11.330834530293943 6.8954510986804953 8.6580164395272714 6.8550510480999938 309.47969386726618 25.165568187832832 2768.3524329029024 34.456396095454693 61.906386584043503 29.591135740280151 129.3012289442122
leaf_count=547 725 848 73 54 50 515 122 116 146 127 45 70 2625 1067 626 13106 1973 184 129 87 42 80 46 2092 116 21284 189 619 137 1213
internal_value=-7.67047e-05 0.00536822 -0.000957653 0.00342061 0.0567971 0.0181615 0.00548734 0.0281317 0.0336744 0.0564313 0.0207611 0.00182999 0.000399269 -0.000893941 0.0169961 -0.00134052 -7.27333e-05 0.00671657 0.026429 0.0171521 0.0524372 0.0865724 0.000969931 -0.00134894 -0.00115455 -0.000219729 0.0208868 -0.00259438 0.0416711 -0.000869558
internal_weight=5796.37 756.45 506.167 393.574 11.3892 250.283 110.198 140.085 126.225 45.6961 80.5294 382.185 372.758 5039.92 82.1878 4868.14 3782.39 519.855 117.342 98.2121 26.8843 15.5535 402.513 378.241 3262.53 2986.87 89.2131 371.386 54.7567 2897.65
internal_count=49053 6142 4346 3498 123 1796 847 949 833 273 560 3375 3305 42911 680 41844 28738 3826 885 756 209 122 2941 2757 24912 22939 442 2711 253 22497
is_linear=0
shrinkage=0.05


Tree=67
num_leaves=31
num_cat=0
split_feature=6 6 50 6 63 58 18 47 21 38 60 59 59 2 19 21 38 38 59 42 21 58 60 50 59 31 60 21 6 64
split_gain=10.2572 31.3285 21.2334 18.8738 16.8956 14.4916 23.6071 25.5934 16.4102 14.9265 14.8198 14.5581 16.7843 19.1964 13.2062 18.5777 16.6537 14.886 14.5545 13.0038 16.6007 12.8386 12.5754 14.7628 18.9182 13.9814 15.4207 14.0066 12.4496 14.6419
threshold=11.500000000000002 14.500000000000002 0.0014478284920536042 1.5000000000000002 0.01161746514628258 -0.0050120470784510594 0.0053216365026417045 -0.00045747766561406817 -0.0082926533396908281 0.13182695783627466 0.22217974274457655 -0.0022255565802207548 -0.0035434067458646611 -0.0020927580894589144 -0.0016157213526435908 -0.0035151005113718075 0.31079205309091068 0.21245567765567808 -0.0066482548875867924 2.1460000000000005e-05 -0.0079269204968822043 0.010460908124314322 0.0032048311297629673 -0.007832483076956203 -0.0060206331918570104 0.66227594876350993 0.02002262972231544 -0.0042095676484026666 4.5000000000000009 0.99981132352869106
decision_type=2 2 2 2 2 2 2 2 2 2 2 2 2 2 2 2 2 2 2 2 2 2 2 2 2 2 2 2 2 2
left_child=3 2 22 21 28 6 7 -3 -7 -8 -11 12 19 -14 17 -16 18 -4 -17 20 -12 -1 -2 -24 -25 26 -26 -28 29 -5
right_child=1 5 14 4 -6 8 9 -9 -10 10 11 -13 13 -15 15 16 -18 -19 -20 -21 -22 -23 23 24 25 -27 27 -29 -30 -31
leaf_value=0.0079670432583511912 -0.014271530824799223 0.0015641605541206083 0.018033457646835095 -0.010401714061064255 -0.02953534707341067 -0.026297589338281187 0.069467275057871813 0.099592683791204811 -0.002188311059193392 0.043122804357941746 -0.023348349683531434 -0.016539596144643367 0.0076767111059697236 0.12438984698575195 -0.028215237051040926 0.091780690734675402 -0.011540236544453304 0.088869371056687199 0.024616907654856468 -0.002279125940967248 0.058800876665941706 -0.042059650379773036 -0.017003613517997278 0.026652013076056077 0.044315569060496926 0.073264624359674735 -0.03414427154956768 0.0032290341072915736 -0.0010962248900636157 0.046755119305238887
leaf_weight=480.61282936483622 76.045365307480097 12.674120165407659 14.981288477778437 620.54562973231077 63.667681626975536 73.679633617401123 8.5324709303677064 14.02770148962736 1677.9945001378655 20.959698937833309 8.8139414414763468 95.155440114438534 7.9493928775191307 6.327157720923422 20.143606908619404 8.4484121501445753 31.700620085000992 14.688452519476412 178.28324982896447 163.283616989851 20.345476470887661 13.176462996751068 55.159848719835281 129.084691375494 20.912028186023235 7.1760554760694495 27.455865018069744 288.46035426855087 1621.0716310925782 11.410725407302378
leaf_count=3972 627 89 106 5684 736 565 59 90 15060 135 61 1064 60 42 145 39 221 104 1310 1050 118 116 293 654 161 45 226 2201 13940 80
internal_value=-7.56496e-05 0.00196683 0.00993553 -0.00224298 -0.00413465 -0.00132883 0.00783668 0.0530631 -0.00320241 0.0041923 0.0024671 -0.000355698 0.00709394 0.0594023 0.0216425 0.0177302 0.0219672 0.0531018 0.0276556 0.0032134 0.0339698 0.00663211 0.00473881 0.00747549 0.0103296 0.00420479 0.00273349 -1.9031e-05 -0.00341686 -0.00936968
internal_weight=5792.77 2982.28 872.54 2810.48 2316.7 2109.74 358.069 26.7018 1751.67 331.367 322.835 301.875 206.72 14.2766 268.246 238.576 218.432 29.6697 186.732 192.443 29.1594 493.789 604.294 528.249 473.089 344.004 336.828 315.916 2253.03 631.956
internal_count=49053 24525 6132 24528 20440 18393 2768 179 15625 2589 2530 2395 1331 102 1925 1715 1570 210 1349 1229 179 4088 4207 3580 3287 2633 2588 2427 19704 5764
is_linear=0
shrinkage=0.05


Tree=68
num_leaves=31
num_cat=0
split_feature=32 32 58 19 47 5 15 48 64 47 14 18 4 10 18 4 59 12 4 48 17 59 4 7 5 18 52 43 58 58
split_gain=10.2318 12.9003 19.8986 12.9645 12.6134 19.0697 19.9205 11.3456 10.985 10.8669 10.6396 10.2819 20.0444 23.512 19.9035 11.1889 11.5237 11.1398 11.0961 11.0004 10.1349 11.6657 16.6333 13.2304 15.0869 13.9031 18.2544 28.2885 19.4609 13.8626
threshold=25.500000000000004 9.5000000000000018 -0.0015730992063802652 -0.0020017876858613695 -6.4717182965472536e-05 0.0031474771077017812 0.35185185185185136 0.00041663821485983743 0.37877778672687212 0.00018721304273669489 0.83267707380594513 0.0075349694226509367 0.92499999999999971 1.0000000180025095e-35 0.0056486286366887748 2.2557142857142858 -0.011149249180822158 0.95917783131636269 1.2885714285714287 -0.00060856030109639702 0.54040255288000127 -0.00064508471716270691 0.51071428571428523 1.0000000180025095e-35 0.0069419209628506975 0.0049723189992935879 0.17993207237405592 5.2277500000000029e-05 0.0018946123213838776 0.0084443228413062978
decision_type=2 2 2 2 2 2 2 2 2 2 2 2 2 2 2 2 2 2 2 2 2 2 2 2 2 2 2 2 2 2
left_child=1 20 8 10 -5 6 7 -6 -3 -7 -4 12 13 19 -14 16 -13 -15 -16 -10 -1 23 -23 25 -25 26 27 -22 -29 -26
right_child=-2 2 3 4 5 9 -8 -9 11 -11 -12 15 14 17 18 -17 -18 -19 -20 -21 21 22 -24 24 29 -27 -28 28 -30 -31
leaf_value=-0.0096677536358243926 -0.033148407426015665 -0.015386779883587307 -0.021548833238634133 0.00084775336584530481 -0.0085033392631739917 0.040798171019997151 0.11518811116737884 0.073058076576675221 0.044959557628794562 -0.020514183849240707 0.02107706200268095 0.033572354040419423 0.10145378985366693 0.074102970693645229 0.019905156338226423 0.046909120170295207 -0.018662181244094425 0.0080538931326838894 0.071534082447624367 -0.012869258771663112 0.0079711833535997517 -0.0195411368009329 -0.0018717223204546799 0.0015775679127275613 -0.017925182385011746 0.005708469412786841 -0.003432931420904456 0.042049743893433335 0.12818505762204033 0.041594047280507515
leaf_weight=305.72980258241296 23.290639389306307 22.593260582536459 91.934790335595608 319.88390289247036 10.27582453936339 10.874433141201733 9.5089780613780004 7.2877989485859862 9.7296431846916658 21.545399218797684 17.411893613636494 14.304668240249155 14.331950865685938 18.320152487605814 36.222131792455912 12.826433863490818 40.321925446391106 9.7980950251221639 14.602375019341705 53.127413474023342 24.026645414531231 143.12926326319575 1918.1786493808031 2102.785154491663 154.05685447156429 318.96826913207769 27.565121650695801 13.784356720745565 12.507768183946608 10.446318872272967
leaf_count=3111 200 156 705 2870 83 90 71 51 81 197 125 71 90 119 250 112 337 58 92 384 168 1632 20357 14056 1109 2087 158 88 81 64
internal_value=-7.48418e-05 5.87507e-05 0.00624675 0.000407455 0.0047795 0.02592 0.0568979 0.0253395 0.0178392 5.15333e-05 -0.0147613 0.0211967 0.0282443 0.0130829 0.0494135 0.00488374 -0.0049839 0.0510875 0.0347386 -0.00391794 -0.000845127 -0.000274315 -0.00309862 0.00191091 0.000436775 0.0103329 0.0292722 0.0471883 0.0830263 -0.0141456
internal_weight=5789.37 5766.08 734.901 488.723 379.376 59.4924 27.0726 17.5636 246.178 32.4198 109.347 223.585 156.132 90.9753 65.1565 67.453 54.6266 28.1182 50.8245 62.8571 5031.18 4725.45 2061.31 2664.14 2267.29 396.852 77.8839 50.3188 26.2921 164.503
internal_count=49053 48853 5942 4192 3362 492 205 134 1750 287 830 1594 1074 642 432 520 408 177 342 465 42911 39800 21989 17811 15229 2582 495 337 169 1173
is_linear=0
shrinkage=0.05


Tree=69
num_leaves=31
num_cat=0
split_feature=59 13 5 37 64 25 63 58 64 38 64 60 54 42 54 50 11 58 59 64 11 60 21 50 60 16 58 17 21 42
split_gain=9.53307 11.1768 12.2132 19.4596 11.8319 11.1494 12.1768 15.0267 17.6786 23.1857 13.9053 19.2561 19.0873 13.4064 12.1088 11.6818 11.6242 12.6323 24.5895 15.4925 14.2784 12.6402 18.0098 13.378 11.5203 11.4744 12.4847 11.4011 11.3466 10.8686
threshold=-0.0093969255485101336 0.030017542101805402 0.0027015067496703013 0.37581642919874586 0.096598804555680026 1.0000000180025095e-35 -0.0070977227912305835 -0.0044648133361017981 0.37877778672687212 0.27459292981017525 0.52166567976734546 0.78863573753896943 0.00087136787646713461 0.00024965500000000005 -0.004703884633262395 -0.0029581215472781522 0.24626731289825976 -0.003514133181772139 0.0069737218555964804 0.46326402033287201 -1.2757065894665585 0.215273461149357 -0.00095800678338113629 0.0015166405808771332 0.10551368234112524 0.42630982217448349 -0.0011737749070203573 1.4226584459153133 -0.0035914613775847302 6.6230000000000008e-05
decision_type=2 2 2 2 2 2 2 2 2 2 2 2 2 2 2 2 2 2 2 2 2 2 2 2 2 2 2 2 2 2
left_child=1 -1 3 -3 -4 6 7 8 -2 14 13 12 -12 -9 -10 -8 17 18 19 -17 -20 22 23 24 -21 -18 -27 -23 -28 -19
right_child=5 2 4 -5 -6 -7 15 10 9 -11 11 -13 -14 -15 -16 16 25 29 20 21 -22 27 -24 -25 -26 26 28 -29 -30 -31
leaf_value=0.033479938416305165 -0.037617351748312926 0.0075867816864688539 0.045845468417249222 0.089177379862572126 0.0014648583787751691 -0.010867637496488837 -0.0081621509605231003 0.030981227946177338 0.039489770103844857 0.055934768855626031 -0.0299836200536183 0.049901137544335686 0.019933875164210593 -0.034511980377031952 -0.01989976021277625 -0.035901797306143207 0.0020085892199279798 -0.0077243580611425743 0.062024361511332331 -0.01049100178567175 -0.033142663724745738 0.0076574727495811352 -0.011836142437585007 0.10947435867073406 0.068569503740734589 -0.0073357137706137887 0.089232890569404658 0.063451786032276233 0.020166995630245314 -0.00067109155897706642
leaf_weight=33.086544118821621 32.048537023365498 23.407056838274002 15.344301186501978 10.625239133834837 706.00941717624664 264.62581158429384 506.54465630277991 122.34146855026484 10.525564085692166 18.160096168518066 45.07940786331892 17.016802117228508 33.294364027678967 8.3468447774648649 46.496469285339117 17.312309172004461 924.27369305863976 864.85144858434796 4.2794299609959117 7.7400977909565034 49.891747150570154 321.29992703348398 12.295372903347014 9.3794712871313077 11.385604642331598 43.90557799115777 6.2339028194546691 9.4245878234505636 129.09255955740809 1482.2650002464652
leaf_count=164 239 104 76 50 3920 1986 4284 795 83 108 316 111 228 51 353 156 7605 8669 57 56 737 2790 98 70 82 346 42 70 1053 14354
internal_value=-7.38636e-05 0.00503571 0.00378983 0.0330602 0.0024089 -0.00087992 -0.000321556 0.00889265 -0.00652254 0.00673251 0.0162042 0.00168989 -0.00877791 0.0267983 -0.00893719 -0.00101952 -9.02997e-05 -0.00180841 0.0059355 0.0103323 -0.0256246 0.0124867 0.0387442 0.0605615 0.036574 0.00425379 0.015832 0.00924743 0.0233486 -0.00327004
internal_weight=5786.58 788.473 755.386 34.0323 721.354 4998.11 4733.48 333.31 107.231 75.1821 226.079 95.3906 78.3738 130.688 57.022 4400.18 3893.63 2790.12 443.009 388.837 54.1712 371.525 40.8005 28.5052 19.1257 1103.51 179.232 330.725 135.326 2347.12
internal_count=49053 4314 4150 154 3996 44739 42753 2284 783 544 1501 655 544 846 436 40469 36185 27139 4116 3322 794 3166 306 208 138 9046 1441 2860 1095 23023
is_linear=0
shrinkage=0.05


Tree=70
num_leaves=31
num_cat=0
split_feature=6 6 19 7 6 41 63 18 63 58 37 7 60 60 60 58 5 60 6 3 43 38 49 59 60 50 37 38 37 60
split_gain=9.25787 27.5792 19.567 19.065 16.6655 15.6768 22.5527 15.9928 15.6263 15.237 15.1634 21.2424 14.907 14.8842 18.5653 16.692 22.6956 16.3227 14.8209 14.1087 13.3768 16.69 13.0505 25.4736 13.0252 12.8876 12.8594 13.1371 12.4119 12.4074
threshold=11.500000000000002 14.500000000000002 0.0066879702748306154 5.5000000000000009 1.5000000000000002 7.7950000000000008e-06 -0.024994001782563488 0.0040784285167758992 0.01161746514628258 0.0070016661851841529 0.033407905291953664 1.5000000000000002 0.079044754814611887 0.0032048311297629673 0.02002262972231544 0.0035009941955413989 0.0048793264013056075 0.91857904530623247 15.500000000000002 0.0067920184744246926 5.9430000000000012e-05 0.22246643808966768 -0.0033307039719148186 -0.005288117619987545 0.091620285060763945 -0.0090311066067140216 0.022420567794604062 0.11279776149244881 0.29173430006340156 0.7183190627757583
decision_type=2 2 2 2 2 2 2 2 2 2 2 2 2 2 2 2 2 2 2 2 2 2 2 2 2 2 2 2 2 2
left_child=4 2 9 5 -1 6 -3 20 -6 13 11 -9 -5 -2 -15 22 17 -17 -8 -4 21 -7 -16 25 -14 -24 -20 -28 -21 -26
right_child=1 3 19 12 8 7 18 10 -10 -11 -12 -13 24 14 15 16 -18 -19 26 28 -22 -23 23 -25 29 -27 27 -29 -30 -31
leaf_value=0.0061806429092531277 -0.010428607352756252 0.049137720456417733 0.079734740183879327 -0.025445218789279814 -0.0032386809245028114 0.061877724166289116 0.01132702367246132 0.082337868165150235 -0.028672450625309667 -0.027664638862429064 0.00056978723989947657 0.000858997939390736 0.080261990123380242 0.047079612801332216 -0.012680978559063041 0.0097766847126865807 0.089700099210173079 0.081109216547752466 0.012134892772117409 0.06036765734985821 -0.031545691179970532 -0.018857238403321094 -0.028032557389699893 0.0011070779579839 0.0067341401916501051 0.030421159384755314 0.060056890288949775 -0.01829972711325846 0.01141622499316524 0.033852268671503476
leaf_weight=495.86918670684099 93.206041377037764 15.556235209107397 13.235025785863398 27.353045802563429 2245.2595471143723 9.8490863032639044 60.850343741476536 13.783082537353037 62.060643509030342 30.649353124201298 1091.0814446993172 19.062877032905817 7.0527918040752402 33.670626513659954 81.792153600603342 65.325817078351974 13.186776190996168 9.1419615074992162 40.403987713158131 17.163561321794987 68.48479176312685 18.286952555179596 10.136775627732275 320.83000193908811 240.22193403169513 135.14744256436825 5.4157168902456752 435.42173110321164 52.739319145679474 51.162883542478085
leaf_count=4088 769 96 86 256 19704 90 504 91 736 238 9308 169 56 239 466 495 91 70 360 109 649 159 52 2456 1908 696 50 4289 365 408
internal_value=-7.28613e-05 0.00186729 0.00932063 -0.00123672 -0.00213554 -0.00327398 -0.0102195 -0.000100671 -0.00392278 0.00690148 0.00157744 0.0350498 0.00988283 0.00829101 0.0108981 0.00898133 0.02924 0.0185338 -0.0119229 0.032398 -0.0196211 0.00940422 0.00574033 0.00897283 0.0131208 0.0263427 -0.0148627 -0.0173371 0.0234355 0.0114957
internal_weight=5783.4 2980.21 876.225 2103.99 2803.19 1778.2 557.648 1220.55 2307.32 793.087 1123.93 32.846 325.791 762.438 669.232 635.561 87.6546 74.4678 542.092 83.1379 96.6208 28.136 547.906 466.114 298.438 145.284 481.241 440.837 69.9029 291.385
internal_count=49053 24525 6132 18393 24528 15765 5299 10466 20440 5572 9568 260 2628 5334 4565 4326 656 565 5203 560 898 249 3670 3204 2372 748 4699 4339 474 2316
is_linear=0
shrinkage=0.05


Tree=71
num_leaves=31
num_cat=0
split_feature=32 32 58 43 18 21 51 18 37 59 49 2 6 6 7 60 5 57 11 18 18 59 51 7 43 21 41 37 59 41
split_gain=9.41111 11.7053 17.3299 10.2013 13.782 27.5499 12.6318 13.9359 11.3598 10.7605 10.1135 10.0904 9.76841 22.2138 17.9202 33.6164 26.7961 16.1861 13.3089 13.1333 12.704 13.9246 15.3597 15.3471 19.8569 19.4214 17.2316 16.4476 15.1341 15.6639
threshold=25.500000000000004 9.5000000000000018 -0.0011039175480879572 -2.8924999999999968e-05 0.0044820772381794103 -0.0017707192715204934 1.0000000180025095e-35 0.0052839396332426142 0.24256842648693822 -0.012042605746047022 0.0021163398444451393 0.012967569736360098 5.5000000000000009 1.5000000000000002 1.5000000000000002 0.34217047097583603 0.0031869232918558818 1.0000000180025095e-35 -1.3396446334697789 0.0034607974138220086 0.010770281724128172 -0.017548071315661145 1.0000000180025095e-35 5.5000000000000009 -0.00017160749999999995 -0.0027736360833274304 1.0485e-05 0.25102474507367317 -0.0081528322801396619 5.0330000000000008e-05
decision_type=2 2 2 2 2 2 2 2 2 2 2 2 2 2 2 2 2 2 2 2 2 2 2 2 2 2 2 2 2 2
left_child=1 12 3 6 5 -5 -3 -8 -9 -6 -11 -4 13 -1 15 16 -15 -18 -17 -20 21 -14 23 24 27 -25 -27 -23 29 -24
right_child=-2 2 11 4 9 -7 7 8 -10 10 -12 -13 20 14 -16 18 17 -19 19 -21 -22 22 28 25 -26 26 -28 -29 -30 -31
leaf_value=0.0045246929431736671 -0.032160764111069412 -0.014349828775152756 -0.0011735571931807054 0.13096564197221466 0.051105406566585646 0.025555810748197651 -0.022343034966872875 0.1046993026890672 0.018346214628330006 0.0060601480660199651 0.043174102504760975 0.050842542340033485 0.018545330247467916 0.14687298196409476 -0.014466056593022567 0.071089295341114453 0.087772751560884654 -0.018345553891840168 0.075072026523999719 -0.0082003122636951035 -0.0088515307726962627 0.085167124864257787 0.059938278019786309 -0.0082196390534737263 -0.0054239891820095365 0.039753919469125494 0.0064577073337913366 0.0008447472674621391 0.0032703475286889106 0.0070010099735628058
leaf_weight=422.99581978097558 22.759979639202356 50.41914426907897 445.4370848312974 8.0911246985197049 19.012480020523071 26.502178907394409 8.2672043628990668 7.0731869563460341 8.251462556421755 131.91048029065132 21.322612915188074 9.5227251015603525 113.6530289426446 6.4679848104715374 561.83232215791941 5.7333350367844096 6.0716004520654652 8.803640928119421 4.8528954423964015 194.78551333025098 335.81417330354452 11.101331308484079 24.254410713911057 108.03269864991307 1404.4589868560433 62.467214550822973 102.81046529114246 12.07149552926421 1602.4135032780468 32.967771492898464
leaf_count=3513 200 393 3884 54 91 180 76 52 64 920 160 68 554 51 5317 52 36 89 44 1828 2999 76 113 755 10946 462 789 98 15029 160
internal_value=-7.23927e-05 5.44582e-05 0.00594406 0.0157105 0.0214107 0.0502104 -0.000219963 0.0299776 0.058203 0.0156267 0.0112246 -8.48126e-05 -0.000808542 -0.00471926 -0.00967795 0.00218768 0.0619112 0.0249686 -0.00401909 -0.00617609 0.000435016 0.00133264 0.000750516 -0.00258848 -0.00466654 0.00826623 0.0190421 0.0412408 0.00417262 0.0294392
internal_weight=5780.16 5757.4 735.81 280.85 206.839 34.5933 74.011 23.5919 15.3246 172.246 153.233 454.96 5021.59 1211.54 788.547 226.715 21.3432 14.8752 205.372 199.638 3810.05 3474.23 3360.58 1700.94 1427.63 273.31 165.278 23.1728 1659.64 57.2222
internal_count=49053 48853 5942 1990 1405 234 585 192 116 1171 1080 3952 42911 10930 7417 2100 176 125 1924 1872 31981 28982 28428 13126 11120 2006 1251 174 15302 273
is_linear=0
shrinkage=0.05


Tree=72
num_leaves=31
num_cat=0
split_feature=18 59 45 38 37 59 58 6 41 50 42 59 7 38 59 37 58 38 6 18 60 50 13 6 59 37 37 60 18 37
split_gain=8.76179 13.8467 12.4164 11.4914 10.9704 10.7127 11.5797 14.1856 12.5751 10.3039 17.0401 13.2654 14.9251 16.0279 16.7863 16.124 16.1063 15.3152 13.8325 15.8132 20.4345 14.3036 16.4806 18.5965 22.0704 14.0321 13.1931 17.0797 13.9578 13.1651
threshold=0.0095821431496622249 -0.020508045326491867 0.00095242556458632389 0.16600126800940798 0.96407516550209926 -0.035377141157370291 0.0096060326684295309 6.5000000000000009 0.00022899500000000004 -0.0020946390065621229 3.1195000000000009e-05 -0.0026046312056018719 4.5000000000000009 0.19209471994900923 0.008705694615118208 0.7017501003654002 0.0063479792268863111 0.196352768821562 15.500000000000002 0.0036560574535289612 0.015434499414925954 0.0011357463414998303 0.0058818013445285306 10.500000000000002 0.0080378432040989073 0.049756361381889137 0.300969812385387 0.95224360546085574 0.0055358779042063797 0.22612677189196703
decision_type=2 2 2 2 2 2 2 2 2 2 2 2 2 2 2 2 2 2 2 2 2 2 2 2 2 2 2 2 2 2
left_child=1 3 9 -1 5 -2 -7 -8 -9 10 29 -11 13 -13 17 -16 -17 -15 19 20 -19 -21 -23 24 -24 -25 -27 28 -28 -3
right_child=4 2 -4 -5 -6 6 7 8 -10 11 -12 12 -14 14 15 16 -18 18 -20 21 -22 22 23 25 -26 26 27 -29 -30 -31
leaf_value=-0.00097165042661282906 0.038347875601798809 -0.010067276223873706 0.017843430406001254 0.042139583935701302 -0.016533732881050901 -0.0051430250780072238 -0.027508777271701108 0.026383650775538298 0.11406308390326721 0.005846827576611994 -0.0073404270877087093 -0.0062864035045022103 -0.0056434896589832723 0.038203726459857937 -0.020116708898147193 0.00067112052273733203 0.088567735817502768 0.092207820610782809 -0.0036134684467158452 0.00011802585920998068 0.019842267289462603 0.087052762639607706 0.0005302159663026386 0.085084739833896139 0.10315916710250923 0.0037039610262802067 0.084188692758848174 -0.021790603821923698 0.031698119685155686 0.015626376132824162
leaf_weight=26.827251181006432 16.127513445913792 71.76650919765234 99.290209986269474 36.471319377422333 167.7981218509376 445.25216626003385 8.7331394553184527 16.818290106952194 5.4031140841543666 1104.7867306321859 897.70190637558699 429.89365679770708 965.23249274119735 37.50612910464406 111.39208999276161 21.239556070417169 6.9065930321812621 11.356186706572769 294.09598480165005 394.80527761206031 69.199851352721453 7.5148415192961684 214.49434213712811 9.4016154110431653 5.3696751073002806 57.689909726381302 16.686154201626778 11.363163083791731 52.548763483762741 163.29578779265285
leaf_count=125 90 513 704 169 1519 4094 78 169 33 6840 6643 4644 9425 382 1373 249 79 112 2970 3775 638 69 2092 66 67 424 121 89 391 1110
internal_value=-7.16057e-05 0.000627803 0.000336704 0.0238681 -0.00549288 -0.00172993 -0.00308723 0.0264835 0.0477028 -1.41556e-05 -0.00420236 0.00122731 -0.000651284 0.00209992 0.00482791 -0.0115731 0.0222395 0.00676404 0.00573376 0.00896622 0.0300438 0.00676076 0.013753 0.0122544 0.00303669 0.0259767 0.0219582 0.0350241 0.0443488 0.00778189
internal_weight=5776.97 5116.84 5053.54 63.2986 660.132 492.334 476.207 30.9545 22.2214 4954.25 1132.76 3821.48 2716.7 1751.46 1321.57 139.538 28.1461 1182.03 1144.53 850.43 80.556 769.874 375.068 367.554 219.864 147.69 138.288 80.5981 69.2349 235.062
internal_count=49053 43070 42776 294 5983 4464 4374 280 202 42072 8266 33806 26966 17541 12897 1701 328 11196 10814 7844 750 7094 3319 3250 2159 1091 1025 601 512 1623
is_linear=0
shrinkage=0.05


Tree=73
num_leaves=31
num_cat=0
split_feature=32 32 58 19 45 5 21 11 35 59 5 19 43 35 14 0 17 18 64 2 19 43 47 10 60 37 2 58 9 60
split_gain=8.69754 10.4971 15.5349 11.5849 11.0452 12.8144 15.5545 10.418 10.0275 14.7673 11.135 10.3344 9.98999 13.2836 9.78978 9.62334 9.48757 9.44895 9.43643 9.77188 13.9401 15.4121 12.1912 9.47493 10.0707 9.68551 9.65608 15.9283 9.32023 21.8709
threshold=25.500000000000004 9.5000000000000018 -0.0015730992063802652 -0.0020017876858613695 -0.0002584568668530872 0.0031361430837760378 0.006536977192154454 2.1659841003240374 0.16496803362009158 -0.0020479947464428993 0.0029120981986893277 0.0028724107519179447 0.00012000750000000004 0.038140187414582583 0.83267707380594513 -0.005195326976258575 1.9613526570048345 0.0041678048283792764 0.37877778672687212 0.0073081077158976921 0.0016521520284577664 1.1783750000000002e-05 -0.00071660402917089262 1.0000000180025095e-35 0.58708718064524446 0.13745609621712893 -0.0035480766358913112 -0.0045535937765455352 1.0000000180025095e-35 0.088028063207605201
decision_type=2 2 2 2 2 2 2 2 2 2 2 2 2 2 2 2 2 2 2 2 2 2 2 2 2 2 2 2 2 2
left_child=1 16 18 14 7 12 -7 8 -5 -10 17 -12 13 -6 -4 -16 28 -11 -3 20 21 22 -20 24 25 -23 -25 -28 29 -1
right_child=-2 2 3 4 5 6 -8 -9 9 10 11 -13 -14 -15 15 -17 -18 -19 19 -21 -22 23 -24 26 -26 -27 27 -29 -30 -31
leaf_value=-0.012496158092141023 -0.031252573389832033 -0.015164943436475476 -0.020659931489448176 -0.0032728957743110689 0.0062593898464130826 -0.0098762421249702567 0.073432984746500368 -0.045162241758006066 0.071460874269503247 0.014486009956911811 0.088526328688396216 0.0013352264760181929 0.077735492443572585 0.06733245280664317 0.05030664673060016 -0.025299877300197268 0.0089503640999884608 -0.049185930725001076 0.060330929640619792 -0.012016592132014239 0.051861726857188699 0.026860128054469964 -0.0084978416693064131 0.02046841565292384 0.035729946930192977 -0.03123814352604494 0.023415477355341739 0.11004023071559166 0.0021045401008134819 -0.0010328541596746593
leaf_weight=487.30302572250366 22.277313873171806 22.448702819645405 90.410089127719402 213.4952143765986 29.948578108102083 45.047323293983936 6.3987305574119082 12.593046896159647 11.47602842748165 12.905609384179117 6.4414752796292287 7.1938979178667068 11.06565799564123 12.670098967850207 10.55020020902157 7.001893237233161 239.08867595717311 10.622912682592867 7.1655422635376445 23.08788938075304 33.366784367710352 13.247711360454561 62.973162364214659 17.026660069823265 33.341496784240007 15.645627189427612 9.6786795854568499 11.747971341013907 1440.6521294228733 2847.2468471638858
leaf_count=4553 200 156 705 2013 256 402 58 88 57 113 56 58 79 90 72 53 1530 92 57 197 256 89 462 95 214 103 58 63 11758 25070
internal_value=-7.10371e-05 4.97313e-05 0.00561915 0.00042717 0.00453498 0.0183177 0.00048555 -0.000739248 0.00139485 0.021883 0.00657355 0.0425251 0.0354063 0.0244158 -0.0140259 0.0201456 -0.000769474 -0.0142613 0.0157611 0.0188157 0.0223019 0.0165281 -0.00146613 0.0290627 0.0170063 -0.00459985 0.0485755 0.0709108 -0.00125613 -0.00270807
internal_weight=5774.12 5751.84 737.551 487.821 379.859 105.13 51.4461 274.728 262.135 48.6399 37.1639 13.6354 53.6843 42.6187 107.962 17.5521 5014.29 23.5285 249.73 227.282 204.194 170.827 70.1387 100.688 62.2348 28.8933 38.4533 21.4267 4775.2 3334.55
internal_count=49053 48853 5942 4192 3362 885 460 2477 2389 376 319 114 425 346 830 125 42911 205 1750 1594 1397 1141 519 622 406 192 216 121 41381 29623
is_linear=0
shrinkage=0.05


Tree=74
num_leaves=31
num_cat=0
split_feature=63 18 59 37 5 59 58 41 45 43 58 58 59 7 19 38 63 0 38 20 44 62 58 16 20 58 38 2 51 63
split_gain=8.592 10.7374 12.8291 12.5557 13.7606 13.1181 12.6842 17.4178 11.1761 10.0937 9.9545 11.0312 10.066 14.6921 13.5638 14.7951 9.93035 9.73952 9.68575 9.30486 9.09289 11.1962 10.3711 9.786 9.08148 9.04781 13.9164 11.4151 10.0826 17.7119
threshold=-0.029424514007218856 0.0095821431496622249 -0.020508045326491867 0.96407516550209926 0.0046803496073803737 -0.035377141157370291 0.0096060326684295309 0.00022899500000000004 0.00095242556458632389 9.9072500000000146e-05 0.0044875382502630639 0.011567418831279474 -0.0086456657403263856 5.5000000000000009 0.003596021817400122 0.30170987313844416 0.030247327686553905 0.0031566056510379122 0.16502075462466445 0.005389796298630181 1.9819443867957869e-05 0.003412650339802386 -0.0068719668686935999 0.23728813559320158 -0.0050788331652862123 -0.010806516223081968 0.19458359134557618 0.00033329869432285647 1.0000000180025095e-35 -0.00023419551229800215
decision_type=2 2 2 2 2 2 2 2 2 2 2 2 2 2 2 2 2 2 2 2 2 2 2 2 2 2 2 2 2 2
left_child=18 2 -2 5 -5 -3 -7 17 16 -6 12 19 -10 14 15 -14 25 -8 -1 -12 21 22 24 -24 -20 26 -4 -28 -27 -30
right_child=1 3 8 4 9 6 7 -9 10 -11 11 -13 13 -15 -16 -17 -18 -19 20 -21 -22 -23 23 -25 -26 28 27 -29 29 -31
leaf_value=-0.021568274323123669 0.024142398766237028 0.045715578438036288 -0.030543488351677389 0.059364028507797796 -0.033738488369540603 -0.0061989173976388836 -0.0098097041057417927 0.1032608248451292 0.051902894989674909 -0.0075489503906010051 0.032468226404116597 -0.0077666829649632009 -0.040306598988429809 0.060285161414815373 0.030198695843933129 0.034300762105153183 -0.030975884384817416 0.062679663265366975 0.023065896168741055 0.10562642409133703 0.057595146021637803 -0.033127612101186338 0.012438675102220045 0.082183983879821607 -0.040069855891960979 -0.0024242465533376666 0.062854909517469346 -0.0044050747871567392 0.017235420647661488 0.0009052722873234575
leaf_weight=14.671229004859923 56.483129918575287 13.731346674263476 8.8272938169538957 5.4142802953720084 80.63229812681675 414.24097060412169 18.38139274716378 6.0355299077928057 10.996524840593336 67.663100697100163 9.5878554135561043 7.2289766222238532 31.751193083822727 8.7768851444125158 15.636758945882319 8.4037865027785283 26.000995427370071 6.1955253370106211 18.755761422216889 7.9503851160407057 15.037789665162562 10.364439673721789 9.0555078536272138 11.312045112252234 8.1796560660004598 2467.3367883935571 19.583501610904936 9.3057214915752393 179.56849205121398 2204.7807931005955
leaf_count=91 260 76 66 48 773 3904 175 40 55 621 67 55 252 64 106 52 291 61 111 53 92 55 51 61 55 18972 123 74 1263 21086
internal_value=-6.95954e-05 -0.000308766 0.000446245 -0.00656325 -0.0189304 -0.002418 -0.00390375 0.027154 0.000179399 -0.0217889 0.0166993 0.0442087 0.00768279 0.000151766 -0.00930813 -0.0246925 -0.000157802 0.00846393 0.0154903 0.0656321 0.0229684 0.0139389 0.0242515 0.0511749 0.00389305 6.0832e-06 0.0244007 0.0411893 -0.000183558 0.00213512
internal_weight=5771.89 5684.51 5072.22 612.294 153.71 458.585 444.853 30.6124 5015.74 148.295 100.332 24.7672 75.5651 64.5686 55.7917 40.155 4915.4 24.5769 87.3764 17.5382 72.7052 57.6674 47.303 20.3676 26.9354 4889.4 37.7165 28.8892 4851.69 2384.35
internal_count=49053 48537 42839 5698 1442 4256 4180 276 42579 1394 704 175 529 474 410 304 41875 236 516 120 425 333 278 112 166 41584 263 197 41321 22349
is_linear=0
shrinkage=0.05


end of trees

feature_importances:
btc_1h_return_3=256
btc_1h_trend_strength=160
atr_percentile=112
btc_4h_return_3=106
hour_of_day=97
stop_distance=93
trend_strength=85
range_compression=78
volatility_lookback=73
atr_proxy=72
btc_trend=72
btc_1h_atr_percentile=72
btc_return_3=68
funding_rate_abs=59
mark_premium_mean_4=55
day_of_week=54
funding_rate_mean_4=49
funding_rate=47
atr_normalized_range=45
dist_ema_fast=45
btc_4h_trend_strength=43
fvg_age_candles=41
dist_ema_slow=39
volume_percentile=34
log_return_6=32
relative_volume=28
eth_return_3=27
log_return_3=25
btc_4h_atr_percentile=24
volume_zscore=22
mark_basis=22
btc_volume_block=21
session_newyork=19
btc_return_1=18
eth_volume_block=18
session_london=17
futures_pressure=14
lower_wick_ratio=13
rejection_volume_confirmation=11
range_1=10
upper_wick_ratio=10
eth_trend=10
volume_block_strength=6
eth_return_1=6
body_ratio=4
ema_slow_slope=4
fvg_size_atr=4
breakout_volume_confirmation=4
high_volatility_flag=4
btc_1h_trend_direction=4
btc_4h_trend_direction=4
log_return_1=3
market_regime=3
mark_premium=3
session_asia=2
sweep_low_detected=1
sweep_rejection_ratio=1
funding_rate_std_4=1

parameters:
[boosting: gbdt]
[objective: binary]
[metric: binary_logloss]
[tree_learner: serial]
[device_type: cpu]
[data_sample_strategy: bagging]
[data: ]
[valid: ]
[num_iterations: 500]
[learning_rate: 0.05]
[num_leaves: 31]
[num_threads: 2]
[seed: 42]
[deterministic: 0]
[force_col_wise: 0]
[force_row_wise: 0]
[histogram_pool_size: -1]
[max_depth: -1]
[min_data_in_leaf: 50]
[min_sum_hessian_in_leaf: 0.001]
[bagging_fraction: 0.9]
[pos_bagging_fraction: 1]
[neg_bagging_fraction: 1]
[bagging_freq: 0]
[bagging_seed: 400]
[bagging_by_query: 0]
[feature_fraction: 0.9]
[feature_fraction_bynode: 1]
[feature_fraction_seed: 30056]
[extra_trees: 0]
[extra_seed: 12879]
[early_stopping_round: 0]
[early_stopping_min_delta: 0]
[first_metric_only: 0]
[max_delta_step: 0]
[lambda_l1: 0]
[lambda_l2: 0]
[linear_lambda: 0]
[min_gain_to_split: 0]
[drop_rate: 0.1]
[max_drop: 50]
[skip_drop: 0.5]
[xgboost_dart_mode: 0]
[uniform_drop: 0]
[drop_seed: 17869]
[top_rate: 0.2]
[other_rate: 0.1]
[min_data_per_group: 100]
[max_cat_threshold: 32]
[cat_l2: 10]
[cat_smooth: 10]
[max_cat_to_onehot: 4]
[top_k: 20]
[monotone_constraints: ]
[monotone_constraints_method: basic]
[monotone_penalty: 0]
[feature_contri: ]
[forcedsplits_filename: ]
[refit_decay_rate: 0.9]
[cegb_tradeoff: 1]
[cegb_penalty_split: 0]
[cegb_penalty_feature_lazy: ]
[cegb_penalty_feature_coupled: ]
[path_smooth: 0]
[interaction_constraints: ]
[verbosity: -1]
[saved_feature_importance_type: 0]
[use_quantized_grad: 0]
[num_grad_quant_bins: 4]
[quant_train_renew_leaf: 0]
[stochastic_rounding: 1]
[linear_tree: 0]
[max_bin: 255]
[max_bin_by_feature: ]
[min_data_in_bin: 3]
[bin_construct_sample_cnt: 200000]
[data_random_seed: 175]
[is_enable_sparse: 1]
[enable_bundle: 1]
[use_missing: 1]
[zero_as_missing: 0]
[feature_pre_filter: 1]
[pre_partition: 0]
[two_round: 0]
[header: 0]
[label_column: ]
[weight_column: ]
[group_column: ]
[ignore_column: ]
[categorical_feature: ]
[forcedbins_filename: ]
[precise_float_parser: 0]
[parser_config_file: ]
[objective_seed: 16083]
[num_class: 1]
[is_unbalance: 0]
[scale_pos_weight: 1]
[sigmoid: 1]
[boost_from_average: 1]
[reg_sqrt: 0]
[alpha: 0.9]
[fair_c: 1]
[poisson_max_delta_step: 0.7]
[tweedie_variance_power: 1.5]
[lambdarank_truncation_level: 30]
[lambdarank_norm: 1]
[label_gain: ]
[lambdarank_position_bias_regularization: 0]
[eval_at: ]
[multi_error_top_k: 1]
[auc_mu_weights: ]
[num_machines: 1]
[local_listen_port: 12400]
[time_out: 120]
[machine_list_filename: ]
[machines: ]
[gpu_platform_id: -1]
[gpu_device_id: -1]
[gpu_device_id_list: ]
[gpu_use_dp: 0]
[num_gpu: 1]

end of parameters

pandas_categorical:[]
