tree
version=v4
num_class=1
num_tree_per_iteration=1
label_index=0
max_feature_idx=64
objective=binary sigmoid:1
feature_names=log_return_1 log_return_3 log_return_6 range_1 atr_proxy volatility_lookback hour_of_day day_of_week session_asia session_london session_newyork volume_zscore relative_volume volume_percentile body_ratio upper_wick_ratio lower_wick_ratio atr_normalized_range stop_distance dist_ema_fast dist_ema_slow trend_strength trend_direction ema_slow_slope sweep_high_detected sweep_low_detected sweep_depth_atr sweep_rejection_ratio sweep_volume_zscore bullish_fvg_present bearish_fvg_present fvg_size_atr fvg_age_candles price_inside_fvg breakout_volume_confirmation rejection_volume_confirmation volume_block_strength atr_percentile range_compression high_volatility_flag market_regime funding_rate funding_rate_abs funding_rate_mean_4 funding_rate_std_4 mark_basis mark_premium mark_premium_mean_4 futures_pressure btc_return_1 btc_return_3 btc_trend btc_volume_block sol_return_1 sol_return_3 sol_trend sol_volume_block btc_1h_trend_direction btc_1h_trend_strength btc_1h_return_3 btc_1h_atr_percentile btc_4h_trend_direction btc_4h_trend_strength btc_4h_return_3 btc_4h_atr_percentile
feature_infos=[-0.099789740127447749:0.093010238747904317] [-0.13729346134722348:0.10986901874042833] [-0.15716874107648907:0.12216851955652883] [0.00045832541930587533:0.19694206646149304] [0:151.66857142857143] [0:0.02536366603403864] [0:23] [0:6] [0:1] [0:1] [0:1] [-2.4325487497940577:4.2417786129817072] [0.048734187810036106:30042.869999999999] [0:1] [0:1] [0:0.99372384937239056] [0:0.98545176110261079] [0:7.1780015359672751] [0:0.04534995674094594] [-0.11568198010665309:0.082009934132162551] [-0.15010101057045747:0.095494416986048311] [-0.059336176052386891:0.031520677331793381] [-1:1] [-0.013051115440373904:0.010557637098031657] [0:1] [0:1] [0:4.0105729389912979] [0:0.99372384937239056] [-1.3362882729783185:8.451383206882408] [0:1] [0:1] [0:4.4372287515443416] [0:999] [-1:1] [0:4.2413664644794418] [0:4.0001461451854183] [0:4.5524963345642142] [0:1] [0:0.50249551245566759] [0:1] [-1:1] [-0.0011771900000000001:0.00083958999999999998] [0:0.0011771900000000001] [-0.0011771900000000001:0.00083958999999999998] [0:0.0007108105574154985] [-0.0089911028189213257:0.0019680666973154459] [-0.0089911028189213257:0.0019680666973154459] [-0.0049085988997418072:0.001766522927853271] [-0.0090450728189213261:0.0014522232893671553] [-0.047965858971904363:0.031568184591943091] [-0.078009406844934195:0.063346432335985012] [-1:1] [0:4.309937392268882] [-0.061285913393805867:0.096476662990186007] [-0.16848398472608775:0.13430291005597131] [-1:1] [0:4.5316027421448242] [-1:1] [-0.045485637974321438:0.027153173533924255] [-0.075982633830520577:0.10077106503998827] [0:1] [-1:1] [-0.058533161656173976:0.039273273349937049] [-0.12497771883709037:0.091067112082388726] [0:1]
tree_sizes=3402 3476 3483 3486 3503 3519 3477 3515 3510 3500 3508 3496 3508 3521 3511 3520 3533 3511 3519 3515 3519 3555 3510 3534 3516 3522 3497 3487 3517 3522 3521 3511 3546 3534 3507 3541 3541 3525 3541 3495 3541 3535 3530 3513 3506 3512 3532 3513 3512 3510 3534 3530 3518 3525 3523 3505 3529 3518 3506 3486 3503 3524 3511 3516 3524 3531 3515 3506 3520 3541 3525 3516 3505 3503 3522 3524 3515 3488 3488 3510 3523 3537 3550 3529 3493 3515 3511 3484 3522 3530 3523 3464 3508 3521 3521 3509 3532 3516 3505 3475 3506 3530 3486 3526 3483 3527 3460 3492 3531 3482 3543 3513 3518 3495 3526 3529 3516

Tree=0
num_leaves=31
num_cat=0
split_feature=17 63 20 3 18 5 58 6 58 32 58 21 63 4 63 52 47 47 17 38 58 64 17 4 19 60 2 7 42 42
split_gain=204.901 177.02 110.322 72.1577 42.5823 41.0678 41.936 45.4252 40.289 37.0867 32.3001 55.8524 42.4144 31.9177 30.8241 29.4355 28.326 35.8346 27.6137 25.8185 40.6844 25.7259 25.1402 24.8571 46.8444 30.5022 26.0993 25.6807 26.588 24.6796
threshold=1.4578562489857845 0.0074809667664330623 0.0025037141369220924 0.0059025763350009563 0.0021526118112089525 0.0065946683695845198 0.0047871828133763611 1.5000000000000002 0.0019810760136002798 12.500000000000002 -0.00038562509407054807 0.0011334198233908883 0.016814821659359287 14.517142857142828 -0.003541880337330966 0.46277980374242494 -0.00046083437047315581 -0.00054966127577678358 3.6455268448219074 0.28986141230416745 0.0093299464363080526 0.53703629085563931 0.71407286290643179 15.868214285714254 0.0051512110566454324 0.4356496123545443 0.019812490406162547 1.5000000000000002 3.8870000000000006e-05 2.0255000000000005e-05
decision_type=2 2 2 2 2 2 2 2 2 2 2 2 2 2 2 2 2 2 2 2 2 2 2 2 2 2 2 2 2 2
left_child=1 2 4 -2 -1 6 22 13 -5 14 11 12 -3 -8 -6 -10 17 -12 29 -16 -21 -18 -4 24 27 -26 -25 -9 -29 -17
right_child=3 10 5 8 9 -7 7 23 15 -11 16 -13 -14 -15 19 18 21 -19 -20 20 -22 -23 -24 26 25 -27 -28 28 -30 -31
leaf_value=-2.1229628648426342 -2.0892935104781829 -2.0021311882198987 -2.0931152782604578 -2.0589113138505057 -2.1112855645309518 -2.1147961050019592 -1.8663798031262744 -2.0913685999853961 -2.060215578452425 -2.0722439225234184 -2.0995589534876342 -2.0602596427713422 -1.8584602266063102 -2.0350625927493855 -2.09658879794714 -1.9548171206680767 -2.0856780683182881 -2.0020446693815011 -1.9008532538602363 -2.0839978370638974 -1.940689241375037 -2.0482332604743991 -2.0746184669748007 -2.0857933123151424 -2.0610557381331196 -1.9182362302303311 -1.9901011874270491 -2.1086817939867943 -2.0237757296201924 -2.0286588071689766
leaf_weight=139.00131824612617 139.3950896859169 17.424386210739616 266.28793615847826 331.65399516373873 295.62390842288733 69.795987702906132 5.1190287172794324 37.112958200275898 53.356030091643333 173.75164780765772 12.403800353407858 31.403272323310375 7.2847716361284247 6.2019001767039299 1750.2156070098281 12.699128933250902 94.111374109983444 39.180258259177208 5.0205858573317519 365.12456754595041 5.0205858573317519 89.484559692442417 592.33068830519915 98.935074247419834 5.7096858769655254 10.828714594244955 7.6785430759191504 11.222486034035681 51.682501472532749 103.85721724480391
leaf_count=1412 1416 177 2705 3369 3003 709 52 377 542 1765 126 319 74 63 17779 129 956 398 51 3709 51 909 6017 1005 58 110 78 114 525 1055
internal_value=-2.08365 -2.08769 -2.09051 -2.05744 -2.096 -2.07761 -2.07524 -2.0565 -2.04867 -2.09456 -2.0501 -2.01601 -1.95977 -1.95879 -2.09616 -2.02926 -2.05823 -2.02549 -2.01567 -2.09405 -2.08205 -2.06743 -2.08035 -2.06145 -2.04549 -1.96754 -2.0789 -2.05838 -2.03892 -2.02061
internal_weight=4828.92 4182.94 3891.64 645.982 2728.74 1162.91 1093.11 234.491 506.587 2589.74 291.292 56.1124 24.7092 11.3209 2415.98 174.933 235.18 51.5841 121.577 2120.36 370.145 183.596 858.619 223.17 116.556 16.5384 106.614 100.018 62.905 116.556
internal_count=49053 42491 39532 6562 27719 11813 11104 2382 5146 26307 2959 570 251 115 24542 1777 2389 524 1235 21539 3760 1865 8722 2267 1184 168 1083 1016 639 1184
is_linear=0
shrinkage=1


Tree=1
num_leaves=31
num_cat=0
split_feature=17 63 20 3 18 5 58 6 58 32 34 18 58 21 6 32 63 38 58 64 64 63 4 19 41 7 42 60 15 45
split_gain=181.578 150.5 92.4711 65.0995 37.6065 36.7903 36.9892 38.8312 36.6118 35.1986 28.7783 27.498 27.1432 44.5666 37.6989 29.0868 26.5485 28.4 37.3282 22.4734 22.1273 21.6269 20.885 34.9513 24.2217 23.1641 21.8778 21.2944 20.7058 20.6952
threshold=1.3873815126729545 0.0074809667664330623 0.0025037141369220924 0.0059025763350009563 0.0021526118112089525 0.0065946683695845198 0.0047871828133763611 1.5000000000000002 0.0002422040684243285 13.500000000000002 1.2008264575806462 0.0052325274937734386 -0.00038562509407054807 0.0011334198233908883 7.5000000000000009 14.500000000000002 -0.003541880337330966 0.28986141230416745 0.0093299464363080526 0.7438799655745042 0.96740919141961201 0.014463080305590329 15.868214285714254 0.0051512110566454324 -2.8174999999999997e-05 1.5000000000000002 3.8870000000000006e-05 0.4356496123545443 0.11362135222768116 -0.00044620109355267317
decision_type=2 2 2 2 2 2 2 2 2 2 2 2 2 2 2 2 2 2 2 2 2 2 2 2 2 2 2 2 2 2
left_child=1 2 4 21 -1 6 -4 11 -5 16 28 -8 13 14 -3 -14 -6 20 -19 -16 -18 -2 23 25 -24 -9 -27 -25 -10 -28
right_child=3 12 5 8 9 -7 7 22 10 -11 -12 -13 15 -15 19 -17 17 18 -20 -21 -22 -23 24 27 -26 26 29 -29 -30 -31
leaf_value=-0.038293863580098314 -0.0061578642590777851 0.039849736419944881 0.0023485102569808934 0.017951608905431692 -0.026437548941865809 -0.030826996067328617 0.19025817959999705 -0.0082291559919428717 0.012704997926540821 0.014044612485996519 0.064691946974498968 0.037053487871852163 0.019587297910244605 0.020237632690131502 0.21619266285787198 0.11821402177477608 -0.013276663339463389 0.00047828107949839566 0.13068740801248346 0.094063046906564168 0.067698758353012173 0.097059809441817343 0.097207956572747403 0.018966681958289659 -0.0023622432957894259 -0.023407095571368036 0.12320508969080049 0.14021121939793774 0.04592467478035786 0.040610943997442271
leaf_weight=130.01722714304924 183.88093069195747 11.360452570021154 837.13951130211353 292.68706527352333 285.28179226815701 67.444528564810753 5.8533881157636625 36.498829014599323 82.401288695633411 135.76958706229925 100.20774487406015 5.8619959652423859 225.72312878072262 30.675375491380692 8.2295918688178045 7.7316682934761038 1702.857336871326 360.66161076724529 5.5895087942481032 6.9460095465183249 8.4785106629133207 5.2189148291945449 6.5164035260677329 5.3097820654511478 97.413009256124496 10.71555422991514 9.1762065142393094 11.389261856675146 108.89798864722252 43.715860247612
leaf_count=1362 1876 106 8483 2924 2960 702 52 373 813 1367 979 56 2248 306 75 77 17469 3664 51 64 87 53 66 53 986 111 89 102 1075 424
internal_value=-1.48265e-05 -0.00424782 -0.00692358 0.0221896 -0.0120767 0.00498969 0.00724816 0.0248936 0.0304434 -0.0107125 0.0429857 0.1136 0.0304175 0.0612823 0.108729 0.0228537 -0.012135 -0.0101711 0.00246546 0.160293 -0.0128755 -0.00330919 0.0201856 0.034693 0.00388084 0.0235222 0.0417415 0.101659 0.0316155 0.0549401
internal_weight=4829.65 4056.36 3765.69 773.294 2628.66 1137.03 1069.59 232.45 584.194 2498.64 291.507 11.7154 290.666 57.2114 26.5361 233.455 2362.87 2077.59 366.251 15.1756 1711.34 189.1 220.735 116.805 103.929 100.106 63.6076 16.699 191.299 52.8921
internal_count=49053 41333 38457 7720 26960 11497 10795 2312 5791 25598 2867 108 2876 551 245 2325 24231 21271 3715 139 17556 1929 2204 1152 1052 997 624 155 1888 513
is_linear=0
shrinkage=0.05


Tree=2
num_leaves=31
num_cat=0
split_feature=59 17 59 38 17 20 63 4 56 38 59 59 18 38 19 20 50 50 21 58 63 45 58 56 59 6 4 6 32 21
split_gain=596.276 134.43 109.582 117.23 71.0745 65.5919 63.4086 58.7097 52.6125 47.6711 50.649 42.9996 44.8987 37.1527 35.0116 31.8587 31.6537 31.5874 29.7261 29.2299 27.6656 29.309 27.4541 31.1766 26.5508 25.6571 25.2799 24.613 24.1349 23.9716
threshold=0.0028031250996612711 0.78016773264931738 0.014368271634923236 0.24554817960382277 1.4578562489857845 -0.0016888832455375009 0.0069141893434967973 14.601428571428562 0.51346522985669418 0.24683503580282376 0.0064530211313289692 -0.0024746295888892294 0.0024804649270438171 0.25111142493802402 0.0017895271078254801 -0.0084251596504574481 -0.0038426441292185509 -0.0019276416274162571 0.00043563035895909704 0.0087172752967268532 0.00052424222659203394 -0.00049660332718031862 0.0025252702840340732 0.058850004323241958 -0.0043354466300243562 14.500000000000002 24.738928571428577 1.5000000000000002 12.500000000000002 0.002214132126845611
decision_type=2 2 2 2 2 2 2 2 2 2 2 2 2 2 2 2 2 2 2 2 2 2 2 2 2 2 2 2 2 2
left_child=4 13 5 7 6 8 11 -4 25 22 -11 -1 -13 28 -5 -10 24 -14 -16 20 -15 -22 -7 27 -6 -3 -9 -24 -2 -20
right_child=1 2 3 14 16 9 -8 26 15 10 -12 12 17 19 18 -17 -18 -19 29 -21 21 -23 23 -25 -26 -27 -28 -29 -30 -31
leaf_value=-0.024013747839345359 -0.0035236969026781343 0.074397032593945131 0.12420672571794067 0.26519265540385933 0.013631572879610733 0.0066716646067638804 0.015926235455130042 0.057608465222347319 0.2343525808151882 0.025793549278429102 0.072185148373830915 -0.033004181343159487 0.0093491670215276497 0.011597172789849865 0.037233875748721314 0.10037855520723611 -0.0029772518032546908 -0.011332055895053072 0.2412938319037409 0.10861488211281881 0.16626602761340958 0.040286474436452335 0.089089822532171764 0.053050333506519845 0.063714606734606369 0.01441923362708844 -0.0023304497791869737 0.0032242345195464678 0.057976796886826637 0.11245383223757405
leaf_weight=1159.6546073928475 400.44739832729101 37.512139990925789 23.466384068131447 7.4583724960684803 118.26966815441847 290.49504014849663 157.04681716114283 43.3519247174263 5.4999287500977543 157.08750908076763 94.064911469817162 204.84381674230099 222.15749822556973 126.91820515692234 5.337035275995734 22.968579150736332 311.20989962667227 1092.9637302681804 7.0503504723310453 10.273710235953329 5.8287132158875492 22.204572297632694 9.2482442632317525 87.043740846216679 34.090564735233784 33.984413370490074 29.603931844234467 85.523096472024918 16.614377819001675 7.3990295976400375
leaf_count=11984 4081 382 222 73 1156 2919 1520 424 54 1579 933 2158 2281 1300 53 230 3069 11196 69 98 56 218 88 843 333 347 296 852 166 73
internal_value=-2.66463e-05 0.0257812 0.0374046 0.0812909 -0.0119864 0.0308135 -0.0149527 0.0554139 0.068777 0.0255679 0.0431687 -0.0167624 -0.01123 0.00687569 0.172873 0.126261 0.00616459 -0.00783847 0.138073 0.0269416 0.0215264 0.0664803 0.0162085 0.0314461 0.0248376 0.0458878 0.0332865 0.0116034 -0.00107372 0.175319
internal_weight=4829.62 1529.38 947.095 123.667 3300.24 823.428 2836.67 96.4222 99.9651 723.463 251.152 2679.62 1519.97 582.287 27.2448 28.4685 463.57 1315.12 19.7864 165.225 154.951 28.0333 472.31 181.815 152.36 71.4966 72.9559 94.7713 417.062 14.4494
internal_count=49053 15356 9437 1210 33697 8227 29139 942 1013 7214 2512 27619 15635 5919 268 284 4558 13477 195 1672 1574 274 4702 1783 1489 729 720 940 4247 142
is_linear=0
shrinkage=0.05


Tree=3
num_leaves=31
num_cat=0
split_feature=59 17 59 38 17 63 2 59 59 12 50 59 21 18 59 21 38 47 15 58 63 5 51 50 6 19 59 18 11 38
split_gain=531.317 114.463 92.8435 99.3233 65.5816 61.0815 45.0345 41.2599 40.4186 38.3023 36.0329 37.6948 37.5974 34.275 44.3007 33.4008 32.6003 32.4192 32.3416 31.857 31.7842 28.792 28.2138 28.3665 26.8923 25.7032 25.1919 31.9546 24.7411 24.7241
threshold=0.0028031250996612711 0.78016773264931738 0.0073979957845853586 0.24968653843311325 1.3383023553864157 0.0069141893434967973 -0.005873981068944387 0.014368271634923236 -0.00019262481387795065 1.8252875500295314 -0.0038426441292185509 -0.0041171328632727206 -0.0014844276296710295 0.0049756877711909309 0.01204919805394793 0.0010514483078541898 0.25111142493802402 -0.0005367412900782046 0.23585487015028547 0.0054549741270832975 0.017847909021788882 0.0012562811889191624 1.0000000180025095e-35 -0.0023617931138774024 15.500000000000002 -0.006417431089241748 0.0080378432040989073 0.0048030828171231688 -0.55055834977562135 0.17941849688174585
decision_type=2 2 2 2 2 2 2 2 2 2 2 2 2 2 2 2 2 2 2 2 2 2 2 2 2 2 2 2 2 2
left_child=4 16 6 9 5 8 17 15 -1 13 11 25 -13 14 19 18 -2 -3 -5 -4 22 -10 23 -8 -19 -6 -18 -28 -17 -16
right_child=1 2 3 7 10 -7 20 -9 21 -11 -12 12 -14 -15 29 28 26 24 -20 -21 -22 -23 -24 -25 -26 -27 27 -29 -30 -31
leaf_value=-0.021151259704631078 -0.0010237187309898156 0.18411590375091536 0.01246452510599569 0.071723249042221091 0.022099725225832575 0.015949477367609818 0.12933872262743143 0.14416547281815759 -0.042244433107826031 0.066884392796203104 -0.0048329538780665128 0.12849882785077493 0.029959172113561972 0.011375663249323409 0.049035534460341389 0.1325191018298397 0.013494530341787755 0.089076192611635796 0.16458371125446278 0.10223833988980002 0.084455861895868262 -0.0049970332331267554 0.0098779469675878088 0.031571624512191997 -0.011612608981486949 -0.02511483685713067 0.14720850830417584 0.03732636552672447 0.026997410258314637 0.16566050431087098
leaf_weight=1696.7103464975953 416.71995251625776 5.8040458709001532 46.432834342122078 24.09993040561676 104.23570494353771 151.27317272871733 8.073975741863249 29.205566637217999 55.724533706903458 81.021134100854397 424.91638243943453 14.301113352179526 29.957193039357662 136.07874060422182 7.5340127795934704 6.5981822982430449 124.38890827447176 19.517364189028743 15.34780942648649 12.553753264248369 17.313482813537121 752.47476423531771 417.27044451236725 91.495720706880093 10.044083774089811 39.843730293214321 8.0948718488216382 36.22465542703867 35.131599068641663 11.452209137380121
leaf_count=17789 4247 54 460 227 1017 1447 80 252 607 744 4246 136 284 1329 70 62 1236 184 144 117 161 7778 4108 910 100 393 79 357 328 107
internal_value=-4.50658e-05 0.0239598 0.0344534 0.0527399 -0.0115018 -0.0149045 0.0214347 0.0932009 -0.0167678 0.0376039 0.00323598 0.0214406 0.0618001 0.0265209 0.0529524 0.0748652 0.00648369 0.0760773 0.107852 0.0315705 0.0178169 -0.0075652 0.0155846 0.0394994 0.0548652 0.00904301 0.0250274 0.0573961 0.0436822 0.119382
internal_weight=4829.84 1560.4 974.975 405.456 3269.44 2656.18 569.519 110.383 2504.91 295.073 613.254 188.338 44.2583 214.052 77.9728 81.1775 585.428 35.3655 39.4477 58.9866 534.154 808.199 516.84 99.5697 29.5614 144.079 168.708 44.3195 41.7298 18.9862
internal_count=49053 15356 9437 3840 33697 27621 5597 1013 26174 2827 6076 1830 420 2083 754 761 5919 338 371 577 5259 8385 5098 990 284 1410 1672 436 390 177
is_linear=0
shrinkage=0.05


Tree=4
num_leaves=31
num_cat=0
split_feature=59 17 59 38 52 59 18 5 51 50 63 63 5 59 18 59 20 59 50 50 6 41 51 51 64 18 63 42 7 20
split_gain=474.211 97.9705 76.8322 78.328 64.1583 52.8143 41.8883 38.6051 37.9885 45.3196 35.9603 33.8367 31.3758 44.0028 30.5824 34.5683 49.4046 29.4521 43.7066 32.1037 33.1354 29.1592 28.4462 28.1574 48.4925 26.5236 25.6685 25.1916 24.2659 25.9156
threshold=0.0028031250996612711 0.78016773264931738 0.0073979957845853586 0.27147988925787037 0.60301457338084596 -0.0025408045712124534 0.0041528532990597325 0.0013401111253753873 1.0000000180025095e-35 -0.002054447441357667 0.017847909021788882 0.0067570274462147766 0.0041973824455994084 0.01536043669547585 0.0065967526765866981 0.01852754674717744 0.0081969222255889092 -0.0026825053483143925 0.00036517073390875349 -0.0074217108322987765 13.500000000000002 7.8445000000000026e-05 1.0000000180025095e-35 1.0000000180025095e-35 0.34308538591704357 0.0054445605679208373 0.018664359187491427 4.8825000000000008e-05 1.5000000000000002 0.003127258753455237
decision_type=2 2 2 2 2 2 2 2 2 2 2 2 2 2 2 2 2 2 2 2 2 2 2 2 2 2 2 2 2 2
left_child=4 12 8 14 5 -1 -6 -7 9 -3 -10 -9 13 26 15 -4 -17 19 22 20 -8 28 27 24 -13 -15 -2 -19 -5 -30
right_child=1 2 3 21 6 7 17 11 10 -11 -12 23 -14 25 -16 16 -18 18 -20 -21 -22 -23 -24 -25 -26 -27 -28 -29 29 -31
leaf_value=-0.023351086673379637 0.0079407672532322195 0.12266064927433767 0.041417677241616956 0.1796988256249934 -0.011651603212527459 -0.034540377505067298 0.064626071370507021 -0.0084001342255925482 0.010576067035394373 0.032916907420787338 0.078152198838516054 0.19631483436531563 -0.010684813468913236 0.18285771776829784 0.017629348808270929 0.21158924616599425 0.060693533243269038 0.13660518421761106 -0.0018859648002667159 -0.0090135511873903271 0.0037835617499892603 0.06286913088695005 0.02406100761328276 0.0097681670997629994 0.019212255426098033 0.050600090214598374 0.077483020288420038 0.054838904550110271 0.15063737508256797 0.04976948666602337
leaf_weight=1034.6485795453191 367.92606499791145 16.373336426913738 195.28583833575249 13.043026447296141 286.60773142427206 132.51076701283455 36.720683395862579 1310.5388244241476 442.12341549247503 99.892471835017204 20.604326285421848 5.9194499999284771 188.68328753858805 5.4232872277498272 121.32195556908846 7.4122989550232914 20.226378031075001 15.792942702770231 49.570981442928314 166.14846973866224 57.292012259364128 38.899901665747166 31.607580989599228 78.15142035484314 11.137274675071238 12.593358315527437 13.765584059059618 23.343445561826229 11.742775708436968 13.912231631577013
leaf_count=10952 3699 146 1801 111 2954 1452 360 13626 4308 964 179 55 1915 52 1142 62 173 156 497 1688 570 333 308 746 103 123 130 230 100 118
internal_value=-6.03382e-05 0.0223112 0.0318299 0.0480599 -0.0110337 -0.0146163 0.00278436 -0.00874121 0.0200049 0.0455552 0.0135851 -0.00630928 0.00612022 0.0140531 0.0378307 0.0488249 0.101162 0.0136588 0.034115 0.00419853 0.0275482 0.0934397 0.0593413 0.0224712 0.0806748 0.0904117 0.0104488 0.0878345 0.12417 0.0959386
internal_weight=4829.22 1589.23 1000.84 421.844 3239.99 2572.91 667.084 1538.26 578.994 116.266 462.728 1405.75 588.392 399.708 344.246 222.925 27.6387 380.476 120.315 260.161 94.0127 77.5979 70.744 95.2081 17.0567 18.0166 381.692 39.1364 38.698 25.655
internal_count=49053 15356 9437 3840 33697 26934 6763 15982 5597 1110 4487 14530 5919 4004 3178 2036 235 3809 1191 2618 930 662 694 904 158 175 3829 386 329 218
is_linear=0
shrinkage=0.05


Tree=5
num_leaves=31
num_cat=0
split_feature=59 17 52 17 59 59 20 59 4 59 20 18 5 6 2 56 37 62 63 59 50 21 63 20 5 59 51 64 42 47
split_gain=423.951 87.3977 58.8933 52.3515 49.4841 47.7563 47.5172 56.8739 41.2929 40.7836 41.5673 36.7411 36.0893 33.0883 34.7737 30.1688 29.5767 28.2395 27.6762 26.5977 41.7213 31.5697 27.9902 27.2017 26.0387 35.7158 24.0406 34.3251 23.6107 22.7712
threshold=0.0028031250996612711 1.3873815126729545 0.60301457338084596 0.63415876652695669 -0.0025408045712124534 0.0064530211313289692 0.0038185936959270333 0.01536043669547585 9.4599999999999884 0.013164021193998532 -0.0010267223777379335 0.0024804649270438171 0.0021818948685296646 15.500000000000002 -0.0012772800252082315 0.51346522985669418 0.34834119089863763 -0.0042036993263708565 0.0067570274462147766 -0.0028455106967918303 -0.00059083606427330051 -0.004372136873590303 0.004521736718015177 -0.022206268352486711 0.0044102328169919732 0.023801984047257588 1.0000000180025095e-35 0.34308538591704357 9.8115000000000005e-05 -0.00037062689403391275
decision_type=2 2 2 2 2 2 2 2 2 2 2 2 2 2 2 2 2 2 2 2 2 2 2 2 2 2 2 2 2 2
left_child=2 3 4 -2 -1 13 7 12 -4 10 15 -6 16 14 28 -3 -7 -14 29 23 21 -21 -23 -10 25 -8 27 -20 -5 -13
right_child=1 9 8 5 11 6 24 -9 19 -11 -12 18 17 -15 -16 -17 -18 -19 26 20 -22 22 -24 -25 -26 -27 -28 -29 -30 -31
leaf_value=-0.022607695051572223 -0.0019731827146175131 0.024931108860659214 -0.018427186282033627 0.072340117858518835 -0.028962015571403855 0.066864462816237036 0.025376274485967965 0.12281763914456373 0.041994431714926908 0.083665096042409584 0.027471906780095035 -0.012906490514075206 0.11196161267918235 -0.0076758041835086332 0.011033611076464859 0.13230321367200168 0.19299033540899041 0.023606907421141174 0.16095668545295974 0.15853752720406095 0.0016045590763239877 0.03204999764730062 0.13393290718575043 -0.0049354614242517435 -0.0013159141569547158 0.12250164283020447 0.0083978528562351374 0.018720964949339721 0.017983724668768734 0.00092217587538176915
leaf_weight=1015.7263668552041 320.08038638532162 10.330942198634149 172.78019621223211 44.859084650874138 189.68225349485874 27.400341726839542 197.31893533468246 24.552201397716999 34.969077929854393 59.413326077163219 174.67120466381311 750.86524540185928 9.7435847371816617 166.73984732478857 288.37850423902273 17.837976031005383 5.5977690443396559 125.86817961931229 6.8313822746276882 6.0181365758180609 100.17577421665192 83.419163167476654 7.3339561671018592 263.87221748381853 97.330665349960327 9.9422469288110715 75.881845265626907 11.188935115933416 36.018326319754124 493.24296541512012
leaf_count=10952 3222 93 1803 423 2105 252 1811 207 339 483 1589 7868 89 1634 2816 148 52 1180 55 54 1012 811 69 2675 935 82 719 102 340 5133
internal_value=-7.37924e-05 0.0208142 -0.0105834 0.0156966 -0.0140546 0.0211677 0.0323196 0.0517189 0.00262202 0.0472328 0.0365615 -0.00836784 0.0413658 0.0108114 0.0191594 0.0929245 0.0882603 0.0299551 -0.00544832 0.00995759 0.0242232 0.0476375 0.0402834 0.000556066 0.0200172 0.0300353 0.0207266 0.0726416 0.0481328 -0.00742393
internal_weight=4828.07 1616.08 3211.99 1353.83 2543.42 1033.75 497.754 193.162 668.569 262.253 202.84 1527.69 168.61 535.996 369.256 28.1689 32.9981 135.612 1338.01 495.788 196.947 96.7713 90.7531 298.841 304.592 207.261 93.9022 18.0203 80.8774 1244.11
internal_count=49053 15356 33697 13043 26934 9821 4608 1780 6763 2313 1830 15982 1573 5213 3579 241 304 1269 13877 4960 1946 934 880 3014 2828 1893 876 157 763 13001
is_linear=0
shrinkage=0.05


Tree=6
num_leaves=31
num_cat=0
split_feature=59 38 59 56 17 63 20 59 58 0 19 59 4 59 19 58 60 59 5 4 59 19 18 58 32 20 41 41 4 63
split_gain=379.401 78.9241 77.2816 70.4819 55.3431 47.324 40.1577 35.6266 29.9323 35.7522 29.8416 30.1337 29.2071 51.2542 28.9333 26.5136 25.9507 25.4352 23.6436 22.8458 21.451 22.7635 32.8112 20.7195 20.6478 20.6023 19.9755 19.8834 24.4812 19.5688
threshold=0.0028031250996612711 0.24428074768217728 0.0078419213334092394 0.1671277373451133 1.4578562489857845 0.0069141893434967973 -0.0043769934609937892 -0.00019262481387795065 0.0024344663437551018 2.7326939708663116e-05 0.0029926323106389562 0.013164021193998532 13.760714285714309 0.013687506501497375 -0.0020812709582336592 0.0096060326684295309 0.78863573753896943 0.023801984047257588 0.0012263304663975465 7.1867857142857323 0.00393587571001895 -0.00070204898622747223 0.0044301835237878151 0.0038700253107293294 11.500000000000002 0.0030656426545584998 5.4675000000000008e-05 -5.3749999999999994e-06 9.0567857142856898 -7.9143678963278921e-05
decision_type=2 2 2 2 2 2 2 2 2 2 2 2 2 2 2 2 2 2 2 2 2 2 2 2 2 2 2 2 2 2
left_child=4 3 16 12 5 7 -5 -1 -8 -10 11 15 13 20 -9 24 29 -12 -16 -6 27 22 -22 -15 -4 -11 -13 28 -2 -3
right_child=1 2 10 6 19 -7 8 14 9 25 17 26 -14 23 18 -17 -18 -19 -20 -21 21 -23 -24 -25 -26 -27 -28 -29 -30 -31
leaf_value=-0.018634579764539121 -0.039460869762000056 -0.014670908423579255 0.042287988838052563 0.11081777034355496 -0.026881046886811796 0.013322437452807876 0.012128134788006112 0.020497426554835191 0.0092140960480096255 0.13227009345412724 0.02751966587100484 0.17021774376318999 -0.0060158571811159056 0.044575970918447436 -0.042899213610277237 0.15888328217095651 -0.0058215880138610676 0.12582440322119398 -0.0069370054209447604 0.0095302377151453097 0.12554156595640623 0.012951714473155844 -0.004198944289055863 0.16567824677079571 0.12169520274451472 0.052815273937202437 0.086995958054681299 -0.023832050928331357 0.091128030436900334 0.03135704809851371
leaf_weight=1725.3616556599736 5.9084436520934096 25.009702138602734 61.347597867250443 14.727498725056646 48.032658785581589 162.09661386907101 172.9428760483861 91.44139689207077 53.197925619781017 8.9486609771847707 67.65821298956871 12.15500018745661 420.36936209350824 6.8193009421229345 48.93976117670536 6.4356569945812216 69.509819731116295 7.2888714000582686 691.40497230738401 417.79778316617012 11.239643886685373 185.94268219172955 8.60328261554241 7.3266806602478027 9.4470846652984601 92.405818559229374 17.7252337038517 65.927547924220562 9.141767241060732 301.14069017767906
leaf_count=18818 59 243 527 118 501 1520 1624 952 474 79 571 91 4127 58 578 52 659 57 7271 4057 107 1799 85 56 79 782 136 654 90 2829
internal_value=-8.50039e-05 0.0194444 0.034321 0.0113631 -0.0101482 -0.0128761 0.03005 -0.0145368 0.0264179 0.0424079 0.0612801 0.0782133 0.0024968 0.014389 -0.00603694 0.0617173 0.0219161 0.0370802 -0.00931425 0.0057758 0.00980573 0.0183842 0.0692901 0.107299 0.0528844 0.0598304 0.12085 -0.0119943 0.0398612 0.0278276
internal_weight=4826.29 1641.22 577.718 1063.5 3185.07 2719.24 342.223 2557.15 327.495 154.552 182.058 107.111 721.279 300.909 831.786 77.2303 395.66 74.9471 740.345 465.83 286.763 205.786 19.8429 14.146 70.7947 101.354 29.8802 80.9778 15.0502 326.15
internal_count=49053 15356 5244 10112 33697 29139 3077 27619 2959 1335 1513 885 7035 2908 8801 658 3731 628 7849 4558 2794 1991 192 114 606 861 227 803 149 3072
is_linear=0
shrinkage=0.05


Tree=7
num_leaves=31
num_cat=0
split_feature=59 17 50 59 17 18 59 20 6 50 35 63 63 4 32 45 51 21 57 50 63 63 51 50 62 6 11 59 4 53
split_gain=339.679 69.9376 53.1908 57.8583 49.6824 49.5733 47.727 85.1335 32.9477 32.2617 31.8573 27.9842 27.5094 26.8827 26.6048 26.0624 24.4157 40.3309 36.4763 25.0482 23.1892 22.9335 30.2799 46.9103 28.966 24.5028 24.2834 23.8623 38.1354 22.6261
threshold=0.0028031250996612711 1.6839498999891371 -0.005004627164659139 -0.0025408045712124534 0.63415876652695669 0.0024804649270438171 0.01536043669547585 0.0071402161268290928 14.500000000000002 -0.0019688023089382226 0.11108610510498727 0.020846523110225709 0.0026429310381564661 11.959999999999956 19.500000000000004 -0.00040622375364999017 1.0000000180025095e-35 0.0017790366998714569 1.0000000180025095e-35 0.00096571336956857452 0.0074809667664330623 -7.9143678963278921e-05 1.0000000180025095e-35 -0.0015983316874489395 -0.00036343969571051363 15.500000000000002 -0.50518351566644892 0.0049647353640902307 6.4589285714285696 0.0018104898074080493
decision_type=2 2 2 2 2 2 2 2 2 2 2 2 2 2 2 2 2 2 2 2 2 2 2 2 2 2 2 2 2 2
left_child=2 4 8 12 -2 -5 11 -8 -1 10 -7 14 -4 -9 21 29 17 20 19 -19 -11 -6 23 26 -25 -26 -23 -24 -29 -13
right_child=1 -3 3 5 6 9 7 13 -10 16 -12 15 -14 -15 -16 -17 -18 18 -20 -21 -22 22 27 24 25 -27 -28 28 -30 -31
leaf_value=0.024426956204238435 -0.0024491161211530397 0.050801956234635473 -0.023108165911921469 -0.028533297711746577 -0.013810480060181469 0.0011381064589760001 0.097587129172190937 0.10480677180311604 -0.0076965909105712318 -0.004418860954228194 0.039784390895782361 0.056561112827375019 0.007320820903817634 0.0079027005276295064 0.090036845280100891 0.021386836068486861 -0.01277090304490066 0.13934989401911357 0.0046846619018450905 0.02922522267181529 0.055405629499410129 0.03001637331181832 8.7391646656931104e-05 0.13612383060380354 0.034924308686504472 -0.010671731123421851 0.12751513722154498 0.084517432018809513 0.015344940812746814 0.17450581269611262
leaf_weight=172.52421463280916 322.43551127612591 149.5765468776226 1018.6033787578344 217.98630138486624 70.928628861904144 164.95855776965618 52.307762801647186 7.8757285475730887 148.55019449442625 542.18552727997303 78.797763489186764 9.9951407760381716 80.117597326636314 78.420260421931744 11.513992607593535 21.37501984834671 672.94481264799833 12.535662218928339 24.665301613509655 8.7801283150911313 16.697108224034309 9.7452766671776789 285.05767469108105 5.4205396026372901 79.810484483838081 46.708688087761402 18.528668612241745 20.812623083591461 467.26591659337282 6.8549771010875693
leaf_count=1733 3222 1228 11274 2500 679 1701 393 57 1539 5773 769 82 810 694 102 180 6984 130 255 90 139 90 2737 48 735 451 151 191 4261 55
internal_value=-9.38994e-05 0.0181846 -0.00972469 -0.0119067 0.0149644 -0.00623325 0.0196723 0.047255 0.00956448 -0.00303844 0.0136311 0.0160452 -0.0208893 0.0167466 0.0144647 0.0580433 -0.00621834 0.00107175 0.046084 0.0939887 -0.00263155 0.0135983 0.0156812 0.0354647 0.0229402 0.018091 0.0939099 0.0115815 0.0182946 0.104543
internal_weight=4823.98 1664.63 3159.35 2838.27 1515.06 1739.55 1192.62 138.604 321.074 1521.56 243.756 1054.02 1098.72 86.296 1015.79 38.2251 1277.81 604.864 45.9811 21.3158 558.883 1004.28 933.35 160.214 131.94 126.519 28.2739 773.136 488.079 16.8501
internal_count=49053 15356 33697 30425 14128 18341 10906 1144 3272 15841 2470 9762 12084 751 9445 317 13371 6387 475 220 5912 9343 8664 1475 1234 1186 241 7189 4452 137
is_linear=0
shrinkage=0.05


Tree=8
num_leaves=31
num_cat=0
split_feature=59 38 59 56 52 59 4 5 20 4 59 58 63 63 1 59 37 38 60 5 45 9 6 17 50 3 53 60 4 4
split_gain=304.514 66.2152 65.3872 55.0568 50.7617 42.7205 36.0276 32.3753 28.1658 27.3904 35.6406 25.7435 24.5317 23.6449 25.0734 26.3715 23.2097 31.5085 25.3592 22.9354 32.8013 21.7056 21.1554 21.1479 20.8239 21.8756 20.7769 20.1699 28.0101 20.2594
threshold=0.0028031250996612711 0.24968653843311325 0.0078419213334092394 0.1671277373451133 0.60301457338084596 -0.0025408045712124534 7.1082142857142694 0.0013401111253753873 -0.0043769934609937892 13.69392857142852 0.013687506501497375 7.0666006887828365e-05 0.0067570274462147766 0.0026429310381564661 -0.011861003953306982 -0.0054183271829139797 0.21818307435276527 0.34462428464643641 0.0032048311297629673 0.0044822900927136457 -0.00050424523664872748 1.0000000180025095e-35 3.5000000000000004 3.6455268448219074 -0.0013592084278787888 0.005243642818021167 0.0050766526638145936 0.14912780305248352 18.361071428571353 21.594285714285665
decision_type=2 2 2 2 2 2 2 2 2 2 2 2 2 2 2 2 2 2 2 2 2 2 2 2 2 2 2 2 2 2
left_child=4 3 16 9 5 -1 -6 -7 -5 10 -2 -10 24 14 -8 -16 17 18 -3 -4 -21 -19 -14 -13 25 -9 -20 28 -11 -30
right_child=1 2 19 8 6 7 13 12 11 27 -12 23 22 -15 15 -17 -18 21 26 20 -22 -23 -24 -25 -26 -27 -28 -29 29 -31
leaf_value=-0.020787824152096859 0.0097779073350159687 -0.016121949136227602 0.067933091600697298 0.087807866301295528 -0.031128287155845192 -0.032066016777717872 0.027209339870014372 -0.0043796238794301841 0.00037728073837018007 -0.0049036882070905043 0.08636043367579091 0.028616226614478171 0.068917861121704546 0.043114210432415062 -0.017139558109363098 0.0080742915252565665 0.008908226865470343 0.046625855312236814 0.031522364695133975 0.093146457896467777 0.0045908179121920403 0.18050323269458377 0.0081689460452771447 0.11838669996884428 -0.010550271902148477 0.024941956670554506 0.10956218466836923 -0.0091762087210901493 0.14380931451895732 0.032901741919935786
leaf_weight=971.37693199515343 302.62529861181974 26.908026993274689 124.6378223747015 17.510899789631367 69.476864360272884 121.5174345895648 97.371857658028603 210.53860630840063 93.723622843623161 28.006259448826313 15.995375305414198 253.37082757055759 17.375615380704403 41.944134451448917 159.44701341539621 296.63787113875151 219.21744681149721 6.2404753863811475 107.02541600167751 14.35357106477022 38.516945235431194 5.8806007504463196 81.794769875705242 6.7349232211709014 976.26435705274343 91.148709610104561 9.2673367708921415 399.13151149451733 6.7311341315507915 10.604821786284445
leaf_count=10952 2898 251 953 125 771 1452 914 2230 859 272 116 2171 154 394 1672 3012 2012 56 979 109 311 52 750 50 10468 928 81 3893 65 103
internal_value=-0.00010271 0.0170293 0.0312316 0.0101181 -0.00931924 -0.0126203 0.00294401 -0.00732626 0.0259083 0.00243414 0.0136225 0.0228449 -0.00514322 0.00691988 0.00417686 -0.000740456 0.0193852 0.0341721 0.0276202 0.0562274 0.0286324 0.111577 0.0188127 0.0309407 -0.00700223 0.0044793 0.0377413 -0.00558623 0.0260151 0.0759645
internal_weight=4821.38 1686.48 552.048 1134.43 3134.89 2470.02 664.878 1498.64 371.34 763.094 318.621 353.829 1377.12 595.401 553.457 456.085 374.539 155.322 143.201 177.508 52.8705 12.1211 99.1704 260.106 1277.95 301.687 116.293 444.474 45.3422 17.336
internal_count=49053 15356 4804 10552 33697 26934 6763 15982 3205 7347 3014 3080 14530 5992 5598 4684 3431 1419 1311 1373 420 108 904 2221 13626 3158 1060 4333 440 168
is_linear=0
shrinkage=0.05


Tree=9
num_leaves=31
num_cat=0
split_feature=59 38 59 17 17 63 59 59 19 4 59 21 2 43 48 3 13 60 19 21 47 5 5 5 63 38 60 17 21 51
split_gain=273.163 57.2871 49.9025 47.3175 47.2668 41.1417 34.7507 31.9812 31.1093 31.0183 41.7324 30.6561 27.3649 26.2675 24.919 24.8927 23.8911 23.8318 23.0695 21.3702 21.8034 21.3654 20.6165 20.3086 19.3891 19.3775 19.5337 19.2887 18.19 30.0018
threshold=0.0028031250996612711 0.24428074768217728 0.007558543080844588 1.3383023553864157 1.7070933982128214 0.0069141893434967973 0.026721717344316647 -0.00019262481387795065 0.0029926323106389562 23.86642857142855 0.01536043669547585 0.0029213987082674091 -0.0014583941353821948 -1.567749999999999e-05 -0.00050578577814860656 0.0047158039420859598 0.089956916523407773 0.78863573753896943 -0.0020812709582336592 -0.0029951130639181522 -0.00050374552996779599 0.0020787497628591196 0.0011947374051131947 0.0043503795828545135 -7.9143678963278921e-05 0.37373034784165798 0.0015741243249390747 1.8206718992471593 0.0017448614677551444 1.0000000180025095e-35
decision_type=2 2 2 2 2 2 2 2 2 2 2 2 2 2 2 2 2 2 2 2 2 2 2 2 2 2 2 2 2 2
left_child=3 4 17 5 9 7 8 28 -4 10 12 23 19 -13 -6 -5 -14 24 21 20 -2 -9 -20 -12 -3 26 -26 -10 -1 -30
right_child=1 2 6 15 14 -7 -8 18 27 -11 11 13 16 -15 -16 -17 -18 -19 22 -21 -22 -23 -24 -25 25 -27 -28 -29 29 -31
leaf_value=-0.019873309421368713 0.15871657571272807 -0.019706048912130247 0.059113601823944886 -0.020859507935936491 0.087046447864936427 0.012800026519345448 0.15907167330643657 0.07962291085251344 0.010711338867102927 -0.01417344122605565 0.14596502566131006 0.10697438802079176 -0.0070735152527605337 0.014375304118379154 0.02809537703716572 0.0077451601835991334 0.012582906091758557 -0.0094557217980938968 -0.044123832908573329 0.020512496712677405 0.030179854379778936 0.0088502287089810873 -0.0062566127333246223 0.031688564328486393 -0.010654326068701961 0.089230471207722484 0.02888083066035705 0.088237768270489375 0.024641374130624491 -0.016400234176338655
leaf_weight=1355.3510120138526 5.9793050810694695 24.37947503477335 129.16227968782187 89.073364786803722 22.483051307499409 157.10268452763557 6.7646565660834304 12.532587341964243 71.105653397738934 164.85289696604013 10.65766964107752 8.9771662354469282 342.56939408183098 52.138923116028309 88.445019833743572 520.45860046893358 281.70554655790329 67.233722627162933 38.032091535627842 102.38519942015409 7.3605188056826574 71.522975139319897 654.71747046709061 6.1205291822552672 35.545128017663956 11.880641676485537 258.15508968383074 9.0435582622885686 63.49220485240221 149.08529891073704
leaf_count=15449 50 238 966 979 170 1447 44 131 569 1618 77 69 3319 436 698 5097 2600 629 490 958 64 734 7030 53 330 101 2305 62 697 1643
internal_value=-0.000109131 0.015964 0.0281962 -0.00892708 0.00910481 -0.0119706 0.0475339 -0.0136303 0.0439291 0.00561257 0.0096006 0.044412 0.00593626 0.0279769 0.0400437 0.00356504 0.00179649 0.0176764 -0.0053341 0.0282681 0.0877938 0.0194024 -0.00833553 0.104278 0.023205 0.0266284 0.0240961 0.019459 -0.0177405 -0.00414201
internal_weight=4818.31 1706.95 613.27 3111.37 1093.68 2501.84 216.076 2344.73 209.311 982.747 817.894 77.8943 740 61.1161 110.928 609.532 624.275 397.194 776.805 115.725 13.3398 84.0556 692.75 16.7782 329.96 305.581 293.7 80.1492 1567.93 212.578
internal_count=49053 15356 5244 33697 10112 27621 1641 26174 1597 9244 7626 635 6991 505 868 6076 5919 3603 8385 1072 114 865 7520 130 2974 2736 2635 631 17789 2340
is_linear=0
shrinkage=0.05


Tree=10
num_leaves=31
num_cat=0
split_feature=59 17 59 50 38 59 59 3 50 52 5 18 55 58 3 6 51 21 37 6 51 60 63 11 6 45 3 38 50 60
split_gain=245.18 53.461 46.1037 45.4123 41.0081 38.4059 35.3357 34.3605 31.7685 32.8163 29.3937 28.5547 37.8813 29.8408 27.9974 32.6881 26.5356 29.3486 32.0285 24.5573 31.2383 25.9847 23.6469 23.5059 22.364 21.72 20.9696 20.962 20.9558 21.3324
threshold=0.0028031250996612711 0.7078618490624311 0.0073979957845853586 -0.0020127726525905128 0.24554817960382277 -0.0011247267927705035 -0.0026825053483143925 0.011118248163637524 0.00057154079281940371 1.5175893068826336 0.0012562811889191624 0.0049756877711909309 1.0000000180025095e-35 0.0036304171252560533 0.0045289739363436419 14.500000000000002 1.0000000180025095e-35 0.0011334198233908883 0.088739151161839766 15.500000000000002 1.0000000180025095e-35 0.215273461149357 0.0026429310381564661 0.02155598059778013 1.5000000000000002 0.00010164999987955593 0.0045289739363436419 0.24176964578337615 0.001049125953376569 0.0048168268867082075
decision_type=2 2 2 2 2 2 2 2 2 2 2 2 2 2 2 2 2 2 2 2 2 2 2 2 2 2 2 2 2 2
left_child=3 27 8 6 11 22 7 24 9 19 -7 12 26 -14 -8 -16 17 23 -19 20 21 -3 -5 -12 25 -1 -4 -2 29 -20
right_child=1 2 4 5 -6 10 14 -9 -10 -11 16 -13 13 -15 15 -17 -18 18 28 -21 -22 -23 -24 -25 -26 -27 -28 -29 -30 -31
leaf_value=0.0094807069481641307 -0.007091947786378637 0.14465602104706229 0.051922375447466029 -0.021294104282856652 0.051513217026952829 -0.036721237895193271 -0.0019446293308656084 0.017315990094017256 0.0034966285306503261 0.098059948872760219 -0.0064495745759844949 0.011012979566766766 0.010028128193410524 0.058928228152451856 0.046414485286842902 0.0019035232951101139 -0.010422796541312082 0.14174650246882392 -0.031316473202317223 -0.0018489098519146934 0.02098236323502042 0.047867875499887316 0.0061148817574121486 0.02256033369755658 -0.015885256730666774 0.12292665912142552 0.17220146773878245 0.015229935811168487 -0.015750216721705533 0.074999798159297831
leaf_weight=37.553035423159599 307.58532638847828 9.3050938025116903 6.8042682036757451 997.74891881644726 172.0139983445406 72.17698622494936 141.46844401955605 122.20453954488039 432.90273383259773 14.592218704521654 276.6641226708889 228.22283702343702 73.294063478708267 54.320180706679821 100.49322651326656 69.96387430280447 606.40738680958748 6.8105517625808707 5.9737472012639072 81.445430651307106 150.59828966856003 27.219074577093124 85.429468177258968 93.400247737765312 426.97129563242197 4.7531374618411055 7.7521950826048851 159.82404509186745 18.472074083983898 22.449668504297733
leaf_count=411 3103 73 59 11445 1213 920 1487 1186 3918 114 2999 1979 620 411 943 682 6435 69 60 760 1366 223 856 970 4771 51 59 1458 187 225
internal_value=-0.000114289 0.0149803 0.0203434 -0.00854809 0.0313392 -0.0124458 0.000881414 -0.00629967 0.0120142 0.025036 -0.00587564 0.0219703 0.0395597 0.0308429 0.0144984 0.028145 -0.00371451 0.00588491 0.0404252 0.0210683 0.0310431 0.0725261 -0.0191324 0.000872213 -0.0124494 0.0222265 0.115978 0.000540706 0.0257105 0.0526553
internal_weight=4814.82 1725.88 1258.47 3088.94 542.408 2185.53 903.408 591.482 716.063 283.16 1102.35 370.394 142.171 127.614 311.926 170.457 1030.18 423.77 53.706 268.568 187.122 36.5242 1083.18 370.064 469.277 42.3062 14.5565 467.409 46.8955 28.4234
internal_count=49053 15356 10795 33697 4341 24166 9531 6419 6454 2536 11865 3128 1149 1031 3112 1625 10945 4510 541 2422 1662 296 12301 3969 5233 462 118 4561 472 285
is_linear=0
shrinkage=0.05


Tree=11
num_leaves=31
num_cat=0
split_feature=59 59 21 52 38 59 56 3 59 4 37 20 4 20 60 3 63 42 2 38 4 63 51 32 57 9 6 57 63 38
split_gain=220.312 49.8227 52.5178 43.1421 37.117 36.9401 32.5295 31.8103 27.8978 27.607 26.2608 30.6018 23.7226 23.2884 22.9299 22.1118 22 22.3938 21.4858 20.6539 19.8091 17.4156 19.2381 27.9473 19.3583 25.9901 18.7107 17.5037 20.5391 17.1519
threshold=0.0028031250996612711 0.014368271634923236 0.0062829571086894442 0.60301457338084596 0.25038054976311214 -0.0025408045712124534 0.16129007238060419 0.0035941387574959681 0.026721717344316647 10.754285714285729 0.088739151161839766 0.00095781620214183615 22.737142857142874 -0.0043769934609937892 1.0000000180025095e-35 0.0038032835487911143 0.0069141893434967973 5.1345000000000011e-05 -0.0014583941353821948 0.32170248423276981 24.111428571428604 -0.0028931570253594159 1.0000000180025095e-35 8.5000000000000018 1.0000000180025095e-35 1.0000000180025095e-35 11.500000000000002 1.0000000180025095e-35 0.013269512569120285 0.33790553994032896
decision_type=2 2 2 2 2 2 2 2 2 2 2 2 2 2 2 2 2 2 2 2 2 2 2 2 2 2 2 2 2 2
left_child=3 4 8 5 6 -1 12 -5 9 -3 11 -6 18 -8 -13 16 29 -18 -2 -11 -4 -12 23 24 25 -23 -27 28 -24 -7
right_child=1 2 20 7 10 15 13 -9 -10 19 21 14 -14 -15 -16 -17 17 -19 -20 -21 -22 22 27 -25 -26 26 -28 -29 -30 -31
leaf_value=-0.019085294834804346 0.024314776664459973 0.10530140701575451 0.027297250826246303 -0.020281935892674085 0.086630762298396211 -0.015079432511835356 0.072219998552730591 0.0082407787629367735 0.10102275010005793 0.029589998427200399 -0.023794119110764834 -0.031707475014833078 -0.023189980899005036 0.014878621855680278 0.04228516523689009 0.0011278024549042896 0.078279922205278032 0.0017882154141327785 -0.0016030252151094226 0.10941859952528746 -0.026264357624998232 -0.0074685540322118552 -0.012425699623645692 0.093778000982465914 0.079101752842717019 0.017145305935026858 0.12980685747112328 0.020442758606407794 0.080413551126730626 0.016932501958656417
leaf_weight=932.52927449345589 96.285187847912312 15.4269607886672 31.928802363574505 119.19191986322403 30.666075840592384 785.26858992874622 18.860205180943012 543.44086776673794 23.028533451259136 126.53910510241985 25.409762293100357 13.677521064877508 103.94363471865654 289.57803335785866 44.654297031462193 589.85520618408918 12.520433463156222 40.582035645842552 471.7430222928524 8.6569159477949125 37.579574957489967 42.602722816169262 82.506686128675938 18.662103287875652 13.40514702349901 7.9445846751332265 6.8741113767027855 227.28396628051996 6.4210393354296675 44.19864197820425
leaf_count=10952 891 97 262 1345 256 8837 121 5418 164 975 236 125 1046 2487 369 6161 112 370 4516 53 365 370 719 151 108 66 54 1877 48 502
internal_value=-0.000119489 0.0140719 0.0350673 -0.00818616 0.0106696 -0.0112986 0.0049419 0.00311022 0.0497687 0.0419325 0.0214663 0.0461939 -0.00122849 0.0183849 0.0249355 -0.00636712 -0.0113763 0.0198233 0.00279024 0.0347016 -0.00166073 0.0163616 0.0188766 0.0393436 0.0250006 0.0123706 0.0694069 0.0130844 -0.00572223 -0.0133737
internal_weight=4811.26 1743.68 243.16 3067.59 1500.52 2404.95 980.41 662.633 173.652 150.623 520.108 88.9979 671.972 308.438 58.3318 1472.42 882.57 53.1025 568.028 135.196 69.5084 431.11 405.7 89.4887 70.8266 57.4214 14.8187 316.212 88.9277 829.467
internal_count=49053 15356 1916 33697 13440 26934 9061 6763 1289 1125 4379 750 6453 2608 494 15982 9821 482 5407 1028 627 3629 3393 749 598 490 120 2644 767 9339
is_linear=0
shrinkage=0.05


Tree=12
num_leaves=31
num_cat=0
split_feature=59 17 50 59 5 59 50 4 63 6 38 63 6 58 2 35 48 3 59 18 43 19 59 38 4 59 60 38 1 55
split_gain=198.178 54.8949 46.5087 43.1442 37.1913 31.0723 32.9582 28.5211 34.901 28.4652 28.2935 27.7008 25.5697 24.4977 22.2525 22.1375 21.2417 20.9527 20.6949 31.8747 19.7914 19.6065 19.5596 18.6774 21.7131 18.6762 19.9603 19.2928 18.4111 22.61
threshold=0.0020834252699766845 0.84363135684497692 -0.005004627164659139 -0.0076965161478502438 0.0014070389704689834 0.0064530211313289692 0.0011986265920639315 21.594285714285665 0.018664359187491427 14.500000000000002 0.27497444796283327 0.0023398113539106493 15.500000000000002 0.010034567511446752 -0.0062559918384922156 0.015502117496079108 -0.0004457603150492153 0.0089022398517119641 0.01536043669547585 0.0060198907763844602 -1.6444999999999996e-05 0.003241037576440006 -0.0045375487495527131 0.22001607385078462 10.754285714285729 0.017149476301002154 0.11672838002136428 0.17874078829136572 0.00036030291330740107 1.0000000180025095e-35
decision_type=2 2 2 2 2 2 2 2 2 2 2 2 2 2 2 2 2 2 2 2 2 2 2 2 2 2 2 2 2 2
left_child=2 7 9 -4 -5 6 12 8 18 22 -7 15 14 -13 -3 -6 -10 -11 -2 -20 -12 -21 -1 -14 -25 26 -9 -27 -16 -30
right_child=1 5 3 4 11 10 -8 25 16 17 20 13 23 -15 28 -17 -18 -19 19 21 -22 -23 -24 24 -26 27 -28 -29 29 -31
leaf_value=0.013620536667542064 0.0028091077236763466 0.078301064797470163 -0.028242251415384129 -0.029503902456535405 -0.012049158829980887 0.022438631544151807 -0.0010520759773355109 0.051069803092799571 0.1119976668727347 -0.027331046314986673 0.097138861747392155 0.0075375301116142827 -0.028663073298430194 0.095942558655934776 0.013933310641375979 -1.9006350551771382e-05 0.02541227201587903 0.010940445900253221 0.1002344343513191 0.060351102479974883 0.041081686692006437 -0.035236786045416843 0.052905286569586978 0.067365159584598724 -0.005297210962909602 -0.029077479830816867 -0.026378810651564305 0.042823456013946506 0.089685915817738437 0.029116127787321901
leaf_weight=131.16162778437138 600.88620043545961 22.649357713758945 313.50363038480282 190.91252164542675 1254.2321746423841 426.23881963640451 278.533731341362 8.816468767821787 11.987001352012159 67.341638378798962 19.398677580058575 195.11397866904736 35.444464519619942 8.1642143279314023 123.63983527570963 550.14402109384537 17.315374486148357 76.262805730104446 14.171068295836447 9.1317802444100398 83.608006559312344 13.003692455589769 41.7770701572299 15.686993300914763 29.834469087421894 14.796161279082297 147.48630400747061 25.252582252025604 20.702271044254303 60.24072889238596
leaf_count=1313 5788 169 3706 2369 14289 3401 2528 87 95 759 127 1903 341 75 1111 5832 145 756 98 70 566 112 391 150 277 154 1470 227 186 558
internal_value=-0.000122814 0.0120145 -0.00861379 -0.0108897 -0.0084153 0.0193372 0.0114134 0.0025436 0.00747766 0.00944753 0.0281218 -0.00640993 0.022679 0.0110881 0.0312758 -0.00838123 0.0608326 -0.00700653 0.00502405 0.0416821 0.0516386 0.00419709 0.0231106 -0.00144789 0.0197427 -0.0142046 -0.0220102 0.0162594 0.0260696 0.0446077
internal_weight=4807.44 1978.82 2828.61 2512.07 2198.57 1115.98 586.732 862.847 666.495 316.543 529.246 2007.65 308.198 203.278 227.232 1804.38 29.3024 143.604 637.193 36.3065 103.007 22.1355 172.939 80.9659 45.5215 196.352 156.303 40.0487 204.583 80.943
internal_count=49053 17660 31393 28174 24468 9414 5320 8246 6308 3219 4094 22099 2792 1978 2024 20121 240 1515 6068 280 693 182 1704 768 427 1938 1557 381 1855 744
is_linear=0
shrinkage=0.05


Tree=13
num_leaves=31
num_cat=0
split_feature=59 59 5 50 6 51 20 59 17 4 20 41 58 54 59 3 52 5 59 52 59 60 38 18 38 17 3 58 6 47
split_gain=180.336 55.5207 50.1036 44.6154 42.432 38.4313 36.2087 35.3548 31.6457 31.3348 31.0036 34.1335 30.6051 30.0948 25.4009 26.3274 24.7036 21.8629 23.6725 20.4927 20.6662 20.3859 21.6712 19.8363 19.4549 19.3709 19.2236 18.2713 30.1752 24.3113
threshold=0.00073707421221686973 0.0064530211313289692 0.0046722884139705602 -0.0042816799465261379 15.500000000000002 1.0000000180025095e-35 0.0038185936959270333 0.011656889383407506 0.78945257836401617 8.792500000000004 0.0037347193385199044 7.8925000000000021e-05 -0.00055411857595170141 -0.0049414143004954539 -0.0045375487495527131 0.010088584804686119 0.37399284542878741 0.0014070389704689834 -0.011508317009568387 2.5948402397505359 0.01536043669547585 0.46141217894758052 0.25243291178445487 0.0021526118112089525 0.31807953485387919 1.6597346507366237 0.0058176161501644333 0.0054549741270832975 11.500000000000002 -0.00039676253102916334
decision_type=2 2 2 2 2 2 2 2 2 2 2 2 2 2 2 2 2 2 2 2 2 2 2 2 2 2 2 2 2 2
left_child=3 4 6 14 5 8 19 -8 -2 -10 17 -12 -7 -11 15 -1 24 -5 -19 20 27 25 -23 -14 -4 -9 -16 29 -29 -3
right_child=1 2 16 10 -6 12 7 21 9 13 11 -13 23 -15 26 -17 -18 18 -20 -21 -22 22 -24 -25 -26 -27 -28 28 -30 -31
leaf_value=-0.014413572274212508 0.0026585278338729086 0.043409263280619351 -0.012244437019861588 -0.034000825803594474 -0.0091816866307157345 -0.013412040310383273 0.0044315295488897071 -0.0023555093142327314 -0.0017692218569820449 0.098668315590100933 -0.017201401375084469 0.020063186844705535 -0.030321442527303157 0.037641805918587484 0.00028205021991184486 0.016532572422892997 0.028433545600717959 -0.034494005770755919 -0.011796698216162405 0.10253876535636319 0.08102637985960727 0.03791811262459862 0.10024105933705862 0.01142445443327391 0.078625424358680474 0.071509389509890151 0.047416790495887699 0.12389976494976709 0.032129954671360379 0.0074179661185878295
leaf_weight=163.8169186860323 105.33413031697273 98.64373455196619 177.88637582212687 142.14819467067719 454.32835470885038 203.35661239922047 237.15275539457798 48.923614174127579 40.762842439115047 24.258807107806206 109.87509454041719 139.43325676769018 30.053297959268093 120.80445782840252 35.540024966001511 118.40364587306976 57.011565655469894 124.47560399025679 1489.8403181135654 12.721481785178183 24.6120899990201 90.967277489602566 16.474595360457897 535.39782600104809 6.0919211357831946 10.843109458684919 55.276249095797539 13.631762742996214 26.123915009200573 89.480504043400288
leaf_count=1831 1093 810 1662 1807 4544 2000 2016 381 404 194 1184 1486 363 1105 377 1126 434 1521 16949 84 147 678 105 5081 44 70 504 106 200 747
internal_value=-0.000126025 0.00946932 0.019226 -0.00990713 0.00360249 0.0090821 0.0262624 0.0168459 0.0245528 0.0369633 -0.0128602 0.00363995 0.0032231 0.0478472 0.00597093 -0.00143034 -0.00032407 -0.0152021 -0.0135468 0.0406194 0.0374997 0.0344533 0.0474744 0.00920569 -0.00923554 0.0110453 0.0289711 0.0327986 0.0635968 0.0262902
internal_weight=4803.67 2424.86 910.565 2378.81 1514.3 1059.97 669.575 404.361 291.16 185.826 2005.77 249.308 768.808 145.063 373.037 282.221 240.99 1756.46 1614.32 265.213 252.492 167.209 107.442 565.451 183.978 59.7667 90.8163 227.88 39.7557 188.124
internal_count=49053 22268 7484 26785 14784 10240 5344 3250 2796 1703 22947 2670 7444 1299 3838 2957 2140 20277 18470 2094 2010 1234 783 5444 1706 451 881 1863 306 1557
is_linear=0
shrinkage=0.05


Tree=14
num_leaves=31
num_cat=0
split_feature=59 3 6 17 63 19 59 63 18 59 6 63 58 5 49 64 0 48 58 6 59 34 59 50 59 60 43 58 13 48
split_gain=163.114 47.9709 39.6129 34.3673 33.564 29.7097 29.0711 26.8856 26.032 25.6696 28.8028 24.0259 37.0775 22.6228 22.2393 22.0522 21.9873 22.2182 28.5513 24.7511 21.3909 19.8374 19.805 19.689 22.8882 19.1361 18.9868 18.164 20.5738 26.3892
threshold=0.0040313968575422321 0.0050119689024504975 14.500000000000002 0.73876289529852757 0.031215529652027212 -0.0069266032243441638 -0.00019262481387795065 0.0080534821483124307 0.0058613953621381183 0.0026711989739723143 9.5000000000000018 0.0026429310381564661 0.0002422040684243285 0.0011947374051131947 0.00026547989245567175 0.36330802799365475 -0.0022644072152689931 -0.00041115376905012397 3.648043103849376e-05 1.5000000000000002 0.011656889383407506 0.018507190866166721 0.010259269623879167 0.0011357463414998303 0.0072787511613084796 0.09896662627023492 9.8372500000000021e-05 -0.0065298586802106356 0.1588023466248854 -0.00043458053377410164
decision_type=2 2 2 2 2 2 2 2 2 2 2 2 2 2 2 2 2 2 2 2 2 2 2 2 2 2 2 2 2 2
left_child=1 4 7 8 6 -5 11 9 -2 14 -11 -1 15 -8 21 -13 -7 18 -18 23 22 27 -19 -20 -25 -12 -17 28 -3 -30
right_child=3 2 -4 5 -6 16 13 -9 -10 10 25 12 -14 -15 -16 26 17 20 19 -21 -22 -23 -24 24 -26 -27 -28 -29 29 -31
leaf_value=-0.018651925577866303 0.014006494453460562 0.0066459750534691667 -0.0090704319294700672 0.10017153764380907 0.098391620790318768 0.002098377780910432 -0.036649915282621501 0.044903488940598695 -0.010899891179295001 0.0035443692988773668 0.1225910951722155 0.10471169725327567 -0.012532413886261357 -0.0029102893440359993 -0.0091586594500269094 -0.022730775305528396 0.011972191041470272 0.010085702710915107 0.15326792840742248 0.034785846669276269 0.030843081400058925 0.045892893303381144 -0.034866391582613281 -0.010202521539649657 0.10702484260819754 0.042928946100224748 0.096661905384489127 0.0017646482603968423 0.034455198990720137 0.14779011351876967
leaf_weight=1042.358828060329 221.63905988633633 34.529363609850407 513.00315921753645 11.222609631717203 7.0334459468722335 171.4881296902895 52.487437888979912 48.632707171142101 199.20592080801725 38.819591164588928 10.404945142567156 12.681186921894552 67.280999891459942 929.75341163575649 232.06085257977247 10.390327922999857 142.99535475671291 246.55402633547783 7.7589852884411838 241.11856495589018 121.27829929441214 35.697519980370998 27.206635914742947 7.2440978661179569 9.7924426496028882 27.365220122039318 4.9004472270607939 298.95822161436081 18.616343677043918 7.0931319892406455
leaf_count=12559 2058 389 5556 70 61 1375 691 424 1950 332 82 127 687 9708 2501 106 1201 2086 61 1892 858 365 221 60 68 217 50 3044 183 71
internal_value=-0.00012929 -0.00606684 0.0016426 0.0141801 -0.0106528 0.0192828 -0.0110146 0.00894913 0.00221712 0.00646378 0.0337892 -0.0164554 0.00758172 -0.00471321 0.00312567 0.0559623 0.0183521 0.0218192 0.0299891 0.0396776 0.0133624 0.0103446 0.00561831 0.0872468 0.0571787 0.0648743 0.0155327 0.00681175 0.0318599 0.0657238
internal_weight=4799.57 3392.07 1265.18 1407.5 2126.89 986.659 2119.85 752.178 420.845 703.545 76.5898 1137.61 95.253 982.241 626.955 27.972 975.437 803.948 408.909 265.914 395.039 394.895 273.761 24.7955 17.0365 37.7702 15.2908 359.197 60.2388 25.7095
internal_count=49053 37153 13164 11900 23989 7892 23928 7608 4008 7184 631 13529 970 10399 6553 283 7822 6447 3282 2081 3165 4052 2307 189 128 299 156 3687 643 254
is_linear=0
shrinkage=0.05


Tree=15
num_leaves=31
num_cat=0
split_feature=59 17 50 58 51 59 50 63 21 42 59 5 59 38 63 5 59 38 63 64 4 11 2 32 19 47 42 51 62 58
split_gain=148.854 45.3713 39.331 36.4234 29.4892 39.7989 33.6992 28.7274 25.5595 24.0083 23.3873 25.8674 22.6524 21.6877 21.4908 19.9655 32.4747 34.5462 26.413 26.2383 21.9968 19.9142 19.2613 19.0312 18.854 17.8595 19.3982 17.5845 25.1723 20.6101
threshold=0.00073707421221686973 0.85379919837580831 -0.0042816799465261379 -0.0009401072710488956 1.0000000180025095e-35 0.01204919805394793 -0.001051694939742146 0.0026429310381564661 -0.0011685898125912467 2.3475000000000005e-05 -0.011508317009568387 0.0014258249216569394 -0.0045375487495527131 0.19052391962478923 0.0087120950308373964 0.0044442339258600541 0.0084725718708030719 0.25461610361023762 0.018664359187491427 0.58373118664639556 15.773928571428561 -0.58881320759071076 -0.0078538861601587968 17.500000000000004 -0.006417431089241748 0.00029691540751415049 0.00011827500000000002 1.0000000180025095e-35 0.0044646675726747942 0.0017447806545120958
decision_type=2 2 2 2 2 2 2 2 2 2 2 2 2 2 2 2 2 2 2 2 2 2 2 2 2 2 2 2 2 2
left_child=2 3 12 14 6 -6 -3 10 9 -5 -4 -12 24 -7 -2 16 18 20 25 -20 -18 -16 -8 -24 -1 -10 -27 28 29 -9
right_child=1 4 7 8 5 13 22 27 15 -11 11 -13 -14 -15 21 -17 17 -19 19 -21 -22 -23 23 -25 -26 26 -28 -29 -30 -31
leaf_value=0.0089068758740065319 -0.014397493248288575 0.059278945173128483 -0.035189436812081934 0.11358073602383159 0.0061893432055637838 0.010346449904022392 0.097477145245104424 0.069730940554634288 -0.0030367113655756072 0.025064467448758395 -0.033234780841709603 -0.010494028209980008 0.027187608230882832 0.044059181898097495 0.099554470003041254 -0.014856048350852658 0.042623032776643886 0.084524711593893964 0.1328028641345175 0.0098359127202932994 -0.011420815229017715 -0.015907300964605683 0.013652679285301448 0.1027952372183584 -0.017679926160915588 0.1129679517130735 0.016159913325632415 -0.00484642783453658 -0.013109900787895768 -0.014191791865275988
leaf_weight=173.1415785998106 353.74931988120079 69.016852498054504 120.14740366488695 8.7636343613266927 877.9672412276268 78.305705487728119 7.5717944502830496 32.63306338340044 388.37211439013481 60.854753620922565 136.15818474441767 1532.7543376758695 92.490449674427509 122.07583133876324 8.1463946104049665 112.19991764426231 39.688464753329754 25.268660016357899 7.5551831945776966 10.187826000154017 35.821901306509972 6.8954632133245459 202.09948737174273 6.1701795235276213 108.45046220719814 6.4985196441411999 25.400139942765236 113.94342678785324 24.173302695155144 9.4298003613948804
leaf_count=1720 3558 545 1526 81 7814 575 59 310 3876 586 1801 17844 881 795 66 1110 321 172 60 81 324 55 1822 52 1237 66 250 1126 245 95
internal_value=-0.000131612 0.00847862 -0.00914341 0.000871274 0.014558 0.0107783 0.0288662 -0.0119667 0.00741169 0.036207 -0.0138832 -0.0123493 0.00571892 0.0308848 -0.0119086 0.00433227 0.00832811 0.0339193 0.00244004 0.0621967 0.0169848 0.0466247 0.0191416 0.0162936 -0.00133259 -8.27693e-05 0.035882 0.00706284 0.0275499 0.0509168
internal_weight=4795.93 2452.61 2343.32 1089.4 1363.21 1078.35 284.858 1969.24 720.611 69.6184 1789.06 1668.91 374.082 200.382 368.791 650.993 538.793 100.779 438.014 17.743 75.5104 15.0419 215.841 208.27 281.592 420.271 31.8987 180.18 66.2362 42.0629
internal_count=49053 22268 26785 10606 11662 9184 2478 22947 6927 667 21171 19645 3838 1370 3679 6260 5150 817 4333 141 645 121 1933 1874 2957 4192 316 1776 650 405
is_linear=0
shrinkage=0.05


Tree=16
num_leaves=31
num_cat=0
split_feature=59 3 6 18 59 5 59 38 17 20 37 60 59 60 7 60 59 49 50 18 10 58 3 62 47 45 51 54 48 20
split_gain=135.656 42.4193 35.2486 30.4137 41.7944 27.8038 28.2199 26.7945 25.3653 22.1468 28.7281 32.2117 31.0103 27.2459 21.3271 20.2038 19.916 26.9284 20.0123 19.0776 18.8965 18.3684 18.0653 17.8059 26.8709 17.7493 17.326 17.3216 21.6434 16.958
threshold=0.0040313968575422321 0.0050119689024504975 14.500000000000002 0.0060198907763844602 0.011656889383407506 0.0012562811889191624 -0.00019262481387795065 0.1923028651760888 1.3571561894613688 0.0040488510473056152 0.060257033048325158 0.0078854182357725525 0.006596975687003675 0.013184233365370107 5.5000000000000009 0.15995285137032042 0.00089682324671317998 0.00026547989245567175 0.0011357463414998303 0.0070046545048920812 1.0000000180025095e-35 0.0024344663437551018 0.003572303262429946 0.0080577897001315874 -0.00046745119584900994 -0.00058408156829918795 1.0000000180025095e-35 0.0061698085497705864 -0.00038443554736034691 0.0029973540158312654
decision_type=2 2 2 2 2 2 2 2 2 2 2 2 2 2 2 2 2 2 2 2 2 2 2 2 2 2 2 2 2 2
left_child=1 5 16 4 9 -1 -7 -6 15 10 11 -2 -12 -14 21 27 17 -3 19 -18 -16 -15 -17 26 -25 -10 -8 28 -5 -26
right_child=3 2 -4 8 7 6 23 -9 25 -11 12 -13 13 14 20 22 18 -19 -20 -21 -22 -23 -24 24 29 -27 -28 -29 -30 -31
leaf_value=-0.03331069412222331 -0.027397363282090081 0.011714419163211857 -0.0085702920813619521 0.092559112517835773 0.01888123963909874 -0.014121118435540793 0.0060803385683606097 0.060887979178266882 0.093031933978782441 0.0035313398663415208 0.0024322045580293596 0.063152258426352886 -0.053707119246141202 0.013677833708332541 0.038086388409707926 -0.041879861684726967 0.047705807562127202 -0.011128002248203879 0.0044467243696346337 -0.0080547305058381573 0.14324851928732035 0.052399359972535142 -0.0019651880828844394 0.10542080546954354 -0.012292385073640583 0.019887024604530984 -0.0088686288086371346 -0.019370377320917495 -0.0060830399741714173 0.055289282817418572
leaf_weight=120.35220880806446 11.633493244647978 373.98610483855009 508.06087544560432 15.764505580067633 68.761092655360699 1059.0157185047865 292.25455658882856 84.752424620091915 9.2692162245511991 322.32088953256607 207.68455197662115 63.059261187911034 8.6926965415477735 71.272421516478062 8.6753397658467293 30.722756288945675 83.647117733955383 196.97880063205957 82.999856524169445 18.784187443554401 8.4154862761497498 53.705359198153019 366.72610702365637 8.9141641333699209 28.311471216380596 78.815370604395866 575.52903480827808 10.380483932793139 8.5914329662919062 13.810247190296648
leaf_count=1633 104 3820 5556 128 493 12780 3056 533 61 2768 1845 513 67 571 68 308 706 2168 751 163 68 399 3260 86 286 552 6016 90 72 132
internal_value=-0.000133647 -0.00561829 0.00161575 0.0127703 0.0182884 -0.00997783 -0.00855802 0.0420725 0.00312953 0.0134554 0.0208404 0.049049 0.0149623 0.0322234 0.0374812 -0.00185462 0.00845758 0.00383395 0.0226943 0.0374803 0.089868 0.0303172 -0.00505059 -0.00214609 0.0265555 0.0275841 -0.00383407 0.0347132 0.0577636 0.00986529
internal_weight=4791.89 3362.64 1264.46 1429.24 908.973 2098.19 1977.84 153.514 520.27 755.459 433.139 74.6928 358.446 150.761 142.069 432.185 756.396 570.965 185.431 102.431 17.0908 124.978 397.449 918.819 51.0359 88.0846 867.784 34.7364 24.3559 42.1217
internal_count=49053 37153 13164 11900 7429 23989 22356 1026 4471 6403 3635 617 3018 1173 1106 3858 7608 5988 1620 869 136 970 3568 9576 504 613 9072 290 200 418
is_linear=0
shrinkage=0.05


Tree=17
num_leaves=31
num_cat=0
split_feature=59 17 50 63 43 59 5 38 59 19 21 5 60 7 4 3 37 50 19 64 41 59 4 20 19 5 32 5 38 20
split_gain=122.373 39.7848 34.9431 33.5705 32.4682 31.4109 30.6732 26.69 28.0537 24.7011 24.3874 26.0957 23.602 22.0616 27.3073 22.0951 21.3393 21.1811 20.5189 20.3977 28.5211 19.5059 26.3299 25.1927 25.1089 20.797 19.001 23.0959 18.9465 18.8865
threshold=0.00073707421221686973 1.6839498999891371 -0.005004627164659139 0.018664359187491427 8.4512500000000015e-05 -0.0076965161478502438 0.0013183882425048552 0.24968653843311325 0.007558543080844588 0.0029313993859407602 0.0026474227120572048 0.0019925056586363329 0.80066365449793564 1.0000000180025095e-35 18.46928571428565 0.0045548255698329865 0.10337807089541508 -7.9397305833797115e-05 -0.0051057914452118441 0.57678346833252858 7.8925000000000021e-05 0.01852754674717744 22.737142857142874 0.0081969222255889092 -0.003917213541352365 0.001706638225764272 2.5000000000000004 0.0047417623176191732 0.12806182110927511 0.016147739064896954
decision_type=2 2 2 2 2 2 2 2 2 2 2 2 2 2 2 2 2 2 2 2 2 2 2 2 2 2 2 2 2 2
left_child=2 3 -1 7 29 -4 -7 21 12 -10 18 -12 13 14 15 17 -6 -9 -8 -13 -21 22 24 26 -2 -26 -23 -28 -20 -5
right_child=1 -3 5 4 16 6 10 8 9 -11 11 19 -14 -15 -16 -17 -18 -19 28 20 -22 23 -24 -25 25 -27 27 -29 -30 -31
leaf_value=0.0072529276970594555 0.054578106445972101 0.027561962267545349 -0.025955720560301172 0.067961823761273826 0.076622655614169213 -0.035361018578077753 0.012967717304636119 0.11656877557751007 0.041552585010176814 0.0043441567128353082 0.092887691608282599 -0.00073243108976330375 -0.017855164233689449 0.0076271315405453191 -0.026751083454262633 0.15263616215773168 -0.012743214570062781 -0.0022926452818889591 0.057283558535747528 -0.03625961765261048 0.079887760206293984 0.11802654121015557 -0.019159317403883065 0.0057953530208060249 -0.018948940232915837 0.0028146268052495326 0.094666093561732667 -0.036282691752624704 -0.011047775873374285 -0.01192054309192111
leaf_weight=308.42964292317629 21.752967640757561 226.42963501811028 292.88605120033026 52.659638203680515 7.99837802350521 98.216163448989391 100.07871648669243 6.3313069567084339 123.44993529468775 69.83699744194746 9.0604889169335348 159.1197657585144 87.244596511125565 463.20684103667736 8.2209006026387197 7.1108466610312453 40.526261679828167 9.1861957833170909 10.2238492667675 7.373017847537997 18.66826056689024 10.331082850694658 181.47638829052448 57.16871415823698 123.96458122134209 958.60348244011402 6.6037671864032728 6.8703746348619461 1306.1988702043891 8.6089604720473272
leaf_count=3105 170 1669 3706 379 59 1390 1082 60 798 489 95 1756 844 4383 77 61 318 90 121 73 182 78 1822 493 1285 9016 43 60 15275 74
internal_value=-0.000134941 0.00758403 -0.00841298 0.00557457 0.0325397 -0.0108267 -0.00823381 0.00419199 0.011607 0.0281087 -0.00657969 0.0100354 0.00612007 0.0103538 0.0512955 0.0796498 0.00198708 0.0462041 -0.00885784 0.00598116 0.0470032 -1.03033e-05 -0.00150927 0.023792 0.00139122 0.000322487 0.0670113 0.0278962 -0.0105171 0.0567374
internal_weight=4787.84 2477.58 2310.25 2251.15 109.793 2001.83 1708.94 2141.36 774.588 193.287 1610.72 194.222 581.301 494.056 30.8493 22.6283 48.5246 15.5175 1416.5 185.161 26.0413 1366.77 1285.8 80.9739 1104.32 1082.57 23.8052 13.4741 1316.42 61.2686
internal_count=49053 22268 26785 20599 830 23680 19974 19769 6802 1287 18584 2106 5515 4671 288 211 377 150 16478 2011 255 12967 12293 674 10471 10301 181 103 15396 453
is_linear=0
shrinkage=0.05


Tree=18
num_leaves=31
num_cat=0
split_feature=59 3 59 18 59 5 59 50 52 50 19 38 10 6 59 20 21 38 18 20 37 38 59 60 7 60 5 4 59 1
split_gain=111.973 37.2706 31.8465 26.0814 34.634 25.1239 25.3993 24.6535 25.3221 24.6119 22.8174 21.6332 20.9163 31.2789 21.0979 30.3837 20.5019 19.3502 24.0903 18.9547 24.7535 24.291 23.3515 22.7294 21.9967 18.7251 17.7211 23.8442 17.5289 17.318
threshold=0.0040313968575422321 0.0050119689024504975 -0.0026825053483143925 0.0060198907763844602 0.011656889383407506 0.0012562811889191624 -0.0024226649129499987 0.0010771422501501121 0.43334629331229751 -0.0059320650069371872 -0.0075462229117123263 0.1923028651760888 1.0000000180025095e-35 15.500000000000002 0.01536043669547585 0.0099628127311602328 -0.0021032198446334551 0.34120641443710159 0.0024186731230885473 0.0040488510473056152 0.10337807089541508 0.2803718904448797 0.006596975687003675 0.0078854182357725525 5.5000000000000009 0.013184233365370107 0.0034064537488089097 19.269642857142802 -0.011508317009568387 -0.0027051920734218375
decision_type=2 2 2 2 2 2 2 2 2 2 2 2 2 2 2 2 2 2 2 2 2 2 2 2 2 2 2 2 2 2
left_child=1 5 9 4 19 -1 -7 8 29 -3 -5 -6 -12 14 -14 -16 -10 -8 -19 20 21 23 -22 -2 25 -24 27 -15 -11 -4
right_child=3 2 7 10 11 6 17 -9 16 28 12 -13 13 26 15 -17 -18 18 -20 -21 22 -23 24 -25 -26 -27 -28 -29 -30 -31
leaf_value=-0.032046598071990562 -0.03456024409494441 0.0088283909432585479 -0.0062209395814628865 0.085472233995381855 0.017012516690227096 -0.01672506685450911 -0.0055680355565291238 -0.0035454277154774714 0.068727764305403213 -0.030112655863602324 -0.010627778610277928 0.054190211919382128 0.01602574925777751 0.0025247663449410973 0.13673863377748183 0.033226027800366341 0.023704791402229915 0.10800951546841225 0.011580045853852198 0.002941762121050137 0.00035582575545028484 0.079552078048963179 -0.059346028748833518 0.036603253340833392 0.079072711755090272 0.02462089425375338 -0.0050241685610119173 0.11219037634491121 -0.0070183815163868003 0.020098873704192822
leaf_weight=114.76021769270301 13.217521928250788 193.63267811387777 117.11167036741972 8.1657697707414609 70.066779673099518 582.41542338579893 1310.1929665505886 221.88543731719255 33.135438844561577 107.35993628948927 215.94150356948376 88.616370238363743 51.768745951354504 13.416202619671823 10.631555035710337 21.276129305362701 106.72727679461241 7.3263296559453002 55.858109273016453 324.83265023678541 188.2527235224843 27.734514266252518 7.05109729617834 74.265519037842751 17.927267529070377 113.79635941237211 194.31367562711239 7.8606592640280715 350.11746045947075 134.02259449660778
leaf_count=1633 121 1903 1130 47 493 7414 14280 2200 269 1369 1913 533 416 103 65 161 918 83 579 2768 1665 200 55 602 133 859 1704 62 4045 1330
internal_value=-0.000136368 -0.00517929 0.0015863 0.0114677 0.0165113 -0.00930943 -0.00797527 0.00976656 0.0173209 -0.00611369 0.00254649 0.0377743 0.00123216 0.00978991 0.0357364 0.0677162 0.0343714 -0.0042647 0.0227612 0.0121126 0.0188487 0.0387779 0.0118273 0.0258514 0.0273888 0.0197217 -0.000280632 0.0430403 -0.0124381 0.00782513
internal_weight=4783.68 3334.55 1263.99 1449.14 925.761 2070.55 1955.79 612.882 390.997 651.11 523.374 158.683 515.208 299.267 83.6764 31.9077 139.863 1373.38 63.1844 767.078 442.245 115.218 327.027 87.483 138.775 120.847 215.591 21.2769 457.477 251.134
internal_count=49053 37153 13164 11900 7429 23989 22356 5847 3647 7317 4471 1026 4424 2511 642 226 1187 14942 662 6403 3635 923 2712 723 1047 914 1869 165 5414 2460
is_linear=0
shrinkage=0.05


Tree=19
num_leaves=31
num_cat=0
split_feature=59 17 13 51 59 50 43 52 21 42 37 47 4 1 59 20 37 20 16 50 59 37 19 2 47 13 60 13 43 37
split_gain=101.764 34.4871 31.7245 25.051 33.9099 29.2496 24.1624 23.6739 20.5906 20.7172 24.2634 19.9031 18.7691 17.2225 15.9464 15.952 15.7573 25.6292 27.3254 15.6863 21.2313 19.346 17.1573 17.6386 17.6162 19.066 15.1872 21.0842 15.0515 15.2846
threshold=0.00073707421221686973 0.78016773264931738 0.15668349263745751 1.0000000180025095e-35 0.0051794183008830527 0.0011049270737654956 0.00034768000000000006 0.56127782769884005 0.0020888385143230377 7.8590000000000018e-05 0.61735298713104114 -0.00029408646631636848 21.594285714285665 0.0004377205829625779 0.017149476301002154 0.01380696435741856 0.3416244795778558 0.0036543654836231208 0.093976239903700909 -0.007832483076956203 -0.0039415887580663764 0.17138248527563044 0.0065768364542161889 -0.0084561229271893235 -0.00040703476612721524 0.37112866659051641 0.31196069523811559 0.036394705230935305 0.00050101000000000008 0.2050454896918075
decision_type=2 2 2 2 2 2 2 2 2 2 2 2 2 2 2 2 2 2 2 2 2 2 2 2 2 2 2 2 2 2
left_child=2 12 8 5 6 7 -5 13 28 -10 16 -6 -2 -3 26 -16 -11 -18 -19 21 -21 -4 23 -22 -24 -26 27 -14 29 -1
right_child=1 3 19 4 11 -7 -8 -9 9 10 -12 -13 14 -15 15 -17 17 18 -20 20 22 -23 24 -25 25 -27 -28 -29 -30 -31
leaf_value=-0.0088675197463074489 0.0025923227825262055 0.016769213758550765 0.1029605048947744 -0.0024473988516188379 0.020934183762210828 0.007590913799526095 0.071714315467059808 0.07309278005621142 -0.015320705943073607 0.011385902960736383 -0.02600536906204471 0.0027212708203825844 0.1001522130977458 0.054236722202261091 0.04530393179869166 -0.025763816833516074 -0.014913685580966247 0.1750980045166397 0.053130151524763462 -0.011619443934793113 0.028715738627685089 0.012392823701092369 -0.027494209495474809 -0.0023095215496359164 0.15706116398043349 0.037664959352330649 -0.029562377615327557 -0.010616251902335887 0.082590913368093197 -0.019648565784454071
leaf_weight=629.86398487538099 685.93028613179922 103.44168265536427 6.2130994796752921 570.02874742075801 485.49407652765512 161.54527617990971 11.198761522769926 36.048118889331818 87.097621843218803 50.555491335690022 25.310169361531734 217.07245130836964 5.4211403429508236 43.597914777696133 19.31192421913147 13.357490204274653 9.8479306399822217 5.8373958095908192 21.526762932538986 321.36505132913589 56.619323447346687 115.66361859440804 5.1965137422084835 239.98841795325279 5.1563961654901496 9.5109145119786245 124.48125016689301 20.699126422405243 4.004314772784709 687.6933741569519
leaf_count=7736 6663 878 54 5459 3579 1415 99 255 996 549 285 1625 54 390 172 147 112 61 229 3787 561 1084 53 2578 53 90 1324 208 51 8506
internal_value=-0.000136904 0.00683636 -0.00777092 0.0111289 0.00791572 0.0230981 -0.00101849 0.0367807 -0.0119369 0.00300731 0.0171244 0.0153069 -0.00120553 0.0278785 -0.0154198 0.0162466 0.029562 0.0542557 0.0791487 0.000573704 -0.00256688 0.0170098 0.00662565 0.00361288 0.0516126 0.0796395 -0.0222891 0.0123732 -0.0142005 -0.0144946
internal_weight=4779.08 2497.63 2281.45 1628.43 1283.79 344.633 581.228 183.088 1521.74 200.175 113.078 702.567 869.201 147.04 183.271 32.6694 87.7676 37.2121 27.3642 759.713 637.837 121.877 316.472 296.608 19.8638 14.6673 150.602 26.1203 1321.56 1317.56
internal_count=49053 22268 26785 13700 10762 2938 5558 1523 18525 2232 1236 5204 8568 1268 1905 319 951 402 290 8260 7122 1138 3335 3139 196 143 1586 262 16293 16242
is_linear=0
shrinkage=0.05


Tree=20
num_leaves=31
num_cat=0
split_feature=59 50 63 38 9 63 51 21 37 15 62 38 13 59 62 21 59 58 3 2 52 63 20 19 59 59 18 56 51 18
split_gain=93.1459 31.0601 29.8375 29.2737 23.5996 23.3915 23.072 44.7352 37.548 25.0989 23.5406 27.0029 22.9656 22.8728 21.7887 19.0532 18.5003 24.4199 23.4602 22.6306 22.1429 18.3829 21.5345 17.1462 17.148 17.096 19.23 17.0776 16.7518 17.5287
threshold=0.0028031250996612711 -0.0020127726525905128 -0.00053548332642019405 0.24428074768217728 1.0000000180025095e-35 -0.0020331343952488625 -1.0000000180025095e-35 0.0011334198233908883 0.12989453072729604 0.1507367489436732 -0.00012917611606633625 0.3656490970642054 0.084043811618820657 0.026721717344316647 -0.0012271346372815116 -0.00025115367471446594 -0.0073502114018449763 0.010034567511446752 0.010088584804686119 -0.0038274216866313561 0.47124345595540162 0.0027781398273361234 -0.022206268352486711 -0.0017631964367542975 0.0021392668890740899 -0.0026825053483143925 0.0050664936892769749 1.7356991313025716 1.0000000180025095e-35 0.0070046545048920812
decision_type=2 2 2 2 2 2 2 2 2 2 2 2 2 2 2 2 2 2 2 2 2 2 2 2 2 2 2 2 2 2
left_child=1 4 27 12 16 -3 7 10 9 -9 14 -12 -4 -5 -7 -13 18 20 -1 -19 -18 22 -6 -10 -25 -24 -27 -2 29 -22
right_child=2 5 3 13 21 6 -8 8 23 -11 11 15 -14 -15 -16 -17 17 19 -20 -21 28 -23 25 24 -26 26 -28 -29 -30 -31
leaf_value=-0.026023857767755239 -0.022623557367063347 -0.024496717180181551 -0.003186431100843109 0.017556530828320264 0.09358472301420391 0.013488725298173888 -0.013300079471549434 0.0067054975046814611 -0.055361919131670705 0.13436522865918024 -0.0088447165389583301 0.015321073323428885 0.01144759460221679 0.098807906178991489 0.10500885684746208 0.14498450345992339 -0.0067360839379534661 0.0021081436886152835 0.00554623315440117 0.1476320144577748 0.020397194151358215 0.056993141138543923 -0.0035271132671372309 0.015607406016674211 0.10426248238555778 0.0096785856927660945 0.0616557313899046 0.053695081185302668 -0.0083525435962971215 0.078146328710080454
leaf_weight=150.01732422411442 99.137891627848148 219.57219996675849 465.29088746756315 637.02193967998028 7.5914474725723258 40.888220075517893 840.93563793227077 5.6007956862449673 7.856872245669364 12.318472638726233 813.46517870947719 7.058435320854187 632.58415451645851 8.780996307730673 7.7333660311996928 4.732900992035864 254.3139803558588 5.1023915633559227 96.829123757779598 5.6077639088034612 70.589573763310909 23.893826559185982 129.37875531613827 76.136497229337692 5.8752902969717971 58.803504418581724 25.516649052500725 7.9152466952800742 38.871718302369118 16.145558014512062
leaf_count=1849 920 2719 4334 4838 68 441 9640 62 92 131 9982 81 5160 44 85 54 2850 52 935 53 714 211 1468 825 54 595 227 60 367 142
internal_value=-0.000137212 -0.00569191 0.00864125 0.0102143 0.00214546 -0.00907935 -0.00722199 -0.00201525 0.0283763 0.0944643 -0.00576388 -0.00775581 0.00524554 0.0186613 0.0280452 0.0673664 -0.00292491 0.00384616 -0.01364 0.0783034 0.00174717 0.0153284 0.0108296 0.0151988 0.0219586 0.00788983 0.0254077 -0.0169807 0.0189231 0.0311471
internal_weight=4775.57 2924.84 1850.73 1743.68 882.662 2042.17 1822.6 981.666 107.788 17.9193 873.878 825.257 1097.88 645.803 48.6216 11.7913 637.477 390.631 246.846 10.7102 379.921 245.184 221.29 89.8687 82.0118 213.699 84.3202 107.053 125.607 86.7351
internal_count=49053 33697 15356 14376 9531 24166 21447 11807 1164 193 10643 10117 9494 4882 526 135 6962 4178 2784 105 4073 2569 2358 971 879 2290 822 980 1223 856
is_linear=0
shrinkage=0.05


Tree=21
num_leaves=31
num_cat=0
split_feature=59 17 50 63 45 58 51 7 20 50 63 6 59 21 60 6 9 17 20 5 63 21 12 43 54 43 31 48 59 45
split_gain=85.6046 30.4219 28.2862 28.0399 28.2125 22.8162 27.6175 56.6107 25.0155 22.1568 21.5418 22.1728 21.136 24.3198 27.1306 19.9399 25.7138 19.9046 19.4856 18.491 21.8563 19.405 16.7489 23.9002 19.4363 16.7296 18.4091 16.46 16.3659 16.3294
threshold=0.00073707421221686973 1.6839498999891371 -0.0020127726525905128 0.018664359187491427 -0.00042942885696342224 -0.00031868469779193135 1.0000000180025095e-35 1.0000000180025095e-35 -0.0048025930121802212 -0.0039479394038385756 -0.0020331343952488625 1.0000000180025095e-35 0.0051794183008830527 0.0024454763518371738 0.19017251248281161 1.5000000000000002 1.0000000180025095e-35 0.68864593397654816 0.0020559704679789762 0.0013183882425048552 -0.0012142082766862202 -7.5833528585930767e-05 1.1983703686228224 6.2960000000000021e-05 0.0031079708964017348 -4.894999999999999e-05 0.44375034751661346 0.00044760081596560128 -0.0070109487086862064 -0.0002953646611925721
decision_type=2 2 2 2 2 2 2 2 2 2 2 2 2 2 2 2 2 2 2 2 2 2 2 2 2 2 2 2 2 2
left_child=2 3 15 5 -5 9 7 18 -9 -2 -4 -12 27 -14 22 -1 -17 -11 -7 -13 21 -21 23 -15 29 -16 -27 -8 -22 -25
right_child=1 -3 10 4 -6 6 12 8 -10 17 11 19 13 14 25 16 -18 -19 -20 20 28 -23 -24 24 -26 26 -28 -29 -30 -31
leaf_value=0.025034712421965862 0.032586010633286304 0.023314873023831017 -0.027767582083524808 0.065296153467074472 0.01170493261585147 0.06790007160468424 -0.0045242749297743409 0.069935208225121878 0.0056098263243040845 -0.017457920553700105 0.027250794150256302 -0.034669245432614369 0.021670498806009672 0.012831817864499726 0.051137323877400102 -0.0084844773605090972 0.012155264413293154 -2.3096614035115391e-05 0.16571299570687947 0.11003261754179149 -0.024155327384950839 -0.012439664214409688 -0.0016993590676140106 0.18514934832041835 0.025718390802947824 -0.010819091495693083 0.041204800873845947 0.033252384899107312 -0.0070843060552200667 0.069475440291977567
leaf_weight=74.755674447864294 40.502388678491116 235.4685441032052 174.76770265772939 35.920017383992672 77.638353869318962 17.876280106604103 535.09374665468931 17.336313158273697 117.91430941596627 235.80393131449819 40.70295711606741 72.996013540774584 283.92594558745623 19.477365359663963 12.826241940259932 489.26082530617714 218.20350944250822 535.39156532660127 7.1195128187537184 7.2636871784925461 163.07643174380064 5.8303352743387205 23.279668748378754 6.3490259125828752 7.1370820179581633 251.84662311524153 18.235906943678856 30.477573707699776 1009.5621743351221 5.8733884468674669
leaf_count=773 335 1669 2280 243 587 164 5385 124 1110 2448 439 1114 2128 161 102 5503 2314 4863 58 87 2175 68 179 51 60 2123 136 292 12032 50
internal_value=-0.000137975 0.00620467 -0.00720886 0.00443762 0.0286565 0.00316816 0.00713989 0.0266308 0.013855 -0.00346089 -0.0112867 -0.00907014 0.00452516 0.0108321 0.00191306 0.000476446 -0.00211855 -0.00535404 0.09576 -0.0102446 -0.00874101 0.0554998 0.0318353 0.0519367 0.0912797 -0.00465678 -0.00730645 -0.00248856 -0.00945834 0.129563
internal_weight=4771.91 2515.49 2256.42 2280.03 113.558 2166.47 1354.77 160.246 135.251 811.698 1474.2 1299.43 1194.52 628.951 345.025 782.22 707.464 771.195 24.9958 1258.73 1185.73 13.094 62.1165 38.8369 19.3595 282.909 270.083 565.571 1172.64 12.2224
internal_count=49053 22268 26785 20599 830 19769 12123 1456 1234 7646 18195 15915 10667 4990 2862 8590 7817 7311 222 15476 14362 155 501 322 161 2361 2259 5677 14207 101
is_linear=0
shrinkage=0.05


Tree=22
num_leaves=31
num_cat=0
split_feature=63 17 63 18 17 6 6 37 58 62 50 60 47 63 4 47 6 49 50 3 18 4 41 60 58 50 38 18 64 51
split_gain=43.517 39.2954 30.5248 26.3175 22.0565 18.0734 51.2395 22.4399 20.2379 19.2503 18.5189 22.4015 17.4968 17.379 20.4584 17.2959 16.8318 20.9799 16.3638 16.146 15.7829 15.3714 19.0791 22.4629 24.3628 23.5015 15.2252 16.289 15.1546 19.6015
threshold=-0.0023758288527050623 1.3873815126729545 0.011151575703822176 0.0022357934051377808 0.39760025733577636 16.500000000000004 11.500000000000002 0.19266760642974767 0.0096060326684295309 -0.0062071679283743136 -0.0034776699721532521 0.64280061031255598 -0.00046745119584900994 -0.00023419551229800215 17.741071428571384 -0.00043358149520008644 14.500000000000002 -0.00040771759696604689 0.0033195283339189211 0.0085419246394843884 0.0046660981446154728 22.068571428571385 -4.258999999999999e-05 0.31196069523811559 0.00055307264865484321 0.0014816502039031491 0.23403689326707544 0.0048841083260862186 0.3850003123943681 1.0000000180025095e-35
decision_type=2 2 2 2 2 2 2 2 2 2 2 2 2 2 2 2 2 2 2 2 2 2 2 2 2 2 2 2 2 2
left_child=-1 2 3 -2 -5 6 7 10 13 26 11 -6 -4 14 15 -9 17 -11 -18 -3 -13 22 23 -7 25 -25 -8 -28 29 -12
right_child=1 19 12 4 5 21 9 8 -10 16 28 20 -14 -15 -16 -17 18 -19 -20 -21 -22 -23 -24 24 -26 -27 27 -29 -30 -31
leaf_value=-0.015531886718735189 -0.025505365539190718 0.0042555396269824712 0.040137894084845444 -0.033160655845416533 0.013191654286028479 -0.034311696344455786 0.12283279109658617 -5.0137275636476105e-05 0.027553424056704079 0.038288618171315236 0.078667978479734529 0.041406710427492138 0.0087160059202880235 -0.010818304065479484 -0.045780643565322021 0.1247012971616446 -0.0049876440655918933 0.010780573622007841 0.028851505974111364 0.018380703817517618 0.1588460929427975 -0.016934727778731794 -0.0048541500223515258 -0.005016348062927653 0.12864254876253658 0.085906632275285513 0.099783573173140003 -0.011203976910506362 0.00013416471628438273 0.0028187239823684596
leaf_weight=418.79291517660022 117.15900062769651 406.5897314324975 56.673515275120735 53.644926905632019 28.697589382529259 11.478958554565905 6.9545352607965496 4.5225208029150972 37.983713805675507 110.64418159797788 14.402646310627459 6.1807813271880132 202.96824550628662 805.77702998369932 4.8191497921943656 7.2042650878429422 161.72415679320693 185.56367369741201 45.8561692237854 402.67261832207441 5.326208122074604 254.99233505129814 704.79491714015603 20.565649352967743 7.1533537879586211 10.860007330775259 5.4287379235029212 8.4539723098278028 639.24214280024171 20.846442997455597
leaf_count=4838 1656 3757 443 618 306 124 70 53 358 1111 153 70 1667 8563 51 80 1688 1829 406 3208 53 2873 7557 227 63 109 54 76 6790 202
internal_value=-0.000138405 0.00134387 -0.000928534 -0.0022348 -0.00137288 -0.000824473 0.00181917 -0.00268884 -0.00812853 0.0153529 0.00385911 0.0368252 0.0155746 -0.00977671 0.0409485 0.07659 0.013405 0.0210558 0.0024877 0.0112839 0.0957655 -0.00632103 -0.00273568 0.0270915 0.0453617 0.0264046 0.0624471 0.0321969 0.0018941 0.0338104
internal_weight=4767.97 4349.18 3539.92 3280.28 3163.12 3109.47 2099.63 1575 860.307 524.625 714.696 40.2046 259.642 822.323 16.5459 11.7268 503.788 296.208 207.58 809.262 11.507 1009.85 754.853 50.058 38.579 31.4257 20.8372 13.8827 674.491 35.2491
internal_count=49053 44215 37250 35140 33484 32866 21913 16679 9105 5234 7574 429 2110 8747 184 133 5034 2940 2094 6965 123 10953 8080 523 399 336 200 130 7145 355
is_linear=0
shrinkage=0.05


Tree=23
num_leaves=31
num_cat=0
split_feature=59 59 63 2 21 50 56 37 58 38 53 51 62 17 58 20 51 21 51 58 59 50 43 59 5 63 58 6 4 59
split_gain=77.2361 30.2669 28.973 32.3244 27.7136 23.9544 31.5154 24.893 23.7187 36.1466 23.6362 21.6794 34.8054 21.2012 21.1738 20.0046 21.2387 21.3255 19.9595 18.685 21.8338 20.0104 18.3546 17.1463 18.988 17.0673 17.5011 17.1096 16.3432 16.102
threshold=-0.00019262481387795065 0.014368271634923236 0.0026429310381564661 -0.0084561229271893235 0.0062829571086894442 -0.0013262956277468622 0.050437158929914468 0.11986598510940637 0.00014568435743675094 0.3656490970642054 0.004099553435355595 1.0000000180025095e-35 0.0070291331707324446 0.61314648330681265 0.0071357769215385841 0.003127258753455237 1.0000000180025095e-35 0.0017448614677551444 1.0000000180025095e-35 -0.019260493694202439 -0.012042605746047022 -0.012227296063644167 1.6592500000000008e-05 0.026721717344316647 0.0047417623176191732 0.013269512569120285 -0.0025758392872894287 4.5000000000000009 10.754285714285729 -0.0031609132786462406
decision_type=2 2 2 2 2 2 2 2 2 2 2 2 2 2 2 2 2 2 2 2 2 2 2 2 2 2 2 2 2 2
left_child=2 5 3 19 23 6 7 -2 9 13 18 12 -4 -7 -13 -5 17 -17 22 -1 -21 -22 -8 28 -25 27 -27 -15 -3 -19
right_child=1 4 11 15 -6 8 10 -9 -10 -11 -12 14 -14 25 -16 16 -18 29 -20 20 21 -23 -24 24 -26 26 -28 -29 -30 -31
leaf_value=0.092536157147312073 0.03231813111070457 0.068701266699541519 0.052978964058689973 -0.015963388208796631 -0.0055066937996468782 -0.023108211670585035 0.096620597093294319 -0.0031069203113444229 0.0056295318757850973 0.067918736067927976 0.090748185949354146 -0.016156090759471525 -0.029593378474524715 -0.019461289339662492 0.040939687883724679 -0.0085047532952813084 -0.012707603528323858 0.0093335568005292174 0.013034669746053804 -0.013653606044697238 0.082761460361181774 0.0077450843639975953 0.030743189252691989 0.1043999412465802 0.021388277466586367 0.10364379138312448 0.01060772790713105 -0.00018035060444921593 0.019262747839988568 0.068787788274412912
leaf_weight=5.7042465209960929 61.734883401542902 18.744921743869781 53.358158655464649 1158.1363066397607 72.988744921982288 158.32276693359017 15.341921471059321 252.08105984702706 1203.2735481224954 16.598444540053606 14.812020435929297 73.232821937650442 16.773854523897171 146.55651404708624 20.864143341779709 35.300179146230221 112.58990740776062 20.072621218860149 111.59689503908157 149.79485330730677 9.2368798702955228 236.46617808192968 34.017405197024345 15.250951670110227 12.563764639198778 7.2204895839095142 16.852637030184269 535.38105535879731 154.48108031600714 26.321992114186287
leaf_count=60 589 97 504 14806 627 1722 110 2378 10938 144 113 748 174 1427 194 418 1318 231 938 1671 81 2654 263 77 87 49 124 5220 1028 263
internal_value=-0.000138134 0.00508546 -0.00789465 -0.00977533 0.0208829 0.00340352 0.013356 0.00386201 0.00106566 -0.00516818 0.0303066 0.0121871 0.0332297 -0.00657173 -0.00349623 -0.0134727 0.00137434 0.0207818 0.0247445 0.00268821 0.00139234 0.0105652 0.0512193 0.0304637 0.066904 -0.00286342 0.0385129 -0.00432405 0.0246125 0.0430649
internal_weight=4765.67 2847.82 1917.85 1753.62 274.029 2573.79 489.584 313.816 2084.21 880.932 175.768 164.229 70.132 864.333 94.097 1352.42 194.285 81.6948 160.956 401.202 395.498 245.703 49.3593 201.041 27.8147 706.011 24.0731 681.938 173.226 46.3946
internal_count=49053 25931 23122 21502 1916 24015 4391 2967 19624 8686 1424 1620 678 8542 942 17036 2230 912 1311 4466 4406 2735 373 1289 164 6820 173 6647 1125 494
is_linear=0
shrinkage=0.05


Tree=24
num_leaves=31
num_cat=0
split_feature=59 5 36 59 51 59 4 18 60 63 37 57 18 37 38 3 63 50 19 36 52 4 32 32 4 4 59 47 21 59
split_gain=70.638 30.1424 29.9138 26.2635 26.1706 32.0004 22.7898 22.2724 23.4755 22.0353 19.7719 20.9261 20.5929 25.0249 20.2901 19.4397 17.9218 17.2285 16.8216 16.5626 16.5941 17.0611 16.6611 16.4831 24.4429 18.2648 20.099 16.4472 16.3932 19.8492
threshold=0.0040313968575422321 0.0012562811889191624 0.015732995909047236 -0.0071845546946504883 1.0000000180025095e-35 -0.0026825053483143925 9.721428571428623 0.0056087397243705719 1.0000000180025095e-35 0.01161746514628258 0.035695924589023112 1.0000000180025095e-35 0.0023477552353090869 0.34469543203823244 0.35341583485310096 0.003572303262429946 0.0067570274462147766 0.0022585556113072507 -0.0075462229117123263 0.048916905323958329 0.9680188095371608 10.829999999999979 7.5000000000000009 13.500000000000002 22.543571428571394 26.703928571428513 0.03274357926043283 -0.00039134672392347351 0.0020496844459248413 0.011656889383407506
decision_type=2 2 2 2 2 2 2 2 2 2 2 2 2 2 2 2 2 2 2 2 2 2 2 2 2 2 2 2 2 2
left_child=1 -1 3 -3 5 9 27 8 -2 -4 17 14 -13 -14 -12 -9 -5 -10 -17 -8 21 -21 -23 25 -25 26 -20 -7 29 -15
right_child=7 2 4 16 -6 6 19 15 10 -11 11 12 13 28 -16 18 -18 -19 23 20 -22 22 -24 24 -26 -27 -28 -29 -30 -31
leaf_value=-0.030120513831484133 -0.021533126143286757 -0.022582361157120243 -0.0011246108996191538 -0.0064564778732186766 -0.0065793593732299694 -0.014550588549903938 0.099074265092826477 -0.029988985612879906 0.057522518177412045 0.090145314898138956 -0.001835795411643856 0.095145472382053009 0.0064304304816676511 0.033763214340054908 0.092949295693065329 0.071776507768234618 0.01218487064491751 0.0096435216591056645 0.0053657157268835179 0.067146919907249414 0.046296149302436869 0.0020412447780482632 0.052204116110873902 -0.0009525091295005993 0.10891462723342148 -0.013747223293666861 0.087582771067945583 0.041494816312611371 0.018367720328360277 0.090829957736522027
leaf_weight=108.80593098327518 43.880561962723732 240.56949012726545 432.21669003367424 1607.7239887453616 445.71817934140563 58.517871852964163 8.3250655978918058 44.907557159662247 50.151631571352482 6.7158185467123976 216.84443084895611 8.7220163345336896 250.97108418494463 83.550914064049721 5.7969918251037589 9.0539726763963682 140.1752969622612 30.044650606811047 397.30649028718472 14.898100860416887 73.199709035456181 99.385184399783611 19.860990330576897 11.594278238713743 8.9859195947647077 145.56249520927668 7.5751801654696456 16.862508594989777 154.80388747155666 18.636417992413044
leaf_count=1653 380 3311 4850 18863 4427 629 83 452 383 55 1837 69 1887 639 41 48 1223 230 3151 147 601 956 178 86 63 1323 51 177 1161 99
internal_value=-0.000138018 -0.00424488 -0.0033551 -0.00709332 0.00296737 0.00879649 0.0216525 0.008893 0.0140968 0.00027185 0.0160046 0.0134468 0.0189686 0.0176606 0.000632157 0.00170403 -0.00496151 0.0395852 0.00415759 0.0299242 0.0271477 0.0166989 0.0103961 0.00308544 0.0470187 0.00144285 0.00690397 -0.00201329 0.0286278 0.0441708
internal_weight=4761.36 3272.97 3164.17 1988.47 1175.7 729.982 291.049 1488.39 863.403 438.933 819.522 739.326 516.684 507.962 222.641 624.986 1747.9 80.1963 580.078 215.669 207.344 134.144 119.246 571.024 20.5802 550.444 404.882 75.3804 256.991 102.187
internal_count=49053 37153 35500 23397 12103 7676 2771 11900 6726 4905 6346 5733 3855 3786 1878 5174 20086 613 4722 1965 1882 1281 1134 4674 149 4525 3202 806 1899 738
is_linear=0
shrinkage=0.05


Tree=25
num_leaves=31
num_cat=0
split_feature=59 3 4 59 20 63 45 37 50 32 63 53 58 47 58 51 38 38 17 38 37 64 20 52 64 58 59 49 20 5
split_gain=65.5712 26.5194 26.0012 38.5271 27.9169 23.3203 21.1462 21.0044 24.7237 24.3083 20.9698 20.3336 19.1036 18.717 18.3939 24.4262 20.0203 18.0059 17.6127 17.4618 15.9675 32.4349 17.9681 17.9232 16.9973 15.632 25.5814 16.3541 16.9269 16.2273
threshold=-0.00019262481387795065 0.0086489376983961402 29.064642857142776 0.014368271634923236 -0.010615571593486296 0.0026429310381564661 -0.000435932968563377 0.83308148856089304 -0.0020127726525905128 12.500000000000002 0.017011481565778867 0.003098877171075595 -3.3846911532050132e-05 -0.00032201123135515956 0.00014568435743675094 -1.0000000180025095e-35 0.3656490970642054 0.1923028651760888 1.8825688675177574 0.21723283629708881 0.12736590692710512 0.31929048148066663 0.00081769129479817486 0.76001022965410181 0.96740919141961201 0.0071357769215385841 -0.0011247267927705035 0.0012060514111425097 0.0035150433411207161 0.0020044513481838372
decision_type=2 2 2 2 2 2 2 2 2 2 2 2 2 2 2 2 2 2 2 2 2 2 2 2 2 2 2 2 2 2
left_child=1 5 3 4 6 13 -2 8 9 11 14 19 -11 -1 15 16 -10 -5 -9 -6 21 22 -7 -23 -22 27 -27 28 -15 -30
right_child=2 -3 -4 17 7 20 -8 18 10 12 -12 -13 -14 25 -16 -17 -18 -19 -20 -21 24 23 -24 -25 -26 26 -28 -29 29 -31
leaf_value=-0.015483943069255081 0.10343749134528386 0.005344695474041314 -0.015110053296026625 0.0073959181492995688 -0.0058723393022512378 0.056966480065901159 -5.0243716299103216e-05 -0.016453472060657694 0.0043026944862039427 0.012198869971624157 0.027391559585553688 0.064146498050011228 0.11433239500269557 -0.0063465592839181632 0.0060673502710859775 -0.011313149402002037 0.081965672757014579 0.036153147721898642 0.044417147331338197 0.022177984562017212 -0.0092716462406358252 -0.011594164392395353 0.17870420927510577 0.087796132647743885 0.056841494076105371 0.01357142630365043 0.14637001123092708 -0.030350325324643351 0.10303225168738515 0.015196101617628147
leaf_weight=1043.5971330367029 12.324422091245653 338.2759183421731 157.42287895828485 87.460659757256508 93.515355639159679 8.8123470060527307 8.234210364520548 178.95541352033615 337.31383382156491 7.6314459815621403 83.770090229809284 19.343237958848476 11.44462490826845 233.29494091868401 1093.3941444903612 467.59825048968196 8.5074449330568296 144.14197828620672 12.728960312902926 136.41803527995944 89.326563887298107 25.730048630386595 4.6201703548431388 5.5067259445786467 10.909030035138128 26.25394465401769 4.2075985893607131 55.314416285604239 5.9510104954242697 45.167409636080265
leaf_count=13568 83 3458 1489 634 857 91 64 1606 3382 63 603 157 88 3001 10045 4662 71 881 88 1158 891 267 42 50 99 328 47 711 60 509
internal_value=-0.000137349 -0.00734545 0.00464326 0.00579379 0.00396625 -0.0100995 0.0619882 0.0034795 0.00482793 0.0190746 0.00290732 0.0149116 0.0734735 -0.0120575 0.00183168 -0.00386188 0.00621326 0.0252935 -0.0124113 0.0107697 0.00900373 0.0338667 0.0988387 0.00592734 -0.0020763 -0.00239809 0.0319147 -0.00547472 -0.000636769 0.0254216
internal_weight=4757.17 1896.97 2860.2 2702.78 2471.18 1558.69 20.5586 2450.62 2258.94 268.353 1990.58 249.277 19.0761 1413.79 1906.81 813.42 345.821 231.603 191.684 229.933 144.905 44.6693 13.4325 31.2368 100.236 370.189 30.4615 339.728 284.413 51.1184
internal_count=49053 23122 25931 24442 22927 19664 147 22780 21086 2323 18763 2172 151 18224 18160 8115 3453 1515 1694 2015 1440 450 133 317 990 4656 375 4281 3570 569
is_linear=0
shrinkage=0.05


Tree=26
num_leaves=31
num_cat=0
split_feature=59 4 4 59 52 59 51 6 58 6 37 56 58 4 4 23 32 58 21 4 19 59 21 59 42 18 49 6 21 23
split_gain=59.9275 24.5477 23.4114 27.9346 23.2057 23.5224 22.1363 20.8479 23.1484 22.0918 26.427 23.2794 19.5857 27.3843 17.2476 17.0287 16.5376 16.0165 18.1686 18.2459 16.9523 21.7393 15.6638 16.191 14.9138 14.823 14.7774 14.8936 21.9784 21.6371
threshold=0.0020834252699766845 8.0660714285714423 29.064642857142776 0.014368271634923236 0.56127782769884005 -0.011508317009568387 1.0000000180025095e-35 16.500000000000004 -0.006046150357126045 12.500000000000002 0.78530718737698935 0.19870848201615413 0.0020259388890200027 15.193214285714314 9.9189285714285411 -0.00016303165259169583 12.500000000000002 0.0096060326684295309 0.00067708725838915571 24.971071428571417 -0.0010932373824729059 -0.0027304900919291023 0.0062829571086894442 0.026721717344316647 3.3385000000000006e-05 0.00621448617555886 -0.002341253365787934 7.5000000000000009 0.0010786959914886281 0.00040653108859623946
decision_type=2 2 2 2 2 2 2 2 2 2 2 2 2 2 2 2 2 2 2 2 2 2 2 2 2 2 2 2 2 2
left_child=1 -1 3 6 5 -3 7 8 -2 16 11 15 -8 26 -9 -11 -10 -7 -19 20 -20 -22 23 -5 -4 -23 -14 28 -28 -29
right_child=2 4 24 22 -6 17 12 14 9 10 -12 -13 13 -15 -16 -17 -18 18 19 -21 21 25 -24 -25 -26 -27 27 29 -30 -31
leaf_value=-0.015986199192554132 -0.0076261119108986643 -0.025717709654457632 0.013687425818195834 0.024696220242859779 0.0058932104009217891 -0.0051101914554775307 -0.0032293051920632867 0.045172203138871138 0.017101096409126045 0.066134714192593841 -0.01158758727804533 0.044879913571144958 -0.020612742049169557 -0.0040156659990614515 -0.0095985900410891899 0.16249975717518017 0.081513242650635268 -0.035735383254738622 -0.0058061142676815412 -0.040394179844725049 0.1441768321001814 0.007720001163934358 -0.00027591978602184761 0.067974470550065211 -0.024469901439999612 0.10507827372218637 0.0027233823365890126 0.024334548908545969 0.047847642038458316 -0.0046344409832542342
leaf_weight=436.39922642335296 44.08189058303833 138.09795139357448 34.897966288030148 156.8434722200036 549.82176152616739 1470.3667657002807 719.01046405360103 16.965739250183105 128.20685173198581 8.2647421285510081 10.327599883079527 23.798292070627213 25.034762747585773 262.49200761318207 94.084023497998714 10.294895127415655 10.804793469607828 10.219634808599947 8.8577161654829926 6.1146476715803137 7.7507384717464438 10.772713191807279 52.795282505452633 25.064569242298603 96.193650454282761 6.136665351688861 39.76296503469348 155.74112169072032 83.968612320721149 109.97176849842072
leaf_count=5695 380 1940 312 958 5526 17708 6461 151 1100 62 84 158 189 2193 871 77 78 121 92 62 88 105 421 136 916 56 340 1244 671 858
internal_value=-0.000136928 -0.00515013 0.00615045 0.00750694 -0.00300858 -0.00596 0.00532613 0.0166314 0.0250444 0.0325571 0.0601284 0.077614 0.00251737 0.00862091 -0.00123093 0.119588 0.0221076 -0.0041652 0.023707 0.0390348 0.053525 0.0748363 0.0237007 0.0306594 -0.014312 0.0430528 0.0166237 0.0190174 0.0333463 0.012345
internal_weight=4753.14 2644.54 2108.61 1977.51 2208.14 1658.32 1742.81 346.829 235.779 191.697 52.6855 42.3579 1395.98 676.971 111.05 18.5596 139.012 1520.22 49.8521 39.6325 33.5178 24.6601 234.703 181.908 131.092 16.9094 414.479 389.444 123.732 265.713
internal_count=49053 31393 17660 16432 25698 20172 14917 2961 1939 1559 381 297 11956 5495 1022 139 1178 18232 524 403 341 249 1515 1094 1228 161 3302 3113 1011 2102
is_linear=0
shrinkage=0.05


Tree=27
num_leaves=31
num_cat=0
split_feature=59 50 17 19 4 7 41 10 37 58 21 4 47 47 60 21 4 43 32 59 3 59 59 3 32 4 54 7 38 32
split_gain=55.4302 25.2977 22.7263 20.1773 22.1266 22.3473 16.4631 16.0144 28.9229 27.5576 23.2497 30.2187 23.1192 20.8629 19.8809 19.5839 17.9549 16.9987 16.8275 15.71 16.0356 15.7004 15.3235 16.2683 15.1241 14.8049 14.7387 14.6518 14.3241 14.1753
threshold=-0.00019262481387795065 -0.0034776699721532521 1.6839498999891371 -0.007871570876681562 29.064642857142776 2.5000000000000004 0.00050101000000000008 1.0000000180025095e-35 0.8591130347953545 -0.0084766731717110071 0.00089042832852515637 11.221071428571401 -0.00040072273055431659 -0.00048270183027336692 0.31559813527558095 -0.0010078303547708864 5.4789285714285425 3.3450000000000057e-06 4.5000000000000009 -0.011508317009568387 0.0033053722335520991 0.0072787511613084796 -0.0045375487495527131 0.010679674774628884 11.500000000000002 9.7892857142856311 -0.0071226916596983684 1.5000000000000002 0.23283733802135712 26.500000000000004
decision_type=2 2 2 2 2 2 2 2 2 2 2 2 2 2 2 2 2 2 2 2 2 2 2 2 2 2 2 2 2 2
left_child=1 22 3 -2 5 7 19 16 9 -9 13 12 25 15 18 17 28 -11 27 -3 -21 -15 23 -1 -6 -12 -16 -13 -5 -7
right_child=2 6 -4 4 24 29 -8 8 -10 10 11 14 -14 21 26 -17 -18 -19 -20 20 -22 -23 -24 -25 -26 -27 -28 -29 -30 -31
leaf_value=-0.010554251613743163 0.067986292828935355 -0.030494961802504023 0.018156872295951476 0.12132726147760896 -0.021447440617339122 -0.00088287524342941224 0.063337888916366533 0.11684576691048919 -0.014931296748835799 0.027622158399210894 0.072427803148759171 -0.0090378775895746007 0.028073597803986453 -0.019084622300045068 0.074287789400400622 -0.005883298117785549 0.003374052229781736 0.11020173660877371 0.10686762518205102 -0.016080602989561966 -0.0047685613477991733 0.021585248265325818 0.018520028455139018 0.012604268926187654 0.043455081711299387 0.17058232750411439 0.0071801525526005291 0.064707498507351066 0.010696819219525753 0.079934751223829176
leaf_weight=208.98449680954218 11.82115552574396 91.663413852453232 265.86421815678477 5.8339759483933431 128.8901729658246 1384.4531616829336 7.594522710889577 7.6472596898674956 59.23478115350008 14.177164077758791 7.5745389759540576 11.533984683454038 11.329991362988947 70.701728545129299 8.950553320348261 16.66863140463829 669.01078275591135 11.119498178362845 11.104622595012186 507.12415068596601 819.6405221298337 35.719339564442635 123.381064273417 119.02300121635199 9.6479745954275113 7.7954793050885201 95.277489610016346 16.189132660627365 5.8696644678711891 5.4471148774027816
leaf_count=2514 77 1374 1867 54 1302 13154 92 65 512 118 64 90 95 678 74 139 6046 91 91 6861 9989 234 1209 1083 83 61 789 135 55 57
internal_value=-0.000136024 -0.00681687 0.00423142 0.00281075 0.00251375 0.00361056 -0.0100823 0.00905768 0.0172073 0.0230507 0.0207962 0.0334334 0.0822641 0.00633899 0.0243196 0.0361948 0.0044481 0.0639212 0.0548587 -0.0104754 -0.00909232 -0.00543412 0.0034993 -0.0021508 -0.0169275 0.122211 0.012943 0.0340263 0.0658434 -0.000566145
internal_weight=4749.27 1877.41 2871.86 2606 2594.18 2455.64 1426.02 1065.74 385.024 325.789 318.142 169.756 26.7 148.386 143.056 41.9653 680.714 25.2967 38.8277 1418.43 1326.76 106.421 451.389 328.007 138.538 15.37 104.228 27.7231 11.7036 1389.9
internal_count=49053 23122 25931 24064 23987 22602 18316 9391 3236 2724 2659 1399 220 1260 1179 348 6155 209 316 18224 16850 912 4806 3597 1385 125 863 225 109 13211
is_linear=0
shrinkage=0.05


Tree=28
num_leaves=31
num_cat=0
split_feature=59 5 6 6 5 59 4 20 50 50 59 32 4 18 58 47 63 64 59 44 59 64 58 51 58 18 60 48 45 48
split_gain=51.7949 25.7372 30.4405 35.6055 25.2704 24.1462 25.6376 21.9573 21.7637 20.4336 22.1606 21.8919 19.5868 30.3143 23.5251 44.889 21.3745 18.8389 18.4775 18.2909 17.2037 16.6885 16.6099 16.3542 26.9263 19.6783 21.7173 18.9042 15.9033 15.6341
threshold=0.0064530211313289692 0.0012794593431940831 15.500000000000002 11.500000000000002 0.0046722884139705602 -0.0073502114018449763 6.5407142857142899 0.0038185936959270333 0.0011986265920639315 -0.0048206049839715397 0.00073707421221686973 17.500000000000004 13.466428571428571 0.0036160756722173047 0.002833410142289613 -0.00044510817618581062 0.0017690155006406115 0.3850003123943681 0.0028031250996612711 2.9557499999996906e-05 0.026721717344316647 0.021860684078678843 0.0012495389974072652 1.0000000180025095e-35 -0.004348608404498043 0.0056087397243705719 0.0078854182357725525 -0.00043961301192774893 -0.00051507263059762142 -0.00038246909576987687
decision_type=2 2 2 2 2 2 2 2 2 2 2 2 2 2 2 2 2 2 2 2 2 2 2 2 2 2 2 2 2 2
left_child=1 -1 3 9 7 -5 -7 23 12 -3 29 21 13 16 -15 -16 -8 -18 -14 20 -9 22 -12 24 -2 26 -25 -28 -26 -11
right_child=4 2 -4 5 -6 6 8 19 -10 10 11 -13 18 14 15 -17 17 -19 -20 -21 -22 -23 -24 25 28 -27 27 -29 -30 -31
leaf_value=-0.024819548608998911 0.0076968516318511142 0.016183013848864395 -0.0088306997806048542 -0.0099976031846252689 -0.0037837537213601413 -0.032975866296025592 0.0034840108722437898 0.0039160257952754072 0.0031666934915477543 -0.013551933531524668 0.013483900080043932 0.066171059230536317 0.005165835409263791 0.043837400985767556 0.21567217675807446 0.055557486691390025 0.14048336272937115 0.023811574879824784 0.043371779141679834 0.074965219325434082 0.053328555393042688 0.000103522497540006 0.12156474802386633 -0.044032467235257576 0.13783923458137953 -0.0044618070473402324 0.050598848439741009 0.016994584042400302 0.058025933708763959 0.00042607198795512502
leaf_weight=128.48957497254014 23.875769525766373 135.78060057759285 1135.4722471237183 111.28939619660378 249.5123013779521 25.82847036421299 64.649376302957535 416.76669094711542 164.67193934321404 638.94096122309566 9.7877801358699781 13.174487903714178 138.21391985565424 62.562356166541576 6.375186130404475 13.9689310118556 5.8006786108016959 8.5739714764058572 41.043876796960831 9.8327601626515371 18.392633102834225 747.66880883276463 5.5820688828825942 9.9435305967926961 8.1295642778277379 64.285308212041855 75.612072981894016 93.731877073645592 26.871024370193481 291.21814178302884
leaf_count=1913 190 1271 13040 1284 2140 287 718 3086 1602 8049 92 110 1390 624 56 123 52 79 311 68 96 7048 51 79 55 453 497 632 188 3469
internal_value=-0.000135059 -0.00282859 -0.00204817 0.00105082 0.0099941 0.011181 0.015614 0.0145934 0.0180949 -0.00248499 -0.00397046 0.00226707 0.0252999 0.0379045 0.0590255 0.105732 0.0157458 0.0708928 0.0139137 0.00752831 0.00600452 0.00116372 0.052737 0.0249884 0.0486368 0.0192721 0.0277821 0.0319989 0.0765641 -0.00917564
internal_weight=4746.05 3749.09 3620.6 2485.13 996.954 642.978 531.689 747.441 505.86 1842.15 1706.37 776.213 341.188 161.93 82.9065 20.3441 79.024 14.3747 179.258 444.992 435.159 763.039 15.3698 302.449 58.8764 243.573 179.287 169.344 35.0006 930.159
internal_count=49053 41569 39656 26616 7484 6526 5242 5344 4955 20090 18819 7301 3353 1652 803 179 849 131 1701 3250 3182 7191 143 2094 433 1661 1208 1129 243 11518
is_linear=0
shrinkage=0.05


Tree=29
num_leaves=31
num_cat=0
split_feature=59 5 36 51 59 59 2 63 36 63 52 58 64 15 51 21 60 45 37 63 58 18 60 3 37 37 37 4 59 11
split_gain=46.6881 25.9724 23.2592 25.0566 25.1904 21.603 21.4082 19.8262 19.7673 17.8518 17.8076 17.7755 21.7562 17.6377 17.3861 22.1861 17.5575 18.2708 17.9702 17.2869 20.8422 17.1 19.4846 17.4246 16.886 17.6807 20.9371 19.1004 16.4602 15.931
threshold=0.0040313968575422321 0.0012562811889191624 0.015732995909047236 1.0000000180025095e-35 -0.0026825053483143925 -0.0071845546946504883 -0.010196473096547686 0.0010288793193377109 0.1049148376098256 -0.011116368576625076 0.46277980374242494 0.0096060326684295309 0.82568960541193881 0.10073321164050598 1.0000000180025095e-35 0.00089042832852515637 0.89545333133587779 -0.0003290248925129279 0.0040808258143964875 0.00025164638960737453 0.0035762429932093042 0.0056087397243705719 1.0000000180025095e-35 0.003572303262429946 0.035695924589023112 0.31368862253201424 0.18588679331137958 6.9521428571427881 0.0042296563574359307 -0.89598140413837324
decision_type=2 2 2 2 2 2 2 2 2 2 2 2 2 2 2 2 2 2 2 2 2 2 2 2 2 2 2 2 2 2
left_child=1 -1 5 4 7 -3 13 -4 -8 -7 -10 14 -13 -6 15 19 18 -18 -17 -11 29 22 -2 -23 -24 26 -26 -28 -25 -21
right_child=21 2 3 -5 6 9 8 -9 10 11 -12 12 -14 -15 -16 16 17 -19 -20 20 -22 23 24 28 25 -27 27 -29 -30 -31
leaf_value=-0.028334651895601588 -0.021077073900277632 -0.020544244826401985 -0.0016413220332102232 -0.006526018886649213 0.010792527295570743 -0.030898144485612483 0.056210197060894446 0.046519941070108733 -0.0024973427703985016 -0.0046303754007547522 0.024797989797355934 0.013748480969303829 0.11373683017344385 0.08898945255811172 -0.0092172182558850606 0.105199099268421 0.15269687261498754 0.019270272339515306 0.010591762628295885 0.10271570509104631 -0.045252168269838966 -0.029475429962750516 0.034583463839230458 0.06912919081229045 0.013700668316736393 0.018454011171062986 0.05985479781823036 -0.014241364775536862 0.0020268783378693772 0.024570764606603575
leaf_weight=102.22541174665093 43.422277703881264 227.75684031844139 411.78999644517899 444.67489416152239 11.614384524524214 60.233227778226137 26.461055655032396 22.538547292351723 123.88539752364159 631.29421619698405 115.43009071797132 39.142157278954983 6.3185369148850432 19.020529001951218 811.91710989549756 5.2848150283098212 4.9707570225000381 5.3029458150267583 99.904082529246807 7.781510390341281 9.113018721342085 44.171834215521812 83.687624298036098 9.2862875387072545 208.99767587333918 384.05059359967709 9.2106357067823392 156.09730694442987 576.24940970540047 40.295243166387081
leaf_count=1653 380 3311 4698 4427 87 765 266 207 1250 7831 1016 412 48 152 9185 60 51 56 1105 74 96 452 613 76 1580 2874 73 1206 4646 403
internal_value=-0.000134833 -0.00353438 -0.00272304 0.00283224 0.008527 -0.00607282 0.0197644 0.000857903 0.0152024 -0.00415829 0.0106681 -0.00318881 0.0276458 0.0593432 -0.0040563 0.00115578 0.0214383 0.0838265 0.0153449 -0.00224572 0.0240775 0.00710539 0.0115848 0.000806656 0.0132691 0.010917 0.00318368 -0.0101129 0.00309109 0.037219
internal_weight=4742.13 3226.95 3124.73 1175.41 730.74 1949.31 296.411 434.329 265.777 1721.56 239.315 1661.32 45.4607 30.6349 1615.86 803.947 115.463 10.2737 105.189 688.484 57.1898 1515.17 885.466 629.708 842.044 758.356 374.306 165.308 585.536 48.0768
internal_count=49053 37153 35500 12103 7676 23397 2771 4905 2532 20086 2266 19321 460 239 18861 9676 1272 107 1165 8404 573 11900 6726 5174 6346 5733 2859 1279 4722 477
is_linear=0
shrinkage=0.05


Tree=30
num_leaves=31
num_cat=0
split_feature=59 2 63 52 63 10 6 58 4 17 58 21 59 48 4 6 15 58 35 45 7 32 6 47 63 58 59 21 51 2
split_gain=44.1044 22.9293 24.8772 20.9303 20.2281 25.0499 43.7486 30.5328 31.1928 28.6291 21.5926 20.8234 33.4393 26.2931 20.5995 18.1144 21.1396 26.0743 31.3823 20.6182 17.8562 23.3427 17.2904 16.5739 18.5473 18.5777 18.2096 16.2782 24.6174 17.9442
threshold=-0.00019262481387795065 -0.0084561229271893235 0.0026429310381564661 1.202394783982778 -0.00085789345120925863 1.0000000180025095e-35 15.500000000000002 -0.0081954303491995981 24.306785714285642 0.51725084600145033 0.00014568435743675094 0.0039306986236426859 0.010925312022743534 0.00049222527097624329 11.572142857142859 1.5000000000000002 0.23141336554816352 0.00031083509397594609 0.017346758926167591 -0.00041718090527638273 1.5000000000000002 2.5000000000000004 7.5000000000000009 -0.00031129170465441365 0.019353714228317064 0.0011662109842101392 1.0000000180025095e-35 0.0023023041127494133 1.0000000180025095e-35 -0.00081670327189777546
decision_type=2 2 2 2 2 2 2 2 2 2 2 2 2 2 2 2 2 2 2 2 2 2 2 2 2 2 2 2 2 2
left_child=1 -1 27 -4 -2 9 -7 8 -8 -6 -11 12 15 -14 22 20 -17 18 19 -18 21 -12 -13 24 26 -26 -9 -3 29 -29
right_child=4 2 3 -5 5 6 7 23 -10 10 11 14 13 -15 -16 16 17 -19 -20 -21 -22 -23 -24 -25 25 -27 -28 28 -30 -31
leaf_value=0.0041115782301635092 -0.011589523018083952 -0.013469206431729537 0.0044827462442007032 0.069647379385997771 -0.023439692518142954 0.023883201440003221 0.13965693104890164 0.076630774192875561 0.011183840928667957 -0.0046500295353548498 0.11924162200475426 0.069986250479413079 0.06054255824051441 -0.029561606147650878 -0.015019152313305357 -0.0048139072719851845 0.056877037434082782 0.010638926205835317 -0.016032247553058675 0.19663426493700076 0.015758846836383594 0.018830552839862166 -0.0023240376904159303 -0.011298785226228139 0.10865598711716556 0.021434640320835835 0.0018339994493028245 -0.015165241124481236 -0.010081468130190221 0.049616484618998917
leaf_weight=420.50355174019933 200.48199002444744 1129.4579680673778 126.86467178165913 13.647911190986632 111.69360095262527 400.94017773866653 8.0882036313414591 8.3060539849102479 11.361175917088984 594.13523018360138 11.130553439259531 14.235792383551596 52.199299335479736 9.5827334523200971 154.46774207800627 284.15859296545386 5.253878317773343 287.60478556156158 6.0128213241696349 5.3023970909416684 63.468822494149208 12.058574847877024 19.716839179396629 191.06687692180276 7.9439766928553572 26.372187778353691 400.2849894836545 14.857389152050017 109.44548947364092 38.105455048382282
leaf_count=4695 2024 15172 1275 116 1205 3092 74 94 110 5674 83 100 312 60 1285 2608 53 2642 57 50 542 95 150 1741 46 189 3645 171 1307 386
internal_value=-0.000134106 -0.00615406 -0.00916775 0.0108122 0.00373103 0.00487481 0.0108811 0.00290298 0.0646106 0.000992104 0.00278821 0.00756486 0.0113582 0.0465669 -0.00726826 0.00813559 0.00499199 0.0141526 0.0751434 0.127077 0.0294779 0.0670269 0.0279945 0.00100988 0.00631975 0.0416258 0.00335451 -0.0113409 0.00346024 0.0314436
internal_weight=4738.75 1852.88 1432.38 140.513 2885.87 2685.39 1054.36 653.423 19.4494 1631.02 1519.33 925.193 736.772 61.782 188.42 674.99 588.332 304.174 16.5691 10.5563 86.658 23.1891 33.9526 633.974 442.907 34.3162 408.591 1291.87 162.408 52.9628
internal_count=49053 23122 18427 1391 25931 23907 8991 5899 184 14916 13711 8037 6502 372 1535 6130 5410 2802 160 103 720 178 250 5715 3974 235 3739 17036 1864 557
is_linear=0
shrinkage=0.05


Tree=31
num_leaves=31
num_cat=0
split_feature=59 18 6 6 20 4 59 50 18 43 63 60 12 50 59 11 4 2 4 18 38 60 2 47 18 15 32 18 48 59
split_gain=40.5744 23.0538 28.9371 27.8285 21.6435 20.6205 22.6992 20.6995 19.8326 21.8613 31.4876 21.7647 18.4202 18.0917 21.7355 16.825 16.7546 26.6423 19.9359 22.3203 17.6278 16.7492 15.4885 15.1685 15.1684 17.2556 15.0423 24.5253 14.9866 14.8698
threshold=0.0064530211313289692 0.0021526118112089525 15.500000000000002 11.500000000000002 0.0038185936959270333 6.5407142857142899 -0.0073502114018449763 0.0011986265920639315 0.0056087397243705719 7.4787500000000009e-05 0.0088561638862010208 0.0078854182357725525 0.40245408651547282 -0.0034776699721532521 0.00073707421221686973 -0.91194732433206438 13.466428571428571 -0.010805440762180906 9.1889285714285709 0.0026448712893716209 0.18725736108869576 0.97149249667164506 -0.0057559795245419659 0.00029691540751415049 0.0031698618557801273 0.17026731563474093 17.500000000000004 0.0035658501883386357 -0.00043961301192774893 0.0028031250996612711
decision_type=2 2 2 2 2 2 2 2 2 2 2 2 2 2 2 2 2 2 2 2 2 2 2 2 2 2 2 2 2 2
left_child=1 -1 3 13 8 -5 23 16 11 10 12 -2 -10 -3 -15 -11 17 -8 19 -19 -20 -14 -9 -7 -22 -26 -16 -28 -13 -18
right_child=4 2 -4 5 -6 6 7 22 9 15 -12 28 21 14 26 -17 29 18 20 -21 24 -23 -24 -25 25 -27 27 -29 -30 -31
leaf_value=-0.024944923597862226 -0.043805242912972962 0.01108983305128218 -0.0085174200009952017 -0.031614187892587901 0.0029553647638366504 -0.014353217695500117 0.13421286214101857 0.050624435096039366 -0.032237292707635222 0.040445955203646827 0.11279794993393982 0.045558071143032848 0.010919154302702386 -0.0093998714660843644 0.001261730733495114 -0.02277562490375332 0.0046861933138562005 0.080059927789743135 -0.0056499179109193807 -0.0063807911990422066 0.0091559022168993098 0.072026337606754018 -0.0029127120638654923 0.054897047094722151 0.031489537817110308 0.081460481671707552 -0.024962876400357617 0.106059962873793 0.018731140087808278 0.038406435239583724
leaf_weight=111.40640224516392 10.079818069934843 230.56605600938201 1122.6223779767752 28.487151492387056 619.54243516921997 100.1793468259275 6.4425550773739806 14.815822094678877 17.748784460127354 12.382711440324782 8.7083446830511075 98.772521823644638 46.715147249400616 846.07681706920266 744.71941124275327 70.092303492128849 139.00028130412102 8.8210742846131307 15.533549919724463 48.685394011437893 16.740645162761211 14.755787692964075 153.21806417405605 8.5851815193891508 28.337728098034859 44.254954785108566 6.0612884908914557 8.6951198354363424 110.07774965465069 42.748211994767189
leaf_count=1732 83 2283 13068 323 4733 1171 55 153 174 102 48 633 330 10738 7034 539 1390 101 155 515 181 108 1467 99 265 407 56 65 734 311
internal_value=-0.00013409 -0.00254255 -0.00185208 0.00115063 0.00876087 0.00999143 0.0118806 0.0162362 0.0179991 0.00520789 0.0225526 0.0279551 0.0126322 -0.00200725 -0.00388806 -0.0132836 0.0231521 0.0344939 0.0305373 0.00687859 0.0435112 0.0255876 0.00180775 -0.00888704 0.0520595 0.0619535 0.00225225 0.0522415 0.0314185 0.0126174
internal_weight=4734.87 3726 3614.59 2491.97 1008.88 655.85 627.363 518.598 389.333 170.403 87.9281 218.93 79.2197 1836.12 1605.55 82.475 350.564 168.816 162.373 57.5065 104.867 61.4709 168.034 108.765 89.3333 72.5927 759.476 14.7564 208.85 181.748
internal_count=49053 41569 39837 26769 7484 6593 6270 5000 2751 1301 660 1450 612 20176 17893 641 3380 1679 1624 616 1008 438 1620 1270 853 672 7155 121 1367 1701
is_linear=0
shrinkage=0.05


Tree=32
num_leaves=31
num_cat=0
split_feature=59 19 4 59 20 52 59 21 51 7 62 42 16 2 41 59 38 58 58 43 47 32 58 6 21 20 3 58 37 42
split_gain=36.9768 20.9447 19.2453 26.0696 22.4202 18.735 18.1607 20.6726 21.7564 25.7495 24.4318 19.2301 21.4368 17.7457 19.4472 17.4713 17.2795 19.3504 17.1252 16.6772 16.389 15.7158 15.2622 19.6749 15.2375 15.0353 18.2947 18.4852 14.9835 14.7386
threshold=-0.00019262481387795065 -0.006417431089241748 29.064642857142776 0.014368271634923236 -0.0033330790237517693 0.52688106985140348 -0.0073502114018449763 0.0023498406356296411 1.0000000180025095e-35 1.0000000180025095e-35 0.012789229851504066 3.1370000000000006e-05 0.60764719564061553 -0.0024025798635674395 8.3425000000000008e-05 -0.015125858816423589 0.37373034784165798 0.00014568435743675094 -0.015012818790394681 0.00036143375000000007 -0.00050824286593480867 24.500000000000004 -0.010171515760915106 5.5000000000000009 0.0009962939389074419 -0.0052562943816274179 0.0030092295427884262 0.00062859520055519747 0.84990333718020838 7.9030000000000021e-05
decision_type=2 2 2 2 2 2 2 2 2 2 2 2 2 2 2 2 2 2 2 2 2 2 2 2 2 2 2 2 2 2
left_child=1 15 3 4 5 20 -3 11 9 -9 -10 12 22 -11 -15 18 17 19 -1 21 -2 -6 23 -8 -18 -14 27 -27 -19 -13
right_child=2 6 -4 -5 16 -7 7 8 10 13 -12 29 25 14 -16 -17 24 28 -20 -21 -22 -23 -24 -25 -26 26 -28 -29 -30 -31
leaf_value=0.050740075615524231 0.032433031911023001 -0.019705540835666908 -0.013864133515467503 0.020056803923882292 -0.0062404706201049966 0.042466094109409387 -0.017795207578773634 0.13791179824737596 -0.0073573573914055947 -0.029394187942368023 0.077666958762899377 -0.020377065470217018 0.12432870972262121 -0.019545118558473448 0.063322603915343278 0.015985139402945114 0.052287863607065693 0.0060647997288841207 -0.016004693738226865 0.07962153948834344 -0.00056621766237323378 0.078852411551107726 -0.0035420333200728397 0.13174577414242103 -0.018082516530819645 0.024793245156307587 -0.013027749101563752 0.17000195236214416 -0.012456149793019865 -0.0065950043168282076
leaf_weight=10.668177049607037 54.222590744495392 272.92630816996098 153.11396955698729 240.98087394982576 851.7698027305305 57.112250469624996 4.0567665770649892 5.6368296742439261 116.34485656023026 11.448504000902174 9.1106990203261358 315.75226818397641 5.0098394006490734 9.553975932300089 27.339679136872292 183.70981730520725 29.487940911203623 1243.9151663929224 96.92216070741415 5.7659726291894904 122.92462965846062 5.4609016291797152 238.67239405214787 4.8044663295149803 10.407747827470301 5.6914827488362807 11.89383628964424 3.5642049200832844 119.70981214940548 503.01366648077965
leaf_count=110 471 3877 1489 1515 8415 379 52 54 1357 131 73 4148 62 101 256 1876 248 11085 1079 48 1123 53 3109 59 80 80 150 49 1025 6499
internal_value=-0.000133139 -0.00568352 0.00338728 0.00435069 0.00283721 0.0175632 -0.00800245 -0.00549117 0.0102375 0.0367801 -0.00118281 -0.00807457 0.00339921 0.0249878 0.0418632 0.00661421 0.00131519 0.000730806 -0.00938658 -0.00512834 0.00953445 -0.0056984 -0.00114978 0.0632843 0.0339301 0.0464441 0.0279951 0.0807106 0.00443888 -0.01191
internal_weight=4730.99 1836.12 2894.87 2741.76 2500.78 234.259 1544.82 1271.89 179.435 53.979 125.456 1092.46 273.693 48.3422 36.8937 291.3 2266.52 2226.62 107.59 862.997 177.147 857.231 247.534 8.86123 39.8957 26.1594 21.1495 9.25569 1363.62 818.766
internal_count=49053 23122 25931 24442 22927 1973 20057 16180 1972 542 1430 14208 3561 488 357 3065 20954 20626 1189 8516 1594 8468 3220 111 328 341 279 129 12110 10647
is_linear=0
shrinkage=0.05


Tree=33
num_leaves=31
num_cat=0
split_feature=59 63 51 21 63 7 13 6 58 58 5 38 2 35 5 6 63 7 58 59 20 37 50 37 64 59 21 60 59 42
split_gain=34.3544 22.5524 24.0612 45.9967 24.2121 23.9743 25.2556 24.9073 21.8394 20.4688 20.0645 19.1171 19.7394 18.4796 18.1955 19.4097 17.9589 17.0086 16.9079 17.9152 16.8687 16.531 16.0626 22.2157 16.8706 16.0171 15.8904 35.5288 15.8426 20.0821
threshold=0.0064530211313289692 -0.003541880337330966 -1.0000000180025095e-35 0.00086280660164229233 0.00025164638960737453 1.0000000180025095e-35 0.011595269340961311 10.500000000000002 -0.00055411857595170141 0.0037780578126414134 0.0046722884139705602 0.3656490970642054 -0.0068106855825636053 0.019195800016025954 0.0011947374051131947 15.500000000000002 0.040157915532896903 4.5000000000000009 -6.1929850690950811e-05 -0.0011688688088310618 0.0038185936959270333 0.64043000713870268 -0.0020127726525905128 0.11754125209462664 0.92156736757288982 -0.003727005241700184 0.0017790366998714569 0.15580456328826328 0.0051794183008830527 8.6850000000000007e-06
decision_type=2 2 2 2 2 2 2 2 2 2 2 2 2 2 2 2 2 2 2 2 2 2 2 2 2 2 2 2 2 2
left_child=1 -1 3 4 11 7 -7 -5 -4 -6 20 12 13 -3 -10 22 -17 -13 19 -8 -2 26 23 -16 -25 -15 -21 -28 -24 -30
right_child=10 2 8 5 9 6 18 -9 14 -11 -12 17 -14 25 15 16 -18 -19 -20 21 -22 -23 28 24 -26 -27 27 -29 29 -31
leaf_value=-0.014938856649386257 0.020955502263158746 -0.0088422018571925314 -0.015885203980835424 0.12611908665298041 0.029946105824271235 0.087109973164399418 0.0023384246741620603 0.03344881621750076 -0.036007787733216036 -0.032864384978760847 -0.0042711359786748353 0.014090387921091943 -0.0066552499057968744 0.0073308589143525893 0.051668141620371748 -0.011223111305217928 0.086370760020597112 0.10937262315414675 -0.0011692084788557542 0.03716185404750013 0.0058595209269306442 -0.016247021821859182 -0.0032533292106343113 0.0032200886943519083 0.081204116520332756 0.036360269645461921 0.17396677233104224 0.018495001571525897 0.091552133330725038 0.011415417153822563
leaf_weight=325.23141101002693 313.07233997434378 122.39501530304551 378.15174723789096 10.842041626572607 100.8364129550755 12.215466447174547 31.851769294589758 21.890291474759579 38.897576376795769 14.885612934827803 250.44415497034788 14.503266625106336 926.49206563830376 181.34568846225739 35.732439145445824 419.4150622151792 4.7674212455749503 6.9175903908908358 95.978725269436836 19.909488528966904 452.55537504702806 7.3249830529093733 632.06350223720074 129.53958847746253 7.3274995088577262 64.388196539133787 8.3354413881897909 6.571834795176982 8.6091044843196851 85.055903851985931
leaf_count=4070 2094 1628 4101 101 963 137 367 214 631 157 2140 140 11545 1932 345 4628 36 75 989 185 3250 70 6574 1223 51 541 63 60 67 676
internal_value=-0.000132324 -0.00236247 -0.00115457 0.00317739 -6.02633e-05 0.0247462 0.0176678 0.0641443 -0.00525524 0.0218666 0.00801387 -0.00198834 -0.0027635 0.0070311 -0.00230261 -0.00131128 -0.0101262 0.0448606 0.0126772 0.0306376 0.0120324 0.0520268 0.00285108 0.0165608 0.00739515 0.0149373 0.0663907 0.105427 -0.000409492 0.0187811
internal_weight=4727.55 3711.48 3386.24 1646.68 1431.76 214.92 182.188 32.7323 1739.56 115.722 1016.07 1316.04 1294.62 368.129 1361.41 1322.51 424.182 21.4209 169.972 73.9935 765.628 42.1417 898.328 172.6 136.867 245.734 34.8168 14.9073 725.729 93.665
internal_count=49053 41569 37499 19167 16981 2186 1871 315 18332 1120 7484 15861 15646 4101 14231 13600 4664 215 1734 745 5344 378 8936 1619 1274 2473 308 123 7317 743
is_linear=0
shrinkage=0.05


Tree=34
num_leaves=31
num_cat=0
split_feature=59 3 63 51 58 63 21 2 6 7 58 62 52 6 63 58 5 16 5 5 6 17 49 48 37 14 59 5 18 21
split_gain=32.7373 18.9782 18.7309 18.5502 21.3209 26.1619 30.0723 18.0779 17.5062 17.2558 41.0224 30.2481 24.7622 16.5923 21.6166 19.3466 18.4033 16.2996 16.9767 16.0095 19.8207 18.8287 16.9348 16.6782 18.7929 22.6812 15.8252 20.2126 26.7483 19.4539
threshold=-0.00019262481387795065 0.0033053722335520991 -0.020462592634947565 -1.0000000180025095e-35 0.00014568435743675094 0.013269512569120285 0.0010514483078541898 -0.016238922622200374 4.5000000000000009 1.0000000180025095e-35 0.00077128198602683556 -0.0037173933517496058 0.13380920257803583 14.500000000000002 0.00025164638960737453 -0.006046150357126045 0.0018332406131005275 0.18237974084696904 0.0033016346177892259 0.0037617518385161543 10.500000000000002 0.69161669901682366 0.00038143701885561915 -0.00042124414850146138 0.32918359059428692 0.49098092685267208 0.01852754674717744 0.0030036974147212184 0.0050664936892769749 0.0019271989888392522
decision_type=2 2 2 2 2 2 2 2 2 2 2 2 2 2 2 2 2 2 2 2 2 2 2 2 2 2 2 2 2 2
left_child=1 -1 -2 7 5 8 -7 -4 -5 10 11 -9 -13 14 15 19 -16 -12 -19 -3 21 -21 -22 -23 -25 -26 27 28 -6 -28
right_child=2 13 3 4 26 6 -8 9 -10 -11 17 12 -14 -15 16 -17 -18 18 -20 20 22 23 -24 24 25 -27 29 -29 -30 -31
leaf_value=-0.013505838465282291 -0.039728710012158205 -0.0068891178748568069 0.090737911898546492 -0.02461448855659536 0.005256304901295643 0.095862097222001827 0.0033174871696701755 0.12317597006787609 -0.0043546041057924163 0.0064841821953201557 0.035930480874004682 -0.015310761793425049 0.053992844818656821 -0.0093683843968444501 0.094839534821845414 -0.0043240504132209491 0.017779208995713659 0.15471950717975996 0.049613904341731879 -0.03190084521876612 0.13091686011550963 0.014424530648393309 0.0064547694923835705 0.0050542461576925136 0.1893485288632607 0.038888872837111343 0.065159149187261789 -0.0043069073134640356 0.038181453293520219 0.012595237383895756
leaf_weight=515.45788160711527 25.22450103610754 41.355013266205788 6.9654616340994826 138.81789645552635 766.19763174280524 12.787781260907648 27.996211729943752 5.4523965418338767 459.76661251485348 594.04262019321322 11.869079507887365 54.741781368851662 16.858232095837593 497.52489106729627 8.5179178267717344 601.8600763566792 85.684952814131975 9.7221040129661578 6.3519634753465644 13.465126000344751 8.2668110728263837 32.382927123457193 4.0828468538820735 5.7585145607590666 5.3071861900389177 4.7434493973851204 21.194837592542171 570.72165457904339 67.086166352033615 103.85168858617544
leaf_count=7329 252 517 42 1423 6751 75 209 45 4479 5586 92 541 127 6356 83 7166 786 75 49 195 89 358 54 68 64 57 111 4839 511 724
internal_value=-0.00013195 -0.00537937 0.00316963 0.00354609 0.00125416 -0.00641303 0.0323348 0.0105855 -0.00905308 0.00978684 0.0284726 0.00965174 0.00100678 -0.00217921 0.00222883 -0.000728804 0.0247471 0.0803706 0.113185 0.0180281 0.0319519 0.0203713 0.0897692 0.0349765 0.0770744 0.118338 0.00446018 0.00294213 0.00790705 0.0215046
internal_weight=4724.06 1824.41 2899.65 2874.42 2168.42 639.369 40.784 706.004 598.585 699.038 104.996 77.0524 71.6 1308.95 811.425 717.222 94.2029 27.9431 16.0741 115.362 74.0069 61.6572 12.3497 48.1921 15.8092 10.0506 1529.05 1404.01 833.284 125.047
internal_count=49053 23122 25931 25679 19122 6186 284 6557 5902 6515 929 713 668 15793 9437 8568 869 216 124 1402 885 742 143 547 189 121 12936 12101 7262 835
is_linear=0
shrinkage=0.05


Tree=35
num_leaves=31
num_cat=0
split_feature=59 49 63 63 51 58 63 21 4 59 23 50 64 21 38 43 21 7 6 59 5 59 58 19 15 51 62 58 18 42
split_gain=29.6271 18.342 18.7466 17.3511 16.5384 19.2753 23.399 25.4261 19.1428 17.6732 18.3544 17.1424 21.7637 18.7172 20.2136 16.7827 16.4303 19.1898 16.2873 16.2449 14.7617 16.4856 19.6658 17.7769 18.8933 14.6641 26.59 15.6293 14.1041 14.0606
threshold=-0.00019262481387795065 -0.0045163270032279774 0.0026429310381564661 -0.020462592634947565 -1.0000000180025095e-35 0.00014568435743675094 0.013269512569120285 0.0010514483078541898 29.064642857142776 0.01852754674717744 0.00073691164912691621 0.0013567584694284026 0.91816842975165891 0.00086280660164229233 0.25770359676743226 9.9921250000000012e-05 0.0044559703235422946 1.0000000180025095e-35 4.5000000000000009 0.0068234327726805566 0.0014258249216569394 -0.011508317009568387 -0.019260493694202439 -0.006668044126622954 0.10073321164050598 1.0000000180025095e-35 0.0070291331707324446 0.0071357769215385841 0.0063217536688896193 5.8575000000000008e-05
decision_type=2 2 2 2 2 2 2 2 2 2 2 2 2 2 2 2 2 2 2 2 2 2 2 2 2 2 2 2 2 2
left_child=1 -1 20 -2 11 6 18 -8 9 -7 15 12 13 14 29 -11 17 -15 -6 -16 -3 22 -22 24 -23 26 -4 -27 -17 -5
right_child=3 2 25 4 5 8 7 -9 -10 10 -12 -13 -14 16 19 28 -18 -19 -20 -21 21 23 -24 -25 -26 27 -28 -29 -30 -31
leaf_value=0.013168057767317554 -0.038910965577061779 -0.029498407476094279 0.043696279343447914 0.01453197357453025 -0.023842693658627227 0.0038197645988996272 0.086897591343767108 0.0031446582956100918 -0.023519515571027941 0.1005154325770197 0.011198444491310161 0.00049104960361784876 0.085376199335543398 0.10815723055446383 0.019763972439744482 0.067770656153057468 -0.031394059622273075 0.034238105401537003 -0.0041505758160006933 0.079398502026576168 0.071720820601711602 -0.012323465974421452 -0.024651327215386341 -0.0068339067827090016 0.0326529363605619 -0.015290961153888222 -0.029084899727142052 0.033992987066552613 -0.017043690983825754 -0.010826573864554399
leaf_weight=127.21386331319809 24.485797986388206 77.401215758174658 54.142725769430399 100.22721114009619 136.21326294541359 1366.7973161414266 13.385110571980475 28.0565305352211 59.753596775233746 12.915850006043909 74.021270915865898 285.25660359114408 11.115227214992045 10.812989346683024 116.59971482306719 10.230851829051973 7.3208730742335311 46.699558041989803 458.28763210773468 12.659801527857779 5.4667999036610118 38.04944010078907 167.04584714025259 1180.6784739866853 60.438302472233772 68.275021493434906 16.335663884878159 21.045348923653364 9.4102612286806089 120.24245632812381
leaf_count=1211 252 1334 478 941 1423 11705 75 209 580 67 478 2656 87 74 1069 48 62 406 4479 71 63 378 2353 15590 639 721 171 184 58 1191
internal_value=-0.000131236 -0.0051406 -0.00651969 0.00300097 0.00335731 0.00118812 -0.00613025 0.0301958 0.00422378 0.00534892 0.0249594 0.00997554 0.0163313 0.0144801 0.00990575 0.0562463 0.0391554 0.0481357 -0.00866247 0.0256046 -0.00822265 -0.00708826 -0.0215974 -0.00513151 0.0152769 0.00977553 0.0268269 -0.00367885 0.0271352 0.000701617
internal_weight=4720.58 1816.09 1688.88 2904.49 2880.01 2169.07 635.943 41.4416 1533.13 1473.38 106.578 710.934 425.678 414.563 349.729 32.557 64.8334 57.5125 594.501 129.26 1529.08 1451.68 172.513 1279.17 98.4877 159.799 70.4784 89.3204 19.6411 220.47
internal_count=49053 23122 21911 25931 25679 19122 6186 284 12936 12356 651 6557 3901 3814 3272 173 542 480 5902 1140 20357 19023 2416 16607 1017 1554 649 905 106 2132
is_linear=0
shrinkage=0.05


Tree=36
num_leaves=31
num_cat=0
split_feature=59 18 6 6 4 58 5 6 48 37 48 50 59 21 59 59 13 50 56 20 38 4 18 1 6 63 11 3 17 43
split_gain=27.8061 19.993 23.786 34.4679 19.5324 19.1455 17.7314 17.0778 16.157 15.9071 18.3173 15.9013 16.7024 15.4185 15.1414 22.0333 14.8747 14.0591 14.0555 13.9524 14.9829 17.9739 16.5097 15.5006 15.1527 13.4104 18.3158 15.8442 14.0588 13.3848
threshold=0.0064530211313289692 0.0021526118112089525 14.500000000000002 11.500000000000002 6.4589285714285696 -0.016554484380855501 0.0046722884139705602 1.5000000000000002 -0.00063362383688507951 0.18335626804265656 -0.00042401374199335228 0.0011986265920639315 -0.0016778752644482041 -0.0051123154042317801 0.0012691053768589071 0.0013963894557926994 0.12645327055185837 -0.0036565507168569698 0.1671277373451133 0.0038185936959270333 0.24554817960382277 20.007500000000039 0.0067214475352857716 0.0049909564064806048 1.5000000000000002 0.0080534821483124307 -0.5781752108056698 0.0053564158701918958 0.6855881643834566 -6.3741249999999989e-05
decision_type=2 2 2 2 2 2 2 2 2 2 2 2 2 2 2 2 2 2 2 2 2 2 2 2 2 2 2 2 2 2
left_child=1 -1 3 7 -5 -4 8 25 -2 14 18 12 -6 16 17 -16 -12 -9 -11 -10 23 22 -22 24 -21 28 -27 -28 -3 -30
right_child=6 2 5 4 11 -7 -8 9 19 10 13 -13 -14 -15 15 -17 -18 -19 -20 20 21 -23 -24 -25 -26 26 27 -29 29 -31
leaf_value=-0.023485906346496947 0.057781076624151953 -0.024268330650862369 0.093971850732420981 -0.033277866620402524 0.0090650849833084409 -0.0074574024145267039 -0.0044062416743766231 0.022389600842696034 0.017981688098091218 -0.022497161788444135 -0.0028100533427207327 0.00082223037883609104 0.031012721987646624 -0.0034513476352002418 0.10273661605537561 0.0081483095516625935 0.073130969408603627 -0.0081667481313973337 -0.0036952206843101835 0.036648509866930197 0.019465305450187809 0.061652398725056727 -0.048363037221225334 0.011199178759777138 -0.01410118989217234 0.080230235393540295 -0.020637715735336112 0.044741892167480424 0.067771874915332306 0.0063213853309313523
leaf_weight=106.63415010273457 17.956813231110573 37.418699774891138 4.6698709540069094 21.874037899076939 162.87121864035726 1246.6009008958936 250.21256529539824 42.217909749597311 308.01013848185539 278.01518162339926 12.436894010752441 140.57365590706468 185.31422344595194 354.49844690412283 6.2912043780088416 287.8713995218277 13.391024898737667 347.45295924693346 154.71325661987066 16.014329083263874 64.033543705940247 21.723907269537449 10.433016017079352 154.71235823631287 180.35529711097479 14.251754991710184 17.718969002366066 19.426444888114929 9.2172303348779661 229.51106474548578
leaf_count=1732 117 474 56 252 1789 14611 2140 435 2032 3358 160 1372 1581 3815 66 2640 138 4478 1634 114 391 134 71 1046 1439 112 141 143 96 2486
internal_value=-0.000129553 -0.00215061 -0.00151624 0.00146455 0.0129471 -0.00707886 0.00716314 -0.00174925 0.0109069 -0.00401213 -0.00873914 0.0150158 0.0207462 -0.000733967 0.00160812 0.0101713 0.0365632 -0.0048562 -0.0157749 0.00979244 0.00415299 0.0216361 0.00996233 -0.000637092 -0.00996245 0.0085922 0.032043 0.0135548 0.00422749 0.00869397
internal_weight=4716.42 3692.97 3586.34 2335.07 510.633 1251.27 1023.45 1824.43 773.239 1496.89 813.055 488.759 348.185 380.326 683.833 294.163 25.8279 389.671 432.728 755.283 447.272 96.1905 74.4666 351.082 196.37 327.544 51.3972 37.1454 276.147 238.728
internal_count=49053 41569 39837 25170 4994 14667 7484 20176 5344 16724 9105 4742 3370 4113 7619 2706 298 4913 4992 5227 3195 596 462 2599 1553 3452 396 284 3056 2582
is_linear=0
shrinkage=0.05


Tree=37
num_leaves=31
num_cat=0
split_feature=63 59 51 20 62 50 38 58 1 59 49 20 50 32 64 42 47 5 60 54 5 47 16 64 51 60 37 6 60 60
split_gain=27.7565 23.7057 22.1908 22.2575 25.4851 22.3706 18.1255 18.0682 17.8811 16.49 15.0886 15.3251 18.2218 14.8811 14.6532 15.8397 29.2989 25.9564 17.461 14.6473 15.7745 14.4311 15.9727 14.3742 14.0187 21.5857 21.6341 14.4995 15.8377 14.2526
threshold=-0.003541880337330966 0.0028031250996612711 -1.0000000180025095e-35 0.003127258753455237 -0.00012917611606633625 0.00099111737586413855 0.25038054976311214 0.0071357769215385841 -0.0093550393879913169 -0.0029129703432650019 -0.00032813337938395625 0.0062811440326890041 0.0010199224064966878 4.5000000000000009 0.96740919141961201 2.4140000000000003e-05 -0.0003784697241717519 0.0028242052189477404 0.69093872410785095 0.0041617634022195144 0.0020044513481838372 -2.1160247612631941e-05 0.13895826186900848 0.82568960541193881 1.0000000180025095e-35 0.36455033060260239 0.57389372326070098 20.500000000000004 0.99994683678894059 0.28101316618243116
decision_type=2 2 2 2 2 2 2 2 2 2 2 2 2 2 2 2 2 2 2 2 2 2 2 2 2 2 2 2 2 2
left_child=10 2 3 4 -2 19 -3 9 -6 -4 -1 -12 -13 -9 15 16 -10 -18 -19 20 -5 -11 -23 -15 25 26 29 28 -27 -8
right_child=1 6 7 5 8 -7 24 13 14 21 11 12 -14 23 -16 -17 17 18 -20 -21 -22 22 -24 -25 -26 27 -28 -29 -30 -31
leaf_value=-0.0027687490535064901 0.026706641230178449 0.0016871112306514103 -0.025661649771280676 0.098862744072152536 0.013893249397411418 -0.00056623058757660849 0.052917751573206884 -0.0032654951531514856 0.002136494322760139 -0.0098253108576285535 -0.028403241712178031 0.089565189675602827 -0.01319297048539677 0.021383246485545522 0.080940390891592676 -0.0077177895630269238 0.15916408872769847 -0.045533992946159951 0.082153580983215138 0.08937509762900446 0.020164214012362763 0.040333774817797152 -0.0033547686167161028 0.10381575926700522 0.0084349834087938027 0.0086657377357776764 -0.018054365981567618 -0.044346565888268297 0.077612319117075196 0.12556429769407776
leaf_weight=170.37251327559352 82.734725184738636 1213.6785208210349 144.89656484499574 7.2668486461043349 155.50463247671723 62.62533738091588 32.137648850679398 82.298257529735565 203.17961275950074 685.1571743786335 166.04545487836003 6.1273804306983974 14.578902915120123 42.466946169734001 5.0251513049006453 854.75445329770446 5.5799091421067741 4.7429745607078058 6.1478117816150188 12.570621963590382 51.444844786077738 31.136332273483276 63.767670013010502 6.040672004222869 509.49366667866707 55.14877162873745 8.8564220666885358 10.462086521089075 9.811057969927786 8.5471619516611081
leaf_count=2055 830 10073 1873 62 1467 658 218 868 2594 8166 2154 59 138 463 49 11153 66 55 71 120 493 339 700 44 3622 389 65 93 66 50
internal_value=-0.000128092 0.000970695 -0.00219624 0.00181532 -0.000158412 0.0212371 0.00526723 -0.00771176 -0.00195824 -0.0101715 -0.0135289 -0.0233453 0.0172151 0.00968193 -0.00424184 -0.00464025 0.0073358 0.0714736 0.0265452 0.0403924 0.0299049 -0.00729425 0.0109787 0.0316486 0.0121158 0.027123 0.0527636 0.0102809 0.0190789 0.0681795
internal_weight=4712.6 4355.48 2507.34 1451.58 1317.67 133.908 1848.14 1055.76 1234.93 924.958 357.124 186.752 20.7063 130.806 1079.43 1074.4 219.65 16.4707 10.8908 71.2823 58.7117 780.061 94.904 48.5076 634.457 124.963 49.5412 75.4219 64.9598 40.6848
internal_count=49053 44647 30071 17618 16285 1333 14576 12453 15455 11078 4406 2351 197 1375 13988 13939 2786 192 126 675 555 9205 1039 507 4503 881 333 548 455 268
is_linear=0
shrinkage=0.05


Tree=38
num_leaves=31
num_cat=0
split_feature=63 59 51 21 62 37 35 58 20 0 12 43 37 59 47 60 2 4 43 15 57 50 45 21 47 60 12 64 32 6
split_gain=25.3702 21.5747 19.9471 25.6155 20.2379 18.3788 16.9792 16.7797 16.3371 17.2059 16.4393 17.5294 17.4845 15.8873 14.5437 13.4797 21.2782 16.2259 16.0121 15.1186 17.044 13.447 13.387 20.1757 13.1821 13.0825 16.0398 13.5938 13.0125 14.7629
threshold=-0.0023758288527050623 0.0028031250996612711 -1.0000000180025095e-35 0.00086280660164229233 -0.00012917611606633625 0.0040808258143964875 0.009770423513525495 0.0013331726398154839 -0.00072652958437446869 -0.0023620661471579871 0.5298758281952699 6.2281250000000013e-05 0.14732532209907481 0.0032529373544905745 -0.00037235951784482735 0.51640070969667329 -0.00059236829198985712 10.754285714285729 8.6080000000000003e-05 0.24232924072514075 1.0000000180025095e-35 -0.0020127726525905128 -0.00040761084212279948 0.0016014781321415119 -0.00018729074575908529 0.57955404810129596 0.19446650859781758 0.76996669038972132 12.500000000000002 12.500000000000002
decision_type=2 2 2 2 2 2 2 2 2 2 2 2 2 2 2 2 2 2 2 2 2 2 2 2 2 2 2 2 2 2
left_child=21 2 3 4 -2 -5 -6 -4 10 -10 11 12 -3 -12 25 16 -7 -17 -18 -20 -21 -1 23 -19 -11 26 -9 -27 -26 -30
right_child=1 8 7 5 6 15 -8 14 9 24 13 -13 -14 -15 -16 17 18 22 19 20 -22 -23 -24 -25 28 27 -28 -29 29 -31
leaf_value=0.0011153386234095137 0.024647285550308717 0.093957736923766286 -0.014631681392384722 0.10282829544585954 -0.0076421247067510016 -0.024915022292656804 0.0045500931347972218 0.089396457541783339 -0.011945815530500795 0.0071435183327241032 0.065441672872107268 -0.024054648739926663 0.0072321246905437805 0.019256516733547259 0.0058230658144513663 0.09045489634982172 -0.0084544911121612106 -1.5877062929143203e-05 0.010982526825700912 0.1148002474677788 0.029748531502705178 -0.018765385309408775 0.0096974535021845214 0.12125500257513139 -0.0087072128005322418 -0.00054393496273889559 -0.019580044231704712 0.068434834828878799 0.090445830386468695 -0.0059569903074033134
leaf_weight=125.54997299984097 73.043674442917109 6.7913131639361373 449.22319954633713 6.2805406190454951 674.51290010660887 38.463864393532276 495.19985366985202 3.4392693713307372 170.4866711422801 1141.4071939960122 20.824445009231567 44.384900376200676 40.28722370415926 175.91584222018719 303.4756444953382 10.571255527436731 29.954528141766787 6.295403588563202 25.414656136184931 10.32889698818326 13.707623474299908 263.70284842699766 44.278268523514271 7.5343804880976677 228.36879442632198 91.051306545734406 185.15885840728879 7.7505095973610869 7.2883106172084835 8.7259038090705854
leaf_count=1443 701 52 5578 66 9289 431 5438 42 1352 8998 146 417 369 1185 3347 89 308 74 240 89 126 3395 460 72 1859 1093 2215 65 55 59
internal_value=-0.000127092 0.000974483 -0.00207539 0.0017448 -0.000886077 0.0187004 -0.00248053 -0.00734816 0.00506806 0.00304305 0.0160029 -0.00151104 0.0197427 0.0241451 -0.00181074 0.0158681 0.00560858 0.0334757 0.0203941 0.0378688 0.0662967 -0.012353 0.0231098 0.0660517 0.00488705 -0.00987154 -0.0175928 0.00486711 -0.00565194 0.0379174
internal_weight=4709.42 4320.17 2475.68 1435.59 1242.76 192.829 1169.71 1040.1 1844.48 1556.28 288.204 91.4634 47.0785 196.74 590.876 186.549 117.87 68.6793 79.4057 49.4512 24.0365 389.253 58.1081 13.8298 1385.79 287.4 188.598 98.8018 244.383 16.0142
internal_count=49053 44215 29723 17383 15428 1955 14727 12340 14492 12323 2169 838 421 1331 6762 1889 1194 695 763 455 215 4838 606 146 10971 3415 2257 1158 1973 114
is_linear=0
shrinkage=0.05


Tree=39
num_leaves=31
num_cat=0
split_feature=63 18 6 7 48 19 4 4 50 56 21 64 4 58 13 2 5 37 64 62 21 12 18 11 21 6 52 52 50 20
split_gain=23.2403 20.2399 18.4704 18.824 19.7149 28.7814 17.7987 24.2385 19.4505 17.3038 17.3407 16.3337 16.1159 16.1089 17.0904 21.5786 16.83 15.1519 14.1372 20.4325 15.1234 13.5517 17.1071 16.6737 16.5472 13.3879 12.5162 12.4269 12.9973 13.1231
threshold=-0.003541880337330966 0.0018598777785719558 1.5000000000000002 4.5000000000000009 -0.00016665475436206397 0.0010906325715133696 20.007500000000039 18.14642857142854 -0.00031205708263418722 0.046764622723888032 -0.017515962265733289 0.49987885640445667 35.648214285714218 0.0096060326684295309 0.0097326995749880477 -0.0019382378799042439 0.0065946683695845198 1.0000000180025095e-35 0.38140281715155622 -0.0091482616760727217 0.0045827259153723493 0.71534924103040842 0.0044301835237878151 -0.458993164992341 0.0023023041127494133 11.500000000000002 0.45471816150900196 2.6670519859867059 0.0024604804851710428 0.0065428894396661495
decision_type=2 2 2 2 2 2 2 2 2 2 2 2 2 2 2 2 2 2 2 2 2 2 2 2 2 2 2 2 2 2
left_child=27 -2 3 6 -5 -6 7 11 -9 12 -11 -3 13 17 -15 -16 -17 -4 19 -19 -21 22 23 -13 -24 -12 -27 28 29 -1
right_child=1 2 9 4 5 -7 -8 8 -10 10 25 21 -14 14 15 16 -18 18 -20 20 -22 -23 24 -25 -26 26 -28 -29 -30 -31
leaf_value=-0.012974133595553619 -0.033497971229377949 -0.0059042494984848353 0.014571235896269616 -0.018300154247947262 0.10494262279810879 -0.030040775307745446 -0.0036932311971222781 0.12937424581277215 0.030315489927739442 0.095193037857123408 -0.0013005532337815792 0.056174810212340831 -0.027656465039215303 0.098080968954708234 -0.026495265598941792 0.033838436210136651 -0.048509651830958539 0.087716903526143392 -0.0047472380554864219 0.011550526820538637 -0.042874711128975181 0.016958194666750422 -0.018387917225076208 0.15162976322602234 0.064513027997185945 0.00080059134934185288 0.013080439827308271 0.025487131664487531 -0.036457842937133521 0.03474719522133176
leaf_weight=256.73400312662125 42.422166600823402 43.886317901313305 121.30480941385031 74.518716167658567 8.6086226664483529 7.295882359147071 65.310658380389214 9.7152963429689425 10.114604614675043 5.2418191432952872 654.56428351253271 19.79104116931558 61.488161996006966 6.1669075973331919 26.374398294836283 66.90450993552804 6.8388855084776869 8.1664768829941732 1986.0032796449959 138.69727538526058 14.057788364589213 83.795704115182161 13.098943199962379 5.9502605870366088 11.13701596111059 345.44529958441854 519.6487719155848 20.254864607006311 57.514109224081039 15.262664832174776
leaf_count=3348 762 370 1359 824 85 70 617 83 93 52 6354 205 748 54 255 549 76 77 21822 1379 135 736 142 59 91 3428 4222 184 723 151
internal_value=-0.000125677 0.000869884 0.00120783 0.0121634 -0.00751429 0.0430216 0.018934 0.0264169 0.0788475 0.000230847 0.00440782 0.0205648 -0.00238387 -0.00172944 0.0172955 0.0123194 0.0262016 -0.00262091 -0.0035923 0.0106614 0.00654186 0.0292484 0.049855 0.0782398 0.0197071 0.00409467 0.00817691 -0.012526 -0.0148627 -0.0102963
internal_weight=4706.31 4356.55 4314.13 353.223 90.4232 15.9045 262.8 197.489 19.8299 3960.9 1524.9 177.659 2436 2374.51 106.285 100.118 73.7434 2268.23 2146.92 160.922 152.755 133.773 49.9773 25.7413 24.236 1519.66 865.094 349.766 329.511 271.997
internal_count=49053 44647 43885 3375 979 155 2396 1779 176 40510 14056 1603 26454 25706 934 880 625 24772 23413 1591 1514 1233 497 264 233 14004 7650 4406 4222 3499
is_linear=0
shrinkage=0.05


Tree=40
num_leaves=31
num_cat=0
split_feature=59 2 63 42 18 51 58 54 21 59 21 17 58 4 6 6 4 60 47 9 58 55 11 42 54 21 38 51 60 50
split_gain=24.4877 19.7144 18.1402 18.0802 17.3696 17.8205 20.1408 20.3665 19.2341 17.8231 18.7572 15.6987 15.4577 18.0473 16.8237 15.3488 30.9907 22.1076 31.0687 17.4449 27.9525 19.9827 21.245 14.8345 14.6295 14.0067 16.708 13.6208 13.3853 13.3545
threshold=-0.0024226649129499987 -0.015378452068349821 -0.020462592634947565 0.00024749500000000003 0.0018598777785719558 1.0000000180025095e-35 0.006615429235175622 -0.012038314928433892 0.00062320864100191332 0.01536043669547585 0.0060448094859966595 0.59045473915093971 -0.00070488703101406584 27.63607142857143 10.500000000000002 2.5000000000000004 13.827857142857171 0.72262244876060688 -4.0632672352200221e-05 1.0000000180025095e-35 0.00581873645317118 1.0000000180025095e-35 -0.32552846953299797 3.5175000000000008e-05 -1.0000000180025095e-35 -0.0033643926584348339 0.21160504694835672 1.0000000180025095e-35 0.66568586679021491 -0.0029581215472781522
decision_type=2 2 2 2 2 2 2 2 2 2 2 2 2 2 2 2 2 2 2 2 2 2 2 2 2 2 2 2 2 2
left_child=1 3 -2 -1 -4 6 7 -6 11 12 -11 -9 14 -14 -7 16 -3 18 28 27 25 -22 -23 -19 -20 26 -21 -17 -18 -27
right_child=2 15 4 -5 5 9 -8 8 -10 10 -12 -13 13 -15 -16 19 17 23 24 20 21 22 -24 -25 -26 29 -28 -29 -30 -31
leaf_value=0.0064280149203330963 -0.037405799774646184 -0.019279176194198444 -0.031239030530579172 0.095824348663697101 0.048845674065311137 -0.018164626031741026 -0.04307917869706164 -0.013035703678610533 0.021865041445315661 0.021981829170667939 -0.0083954041662340443 0.0071322596349681191 0.0019950585026402411 -0.025793640041005306 0.0010003135607655116 -0.012750320825654585 0.014640321427866747 0.064825130241251999 0.071667005042441848 -0.00035445217664150736 -0.012602639319369816 0.14048790449113469 0.030459108114747571 -0.01815300228302915 0.18908327980614292 0.0080474190291262154 0.063151458851519071 -0.031841299910701754 0.11015903572302982 -0.020223085640575005
leaf_weight=158.55258252099156 29.052344929426908 65.855110671371222 38.259539727121592 5.8651379384100428 31.055052995681763 247.86535836011171 18.929453030228615 111.78188670799136 194.58651474490762 172.82083537429571 71.984091274440289 705.30509281530976 1647.4511098600924 60.575722508132458 212.84121378883719 442.12274243310094 28.584915284067392 6.6518932431936255 5.8388527818024158 40.264477521181107 9.4097037129104155 7.6470793969929245 10.291345890611408 28.308245174586773 4.8617833703756315 57.425578407943249 13.943743109703062 118.463449023664 4.2075514420866957 153.26316912099719
leaf_count=1667 336 874 705 56 221 2597 176 1338 1767 993 607 7196 15156 616 2095 6252 355 86 65 536 120 90 105 363 47 632 179 1622 49 2152
internal_value=-0.00012449 -0.00642451 0.00194123 0.00961698 0.00226659 0.00263546 0.00803399 0.00896188 0.00773758 0.00026078 0.0130495 0.00437317 -0.0011828 0.00100952 -0.00931064 -0.00906958 0.00601091 0.0272399 0.0510363 -0.0116214 -0.00171716 0.046409 0.0773639 -0.00236469 0.125015 -0.00668573 0.0159809 -0.0167846 0.0268962 -0.0125176
internal_weight=4704.07 1161.56 3542.51 164.418 3513.46 3475.2 1061.66 1042.73 1011.67 2413.54 244.805 817.087 2168.73 1708.03 460.707 997.14 144.308 78.4532 43.4931 852.831 292.245 27.3481 17.9384 34.9601 10.7006 264.897 54.2082 560.586 32.7925 210.689
internal_count=49053 15250 33803 1723 33467 32762 10698 10522 10301 22064 1600 8534 20464 15772 4692 13527 1839 965 516 11688 3814 315 195 449 112 3499 715 7874 404 2784
is_linear=0
shrinkage=0.05


Tree=41
num_leaves=31
num_cat=0
split_feature=59 50 63 59 2 21 34 43 7 56 63 47 63 60 4 51 38 59 18 21 60 48 58 14 58 51 43 48 59 32
split_gain=22.2883 17.3046 19.7761 17.7653 16.8153 16.5869 17.1156 16.2347 23.8942 15.729 14.8516 14.1203 14.5432 14.4287 13.9004 13.8954 18.4872 17.9953 16.7809 15.6235 18.1293 18.2643 14.0452 17.022 13.8739 17.3765 13.4453 13.3492 13.2346 12.9855
threshold=-0.0025408045712124534 -0.0020127726525905128 -0.013079537081406458 0.014368271634923236 -0.0086902082261011825 0.0045827259153723493 0.38301391010325592 6.5524999999999995e-06 1.0000000180025095e-35 0.038184349243428568 0.040157915532896903 0.00035595880446694219 0.011151575703822176 0.82723927659939889 10.754285714285729 -1.0000000180025095e-35 0.3656490970642054 0.0040313968575422321 0.0057589894795737175 0.00089042832852515637 0.60971835408493447 -0.00044692847906670875 0.0021968137285947342 0.53195671129612998 0.011567418831279474 1.0000000180025095e-35 -7.9993749999999989e-05 -0.00060164807205952489 0.0042296563574359307 10.500000000000002
decision_type=2 2 2 2 2 2 2 2 2 2 2 2 2 2 2 2 2 2 2 2 2 2 2 2 2 2 2 2 2 2
left_child=4 5 -3 10 26 6 7 8 -2 -10 15 12 24 -14 -5 16 19 -17 -19 -4 22 -22 23 29 25 -6 -1 -20 -29 -21
right_child=1 2 3 14 11 -7 -8 -9 9 -11 -12 -13 13 -15 -16 17 -18 18 27 20 21 -23 -24 -25 -26 -27 -28 28 -30 -31
leaf_value=0.06428030887147293 0.079827896184488878 -0.029497451555842269 0.00057824614337338178 0.051554730802100657 -0.010774450476359059 -0.012217767085089339 0.051354150993060232 0.0053374417739798456 0.001307126197550654 0.042522372204440391 0.06059748091173417 0.011463559217444762 0.036631389909688415 -0.039052435266516333 0.0099269956054821723 -0.0079302289929408347 0.052158738732173832 0.0058514619561142438 0.038443015070975473 0.026418794995634161 0.12521339284649302 0.032548621082795368 -0.027547279155053797 -0.011605050237349821 0.065899072877365544 -0.031081193063679114 0.0012165605786914144 0.062914507770486891 -0.014517398598170948 0.10586742717944334
leaf_weight=8.664246987551449 18.162699766457081 54.532395545393229 711.6780636459589 21.943218231201172 530.96428333967924 72.305977672338486 28.091503173112869 322.7559685446322 59.440998025238514 37.913652345538139 9.9777772948145849 67.326007679104805 26.845071546733379 8.2274233996868116 232.92324076592922 919.02755320072174 20.040772069245577 693.85691197216511 13.626553207635878 48.20255072414875 6.6680261865258208 26.256463453173637 21.211821958422661 30.978545591235161 5.3687037825584403 131.42153969034553 344.71940277144313 5.6628487259149543 216.30441534146667 5.7574023753404608
leaf_count=91 152 639 7830 102 7723 651 198 2863 545 296 64 854 241 82 1539 10539 171 5305 103 435 52 228 199 277 66 1888 3921 47 1902 50
internal_value=-0.000124013 0.00180544 0.000341267 0.000886547 -0.00626737 0.0100649 0.0135196 0.0110946 0.02718 0.0173579 -0.000292368 -0.0104108 -0.0125062 0.0188772 0.013511 -0.00051579 0.0046917 -0.00296897 0.00193665 0.00357354 0.0189012 0.0513155 0.00884726 0.0179361 -0.0141546 -0.0148034 0.00276276 -0.00959302 -0.0125419 0.0348958
internal_weight=4700.86 3577.32 3038.65 2984.12 1123.54 538.671 466.365 438.273 115.517 97.3547 2729.25 770.153 702.827 35.0725 254.866 2719.27 870.794 1848.48 929.451 850.753 139.075 32.9245 106.15 84.9385 667.755 662.386 353.384 235.594 221.967 53.96
internal_count=49053 34187 29482 28843 14866 4705 4054 3856 993 841 27202 10854 10000 323 1641 27138 9242 17896 7357 9071 1241 280 961 762 9677 9611 4012 2052 1949 485
is_linear=0
shrinkage=0.05


Tree=42
num_leaves=31
num_cat=0
split_feature=59 2 63 5 42 34 37 63 51 62 6 21 63 54 43 62 7 55 38 41 41 3 1 7 14 38 58 45 56 13
split_gain=20.2402 16.9108 16.136 15.0658 14.8398 14.3691 16.2273 19.8239 18.0965 18.4072 23.1152 16.7974 26.9205 16.5683 15.6563 27.1194 16.7961 16.7017 15.0048 14.7807 15.0081 22.9854 14.5877 14.2765 16.0768 14.8606 15.6393 14.7943 21.4972 14.1495
threshold=-0.0024226649129499987 -0.015378452068349821 -0.020462592634947565 0.0012263304663975465 0.00024749500000000003 0.92712555212159831 0.83308148856089304 0.016536991323689187 1.0000000180025095e-35 -0.011625025588822313 11.500000000000002 0.00073043912089406878 -0.0009436068398841576 0.0051965615084161613 8.4020000000000012e-05 0.0072488305723279614 3.5000000000000004 1.0000000180025095e-35 0.3656490970642054 4.4755000000000008e-05 3.3910000000000006e-05 0.0048290256684544756 0.00099324192883258285 5.5000000000000009 0.82628264923012074 0.20859223598413248 0.0093299464363080526 -0.00051852872160455452 0.069041116391678661 0.0090633431794735157
decision_type=2 2 2 2 2 2 2 2 2 2 2 2 2 2 2 2 2 2 2 2 2 2 2 2 2 2 2 2 2 2
left_child=1 4 -2 -4 -1 6 7 8 9 10 -5 13 -13 18 15 16 17 -9 -11 20 -8 -22 -7 25 27 -10 -27 28 -25 -14
right_child=2 -3 3 5 -6 22 19 14 23 11 -12 12 29 -15 -16 -17 -18 -19 -20 -21 21 -23 -24 24 -26 26 -28 -29 -30 -31
leaf_value=0.0058973240194236292 -0.03621790267501198 -0.0083819783148152884 -0.019717651234331585 0.0067901611364853363 0.084033795641200948 0.037212851570374558 -0.0034123513404719225 0.10229760427245893 -0.0092323492945412047 0.0054545402209761548 0.1138010319571907 -0.038339980946415914 0.090693478238486377 -0.013584094753424711 0.0027294991598446538 0.10817927880604138 -0.015149255308616697 0.025423696166865174 0.059382145350066966 -0.018021123772570698 0.11002606256121948 -0.0010017930309075933 0.0079701210377584319 0.016516615944250485 -0.037963621922335801 -0.00062739382072212651 0.027905015067273792 0.0089262424625371761 0.10716542468942909 0.024693277078244688
leaf_weight=159.71312035247684 27.770812798291445 983.14835673198104 77.768110401928425 11.335137672722341 6.3169257305562487 49.372423872351646 96.580710712820292 8.8759639933705312 585.12198960036039 573.49175076186657 9.0958685055375081 16.709521494805813 8.6794507913291437 121.99615454301238 61.978441759943962 11.277892038226126 19.091187126934528 34.639704972505569 13.1955524161458 191.1237625181675 7.9561922550201443 11.256976686418055 313.08527453988791 19.184289522469047 15.783705685287712 900.5008283443749 50.732067793607712 175.15208599343896 9.9233749099075776 126.12937671691179
leaf_count=1667 336 13527 1312 99 56 384 885 45 5727 6054 75 178 81 1251 439 70 131 231 101 1801 68 87 2262 208 163 8467 373 1780 93 1102
internal_value=-0.000122377 -0.00588944 0.00174564 0.00204515 0.00887017 0.00253682 0.00142859 0.00263606 0.00167646 0.00752603 0.0544313 0.00641196 0.0215226 0.00318126 0.0212614 0.036807 0.0239501 0.0411038 0.00666746 -0.00948046 0.00461634 0.044975 0.0119534 -0.00125643 0.0106549 -0.00296243 0.000894324 0.0144118 0.0474206 0.0289426
internal_weight=4696.99 1149.18 3547.81 3520.04 166.03 3442.27 3079.81 2772.89 2637.03 880.633 20.431 860.202 151.518 708.683 135.863 73.8847 62.6069 43.5157 586.687 306.918 115.794 19.2132 362.458 1756.4 220.043 1536.35 951.233 204.26 29.1077 134.809
internal_count=49053 15250 33803 33467 1723 32155 29509 26668 25752 8941 174 8767 1361 7406 916 477 407 276 6155 2841 1040 155 2646 16811 2244 14567 8840 2081 301 1183
is_linear=0
shrinkage=0.05


Tree=43
num_leaves=31
num_cat=0
split_feature=63 59 2 5 38 51 64 50 58 63 48 58 64 59 18 58 4 20 32 6 6 32 60 5 42 5 41 58 37 47
split_gain=19.3727 19.0077 20.6405 18.03 21.5897 17.2062 23.9583 24.2716 22.1154 18.3035 16.846 22.455 15.5202 15.5079 19.7235 18.7943 22.7667 16.8069 15.7417 15.4592 22.9283 17.8759 16.88 16.3002 16.001 32.7916 22.75 19.2109 18.2917 29.1543
threshold=-0.0023758288527050623 -0.0071845546946504883 -0.015378452068349821 0.0016155044955312003 0.34120641443710159 1.0000000180025095e-35 0.38140281715155622 -0.0039479394038385756 0.00027330157841675844 -0.00073951426095914094 -0.00037091357611173146 -0.0056161491159361374 0.27598106092752106 0.0051794183008830527 0.0031698618557801273 0.006615429235175622 19.019642857142902 0.0056757989063704979 5.5000000000000009 16.500000000000004 11.500000000000002 16.500000000000004 0.7056199190219824 0.0028925902221159203 2.3875000000000001e-05 0.0061910710534719077 8.2915000000000015e-05 -0.0052333190365890367 0.28482026058066123 -0.0003784697241717519
decision_type=2 2 2 2 2 2 2 2 2 2 2 2 2 2 2 2 2 2 2 2 2 2 2 2 2 2 2 2 2 2
left_child=-1 2 10 4 -3 6 8 -8 9 -5 -2 -12 -11 15 -15 -7 17 -17 -19 20 21 24 -21 -23 25 27 -26 -9 29 -29
right_child=1 3 -4 5 -6 13 7 19 -10 12 11 -13 -14 14 -16 16 -18 18 -20 22 -22 23 -24 -25 26 -27 -28 28 -30 -31
leaf_value=-0.010973588448746708 -0.0012967205914368937 -0.011474140609848226 -0.016781489170844311 -0.011337685227355249 0.030224523141860599 -0.0057792308526906132 0.026980715542980954 0.064763359301358764 0.0021322035098173563 0.051604754142084756 0.1252027588632563 0.015608241108195003 0.12331376303093092 0.034945526483792677 0.0033811932907549672 0.011093894016068813 -0.019553850263594838 0.027420424849156862 0.09601674931531845 0.0027577683539574721 0.022025892927064382 0.0071371380436391785 -0.02127342652697399 0.1258473869778399 -0.015883798332104838 0.13848819955036204 0.0075593318738539543 0.0071058863523106516 -0.025581482920765775 0.12144433748535917
leaf_weight=378.08730898424983 87.964954249560833 376.4531254209578 283.66476373374462 7.7668418958783141 33.831106327474117 1067.9061904549599 123.66573137044907 14.560609765350817 29.493114579468966 24.875447489321232 6.5334822088480022 16.420748688280582 10.830865129828451 52.143605254590511 973.09200331568718 89.286384977400303 42.30918138101697 24.127224184572697 12.80081109702587 211.72923699766397 199.91284313425422 6.0851370096206647 111.5850892663002 5.5102613940834999 197.53598057478666 5.3885685205459586 217.36414824053645 42.501699611544609 34.148459602147341 6.4169161766767493
leaf_count=4838 913 4759 3980 84 402 11515 1065 141 281 203 59 160 79 354 7239 870 426 228 110 2428 1847 63 1278 46 2269 57 2433 477 385 64
internal_value=-0.000120992 0.000829731 -0.00963058 0.0018823 -0.00803576 0.00304128 0.00775065 0.00602627 0.0355522 0.0582251 0.00865714 0.0468022 0.0733564 0.000439773 0.00498656 -0.00333038 0.0121876 0.0228279 0.0511988 0.00356474 0.00759864 0.00215175 -0.00553609 0.0635496 0.000777144 0.0184145 -0.00360206 0.011787 0.0025009 0.0221043
internal_weight=4693.99 4315.9 394.584 3921.32 410.284 3511.04 1249.37 1176.4 72.9663 43.4732 110.919 22.9542 35.7063 2261.67 1025.24 1236.43 168.524 126.214 36.928 1052.74 729.425 529.512 323.314 11.5954 517.916 103.016 414.9 97.6277 83.0671 48.9186
internal_count=49053 44215 5112 39103 5161 33942 13200 12553 647 366 1132 219 282 20742 7593 13149 1634 1208 338 11488 7782 5935 3706 109 5826 1124 4702 1067 926 541
is_linear=0
shrinkage=0.05


Tree=44
num_leaves=31
num_cat=0
split_feature=59 17 4 20 59 37 17 18 51 58 4 47 58 32 5 40 60 47 5 5 59 19 37 15 58 17 12 1 20 42
split_gain=18.0573 14.6549 14.4341 16.2503 15.7474 16.3426 13.6035 13.2765 12.8471 24.0628 19.1926 17.2346 21.586 18.2811 17.1974 16.4702 14.3928 13.2167 14.2303 12.9001 14.4087 19.0456 14.8817 15.6626 12.457 12.3501 15.1317 16.4369 16.7502 12.3421
threshold=-0.00019262481387795065 0.43256848822526311 29.064642857142776 -0.011070664587325958 0.014368271634923236 0.83308148856089304 1.8825688675177574 0.0025022169591278273 1.0000000180025095e-35 0.0067928661492355881 20.140357142857148 -0.00039528057874925975 0.0081778479474931363 3.5000000000000004 0.0033190150513407912 1.0000000180025095e-35 0.5722597409598803 -0.00046863113426344705 0.0021066849368816276 0.010425124874986565 -0.012042605746047022 -0.0051057914452118441 0.11986598510940637 0.01660019404967876 0.010886526482993203 1.4100836908654533 1.5036167979621369 -0.005960327103868986 -0.018883943265485075 4.8825000000000008e-05
decision_type=2 2 2 2 2 2 2 2 2 2 2 2 2 2 2 2 2 2 2 2 2 2 2 2 2 2 2 2 2 2
left_child=1 -1 3 -2 5 -5 -7 -3 15 -10 11 24 16 -14 -15 19 -13 -17 -19 20 -9 22 -22 -24 -11 -25 -27 28 -28 -4
right_child=2 7 29 4 -6 6 -8 8 9 10 -12 12 13 14 -16 17 -18 18 -20 -21 21 -23 23 25 -26 26 27 -29 -30 -31
leaf_value=-0.035188895760679031 0.047981017262016 -0.022606888709792817 0.0052108821704125816 0.0027597074603695673 0.014775058460176042 -0.016108733412102182 0.035737586318893677 -0.014133244453726693 -0.015077178180004279 -0.029514459489423345 -0.025745592997361545 0.044222151864708875 -0.010853347948875203 0.0071891778252820967 0.12752893772796461 0.084915031259042664 0.15819931163709833 0.086906072766955958 0.0084928124187297425 0.051598732317704343 0.06308874989170582 -0.0027755644376320316 -0.025507863773761599 0.0038788619682287328 0.061482560466465233 0.10177354225204222 0.07332177388626647 0.098144625398597266 0.0013092763183690246 -0.02434793745546129
leaf_weight=37.103760790079832 20.036960512399673 85.817386630922556 57.71701031178236 2305.5039883255959 249.16101545095444 178.23350671306252 13.618556492030619 195.73557098209858 367.50290462002158 15.393974810838701 21.056744903326035 4.9571456275880319 15.210189312696459 5.5291511379182321 6.4113083034753799 7.6796690933406344 6.2771926820278168 6.3768082186579695 62.44359365850687 11.420424949377773 14.923634320497511 738.52940804883838 25.020822532474995 77.663450557738543 4.976894959807395 7.1934708952903739 10.022208504378794 6.7735653668642035 41.562235921621323 90.983944710344076
leaf_count=564 129 1505 545 21102 1512 1611 88 2541 4812 189 236 54 160 61 58 73 68 47 630 115 148 10049 249 952 49 67 72 68 355 944
internal_value=-0.000120619 -0.00409564 0.00230043 0.0031161 0.00278879 0.00159292 -0.0124284 -0.00343203 -0.00243634 -0.00967286 0.0152117 0.0298899 0.0496173 0.0254983 0.0718044 0.000249204 0.107907 0.022701 0.0157585 -0.00127232 -0.00181267 0.000803799 0.0152364 0.0109916 -0.00728259 0.0173683 0.0333502 0.0249161 0.0153004 -0.0128749
internal_weight=4690.84 1775.58 2915.25 2766.55 2746.52 2497.36 191.852 1738.48 1652.66 447.316 79.8126 58.7559 38.385 27.1506 11.9405 1205.34 11.2343 76.5001 68.8204 1128.84 1117.42 921.689 183.159 168.236 20.3709 143.215 65.5515 58.358 51.5844 148.701
internal_count=49053 23122 25931 24442 24313 22801 1699 22558 21053 5687 875 639 401 279 119 15366 122 750 677 14616 14501 11960 1911 1763 238 1514 562 495 427 1489
is_linear=0
shrinkage=0.05


Tree=45
num_leaves=31
num_cat=0
split_feature=63 18 6 7 4 4 48 19 59 10 6 58 41 4 63 59 58 2 59 21 4 17 50 64 41 59 18 41 38 5
split_gain=17.3876 16.2386 15.5178 16.1519 16.1085 19.5331 15.9165 22.613 15.7422 27.4582 41.0877 24.2872 33.1025 28.6632 18.6001 17.9857 49.3715 17.4751 16.4065 15.6453 17.8865 16.357 14.971 14.5587 14.13 13.9906 26.4189 21.8013 16.0923 13.6882
threshold=-0.003541880337330966 0.0018598777785719558 1.5000000000000002 4.5000000000000009 20.007500000000039 18.14642857142854 -0.00016665475436206397 0.0013750692589273436 -0.0011247267927705035 1.0000000180025095e-35 15.500000000000002 -0.0070701262831338839 2.1170000000000006e-05 25.188214285714288 -0.0028931570253594159 -0.00052525939066491647 0.002833410142289613 -0.015378452068349821 -0.0071845546946504883 0.0043339606752960417 11.572142857142859 0.51725084600145033 -0.00031205708263418722 0.49987885640445667 0.00021363500000000002 0.011294299539410612 0.006479938711937065 0.00011860500000000002 0.19602147642044818 0.010425124874986565
decision_type=2 2 2 2 2 2 2 2 2 2 2 2 2 2 2 2 2 2 2 2 2 2 2 2 2 2 2 2 2 2
left_child=-1 -2 3 4 5 23 -5 -8 14 19 15 12 -12 -14 -4 16 -11 24 -19 21 -21 -10 -7 -3 29 -23 27 28 -27 -16
right_child=1 2 8 6 -6 22 7 -9 9 10 11 -13 13 -15 17 -17 -18 18 -20 20 -22 25 -24 -25 -26 26 -28 -29 -30 -31
leaf_value=-0.011029259315733418 -0.031410149571489639 -0.0062663512269048611 0.081278480645573081 -0.017439880343537092 -0.004318210595197958 0.1116069311048449 0.0833147110718611 -0.035189070502278562 -0.020483987744026183 0.022058175643509252 -0.009375932795020317 -0.0011656724672604952 0.17662814164301138 0.032634880506623665 0.0050252591526919327 0.01766347843490626 0.20227371020267682 -0.018287725939597477 -0.0037449429374138352 0.019295702557381625 -0.021839814749050643 -0.00021430108358411103 0.027196207775550665 0.026915519126095289 0.092165875261038185 0.016217364959683633 -0.020055988107477354 -0.03410520622971084 0.071538146974080369 0.082132421499781741
leaf_weight=338.80567814782262 38.9465037509799 43.617962390184402 6.2625290118157855 72.983634065836668 65.669080264866352 10.611433006823065 10.186668157577516 6.6560012698173514 92.948897950351238 15.878286439925434 13.275486104190351 699.2748531922698 6.5892230346798879 7.2682456597685814 120.35266519337893 428.38653183355927 4.9962690323591223 255.54813173785806 804.4119513258338 31.438528187572956 165.74362836778164 1197.1711280792952 10.402146637439726 136.52745055034757 5.2842793315649024 21.75999104231596 28.526916608214378 9.0517312958836538 33.206099346280098 6.044758226722478
leaf_count=4406 762 370 91 824 617 83 92 63 1042 175 124 6446 60 64 1226 3163 48 3702 10542 236 1489 11412 93 1233 44 143 212 53 183 55
internal_value=-0.000119252 0.000730681 0.00102111 0.0110097 0.0171834 0.0242027 -0.00732909 0.0364836 0.000119994 0.00220029 0.00798618 0.000635242 0.0470487 0.101104 -0.00466528 0.0198719 0.0651923 -0.00511695 -0.00725109 -0.00210537 -0.0152812 -0.000226355 0.0698219 0.0188813 0.0120617 0.0012336 0.0199638 0.037797 0.0496377 0.00871279
internal_weight=4687.83 4349.02 4310.07 356.654 266.828 201.159 89.8263 16.8427 3953.42 2755.52 1175.67 726.408 27.133 13.8575 1197.9 449.261 20.8746 1191.64 1059.96 1579.85 197.182 1382.66 21.0136 180.145 131.682 1289.72 92.5447 64.0178 54.9661 126.397
internal_count=49053 44647 43885 3375 2396 1779 979 155 40510 24850 10080 6694 248 124 15660 3386 223 15569 14244 14770 1725 13045 176 1603 1325 12003 591 379 326 1281
is_linear=0
shrinkage=0.05


Tree=46
num_leaves=31
num_cat=0
split_feature=17 59 23 50 1 37 43 9 4 42 37 59 3 51 50 50 56 47 45 43 37 15 58 47 32 48 18 14 58 50
split_gain=16.5742 16.7311 15.971 14.8484 25.4671 16.6937 18.9526 15.0548 29.6272 23.9258 21.6774 15.2861 18.2697 16.222 21.267 17.2313 15.385 14.867 19.641 16.9692 14.191 14.1444 13.9527 13.7287 13.3719 13.3253 17.1263 13.7632 12.9714 12.9712
threshold=0.39760025733577636 0.0064530211313289692 0.00038332312486587386 0.00099111737586413855 0.0042380307588575005 0.12736590692710512 9.9921250000000012e-05 1.0000000180025095e-35 9.3914285714285253 4.7200000000000005e-06 0.18335626804265656 -0.0073502114018449763 0.010088584804686119 1.0000000180025095e-35 -0.012227296063644167 0.00085046835237413459 0.026995753485369135 -0.00049828574588164963 -0.00044485904684112449 -2.1827499999999997e-05 0.41061132057810906 0.44178136505240095 -0.0021480335428247237 -0.00043022249485496301 4.5000000000000009 -0.00043961301192774893 0.0036859822907002282 0.26640548481879051 0.00014568435743675094 -0.0066937505091821904
decision_type=2 2 2 2 2 2 2 2 2 2 2 2 2 2 2 2 2 2 2 2 2 2 2 2 2 2 2 2 2 2
left_child=-1 3 25 4 7 6 -6 11 24 10 -10 12 -2 14 -13 16 20 18 -11 23 -16 -18 -22 -19 -9 26 27 -3 -23 -28
right_child=1 2 -4 -5 5 -7 -8 8 9 17 -12 13 -14 -15 15 -17 21 19 -20 -21 22 28 -24 -25 -26 -27 29 -29 -30 -31
leaf_value=-0.026192212826022711 -0.0234714995890144 0.096922081096436102 0.00087898139775986523 -0.0061511140687138029 0.0075556668800849693 0.016856844685636838 0.12456310436261808 0.00085905451256912857 0.12284937347354466 0.023248376130400761 0.020491258636139553 0.11347997712981264 0.002988435902198357 -0.0062658794067269154 0.0045435870621707416 0.053084328121297188 0.0082386536361473365 0.020767865755642032 0.12687928202237683 0.0036775586197717869 -0.030213228413382909 0.018330057965195871 -0.0010050307765593035 0.10444491572533883 -0.022761929405363077 0.0046781182092286086 0.081695863362018117 0.0323213485296538 0.086199276040976325 0.012678102897971244
leaf_weight=60.168546196073294 176.02317905426025 12.219502389430998 624.95007665455341 1123.2884608991444 6.0004672072827807 94.481147829443216 8.177049517631529 149.6848770417273 9.0853222981095332 80.482357483357191 12.010382764041422 4.4682397916913024 103.6521527916193 673.36545922234654 239.87026626616716 17.422951582819223 203.65369352325797 14.596375521272423 4.8475880548357955 379.24671933427453 76.126200720667839 17.684249654412273 88.329177170991898 7.380285717546939 99.904348842799664 201.83342875912786 7.1284395456314078 25.34784160554409 11.69656180217862 151.27485564723611
leaf_count=780 2657 72 4646 12458 60 953 74 1891 85 850 114 31 1021 7612 3002 213 2113 145 47 3996 914 189 1068 70 1268 1382 39 146 124 1033
internal_value=-0.00011904 0.000220213 0.00586395 -0.00138251 0.000778962 0.0244486 0.0750411 -0.000306447 0.00550899 0.0124437 0.064574 -0.00303776 -0.013665 -0.000807423 0.0047679 0.00402604 0.00268498 0.0101835 0.0291356 0.00615286 -0.00321256 0.0129175 -0.0145255 0.0488686 -0.00859584 0.0136953 0.0229823 0.053334 0.0453489 0.015784
internal_weight=4684.4 4624.23 1022.75 3601.48 2478.19 108.659 14.1775 2369.53 757.238 507.649 21.0957 1612.29 279.675 1332.62 659.251 654.783 637.36 486.553 85.3299 401.223 404.326 233.035 164.455 21.9767 249.589 397.804 195.971 37.5673 29.3808 158.403
internal_count=49053 48273 7318 40955 28497 1087 134 27410 8466 5307 199 18944 3678 15266 7654 7623 7410 5108 897 4211 4984 2426 1982 215 3159 2672 1290 218 313 1072
is_linear=0
shrinkage=0.05


Tree=47
num_leaves=31
num_cat=0
split_feature=63 6 7 59 10 6 58 4 2 4 4 64 42 55 37 58 64 7 58 23 5 50 60 53 48 59 59 37 59 23
split_gain=16.063 15.8527 16.8686 15.7053 26.3876 35.1015 20.9516 20.5009 15.8181 15.1362 15.7377 14.9268 19.491 17.8138 14.8905 19.0055 28.712 17.9092 25.8324 17.9168 17.8851 17.4226 15.2863 15.2746 15.0515 13.9273 13.8491 18.3118 13.7443 18.4857
threshold=-0.0023758288527050623 1.5000000000000002 4.5000000000000009 -0.0011247267927705035 1.0000000180025095e-35 15.500000000000002 -0.0081954303491995981 25.188214285714288 -0.015378452068349821 20.007500000000039 18.14642857142854 0.34308538591704357 0.00010846500000000001 1.0000000180025095e-35 0.17868391897431893 0.002157309572829062 0.13136726493816406 1.5000000000000002 0.0040223128154680127 0.00028761793127316437 0.0031543113860128449 0.00031188310491880975 0.13830714736770763 -0.0032954397583146691 -0.00056519266049958889 -0.0071845546946504883 -0.0006964633891255119 0.51465267594413777 -0.0019977404527316274 5.3285777727637359e-05
decision_type=2 2 2 2 2 2 2 2 2 2 2 2 2 2 2 2 2 2 2 2 2 2 2 2 2 2 2 2 2 2
left_child=-1 2 9 8 14 26 7 -7 -3 10 28 13 -13 -4 -5 23 -17 18 19 -18 -21 -19 -23 -16 -24 -10 27 -6 -2 -30
right_child=1 3 11 4 5 6 -8 -9 25 -11 -12 12 -14 -15 15 16 17 21 -20 20 -22 22 24 -25 -26 -27 -28 -29 29 -31
leaf_value=-0.010095961515754781 -0.0049059243732926571 0.011295179258895885 0.10400653485240843 0.0031083210389749958 0.027016198784535286 0.098540289766064285 -0.00080862205096177944 0.0014858029394416038 -0.017335155362673087 -0.003762284403856276 0.064082000443621084 -0.026778991293340978 0.064259044973680415 -0.0014775392890804132 0.0088969696287957492 0.093646543591330358 0.075381506505099005 -0.0088257000211721011 -0.029503012907409039 -0.041383043714966858 0.043505861295991988 -0.012062548025951282 0.093230892432117934 -0.01594670220721988 0.023402473504812654 -0.0038216199931607416 0.016707382262725116 0.13949504469821614 0.055471699688467858 0.014929239099558284
leaf_weight=371.35012392699718 44.686091136187315 132.78084576129913 5.8701138272881517 704.81867317855358 11.224886376410725 10.658559121191503 699.98874387145042 11.115200988948343 249.6542095541954 65.024335861206055 21.824259996414185 64.092107731848955 6.4731347411870948 12.579615820199251 71.48945289477706 8.4129137247800809 10.610041998326777 85.616552732884884 88.423730690032244 13.435872517526152 11.529088899493216 28.908819396048784 8.395087964832781 459.77844690158963 95.556117258965969 806.92507127299905 441.34063763171434 5.3399133756756774 40.212654441595078 93.467443980276585
leaf_count=4838 513 1323 65 6875 118 82 6475 106 3700 613 175 736 56 135 654 67 86 762 766 108 98 233 65 4604 770 10669 3264 54 341 702
internal_value=-0.000117928 0.000741734 0.0108752 -0.000165639 0.00189996 0.00756364 0.000693838 0.0489953 -0.00497055 0.0171964 0.024004 -0.00795845 -0.0184278 0.0320841 -0.0023101 -0.00663928 0.00239116 0.000149474 -0.0150276 0.020952 -0.00218043 0.00876337 0.020098 -0.0126036 0.0290418 -0.00701467 0.018392 0.0632755 0.0191002 0.0271249
internal_weight=4681.58 4310.23 354.23 3956 2766.64 1179.67 721.763 21.7738 1189.36 265.215 200.19 89.015 70.5652 18.4497 1586.97 882.156 350.888 342.475 123.999 35.575 24.965 218.477 132.86 531.268 103.951 1056.58 457.905 16.5648 178.366 133.68
internal_count=49053 44215 3336 40879 25187 10099 6663 188 15692 2344 1731 992 792 200 15088 8213 2955 2888 1058 292 206 1830 1068 5258 835 14369 3436 172 1556 1043
is_linear=0
shrinkage=0.05


Tree=48
num_leaves=31
num_cat=0
split_feature=17 18 59 19 63 18 1 63 21 44 15 49 38 49 38 37 38 58 18 17 16 58 32 3 49 1 32 14 35 52
split_gain=15.0262 14.5736 14.0269 20.4339 13.3621 14.0066 14.8671 12.1569 13.3987 16.6584 12.6144 19.1859 15.2097 19.4222 15.0741 14.7234 17.0599 21.1405 15.1066 14.6459 16.4618 14.547 14.5668 14.5383 13.9119 13.7696 13.526 13.6205 15.3437 15.0027
threshold=0.39760025733577636 0.0018598777785719558 -0.012042605746047022 -0.0085940162273425609 -0.013079537081406458 0.011961638678504744 0.024578880264538919 0.018664359187491427 0.0042220597879207809 2.308823726488881e-05 0.19894249834763664 0.00029962116936950423 0.21160504694835672 -0.0033307039719148186 0.23836505388672266 0.088739151161839766 0.307102138884427 0.00031083509397594609 0.0031485123352066025 0.91096150557570665 0.0018501403437111851 0.005926017202040848 17.500000000000004 0.0085419246394843884 -0.00062850291609708325 0.0054218756548832236 2.5000000000000004 0.42994866013252853 0.45573843787653689 1.8014961211318943
decision_type=2 2 2 2 2 2 2 2 2 2 2 2 2 2 2 2 2 2 2 2 2 2 2 2 2 2 2 2 2 2
left_child=-1 -2 -3 -4 -5 6 7 10 -9 -10 -6 12 25 14 -14 16 21 24 -17 20 -20 22 -15 -13 -18 -12 -21 28 -28 -30
right_child=1 2 3 4 5 -7 -8 8 9 -11 11 23 13 15 -16 18 17 -19 19 26 -22 -23 -24 -25 -26 -27 27 -29 29 -31
leaf_value=-0.025272885011830531 -0.03068482477039718 -0.01187390690151526 0.024013549926556355 -0.017173696779066751 -0.0026267242947535258 -0.022336907679996337 0.047898922330079426 0.024196120108887206 -0.018077460138790524 0.060251964582422546 -0.0032301905473199341 -0.0040318778237106176 0.11136045298077811 0.0062575874805389274 0.029689700611890399 -0.012674585280668449 0.033865396931571159 0.018439000530580143 0.070677080814558785 0.0058746979774973365 -2.6749432156346306e-05 0.07671931575830665 0.090970770590331221 0.01475465270370984 0.12863311797005322 0.022476161251039777 0.064320523119806391 0.010220266428872929 -0.011571848149657196 0.081901755237478738
leaf_weight=58.619669936597347 37.877811841666698 219.56660903990269 94.996932372450829 103.55895882472396 1700.5195365548134 63.272796284407377 17.095549151301384 112.65462552756071 45.062144160270691 7.9914705380797377 391.49562823399901 911.12863865867257 7.8801802545785931 112.41756663098931 19.962181147187948 87.992126788944006 6.0377358235418823 19.801164608448744 8.5067669153213483 88.718064121901989 255.33347490802407 8.8020769730210286 5.3145023472607127 116.10473374649882 10.799385666847227 60.088572587817907 42.463042259216309 42.281192697584629 16.334748893976215 5.8229496851563445
leaf_count=780 766 2890 782 1382 17662 654 115 731 337 52 4332 9232 71 1300 175 1092 70 222 87 845 2820 84 55 880 125 534 390 401 143 44
internal_value=-0.000117232 0.000201957 0.000457287 0.00107793 0.000567364 0.0010086 0.00136882 0.00117402 0.0144392 -0.00627869 0.000612957 0.00309759 0.00741877 0.0118391 0.0528048 0.010234 0.0234167 0.0534616 0.00630482 0.0099396 0.00225289 0.0147171 0.0100816 -0.0019085 0.0946497 0.000190341 0.020307 0.0322843 0.0467208 0.0129926
internal_weight=4678.5 4619.88 4582 4362.44 4267.44 4163.88 4100.61 4083.51 165.708 53.0536 3917.8 2217.28 1190.05 738.467 27.8424 710.625 163.172 36.6383 547.452 459.46 263.84 126.534 117.732 1027.23 16.8371 451.584 195.62 106.902 64.6207 22.1577
internal_count=49053 48273 47507 44617 43835 42453 41799 41684 1120 389 40564 22902 12790 7924 246 7678 1856 417 5822 4730 2907 1439 1355 10112 195 4866 1823 978 577 187
is_linear=0
shrinkage=0.05


Tree=49
num_leaves=31
num_cat=0
split_feature=17 59 20 5 18 60 43 63 11 64 64 7 59 60 58 12 60 58 2 58 20 58 9 5 4 4 32 7 18 5
split_gain=13.854 13.9501 14.3577 14.2004 12.1161 18.3297 16.7947 22.4627 16.902 13.7735 15.3507 12.5328 13.9415 12.5413 12.337 12.1615 12.8631 18.1965 12.0696 12.8804 11.9122 16.6548 11.9067 25.4445 17.1331 24.4319 19.9602 18.4015 17.3388 17.3012
threshold=0.39760025733577636 0.0064530211313289692 0.0038185936959270333 0.0012794593431940831 0.0056087397243705719 0.0078854182357725525 7.4787500000000009e-05 0.0088561638862010208 -0.91194732433206438 0.24018775042933035 0.47891764165004219 5.5000000000000009 0.0072787511613084796 0.32628882674928322 0.00084913369443407802 0.40245408651547282 0.97149249667164506 -0.0021480335428247237 0.007222051577240588 0.010886526482993203 0.0059161618120208851 -0.0028659384871458902 1.0000000180025095e-35 0.0034866799012929642 9.5257142857142814 13.69392857142852 4.5000000000000009 2.5000000000000004 0.0026673833165251075 0.0014417338102475352
decision_type=2 2 2 2 2 2 2 2 2 2 2 2 2 2 2 2 2 2 2 2 2 2 2 2 2 2 2 2 2 2
left_child=-1 3 4 -2 5 -3 7 15 -8 -7 -11 12 13 -12 -13 -6 17 -17 19 -4 21 -20 -5 24 26 -26 28 -27 29 -24
right_child=1 2 18 22 6 9 8 -9 -10 10 11 14 -14 -15 -16 16 -18 -19 20 -21 -22 -23 23 -25 25 27 -28 -29 -30 -31
leaf_value=-0.024524596834046525 -0.019161692209771042 -0.044722340388250049 -0.010894313430950861 -0.0026975092380465159 -0.031519565337742542 -0.032099495249820496 0.040647398090150888 0.090380544556339565 -0.023376543413737037 0.087182025769758476 0.028274313113224481 0.015380714996689622 0.026344522469907719 -0.028458838435536239 0.090301987290540509 -0.023176497229492513 0.057247265569668353 0.038264917694714753 -0.021670518855866312 0.029895713183539396 0.0036764088282969574 0.058475356641903509 -0.013701407052854706 0.018591481076207905 0.014709948491805966 0.008283435077034839 -0.02547709097353746 -0.018917677218826583 -0.0080746916405662322 0.049832321092425379
leaf_weight=57.41886342689395 107.71783903241158 10.387030713260172 240.20369161292911 2396.8296712748706 15.058131065219639 10.69511681050062 12.114259153604506 9.4749540090560895 69.155327882617712 9.7959781363606435 15.743778251111506 9.598266042768957 135.96706584095955 25.548737287521362 12.851851940155028 25.780526462942358 16.006682604551315 22.626984074711803 9.0582741275429743 21.049615431576967 333.22726072743535 22.792574115097523 16.732497218996286 224.83814351260662 298.01833818480372 114.60077570006251 121.50805049017072 135.91435170546174 145.65822203084826 29.797308929264545
leaf_count=780 1891 83 1860 27533 148 70 93 48 521 59 102 62 800 180 71 184 108 143 76 166 2394 150 215 2246 3083 1198 1390 1442 1605 352
internal_value=-0.000115751 0.000187692 0.00532609 -0.0012818 0.0127159 0.020185 0.00259776 0.0176102 -0.013833 0.0232467 0.0260721 0.0230746 0.018617 -0.00682794 0.0582703 0.00893431 0.0183912 0.00554289 0.000597168 -0.00760779 0.00646871 0.0356821 -0.000728972 0.00361137 -0.000294896 0.00503513 -0.00961506 -0.00647424 0.000413476 0.0269851
internal_weight=4676.17 4618.75 1027.14 3591.62 400.805 230.588 170.217 88.9473 81.2696 220.201 209.506 199.71 177.26 41.2925 22.4501 79.4723 64.4142 48.4075 626.331 261.253 365.078 31.8508 3483.9 1087.07 862.23 548.533 313.696 250.515 192.188 46.5298
internal_count=49053 48273 7318 40955 2672 1427 1245 631 614 1344 1274 1215 1082 282 133 583 435 327 4646 2026 2620 226 39064 11531 9285 5723 3562 2640 2172 567
is_linear=0
shrinkage=0.05


Tree=50
num_leaves=31
num_cat=0
split_feature=63 59 21 37 63 19 59 51 64 62 64 18 42 62 63 13 60 50 50 20 64 4 60 32 46 38 7 43 59 13
split_gain=13.6677 12.952 19.1737 15.01 15.9158 15.6279 25.4671 14.7828 17.8675 19.4302 25.1941 15.1595 15.728 15.1474 13.701 13.6459 13.502 14.9562 13.0591 18.6809 13.4235 12.5972 12.4981 11.929 16.5751 11.8741 11.8134 12.1684 12.6649 12.8001
threshold=-0.0023758288527050623 0.017149476301002154 0.0062829571086894442 0.8591130347953545 0.018664359187491427 -0.006668044126622954 -0.0071845546946504883 -1.0000000180025095e-35 0.38140281715155622 0.001351034689591581 0.27598106092752106 0.0029592553198468942 4.3950000000000011e-06 -0.0013642337895814034 0.003413223854456388 0.15100584321420038 0.0032048311297629673 0.00057154079281940371 0.0015538967596229784 0.002386353698522812 0.99094236665223079 31.135357142857146 0.72847543123343728 16.500000000000004 -0.00042686156694564007 0.34120641443710159 2.5000000000000004 -4.328374999999999e-05 0.0057035721669397204 0.10493046378671904
decision_type=2 2 2 2 2 2 2 2 2 2 2 2 2 2 2 2 2 2 2 2 2 2 2 2 2 2 2 2 2 2
left_child=-1 3 -3 4 5 -2 -7 8 9 10 13 12 -10 14 -8 -5 17 -9 19 20 22 -18 23 26 -25 -14 27 -13 29 -29
right_child=1 2 -4 15 -6 6 7 16 11 -11 -12 18 25 -15 -16 -17 21 -19 -20 -21 -22 -23 -24 24 -26 -27 -28 28 -30 -31
leaf_value=-0.0093881926385813025 0.014555059404042248 0.022964675153078592 -0.011105606300247194 -0.023011244985724388 0.0182427634400389 -0.018612464742748244 -0.045244268080474291 -0.0021198743605608545 0.079290279040453659 0.0030385364611501451 0.10802701428457624 -0.032887409207724691 -0.015900340246740752 0.076310794449208408 0.042420987339965605 -0.0029071383074210479 -2.1351983255624699e-05 -0.028594740147707739 -0.0032516570787498519 0.029705852976179281 0.08857183017257679 -0.035137127944283239 -0.0071730206976139913 0.013473495546628456 0.12864173365857076 0.0344623448442938 0.0021374632806327072 0.033794687064639423 0.097749023460461548 0.0019281579691774601
leaf_weight=366.13855401426554 185.58158258348703 142.36581722646952 58.166708927601576 123.34261547029018 129.88664612174034 180.65941125899553 9.1512421928346175 121.43767503276467 4.815973747521638 39.946078009903431 13.478037748485802 10.193393759429453 163.47052747011185 9.2450296729803103 8.6885156854987127 267.37842067331076 1761.1627798900008 95.136953439563513 275.48444691672921 99.197327937930822 4.9070806205272666 25.915060624480247 144.97828747332096 8.4057583697140199 4.9720919840037814 12.60626148432493 270.93666968494654 76.110934652388096 5.5469119623303405 53.778921864926815
leaf_count=4838 1694 812 492 1524 883 2801 103 1511 58 420 97 108 2333 92 64 2603 17007 1046 2893 856 33 296 1621 89 44 151 3093 909 30 552
internal_value=-0.000113957 0.000674456 0.0130822 6.85367e-05 0.0010488 0.000425991 -0.000345162 0.00067987 0.00502908 0.0277907 0.0521665 0.0034151 -0.00985631 0.024369 -0.00254857 -0.00925359 -0.00195944 -0.0137498 0.00593021 0.00965534 0.0062251 -0.000530579 0.00552225 0.00980312 0.0562776 -0.0122946 0.00831062 0.0197954 0.0237605 0.0206008
internal_weight=4673.09 4306.95 200.533 4106.41 3715.69 3585.81 3400.23 3219.57 1215.91 80.5089 40.5628 1135.4 180.893 27.0848 17.8398 390.721 2003.65 216.575 954.512 679.027 579.83 1787.08 574.923 429.945 13.3779 176.077 416.567 145.63 135.437 129.89
internal_count=49053 44215 1304 42911 38784 37901 36207 33406 13546 776 356 12770 2542 259 167 4127 19860 2557 10228 7335 6479 17303 6446 4825 133 2484 4692 1599 1491 1461
is_linear=0
shrinkage=0.05


Tree=51
num_leaves=31
num_cat=0
split_feature=18 59 63 50 37 56 37 58 58 0 37 63 6 60 37 38 19 6 47 21 18 5 47 18 58 60 59 59 5 2
split_gain=12.997 13.0842 13.6834 13.3016 15.9644 14.8908 14.3985 14.4442 13.5513 16.9926 17.1044 16.4117 17.2906 20.2524 16.7568 25.1229 21.6709 16.2445 13.7318 16.2347 13.6824 13.4492 19.16 16.2564 16.1587 15.9064 14.2856 13.974 13.4289 15.2617
threshold=0.0018598777785719558 -0.0025408045712124534 -0.020462592634947565 -0.0013262956277468622 0.74895576798812791 0.058850004323241958 0.011776319550586558 -0.0074741798558257602 -0.0009401072710488956 -0.0024973797141124511 0.3416244795778558 0.0076818818530242387 4.5000000000000009 0.09896662627023492 0.24150214762471425 0.13762666588081487 -0.001678250858435448 7.5000000000000009 -0.00051135320632835087 0.0040226352887996588 0.0083582697269223172 0.0036450278176249616 -0.00048880656210339676 0.0048253431908986616 0.0046224624652455365 0.71027951892713348 0.01536043669547585 0.0057035721669397204 0.0016798077959485835 -0.0037480284896470799
decision_type=2 2 2 2 2 2 2 2 2 2 2 2 2 2 2 2 2 2 2 2 2 2 2 2 2 2 2 2 2 2
left_child=-1 -2 -3 4 5 6 -4 -8 11 -10 17 12 -5 -14 15 -15 -17 18 -11 28 -18 22 25 24 -23 -12 -25 -27 -20 -30
right_child=1 2 3 8 -6 -7 7 -9 9 10 21 -13 13 14 -16 16 20 -19 19 -21 -22 23 -24 26 -26 27 -28 -29 29 -31
leaf_value=-0.029771561386505198 -0.0046759168372844722 -0.03451282432395187 0.037516192096884386 -0.021794526342500741 -0.0087364837066657014 0.020455464286532582 0.037473424270760398 -0.00094776369324769841 -0.01215612471869508 -0.021715430450751097 0.02538482284847331 0.02434693034781945 -0.023032244811352652 0.10947265273268406 -0.0055999988588556456 0.075983949382164462 0.0019030571491309386 -0.0051706733206403699 -0.003537975722954854 -0.02666165802135494 0.078782240466984066 0.012173855246727809 0.010451996934559588 -0.0092851922992389906 0.11211884961911003 0.12715806014880829 0.017610600663520101 0.035526852225733978 -0.026718933758966598 0.023873786165913399
leaf_weight=36.647465519607067 1087.3828267231584 26.047285228967667 30.878343787044287 156.5632744319737 123.26146276667714 249.10296766832471 26.432972628623247 328.05638787522912 180.33506441488862 35.243363950401545 54.056893918663263 44.166623391211033 104.93439082428813 6.6040398254990569 317.1117026284337 11.559980306774376 145.48241917043924 639.64708449319005 78.780221164226532 26.253382533788681 6.0271952375769606 11.644050303846599 428.95815622061491 194.28358709439635 6.1961013451218596 8.3113409504294413 66.190809082239866 8.3317929580807668 16.016357496380806 215.04913081228733
leaf_count=780 14799 340 312 1717 1092 2026 240 3185 1571 349 496 316 1200 67 3145 117 1465 6183 916 221 52 99 3699 1870 43 80 460 47 165 2001
internal_value=-0.000112471 0.00012214 0.00159366 0.00186088 0.00772924 0.0109281 0.00476961 0.00191716 0.000250799 0.00247256 0.0039472 -0.00527045 -0.00701859 -0.00310902 0.00118575 0.013868 0.00999616 -0.000341562 0.00797671 0.0110902 0.00496138 0.00952052 0.014427 0.000711972 0.046886 0.0385443 -0.00245053 0.0812862 0.014289 0.0203669
internal_weight=4669.56 4632.91 3545.53 3519.48 757.732 634.471 385.368 354.489 2761.75 1969.3 1788.96 792.45 748.283 591.72 486.785 169.674 163.07 1010.99 371.342 336.099 151.51 777.973 499.658 278.315 17.8402 70.7 260.474 16.6431 309.846 231.065
internal_count=49053 48273 33474 33134 6855 5763 3737 3425 26279 18200 16629 8079 7763 6046 4846 1701 1634 9835 3652 3303 1517 6794 4322 2472 142 623 2330 127 3082 2166
is_linear=0
shrinkage=0.05


Tree=52
num_leaves=31
num_cat=0
split_feature=17 18 59 19 4 50 58 60 59 48 64 38 37 42 47 3 37 21 18 60 42 62 4 41 58 58 58 8 56 37
split_gain=12.5525 11.7993 11.9587 17.5389 16.3835 15.1732 14.4437 15.1885 15.1796 13.5058 13.6208 12.7226 15.5496 15.9493 14.9357 12.8742 16.1466 19.399 18.3723 16.1774 15.5457 17.9554 20.6461 16.984 19.2156 19.3174 20.8326 13.316 12.5578 19.8827
threshold=0.39760025733577636 0.0018598777785719558 -0.012042605746047022 -0.0085940162273425609 29.064642857142776 -0.0074217108322987765 0.0096060326684295309 0.21286678017022112 0.01852754674717744 0.00061471915320709426 0.94775309485716808 0.37373034784165798 0.031286173300579881 6.022000000000001e-05 -0.00043825491490863904 0.0063202358309487365 0.11522493325647022 0.0038462170992593137 0.0030224363818501334 0.95556776042718716 1.5110000000000001e-05 0.00084048655080525101 13.760714285714309 7.4610000000000006e-05 0.005926017202040848 0.002833410142289613 -0.0037761076467094832 1.0000000180025095e-35 1.7004017205005126 0.83308148856089304
decision_type=2 2 2 2 2 2 2 2 2 2 2 2 2 2 2 2 2 2 2 2 2 2 2 2 2 2 2 2 2 2
left_child=-1 -2 5 -4 6 28 11 -8 9 10 -9 15 -13 14 -14 16 17 18 19 -5 21 22 -20 -22 25 26 -25 -26 29 -3
right_child=1 2 3 4 -6 -7 7 8 -10 -11 -12 12 13 -15 -16 -17 -18 -19 20 -21 23 -23 -24 24 27 -27 -28 -29 -30 -31
leaf_value=-0.023642905834400055 -0.028693431803504733 0.041743140516693526 0.022023328376669982 -0.0047800072984705861 -0.013596516294744052 -0.02298472785737533 -0.045514620553396168 0.0047053364873732243 0.070373139984279798 0.073534998080112352 0.057510029413162911 0.090195352220405742 0.015977040757696889 -0.0075010540937357085 0.1091490220503506 0.0055251990043741622 -0.0036470063020209182 -0.037398492518838165 0.012601060208449755 0.082255412870606504 -0.0018889829188022561 0.12179599960498771 0.094121306461663057 -0.018245000230513474 0.02838402646821846 -0.014083527251527631 0.030354830078204345 0.10561155036126352 -0.018015457738815029 -0.019170710032624862
leaf_weight=55.992236435413361 35.127523940056562 35.400010216981173 96.683087378740311 315.34746981412172 196.95380958914757 119.60449032858014 9.4005528539419156 110.01002493128181 13.593715257942675 9.1450944617390615 13.737312167882918 7.6540643610060206 11.470964040607216 32.164756126701832 6.8816735818982115 882.81929232925177 2140.2345145903528 26.647785492241383 42.922485757619143 5.4308988638222209 197.69537399709225 5.5671646110713473 9.4827941954135877 26.646955206990242 12.916038408875465 48.913784109055996 127.8265709169209 9.8297210074961185 39.43141857534647 21.552079286426306
leaf_count=780 766 368 782 3866 2208 1951 74 920 85 64 86 75 96 290 52 7412 23318 250 452 46 2124 55 87 277 111 489 1317 81 333 238
internal_value=-0.000111401 0.000174341 0.000395945 0.000964855 0.00048729 -0.0110882 0.00116944 0.0160945 0.0200482 0.0149004 0.0105672 0.000574467 0.023783 0.0137206 0.0509137 0.000224006 -0.00135204 0.00457128 0.00596479 -0.00330646 0.0121375 0.0364218 0.0273522 0.00881583 0.0181744 0.0133002 0.0219713 0.0617584 0.00367453 0.0186918
internal_weight=4667.08 4611.09 4575.96 4359.98 4263.29 215.988 4066.34 155.887 146.486 132.892 123.747 3910.45 58.1715 50.5174 18.3526 3852.28 2969.46 829.227 802.579 320.778 481.801 57.9724 52.4053 423.828 226.133 203.387 154.474 22.7458 96.3835 56.9521
internal_count=49053 48273 47507 44617 43835 2890 41627 1229 1155 1070 1006 40398 513 438 148 39885 32473 9155 8905 3912 4993 594 539 4399 2275 2083 1594 192 939 606
is_linear=0
shrinkage=0.05


Tree=53
num_leaves=31
num_cat=0
split_feature=63 6 7 6 6 37 61 58 5 18 63 50 59 41 21 59 59 43 4 20 58 21 60 58 38 41 42 5 18 6
split_gain=11.7212 13.5452 14.5737 14.2339 37.9784 17.5788 16.63 20.9956 16.2386 17.1161 16.7849 15.1489 18.1706 17.7337 17.2563 13.2825 17.3354 16.5355 20.9783 18.2788 18.0473 15.8732 13.938 20.6548 14.2025 14.4093 16.4059 13.8642 20.7133 17.5966
threshold=-0.0023758288527050623 1.5000000000000002 4.5000000000000009 11.500000000000002 14.500000000000002 0.20764571205311996 -1.0000000180025095e-35 0.00080434180116298575 0.0025621048224206727 0.0034938142022304512 -0.00013794830284223234 0.0011986265920639315 0.0048745165709282107 9.8115000000000005e-05 0.00057096587548874519 -0.0010617614687194828 0.00033131893278383687 -1.7246249999999998e-05 10.30285714285708 0.0022208186121333452 -0.0016683914687559602 0.0052983634327318481 0.31196069523811559 -0.0033448646897950031 0.3004891409064992 -4.258999999999999e-05 3.692500000000001e-05 0.0029742455091517537 0.0040570052974994554 17.500000000000004
decision_type=2 2 2 2 2 2 2 2 2 2 2 2 2 2 2 2 2 2 2 2 2 2 2 2 2 2 2 2 2 2
left_child=-1 2 -2 5 11 -3 7 -6 -7 -10 -11 12 -5 -14 -15 -8 21 18 19 -18 -21 27 -20 -24 25 -25 -27 28 -17 -30
right_child=1 3 -4 4 6 8 15 -9 9 10 -12 -13 13 14 -16 16 17 -19 22 20 -22 -23 23 24 -26 26 -28 -29 29 -31
leaf_value=-0.0087573219610843651 0.015741185063996979 0.0013984492821026298 -0.0076839635039621657 0.014350847320110594 0.037620791046590572 -0.018512453446625412 -0.010193402162820811 -0.010273042344886517 0.066751167672413167 0.069971539818907108 -0.0058916841470313458 0.0030614874424489853 0.067498738108177997 0.064558151660759205 -0.017132789249454487 0.0084943878977533117 0.085715140982729129 -0.0051976255219394543 -0.027334402781155342 0.085595490280688163 -0.020037740793917472 0.079086924188521174 -0.023301836768532005 0.058580346487111662 0.10191348008654783 0.025035751344192999 -0.060354935096186016 -0.0096343132201528996 0.014967703176886128 0.10460719251998069
leaf_weight=361.52851478010416 268.45525196194649 885.14954193308949 88.214141387492418 315.21682568266988 57.534677185118198 280.45622202381492 443.32947144284844 37.993624716997147 8.4456961527466756 7.3839496113359919 580.03859191760421 234.94685480371118 34.95950323343277 10.407154098153116 17.064350835978985 53.737974088639021 16.310405671596527 763.8717899620533 28.742990501224995 5.9085294604301479 12.809582453221081 9.5881199240684492 25.149843767285347 16.630695506930351 6.385940007865428 18.660647749900821 8.052112013101576 45.307678360491991 9.6519377976655978 12.650547582656143
leaf_count=4838 2344 9615 992 3039 508 3158 6272 332 86 72 5961 1862 198 55 110 722 154 6846 266 52 116 99 236 125 39 141 65 517 99 134
internal_value=-0.000110285 0.000616211 0.0099475 -0.00022714 0.00246907 -0.00357148 -0.00164563 0.0185724 -0.00859146 -0.00392197 -0.00493808 0.0130301 0.0192318 0.0438761 0.0138146 -0.00295346 0.000152299 -0.00231426 0.0135712 0.0470222 0.0133063 0.0171539 0.00226335 0.0136247 0.0322997 0.0220432 -0.000703834 0.0122603 0.025306 0.0658135
internal_weight=4664.58 4303.05 356.669 3946.39 2184.91 1761.47 1572.32 95.5283 876.324 595.868 587.423 612.595 377.648 62.431 27.4715 1476.79 1033.46 902.523 138.651 35.0285 18.7181 130.936 103.622 74.8792 49.7294 43.3435 26.7128 121.348 76.0405 22.3025
internal_count=49053 44215 3336 40879 21987 18892 16723 840 9277 6119 6033 5264 3402 363 165 15883 9611 8040 1194 322 168 1571 872 606 370 331 206 1472 955 233
is_linear=0
shrinkage=0.05


Tree=54
num_leaves=31
num_cat=0
split_feature=17 63 59 51 21 17 7 6 37 4 5 63 62 20 1 11 42 2 60 19 2 43 48 17 21 59 4 47 6 42
split_gain=11.5973 11.1639 10.8514 13.0807 20.3162 15.2288 14.5198 14.2468 14.2287 13.4174 14.6051 16.0224 13.4759 12.661 12.5178 19.6163 12.2315 12.6196 15.8788 11.8724 11.8346 12.6152 21.0587 14.262 13.092 16.2902 18.357 22.8242 13.6289 12.7538
threshold=0.38160547109773496 0.012181201881601647 0.0064530211313289692 1.0000000180025095e-35 0.00091607660381055661 0.59850844302496509 1.0000000180025095e-35 10.500000000000002 1.0000000180025095e-35 19.764285714285737 0.0039406376185986179 0.040157915532896903 -0.00045069157803637465 0.0038185936959270333 0.0055458189710329304 -0.15208718463499177 6.416500000000002e-05 0.0024760548193198217 0.97524555310263905 0.0057920655373664767 0.00092282503251451848 7.3875000000000042e-06 -0.00027351241600504737 0.6063873753442951 -0.00164195185236773 -0.0071845546946504883 29.931428571428608 -0.00054966127577678358 20.500000000000004 4.7200000000000005e-06
decision_type=2 2 2 2 2 2 2 2 2 2 2 2 2 2 2 2 2 2 2 2 2 2 2 2 2 2 2 2 2 2
left_child=1 -1 3 4 5 -2 7 -6 -8 10 11 -5 -12 -4 -14 -16 -10 18 -18 -19 21 22 24 -23 25 26 -7 -28 29 -27
right_child=2 -3 13 9 6 20 8 -9 16 -11 12 -13 14 -15 15 -17 17 19 -20 -21 -22 23 -24 -25 -26 28 27 -29 -30 -31
leaf_value=-0.035371874934960572 -0.014418419975360584 0.05141672061570346 0.011548506927893699 -0.0043836473057355515 0.086305000015636846 -0.011190744052267717 0.080599363229633708 0.02214210878577803 -0.010793510149922697 -0.014752651022524925 -0.033797994798635232 0.083114729473050111 0.010255082103299154 0.00020347801971660912 0.1050575949265527 0.014932004281418868 -0.0067645285535835962 0.04355981658722044 0.087355549056338161 -0.0027007806931704237 -0.0065104376331088969 0.084809909876857076 0.08702966592026537 0.000292672666429783 -0.0045042097177366647 0.093851405606005481 -0.0061533327857085122 0.14077412899131067 -0.015744169894864862 0.031748777703012918
leaf_weight=36.759750951081514 170.81692244485021 4.1207372024655333 403.96963300183415 1324.4944017566741 12.793383225798605 58.452618278563023 6.861820835620164 26.72201769426465 63.181461367756128 261.12018781900406 13.674649659544228 5.2527511790394774 95.410334128886461 628.58068398758769 9.8302855491638201 15.648534391075371 60.869895827025175 50.093724213540554 4.8373210355639449 19.179644275456667 358.66144678369164 5.0225739739835253 9.3255473077297193 806.65166387334466 93.466429188847542 9.1856275089085084 5.8606491349637508 4.8146237544715387 13.558153856545685 82.686229009181261
leaf_count=546 2496 40 2687 14517 99 756 64 244 648 2866 136 28 1008 4662 100 135 635 441 40 153 4344 71 97 9875 1092 95 68 56 157 897
internal_value=-0.000109443 -0.0266236 0.000125119 -0.00117459 0.00173056 -0.000298983 0.0151632 0.0429153 0.00981443 -0.00431143 -0.00244952 -0.00403801 0.0132478 0.00464205 0.0185695 0.0497044 0.00736334 0.0158622 0.000164528 0.0307517 0.00136701 0.00396139 0.0131675 0.000815658 0.0105975 0.0186837 -0.000179614 0.060112 0.031052 0.037958
internal_weight=4661.9 40.8805 4621.02 3588.47 1863.04 1618.5 244.539 39.5154 205.024 1725.43 1464.31 1329.75 134.564 1032.55 120.889 25.4788 198.162 134.981 65.7072 69.2734 1447.69 1089.02 277.35 811.674 268.024 174.558 69.1279 10.6753 105.43 91.8719
internal_count=49053 586 48467 41118 22328 20004 2324 343 1981 18790 15924 14545 1379 7349 1243 235 1917 1269 675 594 17508 13164 3218 9946 3121 2029 880 124 1149 992
is_linear=0
shrinkage=0.05


Tree=55
num_leaves=31
num_cat=0
split_feature=59 51 58 21 54 50 10 9 5 40 48 17 2 58 48 14 54 45 21 9 42 37 53 14 64 7 21 50 5 37
split_gain=11.1363 13.0934 18.9767 16.8362 14.888 15.8753 14.1824 13.9291 14.5922 18.65 13.4993 14.1532 12.4288 13.3753 19.7072 15.4914 33.2002 14.7733 14.5301 16.9493 13.4851 11.3595 14.9795 14.7872 11.4374 11.2996 10.7961 13.0244 10.7846 10.605
threshold=-0.00019262481387795065 1.0000000180025095e-35 0.0067928661492355881 0.0017448614677551444 0.0045625010056313565 0.00090871159130424806 1.0000000180025095e-35 1.0000000180025095e-35 0.0023724953638818063 1.0000000180025095e-35 -0.00049623739145373039 0.54280488616515254 -0.00021786312181344325 -0.0067343883873484832 -0.00039639175864101221 0.035198983625876791 0.00090836051183416195 6.1665667405096236e-05 -0.0014503846945248817 1.0000000180025095e-35 7.3150000000000011e-06 0.54049529003443497 -0.00044595693793174118 0.36440677966108764 0.47285978306761789 1.5000000000000002 0.0025430927913419523 -0.0026832808008166254 0.0039140398252812143 0.20262907476353301
decision_type=2 2 2 2 2 2 2 2 2 2 2 2 2 2 2 2 2 2 2 2 2 2 2 2 2 2 2 2 2 2
left_child=1 3 -3 12 6 -6 10 -4 -9 -10 -5 -12 13 14 20 16 25 18 19 -16 -1 22 -22 28 -23 -15 -8 -28 -24 -17
right_child=-2 2 7 4 5 -7 26 8 9 -11 11 -13 -14 15 17 29 -18 -19 -20 -21 21 24 23 -25 -26 -27 27 -29 -30 -31
leaf_value=-0.044181791362229161 0.0017814555547508524 -0.01498609925010393 -0.0022904262435256171 0.065834439196232025 0.1206805989671 0.023083584731468897 -0.015450204902651844 -0.016627666490550096 0.12832037314595601 0.024796876205441382 0.065141527405019509 -0.024966579272831201 -0.010711802924292786 -0.055133710470147916 0.055989767858461915 0.0061544442887556707 0.15795531882932007 -0.010646820480679312 -0.01932388945013766 0.15573542357003523 0.0083440532552076473 0.067225339541065271 0.058609102514799089 0.013640493630128822 -0.013290386628049594 0.035957560268349509 0.0072971322253600869 0.095222730894398505 0.17146811849380014 -0.007108417621071542
leaf_weight=12.403176780790089 2916.4930356442928 390.83462677523494 58.340761087834835 5.9052610099315634 6.8924691155552891 10.535840727388857 6.1224453672766712 7.5211918279528645 7.251944027841092 10.873845331370831 4.9151629395782939 38.428548514842987 315.27866591513157 5.0671402402222183 14.206402651965627 217.78913350775838 4.6906255707144728 7.6976646818220607 3.9143013395369044 6.0824295207858077 27.320659775286913 4.9082707092165938 4.3063513971865159 6.4583166763186446 43.506208039820194 10.37550240382552 6.8305712491273924 10.985736873000857 4.1631220169365406 489.44629715383053
leaf_count=153 25931 5397 675 54 55 103 69 84 67 103 52 386 4609 68 175 2937 69 95 48 58 305 66 55 87 576 139 63 100 48 6426
internal_value=-0.00010825 -0.00327012 -0.0103524 -0.000618527 0.0201494 0.0616808 0.0102594 0.0112103 0.0419211 0.0662156 -0.00508597 -0.0147483 -0.00221659 0.000889343 0.0153453 -0.00179304 0.0414546 0.0496874 0.0688763 0.0858927 0.00471586 0.0114053 0.0303513 0.0706286 -0.00512768 0.0060681 0.0418293 0.061513 0.114084 -0.00302419
internal_weight=4659.55 1743.05 474.822 1268.23 90.616 17.4283 73.1877 83.9877 25.647 18.1258 49.249 43.3437 1177.61 862.336 134.967 727.369 20.1333 31.9008 24.2031 20.2888 103.066 90.6629 42.2484 14.9278 48.4145 15.4426 23.9388 17.8163 8.46947 707.235
internal_count=49053 23122 6326 16796 882 158 724 929 254 170 492 438 15914 11305 1666 9639 276 376 281 233 1290 1137 495 190 642 207 232 163 103 9363
is_linear=0
shrinkage=0.05


Tree=56
num_leaves=31
num_cat=0
split_feature=18 63 50 58 42 5 56 64 17 59 19 18 58 15 49 0 38 49 58 4 1 18 5 7 38 53 38 60 21 2
split_gain=11.076 11.1482 10.7697 14.2874 15.5565 14.0447 11.1645 10.9825 9.94443 10.2744 16.8433 14.2324 12.8875 12.233 17.8746 13.6355 12.538 16.3659 13.162 16.4099 12.7312 13.4197 12.3044 11.9216 15.085 12.8622 11.3907 11.1358 17.1909 15.6195
threshold=0.0018598777785719558 -0.0056770199740230161 0.0024604804851710428 -0.0016683914687559602 4.7200000000000005e-06 0.0017717164667627862 1.8049098326062087 0.99596080922628827 1.6597346507366237 -0.024660633804338413 -0.0085940162273425609 0.011961638678504744 -0.0084766731717110071 0.19894249834763664 0.00028123838525372086 -0.0004950742199602401 0.21160504694835672 -0.0033307039719148186 0.0093299464363080526 14.201428571428503 0.0062220529247133437 0.0047640557299643586 0.003682994114494183 1.0000000180025095e-35 0.16900414642197198 6.8054989166290567e-05 0.25243291178445487 0.24057834153275059 0.0029826971815262123 0.003074417603068222
decision_type=2 2 2 2 2 2 2 2 2 2 2 2 2 2 2 2 2 2 2 2 2 2 2 2 2 2 2 2 2 2
left_child=-1 2 3 5 -5 -2 -4 -6 9 -3 12 13 -11 15 16 -12 20 26 27 -20 -15 -22 -21 24 -17 -26 -18 28 -19 -30
right_child=1 8 6 4 7 -7 -8 -9 -10 10 11 -13 -14 14 -16 23 17 18 19 22 21 -23 -24 -25 25 -27 -28 -29 29 -31
leaf_value=-0.028268656088119393 0.081951418532755227 -0.031122554871752403 -0.038685791208253398 0.073414444929305211 -0.030013612535445024 0.00211280313232973 0.053063187166579408 0.035317743168001306 0.0073582515991159961 0.064192987930630899 -0.0085191266992986278 -0.023730012794178523 0.013025975913058844 -0.0026123334187410237 -0.0025661886329243549 -0.025665336203621138 0.085686591594594047 0.012474218765330881 0.087243572849897644 -0.044995594734916627 0.081152278712954218 0.01173315915312796 0.051881723026058868 -0.0014951410559098717 0.06259314149094132 0.015128728341121847 0.018345247257217468 0.002561122190207211 0.12018803136627512 0.023034215353372498
leaf_weight=34.655924908816814 5.7755483090877524 26.592286061495543 43.198544170707464 4.2305839508771887 80.090347390621901 119.08973487839103 3.5913522019982329 6.9945839345455161 497.76158770546317 15.282005947083233 706.01663871854544 64.333013914525509 63.199746526777744 409.34056821092963 973.00753331184387 18.602871160954237 11.952652893960478 256.23873573541641 11.945537306368353 6.1907131969928724 8.809510760009287 33.193071652203798 6.965337723493576 727.3875118419528 17.285629738122225 81.900278460234404 13.230360466986893 394.25777774304152 7.2211407460272339 9.6864005550742132
leaf_count=780 71 360 621 49 1115 1611 34 75 3845 149 7702 744 647 4579 9821 194 107 2941 88 52 69 304 56 7656 163 796 126 4156 61 81
internal_value=-0.000107423 0.000103668 -0.00989409 -0.00518665 -0.0202176 0.00580568 -0.0316436 -0.0247663 0.000706621 -0.000150545 6.41591e-05 -0.000414662 0.0229892 -8.52784e-06 0.00244026 -0.00339006 0.00660723 0.0107136 0.00927375 0.0448175 7.76292e-05 0.0262929 0.00629512 0.000894503 0.0156514 0.0234006 0.0503076 0.00793692 0.0156963 0.0645282
internal_weight=4658.03 4623.37 262.971 216.181 91.3155 124.865 46.7899 87.0849 4360.4 3862.64 3836.05 3757.57 78.4818 3693.23 2142.04 1551.19 1169.03 717.689 692.506 25.1016 451.343 42.0026 13.1561 845.176 117.789 99.1859 25.183 667.404 273.146 16.9075
internal_count=49053 48273 3576 2921 1239 1682 655 1190 44697 40852 40492 39696 796 38952 22441 16511 12620 7668 7435 196 4952 373 108 8809 1153 959 233 7239 3083 142
is_linear=0
shrinkage=0.05


Tree=57
num_leaves=31
num_cat=0
split_feature=59 19 4 37 62 50 59 6 1 49 50 28 6 7 64 4 50 21 64 59 51 18 37 32 17 42 38 37 7 4
split_gain=10.7398 15.6442 15.7849 14.3916 14.2709 14.1482 12.3176 11.5997 13.6072 24.8809 13.5844 14.3826 13.4166 11.8905 17.892 13.5917 11.647 17.5151 13.393 13.3603 15.456 20.5833 13.4939 19.7297 12.784 12.5674 12.5211 15.6597 12.9879 27.0429
threshold=-0.012042605746047022 -0.006668044126622954 29.064642857142776 0.11076597718384941 0.0047648920063540724 -0.0074217108322987765 0.014368271634923236 1.5000000000000002 0.0054218756548832236 0.00073410781807666306 -0.0011650368975365439 0.15491411007126268 22.500000000000004 4.5000000000000009 0.31929048148066663 12.767499999999993 0.001652535880463858 0.0033381665695889316 0.34957252048496773 -0.0066482548875867924 -1.0000000180025095e-35 0.0030012142211073701 0.1619462852313743 16.500000000000004 1.7324430895791585 4.3950000000000011e-06 0.29777210159470152 0.10823976534509076 2.5000000000000004 13.044285714285724
decision_type=2 2 2 2 2 2 2 2 2 2 2 2 2 2 2 2 2 2 2 2 2 2 2 2 2 2 2 2 2 2
left_child=5 3 6 -2 -5 -1 7 10 16 -10 -3 13 -11 -12 15 -15 19 -18 -19 -9 21 24 23 -23 25 -21 -22 28 29 -28
right_child=1 2 -4 4 -6 -7 -8 8 9 12 11 -13 -14 14 -16 -17 17 18 -20 20 26 22 -24 -25 -26 -27 27 -29 -30 -31
leaf_value=0.0031534724356739085 0.069162521056223489 0.022897573426985687 -0.014219121218936502 0.014671415992407358 -0.046237026487922321 -0.022599129467600981 0.011139870934329717 -0.015613272571631968 0.021458693077171378 -0.0046463286760393347 0.012691963496746079 -0.042557670235949412 0.059415193131598792 0.0026308870860965636 -0.027625611697645849 0.10238957595784913 -0.011329355881055971 0.074121287065538277 0.0062115973508893403 0.060311641989817727 -0.0053514106878695452 0.016762044668544435 0.0049265071839374071 0.092603509682085028 0.036142229159141531 -0.015971920546549431 0.099814740057634521 -0.0030648455855765248 0.012630574887390901 -0.013051260022350689
leaf_weight=96.991846591234207 11.36594909802079 110.93756172806025 191.63284295424819 163.45948715507984 10.218094803392885 118.48567993938923 253.4056653007865 140.31114855408669 178.95951765030622 259.12015221267939 154.62375759705901 17.037571230903268 8.4393394030630571 11.199876319617035 49.454106453806162 4.911807417869567 582.81260950863361 7.9315112978219977 85.794675163924694 5.5815016441047183 1083.222367618233 184.66127489134669 547.18952008336782 8.992884159088133 14.047046724706886 165.23765890300274 14.276628538966181 114.85219975188375 52.656885053962469 8.4475012980401498
leaf_count=941 90 1073 2218 1417 85 2001 1509 2177 1691 2237 1467 148 82 145 605 43 5912 73 802 68 11601 1999 6048 75 168 2453 120 1092 637 76
internal_value=-0.000105919 0.000423039 -0.000195783 0.0146551 0.0110879 -0.0110072 0.000465453 -0.000244379 -0.00111913 0.00702704 0.00845515 0.00170125 -0.00262571 0.00512587 -0.0127172 0.0330433 -0.00232517 -0.00810312 0.0119584 -0.000654279 0.000300135 0.0052165 0.0089409 0.020284 -0.00970887 -0.0134794 -0.0032737 0.00855713 0.0262646 0.0578578
internal_weight=4656.26 4440.78 4255.74 185.044 173.678 215.478 4064.1 3810.7 3462.53 446.519 348.165 237.227 267.559 220.19 65.5658 16.1117 3016.02 676.539 93.7262 2339.48 2199.17 925.71 740.844 193.654 184.866 170.819 1273.46 190.233 75.381 22.7241
internal_count=49053 46111 44519 1592 1502 2942 42301 40792 37311 4010 3481 2408 2319 2260 793 188 33301 6787 875 26514 24337 10811 8122 2074 2689 2521 13526 1925 833 196
is_linear=0
shrinkage=0.05


Tree=58
num_leaves=31
num_cat=0
split_feature=17 63 18 59 19 50 4 59 50 37 42 1 37 38 5 13 6 18 59 7 41 4 2 54 54 20 56 37 6 20
split_gain=10.4989 10.1595 9.86395 9.88578 13.4679 12.6811 12.451 11.296 12.0022 20.8154 14.0051 13.9545 15.645 13.9482 12.822 12.6043 14.9762 14.7254 12.7575 13.5662 23.0788 13.5011 16.2829 12.9154 13.9361 12.1534 11.0217 16.404 15.3407 13.0385
threshold=0.38160547109773496 0.012181201881601647 0.0018598777785719558 -0.012042605746047022 -0.013016435471416071 -0.0074217108322987765 29.064642857142776 0.014368271634923236 -0.0020127726525905128 0.76400064759998221 3.7955000000000005e-05 -0.0029494660026050624 0.12510177762920996 0.37373034784165798 0.001734910243502009 0.018754966498030285 15.500000000000002 0.0030957401068565349 0.006596975687003675 3.5000000000000004 2.3515000000000004e-05 11.020714285714236 -0.0018813911459329088 -0.0034370784815625096 0.0027285788355063856 -0.010615571593486296 1.7004017205005126 0.83308148856089304 13.500000000000002 -0.015753795694740065
decision_type=2 2 2 2 2 2 2 2 2 2 2 2 2 2 2 2 2 2 2 2 2 2 2 2 2 2 2 2 2 2
left_child=1 -1 -2 5 -5 26 7 8 9 11 -11 12 -6 25 -15 -13 17 -17 19 21 -21 22 -19 -22 -25 -10 27 28 29 -4
right_child=2 -3 3 4 6 -7 -8 -9 13 10 -12 15 -14 14 -16 16 -18 18 -20 20 23 -23 -24 24 -26 -27 -28 -29 -30 -31
leaf_value=-0.034493886606560886 -0.027063808870841779 0.047122193035416676 0.029456682244671101 0.035031057066807446 0.020970970985402737 -0.021496634586095211 -0.01142206211272348 0.011418921077573389 0.027479169161343599 0.014514951835611948 -0.026153455339314291 -0.011050023998199189 -0.00058652354963481068 0.064094287183607893 0.0085278418125321141 -0.0054579005682862964 0.0022864081209970338 -0.0037441247826335402 0.093789483377376803 -0.0090190666790828291 0.12536266231322521 0.010120052539610812 0.10182814200523022 0.021945476488745692 0.12186394394052494 -0.0016760155478830014 -0.01749923599788436 -0.018291632065902039 0.0069373206960019517 0.11662873851705502
leaf_weight=35.423618504777551 33.142863133922219 4.2728626802563658 8.8909311741590518 28.585109226405621 108.65285634994507 114.67739205807447 205.25456079468131 253.58118411898613 36.17711016908288 29.369155734777451 75.825206361711025 29.414693377912045 373.39066116139293 15.003307744860647 33.702827040106058 21.024363361299038 55.847895462065935 5.7907360456883898 10.075690932571886 9.0663957186043245 10.843962911516428 53.811010181903839 9.8905371837317926 10.688979495316742 5.1812710464000711 2987.9886502996087 39.00675331056118 21.120045080780983 19.7918969579041 8.2884959429502469
leaf_count=546 768 40 70 207 1059 1965 2331 1491 441 295 789 331 3701 146 280 273 662 74 67 94 103 517 97 107 40 31690 333 238 223 75
internal_value=-0.000104992 -0.0257089 0.000115287 0.000311926 0.000823298 -0.0102382 0.000598021 0.00119463 0.000526713 0.00594571 -0.0147993 0.00904691 0.00427255 -0.000899732 0.0256444 0.0194309 0.0240952 0.0330264 0.0400409 0.0348966 0.0599107 0.0220172 0.0628427 0.0833045 0.0545666 -0.00132724 0.00305844 0.0168623 0.0369442 0.0715143
internal_weight=4653.78 39.6965 4614.08 4580.94 4369.17 211.776 4340.58 4135.33 3881.75 808.873 105.194 703.679 482.044 3072.87 48.7061 221.636 192.221 136.373 115.349 105.273 35.7806 69.4923 15.6813 26.7142 15.8703 3024.17 97.0981 58.0914 36.9713 17.1794
internal_count=49053 586 48467 47699 44795 2904 44588 42257 40766 8209 1084 7125 4760 32557 426 2365 2034 1372 1099 1032 344 688 171 250 147 32131 939 606 368 145
is_linear=0
shrinkage=0.05


Tree=59
num_leaves=31
num_cat=0
split_feature=59 51 58 4 21 54 10 32 21 9 37 60 50 17 48 49 63 58 62 18 59 13 12 56 50 5 48 14 32 60
split_gain=10.0488 11.9144 17.0469 15.7593 14.3508 12.7317 12.7133 12.3775 18.5175 14.3438 12.3433 16.748 12.1858 11.9773 13.7132 11.4415 11.8628 19.0442 13.7763 12.9378 11.7452 12.1326 14.8392 12.2441 13.8223 10.5457 10.4645 10.2803 12.4268 13.4516
threshold=-0.00019262481387795065 1.0000000180025095e-35 0.0067928661492355881 20.897142857142871 0.0017448614677551444 0.0045625010056313565 1.0000000180025095e-35 3.5000000000000004 0.0015305116765018223 1.0000000180025095e-35 0.52824748967122426 0.72262244876060688 0.00090871159130424806 0.53734168018929129 -0.00049623739145373039 -0.0045163270032279774 0.0026429310381564661 0.00093378724072070622 0.0012597925790893705 0.0051120921805633667 -0.015125858816423589 0.89127279098825241 3.6816286806126635 2.2884572603738795 -0.0090311066067140216 0.0023506118900231982 -0.00055155302358968119 0.035198983625876791 1.5000000000000002 0.7508835974524698
decision_type=2 2 2 2 2 2 2 2 2 2 2 2 2 2 2 2 2 2 2 2 2 2 2 2 2 2 2 2 2 2
left_child=1 4 -3 7 15 6 13 9 -9 -4 11 -10 -7 -6 -15 20 27 18 19 25 -1 22 23 24 -22 -18 -26 28 -17 -30
right_child=-2 2 3 -5 5 12 -8 8 10 -11 -12 -13 -14 14 -16 16 17 -19 -20 -21 21 -23 -24 -25 26 -27 -28 -29 29 -31
leaf_value=-0.0043741831230165928 0.0016891969047998061 -0.0143777931623678 -0.020816806047490831 -0.030021348679702506 0.065907398293136785 0.10479141570217464 0.038553116159719895 -0.0079208997965374735 0.056381994735312996 0.045199249955327432 0.017526973091168314 0.17230126245784547 0.021632246494149666 0.057187832862932268 -0.024850114422539191 -0.013530661972928876 0.043037583656020464 -0.016754211534442672 -0.011202034737046757 0.017910102683044427 0.088003036185595906 -0.02481498155918577 0.11182792897442567 -0.030923170468952862 0.063895994169705303 0.12142849248556586 -0.0096261375165014786 -0.0058718274270261788 0.076226049565639609 -0.013265585759702218
leaf_weight=45.744475714862347 2915.9816876407713 385.33959384448826 23.53389897942543 18.772120483219624 5.2571965008974066 7.4908968508243587 24.610168550163507 10.419697761535646 7.8022448644042033 12.651645567268131 6.3300589881837359 5.1877699382603168 10.694708280265329 5.8760645911097518 38.267649546265602 14.07462292164564 8.2652052789926582 25.873299695551395 10.541630778461693 13.201620530337093 10.817611176520584 8.4321293383836728 6.2801702693104735 6.9906945042312136 7.7852970547974101 8.9208602681756002 12.791658539325004 974.03362177684903 13.371116274967791 6.1213435158133498
leaf_count=439 25931 5397 269 224 53 55 232 126 79 123 59 49 103 51 388 181 69 265 95 102 91 63 42 58 79 57 143 13942 190 98
internal_value=-0.00010368 -0.0031161 -0.00991363 0.0103965 -0.000591221 0.0184031 0.00919282 0.0219054 0.0458033 0.00226456 0.0747778 0.102676 0.0558866 -0.00543366 -0.0139299 -0.00208384 -0.00358147 0.0168231 0.0380489 0.0551343 0.0141952 0.0301931 0.0405777 0.0289206 0.0422461 0.0837284 0.018191 -0.00493427 0.0222714 0.0481224
internal_weight=4651.46 1735.48 470.037 84.6974 1265.44 92.1967 74.0111 65.9253 29.7398 36.1855 19.3201 12.99 18.1856 49.4009 44.1437 1173.25 1074.4 66.8026 40.9293 30.3877 98.842 53.0976 44.6654 38.3853 31.3946 17.1861 20.577 1007.6 33.5671 19.4925
internal_count=49053 23122 6326 929 16796 882 724 705 313 392 187 128 158 492 439 15914 14999 588 323 228 915 476 413 371 313 126 222 14411 469 288
is_linear=0
shrinkage=0.05


Tree=60
num_leaves=31
num_cat=0
split_feature=63 38 37 41 58 18 58 59 59 54 19 9 58 5 32 4 58 46 58 7 47 38 21 1 6 55 21 5 21 4
split_gain=9.8937 11.1761 12.8836 15.4308 15.8054 18.2037 14.1368 16.7607 14.7054 15.5156 14.0098 18.221 12.3757 11.9987 13.6259 16.1826 19.1774 17.2819 15.0358 14.9198 19.7448 14.8024 20.2482 19.9743 29.7505 27.5022 25.7594 25.1498 26.0157 21.6766
threshold=-0.0020331343952488625 0.28986141230416745 0.10337807089541508 1.1900000000000003e-06 0.010034567511446752 0.0055499341820198075 0.0021968137285947342 0.006596975687003675 0.0030059636624923517 0.00081343222352759433 -0.0024375951096965629 1.0000000180025095e-35 -0.0058712684947087044 0.0016155044955312003 13.500000000000002 22.896785714285723 0.0049611154837526554 -0.00031787782537954855 0.0010096484789700129 5.5000000000000009 -0.0006207473856796545 0.23283733802135712 0.0045827259153723493 -0.0025399753839864046 12.500000000000002 1.0000000180025095e-35 9.2080685981024682e-05 0.0030174328647272126 -0.0025563416160460811 14.343214285714209
decision_type=2 2 2 2 2 2 2 2 2 2 2 2 2 2 2 2 2 2 2 2 2 2 2 2 2 2 2 2 2 2
left_child=-1 13 10 6 -5 -6 7 12 9 -8 11 -3 -4 -2 19 16 -16 -18 -17 -15 -21 22 23 -22 25 -25 27 28 -26 -28
right_child=1 2 3 4 5 -7 8 -9 -10 -11 -12 -13 -14 14 15 18 17 -19 -20 20 21 -23 -24 24 26 -27 29 -29 -30 -31
leaf_value=-0.0080168511755657357 -0.01047016335388591 0.12511746111818314 0.036124743924783896 -0.0041545060200109066 0.095819250142555018 -0.0049908916797834491 0.044554743301963393 0.047725206145820098 0.0096364519091222886 0.1639471023655229 0.013456726133370511 0.013654092174500559 -0.015296839691073115 -0.001679601344292546 8.0732009093647736e-05 0.1013101429677858 0.086040613135010935 -0.00077066007141201643 4.6087865169595099e-05 0.095384282523996056 -0.0037942652599281057 -0.0085154491308137344 -0.021032296122583439 -0.030033781215717051 0.22632332784476528 0.030033479264441099 0.0063449074897432879 0.043035654226890478 0.086837110638703863 0.082489097532702504
leaf_weight=363.94865936413407 282.05648421496153 6.697786029428241 15.489908013492821 400.36220329999924 8.6831466183066386 9.2468327805399877 6.3873353116214293 22.254100330173969 9.0661179944872838 4.7409458719193935 176.76517767459154 8.1011505872011185 47.834893994033337 2767.8171510249376 101.85829968377948 9.7946288175880891 13.839579071849586 9.7872741445898992 5.8581185787916175 6.486811362206935 67.422632236033678 104.96951773017645 36.371315639466047 31.010052032768726 4.7797536589205256 49.43342287838459 35.999447468668222 18.514568902552128 11.119356542825697 12.624397475272415
leaf_count=4934 3784 63 151 3897 47 64 69 121 59 47 1903 72 495 28101 970 92 95 76 50 67 710 1119 348 386 62 488 325 227 127 104
internal_value=-0.000102252 0.00056992 0.0062728 0.00221671 -0.00209768 0.0438295 0.0192784 0.0103989 0.0569076 0.0954191 0.0173691 0.0641008 -0.00271858 -0.000573342 0.000275724 0.0154743 0.00949472 0.0500796 0.0634116 -0.000406006 0.00890159 0.00739453 0.013643 0.019105 0.028549 0.00687823 0.0495429 0.0826453 0.128771 0.0261145
internal_weight=4649.32 4285.37 715.63 524.065 418.292 17.93 105.773 85.5789 20.1944 11.1283 191.564 14.7989 63.3248 3569.74 3287.69 141.138 125.485 23.6269 15.6527 3146.55 378.731 372.244 267.275 230.904 163.481 80.4435 83.0375 34.4137 15.8991 48.6238
internal_count=49053 44119 6988 4950 4008 111 942 767 175 116 2038 135 646 37131 33347 1283 1141 171 142 32064 3963 3896 2777 2429 1719 874 845 416 189 429
is_linear=0
shrinkage=0.05


Tree=61
num_leaves=31
num_cat=0
split_feature=17 44 63 50 59 58 58 19 47 21 4 59 5 37 21 59 19 42 4 4 18 55 35 48 48 63 37 4 42 4
split_gain=9.6607 9.33367 10.355 11.7835 9.4132 13.1502 16.9036 21.2629 17.4226 24.5788 20.7954 15.9187 15.869 15.8351 16.6248 16.4583 20.6142 18.4446 25.8056 18.4908 16.3255 15.9481 14.8523 13.493 13.1081 12.5451 12.2714 15.5984 19.2408 28.756
threshold=0.38160547109773496 0.00010903499999999785 -0.013079537081406458 0.0022585556113072507 0.0028031250996612711 -0.0070701262831338839 -0.0040665247921489985 -0.003561476266247933 -2.1160247612631941e-05 -0.00027436843247494229 19.764285714285737 -0.0071845546946504883 0.0023724953638818063 0.54489017324163147 -0.0010381507866067657 -0.0071845546946504883 -0.0052554630888200131 7.521000000000002e-05 22.896785714285723 12.835714285714259 0.0073778863391925995 1.0000000180025095e-35 0.14844408386854915 -0.00051207938676700907 -0.00041684814890946331 -0.0083308781010965078 0.1619462852313743 9.8539285714285363 1.6680000000000003e-05 10.829999999999979
decision_type=2 2 2 2 2 2 2 2 2 2 2 2 2 2 2 2 2 2 2 2 2 2 2 2 2 2 2 2 2 2
left_child=-1 2 3 -2 5 12 7 -7 26 -10 11 -11 -4 14 15 16 22 18 19 -17 -19 -15 -14 -16 -6 -9 27 -8 29 -29
right_child=1 -3 4 -5 24 6 8 25 9 10 -12 -13 13 21 23 17 -18 20 -20 -21 -22 -23 -24 -25 -26 -27 -28 28 -30 -31
leaf_value=-0.024958444728160809 -0.0065823362112594919 0.067098719389084835 -0.050353772198355642 -0.044529209903068127 0.0070615026921184128 0.005553137813237667 -0.0048939139127416988 0.055738094305329416 -0.0088191455859819284 0.11228534846176151 -0.0038321992925199142 0.028248003837910086 0.10493237911518337 -0.010257822495929846 0.053004666102541967 0.12316349710799818 -0.040764353809186984 0.066170308434778766 0.15758269860947874 0.011893699172487442 -0.041051956891055959 0.078691746823674066 0.011005095388994138 -0.019620037787167754 -0.0012637381843225404 -0.028812647077734656 -0.0059415401671737006 0.13690207821036501 0.0056589106439054798 0.024073227723577395
leaf_weight=38.764827698469162 112.47864724695683 5.1934933066368094 9.8354086913168413 25.006086967885494 998.50209544599056 79.893985457718372 339.22749879024923 4.521469358354806 109.1671579554677 5.9009587727487078 58.448478106409311 125.08092450723052 6.7163075208664003 64.762492544949055 8.5692056939005834 5.7827987819910112 11.021288871765135 7.8066285811364633 8.7912857271730882 10.53704449534416 6.5109285786747932 5.4643960818648329 11.272528048604725 25.213704131543636 898.05654719471931 147.65700179710984 1200.2075202986598 6.6896419003605834 274.46815745532513 36.236602239310741
leaf_count=586 1553 51 128 392 7681 915 4845 66 1331 63 641 1309 71 859 88 59 169 94 90 109 76 63 94 276 7080 1928 14772 73 3206 385
internal_value=-0.00010213 0.000106927 3.13552e-05 -0.0134842 0.000447397 -0.00152456 -0.00251286 -0.0153345 -0.00113238 0.0100775 0.0209676 0.032034 0.0114199 0.0149431 0.0275014 0.0416683 0.0130829 0.0627003 0.0885228 0.0513212 0.0174108 -0.0033366 0.0460738 -0.00119841 0.00311934 -0.0263005 -0.00293505 0.00256038 0.0105274 0.0416565
internal_weight=4647.79 4609.02 4603.83 137.485 4466.34 2569.78 2387.5 232.072 2155.43 298.598 189.43 130.982 182.284 172.449 102.222 68.4388 29.0101 39.4287 25.1111 16.3198 14.3176 70.2269 17.9888 33.7829 1896.56 152.178 1856.83 656.622 317.394 42.9262
internal_count=49053 48467 48416 1945 46471 31710 29534 2909 26625 3344 2013 1372 2176 2048 1126 762 334 428 258 168 170 922 165 364 14761 1994 23281 8509 3664 458
is_linear=0
shrinkage=0.05


Tree=62
num_leaves=31
num_cat=0
split_feature=6 6 58 60 64 32 37 38 59 42 4 21 6 11 14 6 6 20 42 59 37 60 58 58 58 59 58 51 4 59
split_gain=9.09069 13.4347 22.3035 20.1473 17.8005 16.3461 17.4408 13.6413 15.3407 18.4845 17.9685 20.6643 16.0247 17.2439 12.3908 12.147 27.5601 17.8677 14.1695 12.4678 17.4783 15.1852 12.9876 15.6489 14.7988 19.0898 14.4331 14.013 13.7548 23.0843
threshold=1.5000000000000002 4.5000000000000009 0.0020259388890200027 0.029632045142847473 0.11588329685718703 6.5000000000000009 0.25830460634261992 0.13543756488972644 0.0044233135652845144 3.2335000000000001e-05 14.266428571428589 0.0017790366998714569 2.5000000000000004 -0.7797117331844593 0.42702183617683176 15.500000000000002 11.500000000000002 -0.028535970013276981 1.3700000000000001e-05 0.0012691053768589071 0.14483666612287552 0.71027951892713348 -0.002638811682017093 -0.0039663190967052326 -0.0036806201583497954 -0.0036397524982570554 -0.0070701262831338839 1.0000000180025095e-35 19.269642857142802 -0.0097148420065696003
decision_type=2 2 2 2 2 2 2 2 2 2 2 2 2 2 2 2 2 2 2 2 2 2 2 2 2 2 2 2 2 2
left_child=-1 2 3 5 -4 6 -2 -6 12 -10 14 -12 13 -9 -11 16 17 -3 -17 22 21 -21 23 26 -25 -26 28 -27 -19 -30
right_child=1 15 4 -5 7 -7 -8 8 9 10 11 -13 -14 -15 -16 18 -18 19 -20 20 -22 -23 -24 24 25 27 -28 -29 29 -31
leaf_value=0.0069381467700793762 -0.029513250231068728 0.082296888589634576 0.079425290600996692 -0.019370067103667829 -0.058520429576696224 0.095992014589150229 0.063116129251093944 0.088314183185437517 0.084402644780021061 0.0074579422413439071 0.054890259426790655 -0.024692422832554586 -0.020834847725225938 0.0029222536008312455 0.083811636528373132 -0.01841035577219105 0.0093553504095005621 -0.016521455024034817 -0.0016462787304090103 0.0075900137014383948 -0.0051467977260973808 0.046095441759801258 -0.011450403850020219 0.09291606866459351 -0.028591899655607836 0.062460860566190914 -0.022983324219895483 -0.013711262602889207 -0.013476790411891124 0.077510562936896177
leaf_weight=417.33469087071717 13.887633929029112 6.2570420652627936 7.7400739081203929 318.84233327209949 8.855772912502287 6.2612484134733668 8.0142001174390298 7.2996308356523505 10.328105069696901 9.5350254923105258 10.733866877853869 33.975698612630367 72.069249507039785 31.102537602186203 12.001289770007132 139.32279831916094 902.35915894806385 21.219623394310474 1322.8698578495532 280.80214976891875 356.48962497711182 28.173383742570877 482.84661603160203 7.4183193854987612 15.311508771032093 20.760488208383322 57.358314100652933 8.5138954259455222 12.622460603713991 15.569559048861263
leaf_count=4088 197 47 64 3756 85 85 102 91 77 62 66 259 868 349 71 1629 8176 262 14720 2414 3129 230 6489 100 216 214 765 114 149 179
internal_value=-0.000102096 -0.000796931 -0.00808064 -0.0157894 0.00505513 0.0247482 0.00438119 0.00211676 0.00498766 0.0221867 0.0124868 -0.00558622 -0.00693393 0.0191539 0.0500067 0.000293571 0.00262784 -0.00199443 -0.00324362 -0.00239793 0.00239709 0.0111011 -0.00737115 0.00503425 0.0275262 0.0166464 -0.00592085 0.0403077 0.0138857 0.0367726
internal_weight=4645.88 4228.54 550.647 347.005 203.641 28.1631 21.9018 195.901 187.045 76.574 66.2459 44.7096 110.471 38.4022 21.5363 3677.89 2215.7 1313.34 1462.19 1307.09 665.465 308.976 641.621 158.774 52.0042 44.5859 106.77 29.2744 49.4116 28.192
internal_count=49053 44965 6132 4140 1992 384 299 1928 1843 535 458 325 1308 440 133 38833 22484 14308 16349 14261 5773 2644 8488 1999 644 544 1355 328 590 328
is_linear=0
shrinkage=0.05


Tree=63
num_leaves=31
num_cat=0
split_feature=17 63 5 32 4 2 13 14 6 1 59 17 6 63 42 58 6 7 59 20 9 59 47 51 58 63 58 6 49 4
split_gain=8.77485 9.46058 8.75069 9.04919 17.0177 15.9933 15.8296 12.2361 11.3956 10.3471 13.4649 10.0652 9.73071 9.01196 10.4795 14.6273 12.2232 10.5013 10.2606 12.0951 15.6866 10.484 15.0172 12.7174 15.7387 15.177 22.5965 14.5449 13.0592 12.5215
threshold=0.38160547109773496 0.012181201881601647 0.0012794593431940831 12.500000000000002 22.896785714285723 0.001839435373823182 0.007593696623330321 0.71095109389365185 16.500000000000004 -0.0086760859309994772 0.001904637262854349 0.66803217487453426 8.5000000000000018 -0.025596712539311259 0.00050101000000000008 0.0035762429932093042 8.5000000000000018 4.5000000000000009 -0.024660633804338413 -0.022206268352486711 1.0000000180025095e-35 -0.0073502114018449763 0.00086724453221796326 1.0000000180025095e-35 -0.00070488703101406584 0.00025164638960737453 0.0035762429932093042 10.500000000000002 -0.0050708810218765979 31.135357142857146
decision_type=2 2 2 2 2 2 2 2 2 2 2 2 2 2 2 2 2 2 2 2 2 2 2 2 2 2 2 2 2 2
left_child=1 -1 -2 13 5 6 11 8 -6 -8 -11 -5 -12 -4 18 17 -17 -16 -15 20 -20 22 29 25 27 28 -27 -25 -23 -21
right_child=2 -3 3 4 7 -7 9 -9 -10 10 12 -13 -14 14 15 16 -18 -19 19 21 -22 23 -24 24 -26 26 -28 -29 -30 -31
leaf_value=-0.033090796578374895 -0.014130740857676894 0.04540334574892891 -0.023138251197522577 0.022845235802961009 0.080268501938881187 -0.01216252272821626 0.07221532301688563 -0.020606658185375649 0.011366566694391855 -0.0052447891146162884 -0.0081809863226396697 0.1117975999147553 0.036019071191269278 -0.026484191751459829 0.099258191614684813 0.044737442450012502 -0.056921690438661382 0.0095139202626281921 0.014054666094018432 -0.013323565171836686 0.099989320638406334 0.04582491500518418 0.083402972936659173 -0.018302268854014061 0.00038076675122457955 0.028647793359213632 -0.03574123396255445 -0.00096293438780004406 0.0020718536984916103 0.024867630932713186
leaf_weight=33.476458076387644 105.62071239203215 4.3358778730034819 42.293390180915594 6.3835633136332017 17.904112175107006 93.138470482081175 6.2807859405875197 6.2250930480658999 9.0261639356613141 94.354664016515017 16.882195796817541 6.3372238650918007 47.450901430100203 36.631919745355844 8.8820359855890292 5.5843019932508451 6.2844759188592434 5.1494519114494315 36.346880074590445 279.33820316195488 6.2191125601530066 17.286941487342119 4.3287720419466487 245.22291122376919 1845.0795163325965 111.48168601468205 15.522943940013645 238.64328775554895 1268.5485239699483 23.248256970196962
leaf_count=546 1927 40 613 64 152 810 50 55 94 1143 129 60 333 462 86 40 67 54 378 4116 43 124 61 2676 16872 875 155 2304 14358 366
internal_value=-0.00010181 -0.02409 9.51309e-05 0.000429025 0.00875936 0.00462007 0.0134169 0.0425709 0.0571748 0.00927282 0.00678158 0.0671594 0.0244202 -0.000174461 5.93526e-05 0.0317646 -0.00909071 0.0663227 -0.00013958 9.63015e-05 0.0266102 -0.000182452 -0.00906641 0.000546243 -0.00172412 0.00428875 0.0207779 -0.00975049 0.00266008 -0.0103893
internal_weight=4643.51 37.8123 4605.7 4500.08 303.983 270.828 177.689 33.1554 26.9303 164.969 158.688 12.7208 64.3331 4196.09 4153.8 25.9003 11.8688 14.0315 4127.9 4091.27 42.566 4048.7 306.915 3741.79 2328.95 1412.84 127.005 483.866 1285.84 302.586
internal_count=49053 586 48467 46540 2890 2589 1779 301 246 1655 1605 124 462 43650 43037 247 107 140 42790 42328 421 41907 4543 37364 21852 15512 1030 4980 14482 4482
is_linear=0
shrinkage=0.05


Tree=64
num_leaves=31
num_cat=0
split_feature=18 37 21 38 54 58 32 5 43 58 47 59 64 63 48 52 1 49 52 58 4 41 53 31 2 41 63 58 17 49
split_gain=8.73328 8.83575 16.8849 13.7886 15.8791 17.1577 14.3976 18.6939 14.0448 16.5914 14.5388 13.9516 14.8909 19.4021 12.7928 12.134 12.6492 11.8019 10.8763 10.8492 12.5967 12.6564 14.9673 14.4785 12.2951 24.1768 13.2424 13.8276 11.7624 11.5418
threshold=0.0018598777785719558 0.11076597718384941 0.0038462170992593137 0.2803718904448797 -0.0034370784815625096 0.0025252702840340732 17.500000000000004 0.0025754647498245123 9.8115000000000005e-05 -0.0016683914687559602 -0.00016078247252597055 0.0014959679796962119 0.39776743265129877 0.0040439794897212571 -0.00050953819548092162 0.52688106985140348 -0.0042329664924425732 -0.0054977894864163962 1.0000000180025095e-35 0.002157309572829062 21.594285714285665 -1.6924999999999995e-05 0.0017073242845687113 0.57165284634671598 -0.017113067506776304 -6.9349999999999997e-06 0.0069141893434967973 -0.00042100430558166365 0.66138650268486232 -8.6204842571234195e-05
decision_type=2 2 2 2 2 2 2 2 2 2 2 2 2 2 2 2 2 2 2 2 2 2 2 2 2 2 2 2 2 2
left_child=-1 2 3 6 5 8 -2 -8 9 -5 -10 12 13 -6 -4 16 17 18 -3 24 21 22 28 -23 25 -18 -26 -28 29 -21
right_child=1 15 14 4 11 -7 7 -9 10 -11 -12 -13 -14 -15 -16 -17 19 -19 -20 20 -22 23 -24 -25 26 -27 27 -29 -30 -31
leaf_value=-0.026098052689266078 0.00076496140562156171 0.063746223886884515 0.031432989115893019 0.087755708430704793 -0.0062953315873001325 -0.0049864310819638744 0.0066027866333924603 0.11487116404867177 0.14038796737975243 0.0026523999832848899 0.03843299366624113 0.023815567698491427 -0.010284172051180604 0.11127361273262736 -0.04269303535372132 0.0036337070831519418 0.15562888496381644 -0.012784148283423861 -0.014544093435900803 0.01024375955081288 -0.010314199337413218 0.0029834380499678941 0.069086218307551558 0.053718769390190171 -0.0057268016941591886 0.0027323055813484706 0.033656444742414172 -0.0046922077942540379 -0.008821008581622089 0.11787334111355485
leaf_weight=32.079907190054655 648.55580067262053 9.9093995690345782 7.2007226683199397 9.1396233737468702 8.1202444732189161 15.383761439472435 10.578098002821209 6.3985268101096144 8.1814058385789377 15.338244415819647 6.1064655408263198 88.414261974394321 93.222183834761381 6.1797533817589274 30.3673315346241 1007.3413283675909 3.5510995276272306 387.0454500541091 8.0316999629139882 5.9065179489552975 141.844811540097 613.83209263905883 16.604148380458355 14.391572427004574 1316.5388864949346 9.5083223395049536 45.125222332775593 49.064971119165421 23.059011816978455 4.3073344528675062
leaf_count=780 7074 94 67 83 115 143 108 46 78 168 56 680 1208 55 275 8593 46 4342 78 64 1511 5932 141 114 16066 145 325 399 217 50
internal_value=-0.000100291 8.06511e-05 0.00436806 0.00571603 0.0157255 0.0396917 0.00195478 0.0474094 0.0574218 0.0344285 0.0968136 0.00910217 -0.00299649 0.0445122 -0.0284852 -0.00103714 -0.00281351 -0.0109465 0.028698 -0.00134554 0.00323601 0.00607044 0.0303133 0.0041457 -0.00398401 0.0443077 -0.00443106 0.0136801 0.0109645 0.0556328
internal_weight=4641.33 4609.25 953.186 915.618 250.086 54.1495 665.532 16.9766 38.7657 24.4779 14.2879 195.936 107.522 14.3 37.5681 3656.06 2648.72 404.987 17.9411 2243.73 819.945 678.101 49.877 628.224 1423.79 13.0594 1410.73 94.1902 33.2729 10.2139
internal_count=49053 48273 10156 9814 2586 528 7228 154 385 251 134 2058 1378 170 342 38117 29524 4514 172 25010 8029 6518 472 6046 16981 191 16790 724 331 114
is_linear=0
shrinkage=0.05


Tree=65
num_leaves=31
num_cat=0
split_feature=59 20 37 12 35 63 50 54 64 63 59 5 51 38 20 2 10 47 5 20 53 58 62 55 47 60 7 17 47 60
split_gain=8.37071 14.8326 12.2951 12.7233 16.2838 12.4605 10.8334 18.2824 17.608 11.4275 10.6036 17.7472 15.5067 14.8354 18.382 15.0633 13.876 12.4149 12.4005 11.445 11.9497 11.3332 22.3006 13.8502 21.4239 13.7896 16.8983 26.3455 21.1032 18.7777
threshold=0.01852754674717744 0.0071402161268290928 0.88530012948741088 1.5408267801883604 0.18893190006867125 0.018664359187491427 -0.0020127726525905128 0.002143525165760335 0.66570746275463832 -0.013079537081406458 -0.0011247267927705035 0.0025754647498245123 -1.0000000180025095e-35 0.32775526199507093 -0.00068440780449288035 0.0026692825148976079 1.0000000180025095e-35 0.00081123582520074768 0.0015098134081410581 -0.014213885749882643 -0.000820894573441293 -0.0041518603969802692 -0.0060146711088524254 1.0000000180025095e-35 0.00029691540751415049 0.38101629562477685 2.5000000000000004 0.71407286290643179 -0.00034926596485284218 0.0032048311297629673
decision_type=2 2 2 2 2 2 2 2 2 2 2 2 2 2 2 2 2 2 2 2 2 2 2 2 2 2 2 2 2 2
left_child=2 -2 5 -4 -5 6 7 -1 -9 -8 11 13 17 -11 -15 16 18 21 -16 20 -13 22 -12 25 -25 26 27 -23 -28 -30
right_child=1 -3 3 4 -6 -7 9 8 -10 10 12 19 -14 14 15 -17 -18 -19 -20 -21 -22 23 -24 24 -26 -27 28 -29 29 -31
leaf_value=0.0028889220063425046 0.031922420757695795 0.00074567603770437762 -0.014977311589512349 0.070108570838865944 -0.00059145709244668365 0.015127426629875826 -0.022148815221228454 0.023546867524139144 0.11788832169064434 -0.017858589189510794 0.060427621531609882 0.0050019856820723053 -0.0021320013975923576 -0.03754773178109843 0.042189462206071726 -0.024929461890520897 0.0035465047561882949 -0.047649530437422143 0.162358028941465 -0.00064193116260835939 0.10042055657448393 0.12919401002875858 -0.01009279914927954 -0.0050745240068260644 0.067104644300764835 0.005217624487633377 0.0063814587559783316 0.03365285908514714 0.10741871851136671 0.02893157955523884
leaf_weight=844.13354729861021 55.710169300436974 121.03206938877702 271.30833018571138 8.7949567697942239 110.09442973509431 136.75743713229895 66.480934329330921 43.628777474164963 5.5782702267169944 312.30088827200234 12.223963525146244 7.5417688712477684 1621.278222899884 9.0229517221450823 3.6272705681622046 4.9041811637580386 4.2589763030409804 10.218254297971724 5.2600099369883537 355.18436392396688 5.8080978430807573 9.0801079608499986 135.22346632927656 153.59503061324358 11.017956573516129 133.23036080412567 106.6604927033186 35.137002516537905 10.221086308360098 29.951113060116768
leaf_count=8840 309 839 3343 71 940 906 1045 424 54 4833 101 112 15417 137 60 64 56 103 64 5066 89 97 1326 1511 94 1290 1168 284 105 305
internal_value=-9.92528e-05 0.0105728 -0.000521928 -0.00900052 0.00463865 0.000290465 -0.000225106 0.0046159 0.0342417 -0.00164665 -0.00118861 -0.00653077 0.000478947 -0.0147806 0.0207249 0.0498538 0.0777516 0.00702603 0.113312 0.00106631 0.0465155 0.007904 -0.00424638 0.0115685 -0.000243393 0.0175645 0.0261747 0.0532725 0.0180145 0.0489012
internal_weight=4639.26 176.742 4462.52 390.198 118.889 4072.32 3935.57 893.341 49.207 3042.23 2975.75 707.909 2267.84 339.374 27.0734 18.0504 13.1463 646.559 8.88728 368.534 13.3499 636.341 147.447 488.893 164.613 324.28 191.05 44.2171 146.833 40.1722
internal_count=49053 1148 47905 4354 1011 43551 42645 9318 478 33327 32282 10481 21801 5214 381 244 180 6384 124 5267 201 6281 1427 4854 1605 3249 1959 381 1578 410
is_linear=0
shrinkage=0.05


Tree=66
num_leaves=31
num_cat=0
split_feature=18 59 19 18 1 50 37 62 48 21 37 37 56 37 52 7 38 18 59 18 59 45 11 52 11 47 14 34 58 51
split_gain=8.20149 8.12962 12.3091 11.7924 11.5818 11.4606 11.1068 12.7546 10.6081 21.1179 13.4458 11.9311 9.75587 13.4528 11.6295 9.25011 22.8066 20.8297 15.1931 37.4859 13.432 17.3751 15.7852 10.6769 10.5792 13.1681 12.6388 11.111 10.5732 10.0693
threshold=0.0014849996484544664 -0.012042605746047022 -0.006668044126622954 0.011961638678504744 0.024578880264538919 -0.0074217108322987765 0.10823976534509076 0.0047648920063540724 -0.00043073559911506329 -0.0056912922293353837 0.62859715176218012 0.96998715511997979 1.7004017205005126 0.83308148856089304 0.77910880224861556 1.0000000180025095e-35 0.16986368215469214 0.0032830491596875962 -0.0097148420065696003 0.0057589894795737175 -0.00052525939066491647 -0.00055328199464389598 0.19866316442787527 4.1575423947987291 -0.92071585801321165 -0.00049144198606438023 0.65042829793773194 0.014961098791863062 -0.0034304585342020293 1.0000000180025095e-35
decision_type=2 2 2 2 2 2 2 2 2 2 2 2 2 2 2 2 2 2 2 2 2 2 2 2 2 2 2 2 2 2
left_child=-1 5 6 4 15 12 -3 -8 -7 10 -10 -12 13 14 -2 16 17 -4 19 -18 21 22 28 -17 25 -22 29 -28 -20 -26
right_child=1 2 3 -5 -6 8 7 -9 9 -11 11 -13 -14 -15 -16 23 18 -19 20 -21 24 -23 -24 -25 26 -27 27 -29 -30 -31
leaf_value=-0.052399391192702253 0.0020735532841654088 0.060291407041752579 0.071095967819197761 -0.021453631459953632 0.040088246409135775 -0.031172600167812831 0.013124165654024118 -0.045387083485751496 -0.0081079850009137429 -0.027225589059458474 0.14821943518771372 0.022414779756227216 -0.016690468398583319 -0.016960845365666614 0.057665038451167133 -0.0010314612398195197 -0.029841786555899648 -0.020226144680122762 0.026122801533659114 0.19735743597865574 0.11080756448287153 -0.0099583764759180859 -0.032688536164971853 0.069199219158665629 0.03376612896648757 0.027254004874770317 -0.022052235723639582 0.018560561879371544 0.13174558940209941 0.010840565433419538
leaf_weight=7.4837247859686604 16.76708198338747 11.631951674818991 6.6454697586596003 63.766613759100437 18.129864413291216 75.837403405457735 166.1774441562593 9.866850942373274 5.4039601199328882 22.854654382914305 4.4339892901480198 3.2778806388378143 38.357070811092854 20.479334317147732 21.433969754725695 3553.8323518037796 3.6786190122365943 103.3904080092907 4.280894096940755 3.5845675766468048 5.6696185469627371 121.19328970462084 4.0952993817627421 5.4199493899941436 67.120202876627445 28.022898893803358 44.299392875283957 27.17013006657362 5.30622250214219 167.22508980333805
leaf_count=198 184 87 76 729 117 1368 1420 85 88 416 74 55 333 239 185 37597 52 1040 65 60 50 1629 47 32 549 279 392 177 69 1361
internal_value=-9.87938e-05 -1.42457e-05 0.000441184 -0.000114383 0.000212005 -0.00965406 0.0129714 0.00984475 -0.0205658 0.00179674 0.0523689 0.094747 0.0029186 0.0157363 0.033265 3.78394e-05 0.00582687 -0.0147109 0.0105189 0.0822868 0.00942005 -0.00392849 0.0494818 -0.000924516 0.014723 0.041314 0.0117934 -0.00661272 0.0845823 0.0174068
internal_weight=4636.84 4629.35 4420.51 4232.83 4169.06 208.845 187.676 176.044 111.808 35.9705 13.1158 7.71187 97.0375 58.6804 38.2011 4150.93 591.682 110.036 481.646 7.26319 474.383 134.876 13.6824 3559.25 339.507 33.6925 305.815 71.4695 9.58712 234.345
internal_count=49053 48855 45913 44321 43592 2942 1592 1505 2001 633 217 129 941 608 369 43475 5846 1116 4730 112 4618 1810 181 37629 2808 329 2479 569 134 1910
is_linear=0
shrinkage=0.05


Tree=67
num_leaves=31
num_cat=0
split_feature=6 6 58 60 32 42 18 42 41 59 37 21 5 49 6 6 19 42 3 32 6 42 47 62 64 1 59 4 41 21
split_gain=8.19072 11.8925 19.6961 18.727 18.4474 30.6087 27.7516 15.1287 13.0913 15.1552 16.3207 17.8283 12.4108 12.5163 10.5567 23.7544 16.2188 12.8041 12.3925 22.2368 12.0588 23.6778 16.431 14.7489 18.8291 12.6206 14.5575 12.0893 23.7173 20.582
threshold=1.5000000000000002 4.5000000000000009 0.0020259388890200027 0.1789413834187604 5.5000000000000009 5.6805000000000009e-05 0.0030393951246698247 4.0765000000000007e-05 3.3910000000000006e-05 0.0055058669036454509 0.23078491514074453 0.0010786959914886281 0.0019158992700323296 0.0004348214409107175 15.500000000000002 11.500000000000002 -0.021956470796139275 1.3700000000000001e-05 0.0023036793611994643 4.5000000000000009 18.500000000000004 2.0065000000000002e-05 -0.00051896122047807619 -0.0062071679283743136 0.40187755159536387 -0.011861003953306982 -0.010762150084317985 7.3232142857142764 4.0670000000000009e-05 0.00070501564757236501
decision_type=2 2 2 2 2 2 2 2 2 2 2 2 2 2 2 2 2 2 2 2 2 2 2 2 2 2 2 2 2 2
left_child=-1 2 3 4 -2 -6 -7 8 9 10 11 -4 13 -9 15 16 -3 18 19 -16 21 22 -19 24 -23 26 -22 28 29 -27
right_child=1 14 7 -5 5 6 -8 12 -10 -11 -12 -13 -14 -15 17 -17 -18 20 -20 -21 25 23 -24 -25 -26 27 -28 -29 -30 -31
leaf_value=0.0065740500231268569 -0.0091285813018972539 0.098992294945745532 -0.0034600904133217161 -0.021227015312739694 -0.010278318308515662 0.0176581864435542 0.18027303179687612 0.0025907315321582751 0.089354276581122175 0.078351474186633102 -0.03816427398921797 0.10577723644415829 -0.0075728447631074423 0.09030505976845099 -0.024258194553837584 0.0086479504363132301 -0.0021844711199889648 -0.030815196267074137 -0.023177260363366949 0.094463519447334693 -0.0065712053139634118 0.10139753541993074 0.065590634275536477 -0.012390520186688656 0.0035958618634038724 0.10192183846287035 0.060207236275723379 -0.00095790664163285699 -0.0051306032444961604 0.016942255720921284
leaf_weight=418.45477679558098 52.554276393726468 3.9730016216635695 10.450253974646335 265.97377447038889 11.814900524914266 4.7876043878495675 5.8046952784061432 10.153980359435083 7.6986889839172354 8.1633062884211522 13.925971526652573 5.8127741366624823 141.03460483625531 6.7844174802303305 9.8889697529375571 908.171721002087 1304.4136349093169 5.905083034187558 120.27615837007761 6.560923643410205 14.044815197587011 6.2063378766179111 17.570973422378302 444.39332797937095 23.767842296510935 13.042290069162847 19.481582969427109 721.7123751193285 36.758827526122332 15.705320782959459
leaf_count=4088 674 24 128 3196 141 73 56 124 56 56 156 56 1349 67 139 8176 14284 76 1412 78 153 60 200 4904 280 171 148 8067 475 186
internal_value=-9.80343e-05 -0.000760134 -0.00765261 -0.0150059 0.00706746 0.045054 0.106773 0.00463516 0.0298526 0.0179085 0.00156434 0.0355838 -0.00271603 0.0377234 0.000262808 0.00243516 -0.00187724 -0.00304585 -0.0176103 0.0230931 -0.00153564 -0.00767503 0.0413411 -0.0101008 0.0238463 0.00218837 0.0322325 0.000908832 0.0214755 0.055496
internal_weight=4635.29 4216.83 544.959 340.935 74.9615 22.4072 10.5923 204.024 46.051 38.3523 30.189 16.263 157.973 16.9384 3671.87 2216.56 1308.39 1455.31 136.726 16.4499 1318.59 497.844 23.4761 474.368 29.9742 820.745 33.5264 787.219 65.5064 28.7476
internal_count=49053 44965 6132 4140 944 270 129 1992 452 396 340 184 1540 191 38833 22484 14308 16349 1629 217 14720 5520 276 5244 340 9200 301 8899 832 357
is_linear=0
shrinkage=0.05


Tree=68
num_leaves=31
num_cat=0
split_feature=17 21 18 32 59 20 50 54 52 18 2 1 49 14 50 44 58 18 2 37 38 59 37 6 16 1 50 17 59 58
split_gain=7.8138 9.08965 8.38685 13.4459 7.91165 14.5063 10.5394 11.4761 9.57654 9.14614 15.8291 11.8707 18.6891 14.7657 12.4406 12.3346 11.483 18.9386 12.8927 11.261 13.6258 12.6875 18.1353 13.5554 18.9642 12.9433 13.3933 13.3748 19.8464 12.2272
threshold=0.38160547109773496 -0.00032852372589930469 0.0047454520140858521 3.5000000000000004 0.01852754674717744 0.0071402161268290928 0.011745115605984825 0.030094299470571292 0.20204642876718018 0.011222791028599528 -0.023468611819779436 0.0054218756548832236 0.00073410781807666306 0.035198983625876791 0.0016178470370642271 8.1077298302297709e-05 0.0096060326684295309 0.0048030828171231688 -0.014689806075410329 0.12736590692710512 0.29921560583630974 0.00393587571001895 0.010075063664501475 7.5000000000000009 0.4792691649794652 0.0044037676360996385 -0.0028997680938521331 0.48878771917844466 -0.00090947263540639529 0.0024750460906206311
decision_type=2 2 2 2 2 2 2 2 2 2 2 2 2 2 2 2 2 2 2 2 2 2 2 2 2 2 2 2 2 2
left_child=1 -1 3 -3 6 -6 9 -8 -7 11 -11 14 13 -13 15 19 18 -18 -16 20 21 25 -23 24 29 26 -2 28 -28 -24
right_child=4 2 -4 -5 5 8 7 -9 -10 10 -12 12 -14 -15 16 -17 17 -19 -20 -21 -22 22 23 -25 -26 -27 27 -29 -30 -31
leaf_value=-0.053694068486213636 0.016624077936012584 -0.029181728963703531 -0.02618370801363519 0.10020881744722923 0.031724187305924634 -0.015501408179222638 -0.037421482474325217 0.034734858482705293 0.013028492732041456 0.01720366867819478 -0.025211847272180898 0.082925879564084856 -0.00049577748943497744 0.015780163850604975 0.058399765728968156 0.062255069077651416 0.062728428568344916 -0.010479614111033068 -0.0081393832165666501 -0.001287411486558349 0.01913256420621862 0.050926410322447449 -0.016082173331919355 -0.0080110742036300434 0.1009093767529113 0.067372424385632068 0.13345798147653334 -0.0068989468361415514 -0.0016280350973207312 0.053055645273071488
leaf_weight=14.599813012406228 82.187700744718313 3.8746426627039927 14.021235991269348 4.1672980021685362 55.182368274778128 51.639988973736763 33.947331622242928 6.5782546512782565 68.338477931916714 29.81460914760828 83.879032801836729 8.5149108432233316 322.97803621739149 212.99974475055933 7.3499795384705058 8.140264976769684 15.652498990297316 20.280698020011187 764.43922135420144 2112.6272939741611 152.45970150642097 29.691606901586056 16.06338053569198 60.81587602570653 7.6125592626631251 6.8407002575695506 4.2533001136034727 416.42255140095949 7.5370122883468849 10.62469310313463
leaf_count=269 842 57 202 58 299 433 265 54 392 303 1068 85 2813 2001 86 76 103 175 7729 23457 1650 215 134 457 55 74 65 5461 106 69
internal_value=-9.80038e-05 -0.0230892 -0.00283716 0.0378679 8.53659e-05 0.0105073 -0.000327487 -0.0257088 0.000748925 -9.27123e-05 -0.014089 0.000280173 0.00717577 0.0183612 -0.000728315 0.000793059 -0.00621934 0.0214098 -0.00750571 0.000620959 0.00569538 0.00250462 0.0168133 0.00616448 0.0312981 -0.000947994 -0.00186367 -0.00541205 0.0471036 0.011442
internal_weight=4633.53 36.663 22.0632 8.04194 4596.87 175.161 4421.71 40.5256 119.978 4381.19 113.694 4267.49 544.493 221.515 3723 2915.28 807.722 35.9332 771.789 2907.14 794.509 642.049 124.808 95.1165 34.3006 517.241 510.401 428.213 11.7903 26.6881
internal_count=49053 586 317 115 48467 1124 47343 319 825 47024 1371 45653 4899 2086 40754 32661 8093 278 7815 32585 9128 7478 930 715 258 6548 6474 5632 171 203
is_linear=0
shrinkage=0.05


Tree=69
num_leaves=31
num_cat=0
split_feature=18 59 59 41 63 51 58 62 7 58 59 62 6 18 5 38 60 5 59 58 39 13 38 51 63 62 5 39 49 27
split_gain=7.76946 7.96144 11.9569 32.0239 13.0809 11.1284 18.1307 13.6992 18.6065 14.937 24.0274 16.1187 13.5136 12.5294 24.1457 17.5613 14.289 12.0644 15.1346 13.1333 11.6509 14.1633 13.5461 10.7396 10.6864 15.2588 14.2771 24.6197 11.3434 12.847
threshold=0.0014849996484544664 -0.0024226649129499987 -0.0023478264657698753 4.9385000000000009e-05 -0.020462592634947565 1.0000000180025095e-35 0.006615429235175622 -0.0065473305762966992 1.0000000180025095e-35 -0.0009401072710488956 0.013164021193998532 0.0065832196950564624 11.500000000000002 0.0030012142211073701 0.0015411049416699746 0.1834716372457065 0.12053030767287863 0.0027848894017308357 -0.0010617614687194828 0.002157309572829062 1.0000000180025095e-35 0.096963283839950232 0.13327742780593196 1.0000000180025095e-35 0.0026429310381564661 0.0071156309460927991 0.0028242052189477404 1.0000000180025095e-35 -0.0013307455003216341 0.64451175780508263
decision_type=2 2 2 2 2 2 2 2 2 2 2 2 2 2 2 2 2 2 2 2 2 2 2 2 2 2 2 2 2 2
left_child=-1 23 3 -3 -4 6 7 8 -6 11 13 20 -10 16 -15 17 -11 -16 -19 -20 22 -22 -9 24 28 26 -26 -28 29 -2
right_child=1 2 4 -5 5 -7 -8 9 12 10 -12 -13 -14 14 15 -17 -18 18 19 -21 21 -23 -24 -25 25 -27 27 -29 -30 -31
leaf_value=-0.052274681794600833 0.0032810369841311318 0.14162903395936211 -0.036243809625405986 -0.0076940725070090716 0.105197123673062 -0.00069480368525530922 -0.043610266534167663 0.081670824955369467 -0.0064328124441588299 0.010124741891907936 0.11254570175682538 0.070941628189940639 0.045711268126058385 0.096213361440532746 -0.043124951760597809 0.017283725200598024 -0.025352878474793145 0.073638126636909301 -0.038637980264190568 0.034109270859384928 -0.024354067041881297 -0.00037251758505231757 0.0038933193445884191 -0.013834396710508144 0.074282146476395944 -0.039518918238435487 -0.032743770583625841 0.059905389426960345 -0.0073351413686159207 0.077391809139261553
leaf_weight=7.1234171129763117 316.90266537107527 5.5234220847487441 23.488585364073515 10.260416269302366 7.2096424847841254 2410.5648739691824 18.535860296338797 5.7307673990726462 25.231199197471142 70.447273401543498 5.7795127332210532 7.6708459556102744 24.480706881731749 8.8394656516611558 21.156092338263988 299.90970953926444 47.529663296416402 6.4962680526077738 16.638118781149391 9.8931624442338926 98.954880479723215 162.95157917961478 241.98119370639324 212.41055617108941 14.094351556152104 8.713294565677641 14.577385049313307 14.11150711774826 508.45689345337451 5.9575526975095263
leaf_count=198 3883 64 332 124 50 22282 172 55 238 1017 27 85 207 74 221 2745 591 69 159 81 1152 1443 2432 2960 115 97 120 115 7877 68
internal_value=-9.67441e-05 -1.63709e-05 0.00113932 0.0445603 0.000944259 0.00119454 0.00541378 0.00627032 0.0301322 0.00491745 0.011205 -0.00099814 0.0192456 0.00998707 0.0145885 0.0125508 -0.00416822 -0.0136461 0.00523679 -0.0115115 -0.00208099 -0.00943335 0.00569269 -0.0037405 -0.00131184 0.0207908 0.0330736 0.0128285 -0.00268101 0.00464856
internal_weight=4631.62 4624.5 3529.27 15.7838 3513.49 3490 1079.44 1060.9 56.9215 1003.98 486.689 517.289 49.7119 480.91 362.933 354.093 117.977 54.1836 33.0275 26.5313 509.618 261.906 247.712 1095.22 882.814 51.4965 42.7832 28.6889 831.317 322.86
internal_count=49053 48855 33620 188 33432 33100 10818 10646 495 10151 4984 5167 445 4957 3349 3275 1608 530 309 240 5082 2595 2487 15235 12275 447 350 235 11828 3951
is_linear=0
shrinkage=0.05


Tree=70
num_leaves=31
num_cat=0
split_feature=63 50 41 18 1 19 21 60 37 53 6 7 4 64 2 14 64 62 43 6 6 37 5 18 63 49 0 61 58 50
split_gain=7.66407 9.8611 15.2748 14.5491 9.85988 16.5878 9.05675 20.2552 9.83828 9.39414 8.94035 11.6932 11.4584 12.8433 13.929 12.3388 11.3413 13.9868 13.1383 10.6469 25.3823 13.8429 13.9606 14.9266 13.4738 12.8339 12.8715 12.4686 16.3374 12.4414
threshold=-0.0023758288527050623 -0.0020127726525905128 -3.7174999999999996e-05 0.0065207689482512723 -0.0038642654315005263 -0.0033189359932791064 0.0025430927913419523 0.091620285060763945 0.091037795471002228 -0.0063227626977444404 1.5000000000000002 4.5000000000000009 20.007500000000039 0.49987885640445667 0.0010836267504997995 0.16270711667751273 0.34308538591704357 0.0047648920063540724 0.00010040000000000001 11.500000000000002 14.500000000000002 0.20764571205311996 0.0025621048224206727 0.0034938142022304512 -0.00013794830284223234 0.0016688336334914143 0.0041063985065977818 -1.0000000180025095e-35 0.00080434180116298575 0.0011986265920639315
decision_type=2 2 2 2 2 2 2 2 2 2 2 2 2 2 2 2 2 2 2 2 2 2 2 2 2 2 2 2 2 2
left_child=1 2 3 -1 -4 -6 8 -8 -3 -10 11 12 13 -2 -15 -16 17 -13 -18 21 29 25 -23 -24 -25 26 -12 28 -22 -21
right_child=10 6 4 -5 5 -7 7 -9 9 -11 19 16 -14 14 15 -17 18 -19 -20 20 27 22 23 24 -26 -27 -28 -29 -30 -31
leaf_value=0.11397316158306614 -0.0039377563204261749 0.0061718975472034206 -0.012204780168444972 0.0075044602142551771 0.10437663705814682 0.0058297187915812105 0.10137125431964658 -0.0082509150719910808 0.040930593131496544 -0.024126379395057924 0.0028107019608427392 0.058480493984112938 -0.0051710796219587817 0.040736097995753118 0.05550077359082424 0.0029615991307889605 -0.024876328892868199 -0.02913218034984813 0.047582620200986352 0.016147367219283698 0.032251998386605231 -0.017058516256645045 0.061394088118437419 0.060975091509040361 -0.0051990981934118717 -0.014276233937718673 0.056148762403261956 -0.0024625640523587879 -0.0098710222957800273 0.0016207630108907613
leaf_weight=5.8711270391941053 47.941381230950356 38.352195642888546 71.780776314437389 7.0758907645940781 5.0297099538147441 28.276316147297621 5.3560926392674473 19.759140890091658 5.7457246445119372 162.01016578450799 754.84479062445462 12.201819436624648 65.551610130816698 77.92724297568202 13.293865259736775 70.110183868557215 61.341578537598252 7.2692588791251174 6.9664783626794806 387.59516603127122 59.779997002333403 270.22098332643509 8.7765120007097703 7.7974998801946631 569.77253528870642 115.39316270500422 11.482930280268191 1456.7030988708138 37.432800848037004 237.84151932224631
leaf_count=69 373 549 845 87 76 366 53 227 88 2478 8498 120 613 707 102 549 733 80 59 3402 508 3158 86 72 5961 1024 93 15883 332 1862
internal_value=-9.60298e-05 -0.0072179 0.00454116 0.0557852 -0.00177226 0.0207118 -0.0132206 0.0151272 -0.0166749 -0.0218981 0.000485097 0.0079963 0.0130707 0.0187847 0.025537 0.0113359 -0.00789107 0.0257715 -0.0174865 -0.000210114 0.0021178 -0.0031287 -0.00765566 -0.00332231 -0.00430571 0.00126913 0.00360994 -0.00130554 0.0160321 0.0106232
internal_weight=4629.5 349.257 118.034 12.947 105.087 33.306 231.223 25.1152 206.108 167.756 4280.24 362.603 274.824 209.273 161.331 83.404 87.7791 19.4711 68.3081 3917.64 2179.35 1738.29 856.568 586.347 577.57 881.721 766.328 1553.92 97.2128 625.437
internal_count=49053 4838 1443 156 1287 442 3395 280 3115 2566 44215 3336 2344 1731 1358 651 992 200 792 40879 21987 18892 9277 6119 6033 9615 8591 16723 840 5264
is_linear=0
shrinkage=0.05


Tree=71
num_leaves=31
num_cat=0
split_feature=18 59 4 48 7 18 50 52 4 9 56 50 60 58 31 48 62 45 58 60 60 2 62 51 59 18 5 49 15 37
split_gain=7.48946 7.46805 11.2634 17.6766 23.4428 33.2955 10.9005 10.6992 10.3467 9.809 9.71515 11.8148 19.3665 8.90306 15.9998 14.254 11.4922 11.1992 16.3133 16.2639 17.9552 15.2042 11.886 10.4961 15.5713 11.5505 14.4953 10.6376 13.0151 11.8077
threshold=0.0018598777785719558 -0.012042605746047022 29.064642857142776 -0.00048133238170184239 2.5000000000000004 0.01093733856614853 -0.012227296063644167 0.67097988609013315 29.064642857142776 1.0000000180025095e-35 1.6610636550341942 -0.0066937505091821904 0.93657678361957963 0.0096060326684295309 0.038514084203622477 0.00061471915320709426 0.017522093090772312 -0.00046844483477287988 0.010460908124314322 0.57955404810129596 0.94793273299981273 0.00015519468747557215 0.018720275070111241 1.0000000180025095e-35 -0.0027304900919291023 0.0030012142211073701 0.0024466232717470712 0.0012587776101101998 0.031005678511714315 0.18118072135128974
decision_type=2 2 2 2 2 2 2 2 2 2 2 2 2 2 2 2 2 2 2 2 2 2 2 2 2 2 2 2 2 2
left_child=-1 2 9 -4 7 -6 -3 -5 13 -2 11 -11 -13 16 15 17 23 19 21 -15 -21 -19 -20 25 -25 26 -8 28 -27 -30
right_child=1 6 3 4 5 -7 8 -9 -10 10 -12 12 -14 14 -16 -17 -18 18 22 20 -22 -23 -24 24 -26 27 -28 -29 29 -31
leaf_value=-0.024736776165622112 -0.023397450834312088 0.037156048300904264 -0.015568690538332004 -0.041673583258593341 0.18901088837731772 0.018495821641436982 -0.0086417147553470956 0.046365617729026302 -0.010501226545432698 0.072506916147497547 -0.027233857698007232 -0.038129764069778499 0.10569189420488606 -0.019744096627367577 -0.023247151883587367 0.078816167461932277 -0.030265685857867389 -0.012634825942188552 -0.012476735276333646 0.10805605651712427 0.0065808820428413465 0.065341910967211841 0.0478393040385032 -0.0175955679076212 -0.0004724981915368451 -0.0073721196120973449 0.089820799062173814 -0.0021835436768588472 0.018919886221921242 0.0064011762407067008
leaf_weight=30.631317608058453 115.3802283462137 20.194729138165712 31.176172588020563 7.8735467176884431 5.079931650310753 6.559608168900013 216.64275235682726 6.1437699869275093 209.64711180701852 8.7204675972461683 12.896776448935269 9.6040344312787074 3.0949922837316981 7.1247583180665996 26.5329316444695 9.3337710946798307 30.291844256222248 9.3119435459375399 64.886841118335724 11.384070318192245 7.0643780566751948 19.019799500703812 9.3440892249345762 141.37348605319858 2181.8485839553177 124.35064371302724 3.8034937977790824 352.00832182168961 259.51559805870056 686.97287526354194
leaf_count=780 1751 146 451 132 62 85 3030 56 2438 74 119 166 46 61 200 60 286 82 542 77 55 140 56 2083 20267 1388 39 3748 2761 7872
internal_value=-9.5088e-05 6.91011e-05 -0.00922273 0.00972773 0.0404659 0.092915 0.000506175 -0.00308613 0.000336825 -0.0164174 0.0070515 0.0276949 -0.00307771 0.000882913 0.0123007 0.0191618 0.000414402 0.0148164 0.0074352 0.044419 0.0691986 0.0397129 -0.00488423 0.000648702 -0.00151448 0.00370692 -0.00694288 0.00535692 0.00783564 0.00983365
internal_weight=4627.81 4597.18 206.53 56.833 25.6569 11.6395 4390.65 14.0173 4370.46 149.696 34.3163 21.4195 12.699 4160.81 164.003 137.47 3996.81 128.136 102.563 25.5732 18.4484 28.3317 74.2309 3966.52 2323.22 1643.29 220.446 1422.85 1070.84 946.488
internal_count=49053 48273 2942 786 335 147 45331 188 45185 2156 405 286 212 42747 1273 1073 41474 1013 820 193 132 222 598 41188 22350 18838 3069 15769 12021 10633
is_linear=0
shrinkage=0.05


Tree=72
num_leaves=31
num_cat=0
split_feature=7 38 18 0 58 60 47 47 21 42 0 62 45 53 4 60 17 42 42 38 60 6 64 37 4 18 38 59 20 59
split_gain=7.4902 16.685 16.1071 12.1431 11.914 21.3833 18.631 15.7967 16.5463 15.0075 19.019 15.7314 14.9045 12.0896 11.2033 23.7838 10.5279 10.4452 11.5071 12.3454 10.0646 15.3184 17.9248 13.5395 10.9918 16.2366 10.1636 9.48281 13.9285 16.0252
threshold=1.0000000180025095e-35 0.16986368215469214 0.0032830491596875962 -0.0021367742991878548 0.00021258886454742363 0.69495452231713584 -0.00028400094491679977 0.00041200869226457851 0.0011043983844077709 8.6850000000000007e-06 -0.0017230661814333702 -0.0066597888601417502 -0.00054451122645785596 0.0016707336304581306 12.030714285714291 0.99422755899132798 0.39760025733577636 6.6675000000000021e-05 4.2795000000000006e-05 0.28986141230416745 0.72262244876060688 2.5000000000000004 0.068876614518714074 0.083800040996838313 12.092499999999957 0.0040393534570218083 0.22001607385078462 -0.024660633804338413 -0.0079743580007693073 -0.0073502114018449763
decision_type=2 2 2 2 2 2 2 2 2 2 2 2 2 2 2 2 2 2 2 2 2 2 2 2 2 2 2 2 2 2
left_child=1 2 -1 -3 5 -5 9 12 -9 -7 -11 -12 -6 -10 15 -13 -2 18 19 -16 23 -22 -23 -14 25 -24 -27 -18 -29 -30
right_child=16 3 -4 4 7 6 -8 8 13 10 11 14 20 -15 17 -17 27 -19 -20 -21 21 22 24 -25 -26 26 -28 28 29 -31
leaf_value=0.062952197879600352 -0.026201170485618708 -0.0052279289835309882 -0.014465948613374684 -0.028834521410028343 0.061111943489108513 -0.023306670155451497 -0.023320032098802998 0.12468394964237615 0.076724724807692657 0.11777852846373693 0.074820956376867739 0.011699521071329336 0.086493350496736177 -0.020679947764020962 -0.0099092910810113094 0.12936380062389763 -0.028890812404925276 -0.024583694645558277 0.080173037123763835 0.074416953210352729 0.062415913348005718 0.083142894206521711 -0.017791552874792643 0.018866419574137264 -0.022083853549119577 0.079243088265025394 0.011164196833719312 0.0090729506548773795 -0.018260215307944572 -0.00072683243031659384
leaf_weight=7.0715729855000964 40.810926470905542 122.62890550494194 134.56736202165484 41.089182380586863 16.970395006239414 15.948799382895229 29.221644729375839 6.9639116600155857 6.4804847091436368 5.6858952455222598 12.770256336778401 14.62306082621217 8.1255653724074346 6.2655933424830437 22.68287464231253 6.0804897844791403 29.54780451208353 21.060637462884188 6.475500062108039 5.3673314005136481 9.8816716820001584 5.7723511345684519 23.964736543595791 83.027830436825752 57.002082092687488 9.9069007970392722 12.275063470005987 348.77703215181828 135.54700715281069 3379.3983062133193
leaf_count=77 651 1222 1423 481 155 183 353 63 54 63 107 171 76 52 231 55 400 240 68 45 78 45 250 776 559 83 98 3813 2241 34940
internal_value=-9.41723e-05 0.00470329 -0.0106007 0.00864251 0.0126199 0.00287808 0.0121911 0.0197695 0.0627057 0.0215655 0.0291189 0.0234586 0.0160402 0.0288435 0.0148609 0.0462567 -0.00093793 0.00316735 0.0200955 0.00622631 0.0123971 0.00280804 -0.00259978 0.0248948 -0.00739806 0.0107424 0.0415696 -0.000673109 -0.000457315 -0.00140297
internal_weight=4625.99 691.91 141.639 550.271 427.642 181.006 139.916 246.637 19.71 110.695 94.746 89.0602 226.927 12.7461 76.2899 20.7036 3934.08 55.5863 34.5257 28.0502 209.956 118.803 108.921 91.1534 103.149 46.1467 22.182 3893.27 3863.72 3514.95
internal_count=49053 7008 1500 5508 4286 1997 1516 2289 169 1163 980 917 2120 106 810 226 42045 584 344 276 1965 1113 1035 852 990 431 181 41394 40994 37181
is_linear=0
shrinkage=0.05


Tree=73
num_leaves=31
num_cat=0
split_feature=18 63 58 58 42 1 50 21 53 41 18 1 37 47 42 47 4 4 3 4 51 59 47 4 64 41 4 42 60 5
split_gain=7.20432 7.16125 10.0585 15.5552 13.5985 12.5952 12.0364 15.1267 12.0038 9.3348 10.1645 9.1177 8.53304 16.9317 13.6642 17.0793 10.7429 9.18408 8.30137 9.08399 7.39422 12.8457 13.4642 12.6855 13.3375 12.8645 12.3178 14.7128 17.7084 14.1156
threshold=0.0014849996484544664 -0.0056770199740230161 -0.0044648133361017981 -0.0052333190365890367 6.022000000000001e-05 -0.0026544271453361663 0.0018378769447176461 0.00011787987258645104 -0.0061352260016860989 6.3120000000000019e-05 0.0069005366227127178 0.0040122419757381263 0.33557909862328655 -0.00043490074804202822 2.8500000000000005e-05 -0.00052564059930731131 11.766428571428543 16.126428571428445 0.0058591134441121342 16.779285714285738 1.0000000180025095e-35 0.00393587571001895 -0.00039271873740635426 29.064642857142776 0.47285978306761789 -3.2039999999999991e-05 6.4589285714285696 6.3860000000000015e-05 0.26951659492569019 0.0015251363621046454
decision_type=2 2 2 2 2 2 2 2 2 2 2 2 2 2 2 2 2 2 2 2 2 2 2 2 2 2 2 2 2 2
left_child=-1 2 3 4 8 -5 7 9 -2 10 -6 -7 13 14 15 -4 -17 -16 -15 -20 -3 22 -22 24 -24 -26 27 28 29 -23
right_child=1 20 12 5 6 11 -8 -9 -10 -11 -12 -13 -14 18 17 16 -18 -19 19 -21 21 26 23 -25 25 -27 -28 -29 -30 -31
leaf_value=-0.052109372295028558 0.026767981649059049 0.0029267633036816824 -0.023245942144600577 0.11636922352036078 0.11902728977232711 -0.024492759184742422 -0.032337691091691566 0.12226586276604279 -0.039644522807220285 -0.0043371172653060902 0.012495600700251174 0.088426212627500861 -0.027312954283948018 -0.038062038379174559 -0.016540868905548439 0.050117820921913414 0.15365705219507131 0.070096957663249318 -0.032398126304787382 0.055825283585196089 -0.010331765907874569 0.058971176229476133 -0.017626175106936839 -0.039725597893804108 0.066508280934122435 0.0030820851483390234 0.0011853007215656675 -0.0080822931087671229 0.084105008711450768 -0.030161301816055204
leaf_weight=6.6471483558416358 8.8434563428163511 1787.3304974846542 4.5653934851288787 5.1768141575157642 3.9902411438524776 5.0153690911829454 9.0978990122675878 4.1242516785860053 29.50154791213572 15.806566363200544 5.1020149625837803 2.7778186351060867 79.504456823691726 33.335426185280085 20.504706976935271 6.066478066146372 4.2676638960838318 3.5951919555664054 5.9410700537264329 5.7336425706744194 595.44276143424213 8.352186471223833 81.693641625344753 19.467142175883055 8.112277112901209 550.98294236324728 1267.7927944771945 20.302125539630651 15.924811236560343 9.4876842275261861
leaf_count=198 99 20495 65 64 49 82 149 39 453 238 65 46 1162 505 284 72 48 49 60 61 7258 68 890 262 89 6307 9566 153 107 70
internal_value=-9.34421e-05 -1.85678e-05 -0.00819784 0.00528373 -0.00330419 0.0559147 0.0178431 0.0335733 -0.0243279 0.0188822 0.0592483 0.0157563 -0.0155717 -0.00446017 0.0196545 0.057295 0.0928761 -0.00361635 -0.0253545 0.0109298 0.00045543 -0.00125824 -0.0048798 3.69851e-05 0.00124497 0.00400238 0.00218205 0.0255544 0.0457796 0.0115683
internal_weight=4624.49 4617.84 252.95 89.436 76.466 12.97 38.121 29.0231 38.345 24.8988 9.09226 7.79319 163.514 84.0096 38.9994 14.8995 10.3341 24.0999 45.0101 11.6747 4364.89 2577.56 1255.7 660.256 640.789 559.095 1321.86 54.0668 33.7647 17.8399
internal_count=49053 48855 3590 1284 1092 192 540 391 552 352 114 128 2306 1144 518 185 120 333 626 121 45265 24770 14806 7548 7286 6396 9964 398 245 138
is_linear=0
shrinkage=0.05


Tree=74
num_leaves=31
num_cat=0
split_feature=18 32 4 2 13 54 4 21 12 43 59 58 21 12 59 41 58 41 60 59 7 38 21 59 58 45 18 37 38 48
split_gain=6.83862 6.88656 15.333 15.3161 15.1218 12.5265 10.6351 12.9445 10.0177 11.1038 9.94842 11.6912 9.83284 13.6227 8.81077 8.60813 15.0019 8.80436 13.1058 8.87388 8.76478 18.6681 18.7139 18.4971 17.5505 15.6806 15.9306 13.7953 13.7657 13.4526
threshold=0.0014849996484544664 12.500000000000002 22.896785714285723 0.001839435373823182 0.007593696623330321 0.0016898311551763886 9.0567857142856898 -0.0027311259675445814 0.28876600646617334 -3.5638749999999991e-05 0.0029272087381537856 -0.0057271606711930883 -0.00094155621892242898 0.35536764265872756 0.0071461762023173067 0.00050101000000000008 0.0035762429932093042 0.00039837000000000005 0.0078854182357725525 -0.024660633804338413 5.5000000000000009 0.23283733802135712 0.0056293175785308595 0.0010145173330095858 0.0035762429932093042 -0.00037085469661044608 0.0051624719029696592 0.84990333718020838 0.34120641443710159 0.00049222527097624329
decision_type=2 2 2 2 2 2 2 2 2 2 2 2 2 2 2 2 2 2 2 2 2 2 2 2 2 2 2 2 2 2
left_child=-1 8 3 4 5 -3 14 -8 9 -2 11 -4 -9 -14 -6 17 -17 19 -19 -10 -21 22 24 28 29 -26 -27 -25 -23 -22
right_child=1 2 10 -5 6 -7 7 12 15 -11 -12 -13 13 -15 -16 16 -18 18 -20 20 21 23 -24 27 25 26 -28 -29 -30 -31
leaf_value=-0.052004898714158115 0.025097446062815228 0.026270146943062629 0.069014758101344928 -0.013143232827069135 -0.019087114255453674 0.12174603314293063 -0.022701175062758351 0.049599874948820059 -0.023164168954213582 -0.015669515369048276 0.067792344472315705 -0.014991101597406825 0.087387890346719815 0.0079347588250297495 0.052214795997112762 0.069104065142765167 -0.0099316694193420825 0.054600547931510694 -0.032384067013412912 -0.00064136420087135531 0.015385923432129878 -0.025194751926340655 -0.034321999672593452 0.015337410981007511 0.0080306409174644953 0.1305702949822187 0.027093452171147399 -0.042357186232914332 0.04527372824015883 -0.046636998637200222
leaf_weight=6.3353448063135138 18.489349380135536 9.9311615172773582 6.2911386042833319 94.976869855076075 45.126787086948752 5.2523830197751513 19.261791683733463 24.550101701170206 40.793565502390265 172.87705970741808 15.799520380795 12.122319847345354 5.8044939972460261 76.444785710424185 4.7927862107753745 12.079200260341169 11.93760249391198 4.8788148611783972 38.515936713665724 3466.3633820898831 263.12958282232285 97.203072002157569 18.861971445381641 97.85862054862082 10.003830403089525 9.1318902038037759 6.275666829198598 11.587836187332867 7.4622519873082629 9.0430670864880067
leaf_count=198 244 112 62 852 564 49 224 237 548 2280 103 141 63 716 26 114 110 45 406 35915 2986 1438 181 914 85 77 55 110 106 92
internal_value=-9.24711e-05 -2.12356e-05 0.00705073 0.00326829 0.0114221 0.0592977 0.00729139 0.0150263 -0.000548534 -0.0117307 0.0386853 0.0137103 0.0218306 0.0135419 -0.0122414 -2.72609e-05 0.0298192 -0.000202903 -0.0226045 3.78545e-05 0.00027466 0.00625944 0.0139742 -0.00514261 0.0170354 0.0567746 0.088423 0.00922889 -0.0201706 0.0133252
internal_weight=4623.18 4616.85 320.354 286.141 191.164 15.1835 175.981 126.061 4296.49 191.366 34.213 18.4135 106.799 82.2493 49.9196 4105.13 24.0168 4081.11 43.3948 4037.71 3996.92 530.558 316.446 214.112 297.584 25.4114 15.4076 109.446 104.665 272.173
internal_count=49053 48855 3149 2843 1991 161 1830 1240 45706 2524 306 203 1016 779 590 43182 224 42958 451 42507 41959 6044 3476 2568 3295 217 132 1024 1544 3078
is_linear=0
shrinkage=0.05


Tree=75
num_leaves=31
num_cat=0
split_feature=59 20 37 13 6 63 12 63 21 20 45 42 15 49 0 0 38 60 60 4 56 59 3 38 37 59 50 16 13 1
split_gain=6.74256 11.4421 10.1904 11.3808 15.665 10.6409 10.3172 11.8426 10.9006 10.1297 10.0728 9.66943 9.4762 13.9991 15.4622 12.7874 13.5499 14.3072 12.0533 13.0462 12.0312 11.2974 13.1696 10.5711 11.4394 13.9002 11.2588 10.7836 10.6351 12.1237
threshold=0.01852754674717744 0.0073152098576690456 0.88530012948741088 0.15100584321420038 20.500000000000004 0.018664359187491427 0.36408430034742562 0.019915386773256084 0.00038784337019765234 -0.024827856881789286 -0.0002953646611925721 4.4615000000000006e-05 0.080638093353278775 0.00029962116936950423 0.0023844943315146755 0.0016302385274864918 0.14912905085657899 0.93932241239107983 0.91432258260141841 6.6224999999999943 1.1724314014229118 0.011294299539410612 0.005243642818021167 0.23643836014992689 0.17385397288071688 0.0033331202276568627 0.00041428467194575474 0.62136748127261721 0.12499914814628756 0.0027214697775993532
decision_type=2 2 2 2 2 2 2 2 2 2 2 2 2 2 2 2 2 2 2 2 2 2 2 2 2 2 2 2 2 2
left_child=2 -2 5 -4 11 9 -7 -8 -9 -1 -6 -5 21 14 23 18 17 -17 20 -20 -15 -11 -23 -14 26 -26 -25 28 29 -27
right_child=1 -3 3 4 10 6 7 8 -10 12 -12 -13 13 15 -16 16 -18 -19 19 -21 -22 22 -24 24 25 27 -28 -29 -30 -31
leaf_value=0.031135313923213104 0.027649878850822696 0.00058509700680865664 -0.021752598161352703 0.0064022636326970615 0.012424893942153124 0.059155776200696897 0.06114249269966085 0.037361873212368078 -0.0020943748403737662 -0.0065516893695195429 0.07683413103196432 -0.014317362523853214 -0.00078863100611196004 -0.0077450164465083758 0.027754489728652212 0.045900305536858421 0.00015818098919236494 -0.025274540561559467 0.092980008457051289 0.0049856722245265007 -0.030149544200462203 0.055310348537923992 -0.0049463912025759192 0.020615778487356226 -0.0040098293185661113 0.02008808907269953 -0.00046734419488901233 -0.03315682186404962 0.0011892636974489116 0.067308796146120939
leaf_weight=25.596081804484129 58.163618385791779 118.84331806376576 111.06742794066668 88.04123561270535 19.569087114185098 11.548190861940382 10.307241186499594 21.486091926693916 94.473215132951736 767.88813278824091 8.7995552122592908 156.22881523892283 878.07605689391494 534.237205080688 65.270975220948458 31.456214936450124 665.92685113288462 9.1040561050176603 4.4276989325880995 86.564111450687051 67.490378988906741 16.322757434099913 20.401411317288876 222.85230593755841 298.59175953269005 61.74592674523592 88.458860417827964 10.718538220971821 50.901642538607121 17.429814230650663
leaf_count=223 319 829 1537 876 206 79 67 135 625 8641 83 1652 10054 6071 586 299 6532 94 40 972 655 106 131 2553 3678 490 955 85 339 141
internal_value=-9.1459e-05 0.00947845 -0.00047255 -0.00826121 -0.00276509 0.000263317 0.0139191 0.00978176 0.00521647 -0.000216352 0.0324037 -0.00684947 -0.000422229 0.000835131 0.0038921 -0.002866 0.00186711 0.0299246 -0.00769318 0.00926751 -0.0102579 -0.00525602 0.0218359 0.00293585 0.00729229 0.00209696 0.014625 0.0150479 0.01902 0.0304833
internal_weight=4621.99 177.007 4444.98 383.706 272.639 4061.28 137.815 126.267 115.959 3923.46 28.3686 244.27 3897.86 3093.25 1694.05 1399.21 706.487 40.5603 692.719 90.9918 601.728 804.612 36.7242 1628.77 750.699 439.388 311.311 140.796 130.077 79.1757
internal_count=49053 1148 47905 4354 2817 43551 906 827 760 42645 289 2528 42422 33544 18881 14663 6925 393 7738 1012 6726 8878 237 18295 8241 4733 3508 1055 970 631
is_linear=0
shrinkage=0.05


Tree=76
num_leaves=31
num_cat=0
split_feature=44 63 49 13 20 50 32 35 16 21 19 2 42 7 2 16 63 49 44 5 38 47 20 12 0 19 17 37 7 47
split_gain=6.68361 7.76366 10.6825 12.1546 8.17538 12.7935 8.05564 9.32919 11.348 10.4986 11.9592 12.2832 10.5065 15.2345 13.407 7.96108 7.80715 7.70963 11.9757 7.23982 14.4777 11.4184 13.9033 9.86805 10.8955 8.92718 17.2961 10.1078 8.81773 14.4115
threshold=0.00010903499999999785 -0.003541880337330966 -0.00032813337938395625 0.50294453254584792 0.0069787680759106638 0.0017248612110968506 1.0000000180025095e-35 1.7148724363165688 0.36580781035666704 -2.2922692036604866e-05 -0.00014903704556713476 0.003003307149630412 3.7595000000000009e-05 2.5000000000000004 -0.0023282612336107387 0.15295668400986387 -0.0097234447032039945 -0.0011850199326961363 1.0892499999989723e-05 0.0016155044955312003 0.34120641443710159 -0.00023514384891059424 -0.00043608108202309155 0.70244053325648914 0.00016438021398107813 -0.0014399657915381144 0.80128714782802934 0.60559272694249533 5.5000000000000009 -0.0006207473856796545
decision_type=2 2 2 2 2 2 2 2 2 2 2 2 2 2 2 2 2 2 2 2 2 2 2 2 2 2 2 2 2 2
left_child=1 2 6 4 -4 -6 -1 8 9 12 -11 -12 15 -14 16 -8 -15 -10 -19 20 25 22 -22 -24 -25 26 -3 -28 -21 -30
right_child=-2 19 3 -5 5 -7 7 -9 17 10 11 -13 13 14 -16 -17 -18 18 -20 28 21 -23 23 24 -26 -27 27 -29 29 -31
leaf_value=-0.019523289430175936 0.053919718070158745 0.077328101126147616 -0.024177576923278217 0.040438363114827534 0.074194251119851104 -0.024786235529272411 -0.035237865454840749 0.080893520500739224 -0.041417563495645328 -0.054887260582851129 0.082045515635573954 -0.021601100078310422 0.0088640888171793979 0.069739981586788652 0.13062988514429927 0.026972402190508504 -0.010861188555378112 -0.019258496835906993 0.088831349194050335 0.00019611289402294673 -0.020762245212273864 -0.047466803703061833 0.098734416617582532 0.086956593095369225 -0.0017015248875808513 -0.012456263846888136 -0.008401673498197787 0.078211600490747324 0.077386287876550205 0.0065191391281331397
leaf_weight=34.848216567188501 5.720958210527896 7.9852522406727067 133.49264681711793 8.6834872402250749 5.6289127953350526 7.7722915932536125 9.9159750901162642 4.2147599458694449 18.252715788781646 10.002938430756332 4.7122898213565332 7.266350943595171 18.832089643925428 9.152459576725958 6.4835704341530809 10.683242131024597 4.4724497385323057 9.9799100458621961 3.4478580467402926 3464.6485098451376 8.2296835910528916 4.8335481397807589 8.2606028169393557 5.4559648633003226 9.4982747957110387 304.56643048115075 45.592489566653967 3.6371602267026892 7.2939793281257144 436.06630899198353
leaf_count=416 52 126 2101 95 52 86 139 36 258 138 58 85 279 124 104 142 59 161 45 34647 106 53 90 54 104 4092 663 40 72 4576
internal_value=-9.00216e-05 -0.00015699 -0.00782787 -0.0170423 -0.0204402 0.0167886 0.00158702 0.00785238 0.00513289 0.0150017 -0.0145291 0.0191725 0.0259042 0.0411805 0.0714457 -0.00297415 0.0432822 -0.0202618 0.00849581 0.000391403 -0.00603248 0.02408 0.035078 0.0548734 0.0306449 -0.00905204 0.0090693 -0.00200256 0.00104572 0.00768502
internal_weight=4619.63 4613.91 307.842 155.577 146.894 13.4012 152.265 117.417 113.202 81.5214 21.9816 11.9786 59.5398 38.9406 20.1085 20.5992 13.6249 31.6805 13.4278 4306.07 398.059 36.2781 31.4445 23.2148 14.9542 361.781 57.2149 49.2296 3908.01 443.36
internal_count=49053 49001 4378 2334 2239 138 2044 1628 1592 1128 281 143 847 566 287 281 183 464 206 44623 5328 407 354 248 158 4921 829 703 39295 4648
is_linear=0
shrinkage=0.05


Tree=77
num_leaves=31
num_cat=0
split_feature=6 6 58 60 45 32 38 42 42 32 4 59 59 58 21 5 18 58 45 32 63 63 4 18 18 58 38 60 2 48
split_gain=6.55336 10.1742 17.637 17.1453 32.7456 24.086 14.024 13.4458 13.4305 13.1768 14.9416 11.7741 15.595 12.1266 10.9916 14.0921 12.1701 15.6276 9.8454 11.2539 9.76392 12.506 9.31898 12.1552 9.83918 10.2085 9.00841 10.5333 10.4778 9.42753
threshold=1.5000000000000002 4.5000000000000009 0.0020259388890200027 0.28640618424240971 -4.2085685145723997e-05 3.5000000000000004 0.13543756488972644 4.0765000000000007e-05 6.5270000000000017e-05 6.5000000000000009 12.697857142857144 0.005070974216084068 0.0025335167692304979 0.0035009941955413989 -0.00053709123616325254 0.0034648902142727458 0.0047827541419572838 0.0045606247360539713 -0.00036590492899216451 8.5000000000000018 0.012181201881601647 0.01756681618396419 21.755714285714252 0.0035113860350161051 0.0037607423060982519 0.00084913369443407802 0.27950551555011677 0.8647218383265648 -0.0031963008862517734 -0.00047896118993770236
decision_type=2 2 2 2 2 2 2 2 2 2 2 2 2 2 2 2 2 2 2 2 2 2 2 2 2 2 2 2 2 2
left_child=22 2 3 4 9 -6 -4 11 -9 -2 -11 12 13 -8 15 16 17 -10 -16 -20 -5 -22 23 -1 25 -25 27 -26 -28 -29
right_child=1 -3 6 20 5 -7 7 8 14 10 -12 -13 -14 -15 18 -17 -18 -19 19 -21 21 -23 -24 24 26 -27 28 29 -30 -31
leaf_value=-0.0062012811603296301 -0.018356310249244275 0.00025824278973408162 -0.057793618830364206 -0.024359524464319091 0.022746534031122541 0.16464618135543485 0.085532718130752722 -0.029920953775724013 -0.0070796876473741728 0.0013609565765778304 0.096096011452676433 0.067617999985709262 -0.045898258980225544 0.0077092710002989191 -0.026688613378070748 -0.027014846879083239 0.12753561157800658 0.11049279221126061 0.001966691304065031 0.061261009007140925 0.060273101285298482 -0.032425344755413268 -0.010758875467839858 0.0076297251415421699 -0.0016239158695618879 0.077262566045743789 0.080641597512300808 0.045305090955692309 0.019753924208351106 0.0081176455101886393
leaf_weight=93.846434354782104 68.508175015449524 3660.7575549762696 8.6511113308370096 217.25233979150653 7.5975586399435979 4.9316328279674053 7.7365836687386098 29.882106591016054 7.9419587552547508 15.543044384568931 5.6842932924628249 14.886309269815682 8.1310763135552389 14.180631911382077 25.317740403115749 6.1038614623248568 4.9556425660848609 4.3878215663135052 62.086467150598764 9.1863381899893266 7.941829212009905 6.7146582007408142 70.246866077184677 9.2534117102623004 121.68674092926085 12.206954780966042 9.0336801744997484 27.819583369418979 32.432152798399329 43.996042503044009
leaf_count=1089 911 38833 89 2716 88 50 92 282 104 205 54 94 72 175 259 72 43 48 571 91 68 48 719 102 1124 96 72 255 273 358
internal_value=-8.89642e-05 -0.000685019 -0.00710786 -0.014174 0.00288102 0.0785999 0.0044987 0.00726516 7.20319e-05 -0.00769111 0.0267293 0.0312551 0.0132404 0.0351803 0.00754207 0.0382963 0.061359 0.034761 9.4977e-05 0.00960912 -0.0216948 0.0178046 0.00586189 0.00919515 0.0148299 0.0472379 0.0118699 0.00733792 0.0330188 0.0225231
internal_weight=4618.9 4198.38 537.621 334.174 102.265 12.5292 203.448 194.797 149.862 89.7355 21.2273 44.9346 30.0483 21.9172 119.98 23.3893 17.2854 12.3298 96.5905 71.2728 231.909 14.6565 420.522 350.275 256.429 21.4604 234.968 193.502 41.4658 71.8156
internal_count=49053 44965 6132 4140 1308 138 1992 1903 1470 1170 259 433 339 267 1188 267 195 152 921 662 2832 116 4088 3369 2280 198 2082 1737 345 613
is_linear=0
shrinkage=0.05


Tree=78
num_leaves=31
num_cat=0
split_feature=7 38 18 0 54 18 58 60 59 0 17 58 60 45 47 47 58 60 18 42 4 60 38 32 42 1 60 6 18 4
split_gain=6.76805 14.9655 13.4937 10.6273 11.8282 10.3896 11.4209 15.2641 17.2636 11.0033 9.37546 9.27551 17.5534 13.9113 12.6758 15.6347 16.2068 13.7661 10.74 10.5221 13.5807 16.5493 14.7075 10.3681 10.6671 17.5326 9.9586 12.0423 15.1493 13.0547
threshold=1.0000000180025095e-35 0.16986368215469214 0.0032830491596875962 -0.0020963398799339768 -0.021086775646340278 0.0034186481231902387 0.00080434180116298575 0.67631820721991975 0.0016132779961232494 -0.0019400701000408937 0.39760025733577636 0.00021258886454742363 0.69495452231713584 -0.00035360495813154712 0.00022126586038082922 -0.00051135320632835087 0.002833410142289613 0.93657678361957963 0.0080435000269610864 8.6850000000000007e-06 11.766428571428543 0.98808368673700586 0.28891931439893392 2.5000000000000004 6.6980000000000013e-05 0.0021086521209573968 0.72262244876060688 4.5000000000000009 0.0049756877711909309 12.284999999999954
decision_type=2 2 2 2 2 2 2 2 2 2 2 2 2 2 2 2 2 2 2 2 2 2 2 2 2 2 2 2 2 2
left_child=1 2 -1 4 -3 6 -5 8 -8 -7 -2 12 -11 19 15 16 -13 -16 -15 -14 21 -21 23 -22 25 -25 -17 28 -28 -29
right_child=10 3 -4 5 -6 9 7 -9 -10 11 -12 14 13 18 17 26 -18 -19 -20 20 22 -23 -24 24 -26 -27 27 29 -30 -31
leaf_value=0.055087227295057641 -0.025132483044536746 0.059150730191247516 -0.013803312499294396 -0.037345451353315164 -0.0084264074319776918 0.078348418569008163 -0.0092846447362923048 -0.017311068225223682 0.10796587205588132 -0.028487101568829394 -0.00064567415652344508 0.0046728233656380741 -0.018220744044637981 -0.023231234803533798 0.093145369049975169 0.025418913340869334 0.093794018783959709 0.015618869314430128 0.042955834087358868 0.034186423951592798 -0.015284054516166498 0.14074489641222224 0.072594279414537902 0.0085855652841380515 -0.010669011879432068 0.1156123965978022 0.089280017974670098 0.016183621855479554 -0.0067168050206837101 -0.025632680281515205
leaf_weight=7.5102263763546935 39.487420666962862 6.8534513153135768 132.73538535647094 21.072136331349611 117.35517143458128 6.7038109600543967 5.9126952290534955 19.956219036132097 6.693076565861702 31.918469298630953 3886.0858763176948 8.7030505426228064 12.572599343955515 33.51426956243813 11.878042582422497 69.427214104682207 12.326004963368176 11.055421765893696 7.5008618012070647 10.185644403100012 23.638318281620741 5.6731949038803569 10.951487593352793 8.5402055270969885 9.5463936030864698 6.9327642507851115 7.8734455406665829 32.326152458786964 8.5975565724074823 44.163724903017282
leaf_count=77 651 56 1423 269 1194 68 63 212 51 381 41394 87 144 366 93 634 88 101 93 106 241 44 89 95 114 69 55 275 75 445
internal_value=-8.8225e-05 0.00447058 -0.0101142 0.00817697 -0.00469771 0.0119162 -0.00866399 0.00989691 0.0529699 0.0148674 -0.000891987 0.0137088 0.00471303 0.0129242 0.0207264 0.0163444 0.0569105 0.0557726 -0.0111269 0.0241288 0.031184 0.0723057 0.0202437 0.00846107 0.0308955 0.0565396 0.0110912 0.000390625 0.0391715 -0.00796027
internal_weight=4617.69 692.117 140.246 551.871 124.209 427.663 53.6341 32.562 12.6058 374.029 3925.57 367.325 160.974 129.056 206.351 183.417 21.0291 22.9335 41.0151 88.0406 75.468 15.8588 59.6092 48.6577 25.0194 15.473 162.388 92.9609 16.471 76.4899
internal_count=49053 7008 1500 5508 1250 4258 595 326 114 3663 42045 3595 1742 1361 1853 1659 175 194 459 902 758 150 608 519 278 164 1484 850 130 720
is_linear=0
shrinkage=0.05


Tree=79
num_leaves=31
num_cat=0
split_feature=1 5 50 60 59 37 5 1 43 42 19 50 15 44 43 4 32 37 37 14 32 3 63 7 45 63 15 2 5 59
split_gain=6.51937 10.8412 7.98873 15.0533 12.3214 21.5518 12.5014 11.6086 13.2448 20.4874 18.5632 16.2492 14.1162 12.425 11.0453 17.0621 11.5657 15.899 11.3095 10.8517 10.5374 11.5175 10.5021 10.299 9.86513 11.8934 11.5708 11.2621 13.5509 18.8213
threshold=0.024578880264538919 0.0069458233719353942 0.0015883262035464188 0.015434499414925954 0.00393587571001895 0.010075063664501475 0.0014258249216569394 0.0024054224511733295 1.4568750000000003e-05 2.0065000000000002e-05 -8.9912933045442994e-05 0.00028714283471652902 0.26013064424917326 8.1077298302297709e-05 9.365625000000003e-05 12.556428571428603 3.5000000000000004 0.10570361189394897 0.074482214539480285 0.41825462586688184 13.500000000000002 0.012288712758773636 -0.013079537081406458 1.0000000180025095e-35 -0.00028905752159654727 0.012644173485037385 0.24673321191076436 -0.014689806075410329 0.0041175602167477952 0.023801984047257588
decision_type=2 2 2 2 2 2 2 2 2 2 2 2 2 2 2 2 2 2 2 2 2 2 2 2 2 2 2 2 2 2
left_child=2 -2 4 -4 7 -6 19 13 10 12 11 -9 -10 -1 23 16 18 -18 -16 -7 21 -8 -5 -11 25 27 -27 -24 29 -29
right_child=1 -3 3 22 5 6 20 8 9 14 -12 -13 -14 -15 15 -17 17 -19 -20 -21 -22 -23 24 -25 -26 26 -28 28 -30 -31
leaf_value=-0.0020540681265513983 0.056119928628226345 -0.0077809408039670597 -0.022426897915927297 -0.03245861439739977 0.044014908187927554 0.071094724495206138 0.00091457391212375273 -0.018693593573290226 0.14051253322861715 0.03510337636074503 -0.022644424829980653 0.11519866301206459 0.022992990961644519 0.072572902166997064 0.076895501139020772 0.0088526997427277269 0.012224148413436366 0.12330156679149028 0.0042396050505319263 -0.00011357533062546061 0.030089353006864911 0.037050820061976145 0.053816811750563402 -0.011812397830651048 -0.0078457460109793136 0.039861498083853385 0.0019499394558999761 0.0019342522655899027 -0.011697798601471441 0.077691854989961395
leaf_weight=2112.408342698589 13.462932422757151 13.092112701386212 96.23571097664535 27.627598749473691 37.001994483172894 13.033980891108515 621.76554004848003 4.153639439493416 5.2497472241520864 14.139943124726413 54.54553996771574 4.9862594045698643 4.9785157665610313 5.5923394635319701 7.8111050222069052 105.67123575508595 4.9980636686086646 9.0631954818963987 17.040464568883181 9.0757959149777871 35.736297715455294 22.86097839474678 9.5339261889457685 67.723745504394174 400.34257260337472 38.212439455091953 42.522305823862553 596.42099938541651 212.67821374349296 8.3128152042627317
leaf_count=25917 83 109 1030 482 249 97 4996 65 54 148 656 70 54 53 83 1121 50 92 186 75 232 142 124 822 3624 248 285 5639 2230 37
internal_value=-8.71749e-05 0.0246157 -0.0002301 -0.00332792 0.00117457 0.00682269 0.00486363 -0.00055248 0.00864652 0.014093 -0.0115943 0.0543511 0.0833109 -0.00185702 0.0109665 0.0192757 0.0475804 0.0838192 0.0270761 0.0418646 0.00366121 0.00219611 -0.00195181 -0.00370885 -0.00130745 0.00157633 0.0198938 -0.000212003 -0.00084217 0.00297563
internal_weight=4616.28 26.555 4589.72 1431.89 3157.84 739.475 702.473 2418.36 300.361 236.676 63.6854 9.1399 10.2283 2118 226.448 144.584 38.9128 14.0613 24.8516 22.1098 680.363 644.627 1335.65 81.8637 1308.02 907.681 80.7347 826.946 817.412 604.734
internal_count=49053 192 48861 13699 35162 5791 5542 29371 3401 2610 791 135 108 25970 2502 1532 411 142 269 172 5370 5138 12669 970 12187 8563 533 8030 7906 5676
is_linear=0
shrinkage=0.05


Tree=80
num_leaves=31
num_cat=0
split_feature=50 59 53 45 4 58 60 15 5 59 21 11 60 45 64 62 58 5 52 43 21 45 21 52 51 59 4 37 58 58
split_gain=6.51996 13.7142 9.63078 8.55137 8.10203 8.24546 12.692 13.0624 11.1027 14.2196 10.6868 12.3556 11.8464 15.7728 12.4387 9.84575 8.87595 16.9443 8.0938 15.0846 12.707 12.481 7.9565 7.93327 7.91378 14.0784 10.1449 10.0967 13.6675 18.2078
threshold=-0.007832483076956203 -0.011508317009568387 0.013605548280205096 0.00073308698876189873 29.064642857142776 0.0096060326684295309 0.21286678017022112 0.0056720353661952232 0.0071766020414812644 0.01852754674717744 0.00016760977065728206 -0.43437200576777396 0.46561111557519569 -0.00046844483477287988 0.94775309485716808 0.015397581022628544 0.0021968137285947342 0.0028505159274335623 0.34400060261340909 2.0406250000000001e-05 -0.003452162118608295 -0.00041859345013634842 0.0016014781321415119 4.1575423947987291 -1.0000000180025095e-35 -0.0027304900919291023 8.0660714285714423 0.17868391897431893 0.0049611154837526554 0.0006680599788434653
decision_type=2 2 2 2 2 2 2 2 2 2 2 2 2 2 2 2 2 2 2 2 2 2 2 2 2 2 2 2 2 2
left_child=3 2 -2 -1 5 15 -7 -8 9 10 -9 12 -12 -14 22 23 17 -17 -6 21 -21 -20 -15 24 26 -26 -3 -28 29 -29
right_child=1 4 -4 -5 18 6 7 8 -10 -11 11 -13 13 14 -16 16 -18 -19 19 20 -22 -23 -24 -25 25 -27 27 28 -30 -31
leaf_value=0.011415480625756941 -0.019291848118297244 -0.0067083828842018928 0.068300354225113158 -0.050313103066367673 -0.015521194969104014 -0.045555900279684834 0.087795146345353042 -0.041081786542521891 -0.049794152033728063 0.066732183144833451 0.085719771384074661 -0.0014093293550186761 0.082590974324406777 0.041983429929139893 0.074153445258431594 0.083292767941840234 -0.033439291861143888 -0.032211387971842795 0.014583502134428423 0.044136175923544116 -0.03805221415515031 0.10010401537163956 -0.016414367100166926 0.05614109971595798 -0.017698747764827241 -0.00070391467065757021 0.01169250927127422 -0.00054385878604306856 -0.029527828428991005 0.016004884307638929
leaf_weight=169.47958527132869 118.93562177009881 234.06204372085631 3.2231709323823443 5.8026110865175715 150.10467304103076 9.1773594766855222 5.9212182499468318 9.4171982929110509 6.9156033098697653 12.176002800464628 8.4227411076426417 60.857330929487951 8.6817977204918773 7.4815451763570371 6.0725621208548537 5.2859429121017438 39.220091324299574 7.9515829756855965 13.77140184491873 6.294087432324889 18.601950168609619 6.1811411753296843 26.465441167354584 6.3536888137459746 129.13211935013533 2163.77302955091 364.00751078501344 764.60533612221479 33.284215956926346 212.38253222033381
leaf_count=1499 2190 3386 45 53 1945 72 44 110 73 69 65 426 64 58 33 48 377 81 106 62 165 49 233 37 1979 20455 3887 8794 381 2267
internal_value=-8.63171e-05 -0.000459816 -0.0169807 0.00937199 7.72141e-06 0.000478835 0.0115498 0.0149884 0.0120455 0.0151096 0.0101758 0.0142671 0.0309681 0.0214989 0.00824569 2.70868e-05 -0.0214905 0.0139112 -0.00995244 0.00868576 -0.0172738 0.0410771 -0.00354413 0.00031595 0.000225032 -0.00166103 0.00291387 0.00455269 0.00198017 0.00305359
internal_weight=4614.04 4438.76 122.159 175.282 4316.6 4121.65 161.589 152.411 146.49 139.575 127.399 117.981 57.1241 48.7013 40.0195 3960.06 52.4576 13.2375 194.953 44.8486 24.896 19.9525 33.947 3907.6 3901.25 2292.91 1608.34 1374.28 1010.27 976.988
internal_count=49053 47501 2235 1552 45266 42939 1247 1175 1131 1058 989 879 453 388 324 41692 506 129 2327 382 227 155 291 41186 41149 22434 18715 15329 11442 11061
is_linear=0
shrinkage=0.05


Tree=81
num_leaves=31
num_cat=0
split_feature=18 63 2 58 59 5 59 53 60 3 18 48 3 18 4 21 1 50 60 53 42 58 51 18 43 17 11 2 3 60
split_gain=6.39475 6.32319 6.54611 13.644 12.8616 12.4016 13.8852 12.3203 10.9476 10.1637 9.86986 9.2983 10.4131 9.4125 9.16885 22.892 8.62573 8.80285 13.9152 9.84207 13.4303 17.9034 11.2743 15.4792 12.8694 11.4541 12.2743 9.92186 9.67135 9.56705
threshold=0.0014849996484544664 -0.025596712539311259 -0.015378452068349821 -0.0039663190967052326 -0.0071845546946504883 0.0038199432685964846 -0.024660633804338413 -0.002453523315114719 0.77118837054529299 0.026767602245122566 0.012359001935764466 0.00031149518203261051 0.010251885849700685 0.0047273128824184335 20.897142857142871 -0.00027436843247494229 0.024578880264538919 0.0015883262035464188 0.015434499414925954 0.0045501335924416171 3.692500000000001e-05 -0.00062956227021090689 1.0000000180025095e-35 0.0030012142211073701 -0.00012015499999999998 1.8825688675177574 -0.79324849485445348 0.0044331125043470835 0.0045548255698329865 0.41956774246104134
decision_type=2 2 2 2 2 2 2 2 2 2 2 2 2 2 2 2 2 2 2 2 2 2 2 2 2 2 2 2 2 2
left_child=-1 -2 3 5 11 -3 9 -8 -9 -7 16 12 -4 -14 15 -13 17 19 -19 22 21 29 23 25 -24 26 -6 -28 -23 -21
right_child=1 2 4 -5 10 6 7 8 -10 -11 -12 14 13 -15 -16 -17 -18 18 -20 20 -22 28 24 -25 -26 -27 27 -29 -30 -31
leaf_value=-0.051876488599710918 -0.019294343955171087 -0.022708383654281454 -0.01809762510231237 -0.0020335508171383117 0.016192966595284113 -0.034563307711033775 0.027254945782097213 0.13181083189804571 0.051364915179339499 0.049328232341008936 -0.022681719137313264 -0.030587875606249537 0.081383339817495709 0.00091407682778192232 -0.0061615404965639723 0.12429468007034579 0.033895436665230684 -0.021322868872934886 -0.0013271824845657591 -0.038075913090636779 0.0062935548826042855 0.032310496201840393 0.080625153620082518 0.0082209421500240888 -0.0016674560888171092 0.038864358604156893 -0.019824444145783382 0.043475237965565801 0.10796588407648972 0.033838758633247472
leaf_weight=5.9523362684994927 42.154271302744746 11.502952720969914 211.17542484588921 110.6022661998868 34.418883400037885 10.860470648854973 31.511915966868401 6.3478231094777593 12.670906860381365 5.4082922339439383 45.473386060446501 4.228285264223814 3.9436970911920062 46.275593664497137 14.309286583214996 5.4746735841035861 19.525566883385181 93.500517286360264 1252.9818470235914 7.192024506628516 126.24713208712637 7.1071977131068733 4.7665387503802767 869.66061614640057 1447.2789439409971 12.484820358455179 139.12296658754349 6.4788509309291831 10.413713563233612 12.955468613654373
leaf_count=198 660 123 3690 1056 518 126 258 72 129 41 516 68 37 569 219 54 120 1007 11362 74 1178 70 42 9245 15083 141 2132 70 80 115
internal_value=-8.51039e-05 -1.81749e-05 0.000159868 0.00927286 -0.000233613 0.0252432 0.0335005 0.0464353 0.0782151 -0.0066749 0.000482562 -0.0104957 -0.013231 0.00723329 0.0192806 0.0568011 0.000743028 0.000582187 -0.00271569 0.00224026 0.0141113 0.0403127 0.00146632 0.0053811 -0.00139732 -0.00744814 -0.01066 -0.0170078 0.077277 0.00816747
internal_weight=4612.03 4606.07 4563.92 188.905 4375.02 78.3024 66.7994 50.5306 19.0187 16.2688 4089.61 285.407 261.395 50.2193 24.0122 9.70296 4044.14 4024.61 1346.48 2678.13 163.916 37.6684 2514.21 1062.17 1452.05 192.506 180.021 145.602 17.5209 20.1475
internal_count=49053 48855 48195 1805 46390 749 626 459 201 167 41753 4637 4296 606 341 122 41237 41117 12369 28748 1517 339 27231 12106 15125 2861 2720 2202 150 189
is_linear=0
shrinkage=0.05


Tree=82
num_leaves=31
num_cat=0
split_feature=18 37 21 48 6 6 18 1 50 42 50 42 59 21 60 2 7 47 53 48 62 42 6 63 62 62 62 42 11 23
split_gain=6.07153 6.10759 15.5789 12.2849 9.60836 19.6532 16.5126 12.6482 12.9548 12.3385 12.3181 11.8665 13.1399 18.6643 12.4115 10.9118 10.4488 10.1576 11.3364 10.5562 10.1251 12.9658 12.3107 13.8977 13.23 12.9058 13.2092 12.1171 11.9778 16.5463
threshold=0.0014849996484544664 0.11076597718384941 0.0038462170992593137 -0.00050953819548092162 10.500000000000002 15.500000000000002 0.003704736849124608 -0.0043213982326278455 -0.00015874743941081222 1.3700000000000001e-05 -0.0042816799465261379 4.3950000000000011e-06 -0.0032307296354085828 -0.0012705733495365237 0.5341649205636706 0.0082741030859773152 3.5000000000000004 -0.00037564151493829455 -0.00013957226050988618 -0.0006047224928971308 -0.0064210834405963721 1.4815000000000001e-05 18.500000000000004 0.038119067064743939 0.00034098349333181989 0.0083201270165056563 0.0098230262423862017 2.2835000000000004e-05 -0.92894314185696591 -0.00067786763826220054
decision_type=2 2 2 2 2 2 2 2 2 2 2 2 2 2 2 2 2 2 2 2 2 2 2 2 2 2 2 2 2 2
left_child=-1 2 -2 -4 11 6 16 10 15 -7 -8 12 -3 -14 -15 -9 -6 19 -19 -18 -11 -22 27 24 -24 -26 -27 -23 29 -29
right_child=1 4 3 -5 5 9 7 8 -10 20 -12 -13 13 14 -16 -17 17 18 -20 -21 21 22 23 -25 25 26 -28 28 -30 -31
leaf_value=-0.051783751180811313 0.0047569166409151889 -0.034002885036773442 0.029525519787510592 -0.042965113189392293 -0.022483772482559283 -0.017782118657768103 0.0098636644252364271 0.031093952729585036 0.0090913194961160845 0.018659725321669214 -0.015831394795514989 -0.0049728379378329102 0.087458395005202416 -0.018311836625067999 0.043420582253069717 -0.0095817648293381255 0.049338597794816239 0.053854917338862988 -0.00056928858357622059 -0.015617379148987179 0.0719291242912624 0.021168127657187959 0.0033366214721953277 0.064183717180612498 -0.035303088207591322 0.077351456628714996 -0.0091679595733846018 0.10302063707955161 -0.014866926966614683 0.0021691094626570015
leaf_weight=5.6719214040786019 933.98973283730447 9.5438487064093334 7.301394321024417 29.290618374943733 66.777161203324795 124.25779321044683 113.0782957598567 138.58543721958995 365.18311390653253 60.790278339758515 79.389596154913306 1407.4608362931758 10.88917465880513 16.665864925831556 15.919657684862612 18.714384168386459 6.970486056059598 16.925270216539502 22.012168511748314 60.913157820701599 5.8512653410434714 30.500900860875845 575.55696684122086 8.7562018744647485 46.293686706572771 5.469746325165036 22.80289107747376 4.4346927069127551 351.432926569134 49.055134264752269
leaf_count=198 10146 147 67 275 653 1512 940 1352 3101 690 726 15157 99 177 136 161 72 178 210 689 67 316 6524 59 538 48 225 71 3911 608
internal_value=-8.42329e-05 -2.05527e-05 0.00350307 -0.0285007 -0.000961594 0.00114573 0.0068635 0.0102222 0.0142585 -0.00280736 -0.000735092 -0.0040981 0.0191233 0.0307859 0.0118475 0.0262547 -0.00696905 0.00272968 0.0230877 -0.00894751 -0.00120458 -0.00230221 -0.00269913 0.00161205 0.000769304 -0.0190471 0.00757046 -0.00922276 -0.011512 0.0105304
internal_weight=4610.48 4604.81 970.582 36.592 3634.23 2173.75 888.549 714.951 522.483 1285.2 192.468 1460.48 53.0185 43.4747 32.5855 157.3 173.598 106.821 38.9374 67.8836 1160.94 1100.15 1094.3 658.879 650.123 74.5663 28.2726 435.424 404.923 53.4898
internal_count=49053 48855 10488 342 38367 22651 8082 6280 4614 14569 1666 15716 559 412 313 1513 1802 1149 388 761 13057 12367 12300 7394 7335 811 273 4906 4590 679
is_linear=0
shrinkage=0.05


Tree=83
num_leaves=31
num_cat=0
split_feature=7 38 3 0 54 18 58 47 60 17 13 2 59 20 58 41 18 15 37 58 45 59 13 43 58 4 58 4 41 37
split_gain=5.95309 13.3184 12.9714 9.24439 10.2313 9.28365 10.5701 14.7198 10.9442 8.52767 8.38568 9.05167 8.25199 11.8507 14.6058 20.5504 20.7804 23.9481 14.0442 13.5005 14.1902 12.8987 18.2076 12.6016 18.4667 13.2044 16.0212 11.3936 11.382 12.4046
threshold=1.0000000180025095e-35 0.16986368215469214 0.0021068373756395874 -0.0021367742991878548 -0.021086775646340278 0.0034186481231902387 0.00080434180116298575 -0.00037564151493829455 0.66940663416365032 0.39760025733577636 0.12079016843104136 -0.0084561229271893235 -0.024660633804338413 -0.0079743580007693073 -0.0040665247921489985 -1.6924999999999995e-05 0.0057589894795737175 0.11569224633975358 0.040590106503608551 -0.003514133181772139 -0.00037236976317518369 -0.0055390842160431613 0.0090633431794735157 -9.0059999999999988e-05 -0.0053701934604853049 10.883571428571488 -0.0065298586802106356 15.685714285714264 7.7770000000000023e-05 0.51465267594413777
decision_type=2 2 2 2 2 2 2 2 2 2 2 2 2 2 2 2 2 2 2 2 2 2 2 2 2 2 2 2 2 2
left_child=1 2 -1 4 -3 6 -5 8 -8 -2 11 -4 -11 18 15 16 17 -15 -14 20 -20 22 -16 -19 25 26 -25 -27 29 -22
right_child=9 3 10 5 -6 -7 7 -9 -10 12 -12 -13 13 14 21 -17 -18 23 19 -21 28 -23 -24 24 -26 27 -28 -29 -30 -31
leaf_value=0.067603047692553139 -0.024269220193356218 0.053604005537470148 0.029488166142993707 -0.036596359168119034 -0.0081977342769627981 0.013825527278248796 0.093720167007866756 -0.02567580478680211 0.010680078500611225 -0.027528692081047825 -0.0030027123288333788 -0.036650914733956708 0.089513846247711693 -0.021266438841968511 0.074245587000446617 -0.018011534871519595 -0.014322241832552414 -0.024240650964224515 0.0099651774455116766 -0.0017801809102490397 0.14488814997825925 0.0007048567960306404 -0.015699317425015839 0.068429816593288215 0.014326412155300602 -0.011645774318079498 0.17580732901957172 0.090777165643802143 0.025802064974899827 0.04110868554962193
leaf_weight=5.2288870532065621 38.453691435977817 7.1156677715480319 5.8609055019915095 20.525168299674988 113.77014414966106 379.31226404756308 6.2962220832705524 15.751168258488176 10.729202400892971 28.256155399605632 83.737822471186519 44.082028264179826 5.2499870732426634 19.93936837464571 5.8081643842160693 274.58003239147365 65.63739538192749 5.9949054531753054 120.21187342889607 190.93717934004962 5.1094175018370134 2904.2599509954453 179.92058453708887 8.5494920089840871 17.940126799046993 5.4864629432558996 5.8513446599245098 5.3756115213036537 22.912420492619276 6.597196526825428
leaf_count=64 651 56 76 272 1166 3686 48 168 112 400 809 551 43 211 89 3245 720 71 1401 1990 45 29639 2779 87 172 62 50 56 256 78
internal_value=-8.36627e-05 0.00419014 -0.00965211 0.00766408 -0.00455992 0.0110798 -0.00845936 0.00916043 0.0413894 -0.000839131 -0.0126739 -0.0288894 -0.000606838 -0.00040927 -0.00128781 -0.0101628 0.00582766 0.0249575 0.00834903 0.00711666 0.0180882 -0.000112076 -0.0128865 0.0436916 0.0531179 0.0806652 0.112059 0.0390431 0.0462949 0.0864038
internal_weight=4609.48 692.409 138.91 553.5 120.886 432.614 53.3018 32.7766 17.0254 3917.07 133.681 49.9429 3878.62 3850.36 3499.34 409.355 134.775 69.1373 351.018 345.768 154.831 3089.99 185.729 49.1979 43.203 25.2629 14.4008 10.8621 34.619 11.7066
internal_count=49053 7008 1500 5508 1222 4286 600 328 160 42045 1436 627 41394 40994 37181 4674 1429 709 3813 3770 1780 32507 2868 498 427 255 137 118 379 123
is_linear=0
shrinkage=0.05


Tree=84
num_leaves=31
num_cat=0
split_feature=6 7 18 43 40 47 64 62 13 54 21 6 58 60 18 15 64 6 42 51 52 53 59 21 5 41 41 7 21 21
split_gain=5.91373 9.78638 10.5689 10.492 11.825 11.5673 9.44137 11.9483 13.7727 10.9115 16.3741 8.9363 15.6801 16.4503 12.179 20.9046 12.0102 10.6354 16.3948 13.9531 13.8017 11.7036 11.5644 15.2875 10.9823 10.3652 15.39 11.0721 11.1391 13.8079
threshold=1.5000000000000002 4.5000000000000009 0.0027116027977827158 -4.894999999999999e-05 -1.0000000180025095e-35 -0.00050824286593480867 0.31929048148066663 0.0047648920063540724 0.089956916523407773 -0.0060152644808141049 -0.00046163604830575439 4.5000000000000009 0.0020259388890200027 0.029632045142847473 0.0025022169591278273 0.45652173913043864 0.11588329685718703 2.5000000000000004 3.5175000000000008e-05 1.0000000180025095e-35 0.05021214448845631 -1.0000000180025095e-35 0.0044233135652845144 0.0043339606752960417 0.0034648902142727458 9.1270000000000012e-05 9.9955000000000015e-05 1.5000000000000002 -0.0029951130639181522 0.00023818664912001115
decision_type=2 2 2 2 2 2 2 2 2 2 2 2 2 2 2 2 2 2 2 2 2 2 2 2 2 2 2 2 2 2
left_child=1 2 -1 4 -4 -6 7 8 -3 10 -8 12 13 14 -2 -16 -14 18 -18 20 21 -20 -19 24 -24 -15 -27 -28 -29 -30
right_child=11 6 3 -5 5 -7 9 -9 -10 -11 -12 -13 16 25 15 -17 17 22 19 -21 -22 -23 23 -25 -26 26 27 28 29 -31
leaf_value=0.06656123382953813 -0.033520471086283254 0.088797011117201619 0.093243475858142327 0.0056788556673270122 -0.023784298197497247 0.057478570490434061 -0.023883908006563925 -0.030364070008686718 -0.0075042256814778791 -0.025249394064216668 0.087330790279387685 0.00023026012531709175 0.062325995394863012 -0.023612658291250293 0.016873568752543568 0.14004236160067565 0.064354719570746038 -0.02037112394230358 0.0291287518210912 -0.0083430416473752305 -0.023839594153687929 0.14243917131723932 0.04993681346982376 -0.023363335371684966 -0.019362031807462914 0.090628725073314181 -0.031742210945791681 0.059123640090973761 -0.034667390020912341 0.015619831893184206
leaf_weight=7.9991392679512492 7.2097918353974846 8.3724003843963164 7.258942466229203 288.62453722022474 8.6514648310840165 8.867740206420418 7.6382313445210457 7.7386240288615218 6.6709740273654452 63.191106015816331 5.8400062434375268 3654.925484482199 8.5153849460184556 197.51121136173606 17.172159586101774 4.3094439879059783 14.494421645998953 71.220995815470815 4.6573564633727065 45.174584344029427 4.3294572643935672 4.4623101912438861 23.258507959544662 19.83784868568182 7.5805126167833796 4.1227370090782633 32.70993622764945 8.0080158431082946 22.24903761036694 35.322130555287004
leaf_count=87 123 84 65 2651 64 53 66 92 72 795 59 38833 64 2480 211 50 132 888 55 406 45 46 147 154 55 56 408 112 320 380
internal_value=-8.32509e-05 0.00556661 0.00980789 0.00835935 0.0395827 0.0173487 -0.00814014 0.0201215 0.0460923 -0.016538 0.0243045 -0.000651133 -0.00670479 -0.0134594 0.0227101 0.0415826 0.00420098 0.00166294 0.0167393 0.00496667 0.049673 0.0845723 -0.00738035 0.0108768 0.0329025 -0.0169195 -0.00401101 -0.00798067 0.00387124 -0.00381424
internal_weight=4607.92 420.853 321.402 313.403 24.7781 17.5192 99.4513 22.782 15.0434 76.6693 13.4782 4187.07 532.146 328.614 28.6914 21.4816 203.531 195.016 73.1181 58.6237 13.4491 9.11967 121.898 50.6769 30.839 299.923 102.412 98.2891 65.5792 57.5712
internal_count=49053 4088 2920 2833 182 117 1168 248 156 920 125 44965 6132 4140 384 261 1992 1928 684 552 146 101 1244 356 202 3756 1276 1220 812 700
is_linear=0
shrinkage=0.05


Tree=85
num_leaves=31
num_cat=0
split_feature=18 63 49 34 51 58 6 37 4 0 60 48 4 2 60 62 63 15 54 59 42 42 59 63 43 38 18 4 59 53
split_gain=5.76203 5.79507 6.49024 6.2386 6.11291 12.4086 14.8041 11.171 9.96837 10.0373 10.7698 11.156 18.9376 10.8867 10.39 10.2828 10.6034 17.0617 9.47868 11.8081 10.7429 13.2381 17.3908 17.5732 16.6233 11.6373 15.9162 17.3687 23.006 12.3771
threshold=0.0014849996484544664 -0.025596712539311259 -0.0012302189312320749 4.124126810519245 1.0000000180025095e-35 -0.00070488703101406584 10.500000000000002 0.66586691523361086 29.064642857142776 0.0015681523625966014 0.5722597409598803 -0.00047896118993770236 22.543571428571394 0.0014224021352776592 0.54265027236171004 0.012011614537966035 -0.00033443800919780034 0.23818962153726184 0.0055926287455597802 0.00079271975652838312 3.2150000000000001e-06 7.4695000000000016e-05 0.0088897998605827321 0.0080534821483124307 1.2480000000000008e-05 0.29921560583630974 0.0045505900930308844 19.269642857142802 0.007558543080844588 -0.00072059091664143573
decision_type=2 2 2 2 2 2 2 2 2 2 2 2 2 2 2 2 2 2 2 2 2 2 2 2 2 2 2 2 2 2
left_child=-1 2 -2 4 -3 6 18 -8 9 -7 14 12 -12 -13 15 16 17 -11 19 -6 -21 22 23 -22 -24 26 -23 28 29 -28
right_child=1 3 -4 -5 5 8 7 -9 -10 10 11 13 -14 -15 -16 -17 -18 -19 -20 20 21 25 24 -25 -26 -27 27 -29 -30 -31
leaf_value=-0.051694388994534851 0.0019859378035601808 0.0022022424943961608 -0.0376306694276312 0.054772951119762603 -0.032078455904996875 -0.0015174250180597969 0.0049171051021208558 -0.021052426380244987 -0.01893854341965967 0.10867834641114189 0.042973022884139456 -0.0137158775772036 -0.041465671054380322 0.014535583732192043 -0.039392609270579831 -0.040170373742583594 0.0025163395055325132 -0.017067643344176982 -0.035330087547791385 0.061527231139449579 -0.039342034865098921 -0.028296677253152588 0.085061298280977152 0.033547369979513547 -0.023643119735836732 0.070516316926776068 0.14774823751720548 -0.020827601941456136 -0.024508703126522081 0.045810486797817414
leaf_weight=5.4014408662915221 19.857561619952321 1949.1027768626809 21.56583371385932 5.2207328900694838 53.647274788469076 1383.9451470617205 215.4467729087919 51.263053309172392 65.631468269973993 6.0481268689036352 53.88621149584651 44.097456937655807 7.5734770931303492 150.41265495121479 15.503442633897064 13.632839545607565 332.88497716933489 4.8694333396852016 54.71937232837081 5.8705876246094695 63.054288994520903 23.235052224248648 7.0663196817040426 9.5173259899020177 7.0016496032476425 7.1578825712203971 6.0840513259172457 11.397846791893242 5.6684045791625968 5.8323174528777635
leaf_count=198 266 22856 394 31 796 13790 2132 518 771 67 418 414 68 1085 124 107 2799 48 585 55 719 258 54 75 62 60 58 137 48 60
internal_value=-8.27066e-05 -2.21185e-05 -0.0186392 0.000147009 8.43935e-05 -0.00149994 -0.00835283 -7.43776e-05 0.000237482 0.000862739 0.00610041 0.0139982 0.0325679 0.00813068 0.000679696 0.0024178 0.00410655 0.0525933 -0.0168367 -0.0119132 -0.00479061 -0.00745694 -0.0199201 -0.029783 0.0309589 0.0107291 0.00253361 0.0272499 0.0584121 0.0978561
internal_weight=4606.6 4601.19 41.4234 4559.77 4554.55 2605.45 526.962 266.71 2078.49 2012.85 628.909 255.97 61.4597 194.51 372.939 357.435 343.803 10.9176 260.252 205.533 151.886 146.015 86.6396 72.5716 14.068 59.3756 52.2177 28.9826 17.5848 11.9164
internal_count=49053 48855 660 48195 48164 25308 5617 2650 19691 18920 5130 1985 486 1499 3145 3021 2914 115 2967 2382 1586 1531 910 794 116 621 561 303 166 118
is_linear=0
shrinkage=0.05


Tree=86
num_leaves=31
num_cat=0
split_feature=59 7 42 2 4 57 21 6 20 63 59 7 48 50 42 48 55 59 60 5 48 20 13 10 59 4 6 11 60 59
split_gain=5.80328 9.32332 16.4424 21.6049 19.5185 19.5421 16.4891 17.5604 26.9195 15.3769 15.0641 14.4695 13.3833 13.0283 12.9275 12.4347 11.5173 19.8411 14.8461 17.1987 18.5622 16.5849 15.6185 12.5553 18.2026 17.534 15.1113 13.3073 12.4444 12.2657
threshold=-0.00019262481387795065 5.5000000000000009 1.2315000000000002e-05 -0.0002687666506035491 9.2596428571427776 -1.0000000180025095e-35 0.0042220597879207809 20.500000000000004 0.001102939872660723 0.019353714228317064 0.0033331202276568627 4.5000000000000009 0.00024344368663280737 0.0042436130346162389 0.00011827500000000002 -0.00062528286650123243 -1.0000000180025095e-35 0.01536043669547585 0.17588913347727902 0.0032005993941203346 -0.00053204355494895761 0.0025037141369220924 0.008312328004230889 1.0000000180025095e-35 0.00033131893278383687 5.6021428571428631 14.500000000000002 -0.68840982026858077 0.55985275046235039 0.0029272087381537856
decision_type=2 2 2 2 2 2 2 2 2 2 2 2 2 2 2 2 2 2 2 2 2 2 2 2 2 2 2 2 2 2
left_child=-1 11 3 -3 -5 -6 7 9 10 15 -9 13 -13 16 -14 -4 17 18 19 21 -21 -2 -20 25 27 28 -26 -25 -18 -28
right_child=1 2 6 4 5 -7 -8 8 -10 -11 -12 12 14 -15 -16 -17 23 -19 22 20 -22 -23 -24 24 26 -27 29 -29 -30 -31
leaf_value=-0.0024016955344220072 0.026038514289163484 0.11802724521630217 0.05828124461506462 -0.043181165835605106 -0.003158675729954135 0.12280079160988502 -0.026901679958764135 0.13611184014185587 0.010950676423176082 0.081841629743742678 0.036230137051497711 -0.012510392486553952 0.083673754316035756 -0.0060427330361000169 0.0048376587102352472 0.00052040791305917337 0.017261953725190442 0.057203979608635526 0.043844171300462975 0.048369925752104782 -0.041196546958411129 0.086279751404399752 0.0018090293172428559 0.12832045191946256 0.023143917383037876 -0.0040164981774688706 -0.022215279131247302 0.030777946685351887 0.10543618731476496 0.0048964743558478907
leaf_weight=1700.7011142931879 49.573710910975933 7.5138821899890926 9.6651819162070733 7.807932389900091 6.3575191535055673 5.971703194081778 35.075545437633991 8.5358977243304235 31.131509833037853 6.2642727121710768 6.768141906708478 309.82618812657893 6.7050224095582989 438.07277112454176 23.166738521307707 259.18737852945924 12.578251700848343 20.965614590793848 23.292931169271469 9.0500137060880679 16.032378353178501 14.847061093896626 430.76563160307705 4.8700621686875847 93.942972250282764 767.23606035858393 50.959416080266237 12.397874772548674 5.8685628250241271 230.02852131426334
leaf_count=23122 453 65 83 96 61 46 336 86 257 35 54 3389 64 3263 219 2705 116 117 238 64 142 117 3917 53 591 6744 566 121 42 1891
internal_value=-8.21489e-05 0.00127606 0.00853069 0.0456741 0.0186766 0.0578502 0.00565078 0.00920167 0.0376427 0.00440126 0.0919396 0.000169866 -0.00942879 0.00166524 0.0225332 0.0025969 0.00360317 0.00947508 0.00763413 0.026246 -0.00887994 0.0399223 0.00396541 0.000788917 0.0080953 -0.0028583 0.00578362 0.0582878 0.0453132 -2.04596e-05
internal_weight=4605.16 2904.46 384.279 27.651 20.1372 12.3292 356.628 321.552 46.4355 275.117 15.304 2520.18 339.698 2180.48 29.8718 268.853 1742.41 564.527 543.562 89.5032 25.0824 64.4208 454.059 1177.88 392.199 785.683 374.931 17.2679 18.4468 280.988
internal_count=49053 25931 3824 268 203 107 3556 3220 397 2823 140 22107 3672 18435 283 2788 15172 5048 4931 776 206 570 4155 10124 3222 6902 3048 174 158 2457
is_linear=0
shrinkage=0.05


Tree=87
num_leaves=31
num_cat=0
split_feature=44 63 4 21 45 4 38 35 37 37 32 56 21 60 4 43 62 53 4 59 14 14 49 38 60 63 41 64 45 38
split_gain=5.79043 6.40074 8.04037 12.1889 16.6947 10.6502 8.18127 8.12143 8.63695 16.9673 9.81387 8.62559 8.17897 12.2185 9.19855 8.12001 9.68684 7.95299 8.15155 7.28618 7.25021 7.14879 7.12421 6.93101 11.799 14.4295 20.5064 11.1069 25.9348 13.2755
threshold=0.00010903499999999785 -0.0020331343952488625 33.929285714285669 -0.0069105138493590077 -0.00033335261192424828 20.897142857142871 0.19780483196391499 1.8383532469847494 0.091037795471002228 0.086120774173433542 13.500000000000002 1.1589819301416886 0.0023498406356296411 0.12712104473348038 23.260000000000076 1.183749999999995e-06 -0.0012271346372815116 0.0016323152824081718 26.177142857142879 0.0073979957845853586 0.91841917278700813 0.78239778606550281 0.00075097790069350025 0.28986141230416745 0.015434499414925954 -0.00013794830284223234 9.164000000000001e-05 0.42753576049293113 -0.00041444762989976031 0.31611185515894868
decision_type=2 2 2 2 2 2 2 2 2 2 2 2 2 2 2 2 2 2 2 2 2 2 2 2 2 2 2 2 2 2
left_child=1 2 3 4 5 -1 17 8 9 10 11 15 20 -14 19 16 -5 18 -7 -15 22 -17 -10 24 25 26 -3 28 29 -25
right_child=-2 23 -4 7 -6 6 -8 -9 12 -11 -12 -13 13 14 -16 21 -18 -19 -20 -21 -22 -23 -24 27 -26 -27 -28 -29 -30 -31
leaf_value=-0.040472432199003289 0.049349898211554721 -0.0010123292567011722 -0.040158680046203016 -0.014477557320385127 0.13646974989239255 -0.015053371168250338 0.090842830219612272 0.03886397554594237 -0.012224757188472074 0.10925965608583361 0.069618895444834877 0.043457655706111271 0.060313266103649205 -0.050526260156460771 0.047597696292736177 -0.035791356273692343 0.086834943216546015 -0.054410210891987658 0.086316809779582393 0.02705942955482997 0.052325061299559474 0.037880531488025962 -0.032876523372022334 0.023166493311038538 0.00043543256085135437 -0.01130664939428248 0.12645243691672611 0.0029646129488701913 -0.0085222778197773519 0.087967005550423749
leaf_weight=6.5579069051891627 5.916628334671258 9.9128648154437524 17.067052634432912 6.1002980023622513 3.1255395226180545 3.7308654952794296 4.6733297370374194 9.0588975027203542 143.11504631489515 3.8694463092833749 4.7331654131412497 7.533266592770814 8.8553405366837996 11.151159375905992 5.182708039879798 27.878362592309717 3.8474052734673005 3.2081696651875973 4.2335348427295685 4.1530580110847941 3.7056938260793677 3.7338474728167048 58.966214189305902 15.287135532125832 3179.8242707457393 337.83748373016715 4.6287344470620146 659.51364521495998 29.45080509968102 16.36457173153758
leaf_count=109 52 119 280 84 49 56 58 81 2099 45 53 94 81 144 56 393 50 58 64 42 52 48 910 137 32797 4144 51 6447 273 127
internal_value=-8.22107e-05 -0.000145829 -0.00670109 -0.00495705 0.0282174 0.0131152 0.0352927 -0.0077625 -0.00920495 0.00813019 0.000860236 -0.00576891 -0.0134586 0.0112375 -0.00997524 -0.0146919 0.0247064 0.0120568 0.0388307 -0.0294721 -0.0169799 -0.0270897 -0.0182508 0.00038515 -0.000526564 -0.0092075 0.039561 0.00485405 0.0252478 0.0566697
internal_weight=4603.22 4597.3 344.48 327.413 25.5293 22.4038 15.8459 301.884 292.825 57.6958 53.8263 49.0932 235.129 29.3423 20.4869 41.5599 9.9477 11.1726 7.9644 15.3042 205.787 31.6122 202.081 4252.82 3532.2 352.379 14.5416 720.616 61.1025 31.6517
internal_count=49053 49001 4906 4626 394 345 236 4232 4151 767 722 669 3384 323 242 575 134 178 120 186 3061 441 3009 44095 37111 4314 170 6984 537 264
is_linear=0
shrinkage=0.05


Tree=88
num_leaves=31
num_cat=0
split_feature=59 19 4 7 45 17 4 52 43 48 21 5 32 19 50 50 59 21 50 59 3 45 19 4 58 58 18 19 48 38
split_gain=5.64267 12.2216 10.5288 16.7944 23.2204 8.95833 7.65949 8.6134 17.4357 9.77394 8.23624 7.48265 12.9252 14.7276 13.592 12.7803 20.3091 16.9234 13.2156 17.1668 14.7069 13.0924 12.5564 12.5515 12.1617 11.2427 13.1256 13.4366 15.0566 15.1138
threshold=-0.015125858816423589 -0.014536773359425791 29.064642857142776 2.5000000000000004 -0.00038639813705379131 1.3205502393416106 29.064642857142776 0.34400060261340909 2.0406250000000001e-05 -0.00042124414850146138 -0.0036395439263829815 0.0025621048224206727 17.500000000000004 0.00013783771752472979 -0.00093452349399861148 0.004977933273129777 0.0072787511613084796 0.0017448614677551444 -0.0028997680938521331 -0.0025408045712124534 0.010088584804686119 -0.00038160754477869195 -0.00043646678935732071 13.760714285714309 0.0027320755463552423 0.0045606247360539713 0.0034938142022304512 0.0045576801303301969 -0.00036868820032435041 0.21044512478513003
decision_type=2 2 2 2 2 2 2 2 2 2 2 2 2 2 2 2 2 2 2 2 2 2 2 2 2 2 2 2 2 2
left_child=2 -2 -1 5 -5 -4 11 -8 9 -9 -10 15 23 14 -14 16 18 21 20 -20 22 -18 -3 25 -24 -13 -27 28 -28 -30
right_child=1 6 3 4 -6 -7 7 8 10 -11 -12 12 13 -15 -16 -17 17 -19 19 -21 -22 -23 24 -25 -26 26 27 -29 29 -31
leaf_value=-0.019748353511992358 0.034380822041901925 0.0030787588148153567 -0.041697168313840474 0.0065229489001148271 0.11773470400752235 0.02019255489366116 -0.015179474849156459 0.014556591842571492 0.026981951248304322 0.082350647008813713 -0.032300737266198302 0.0036274857755960385 0.026432744360690704 0.0052535603179016815 0.11299351788463663 -0.023390697747190575 0.052087715382058447 -0.0013935943799773004 -0.016971915127019781 -0.0019198338302366877 0.099196833342745427 0.011514052583792744 0.0098194038337529824 -0.00064752402561336431 0.09321329138797485 0.071722922169524556 -0.0023899229915560045 0.03998452362607316 0.0040897947505149409 0.072142843221013539
leaf_weight=92.663324354216456 26.042289983481169 129.04375659115613 15.679657347500326 14.954338615760209 6.8406706340610972 9.3238105997443181 156.62575228139758 13.110783994197847 7.9846106730401543 8.9429232068359834 22.006651870906353 557.41902023553848 10.771980736404659 27.452126305550337 7.8325501196086398 66.985097799450159 40.664590455591679 70.49688932672143 224.96362036839128 1199.047562148422 4.6084111183881751 38.904202409088612 9.525919262319805 1645.939224133268 8.08016863837838 10.648021288216112 102.66338710673153 40.066127434372902 17.095509514212608 15.606952849775551
leaf_count=1318 189 1427 277 208 79 80 2102 100 77 69 200 5708 96 216 64 478 221 472 3648 13543 33 231 96 16508 68 98 925 236 158 128
internal_value=-8.13144e-05 0.000228197 -0.00998512 0.00934656 0.0414283 -0.0186184 2.772e-05 -0.0093237 0.00829885 0.0420475 -0.0165178 0.000489275 0.00229376 0.0285297 0.062875 -0.00196275 -0.00113083 0.016445 -0.00280516 -0.00429774 0.0112467 0.0322497 0.00848288 0.00178806 0.0480923 0.0071799 0.0178215 0.0145499 0.00702163 0.0365675
internal_weight=4601.99 4462.53 139.462 46.7985 21.795 25.0035 4436.49 208.671 52.045 22.0537 29.9913 4227.82 2435.49 46.0567 18.6045 1792.32 1725.34 150.066 1575.27 1424.01 151.258 79.5688 146.65 2389.44 17.6061 743.499 186.08 175.432 135.366 32.7025
internal_count=49053 47091 1962 644 287 357 46902 2548 446 169 277 44354 24137 376 160 20217 19739 924 18815 17191 1624 452 1591 23761 164 7253 1545 1447 1211 286
is_linear=0
shrinkage=0.05


Tree=89
num_leaves=31
num_cat=0
split_feature=59 21 50 54 54 58 55 37 37 17 18 4 64 56 48 11 19 63 45 41 54 15 59 19 18 23 1 50 17 32
split_gain=5.50469 9.86159 9.71817 9.71009 9.48452 8.96531 9.13066 10.2022 7.87539 11.4133 11.4741 14.1728 11.8973 14.5304 16.0138 10.5822 9.90752 8.97625 9.06371 9.99486 11.2304 8.96933 11.8594 11.6872 11.6457 10.1628 9.54895 10.8165 11.7517 9.37069
threshold=0.01852754674717744 0.0062829571086894442 0.011745115605984825 0.030094299470571292 -0.0044885578017887411 -0.0067343883873484832 1.0000000180025095e-35 0.90354525394666518 0.88530012948741088 2.0111102274844641 0.012905400779040494 31.135357142857146 0.39396121358454045 0.046764622723888032 -0.00043312428503945304 2.2038437233602024 0.018290845391101786 0.018664359187491427 -0.00039931631140226995 7.4150000000000002e-06 0.0044022573284230671 0.080638093353278775 0.011294299539410612 -0.006668044126622954 0.0041930722312929327 -0.00069509494263806629 -0.0052800246635899871 -0.0020127726525905128 0.84363135684497692 28.500000000000004
decision_type=2 2 2 2 2 2 2 2 2 2 2 2 2 2 2 2 2 2 2 2 2 2 2 2 2 2 2 2 2 2
left_child=2 4 8 -4 -2 -6 -7 -8 16 10 11 -10 -13 -14 -15 -11 17 21 19 -19 -21 22 -1 25 -24 -23 -25 28 -28 -29
right_child=1 -3 3 -5 5 6 7 -9 9 15 -12 12 13 14 -16 -17 -18 18 -20 20 -22 23 24 26 -26 -27 27 29 -30 -31
leaf_value=-0.0061001786989646357 0.052796248335941598 -0.0092157408115756696 -0.036351681852307936 0.029075501047620675 -0.034906446974914823 0.050155944574963168 -0.00060519657274129505 0.042088881838586667 -0.011716047087337518 0.061909256962739911 -0.041783025391685824 0.10604435857852042 -0.013799131794049386 -0.0036482633419682763 0.097562612127346363 0.0021764964443619418 0.066554273906073089 0.0019371248448919035 0.0018055890100810016 0.028749360499100002 0.094785588288806399 0.012133490297703192 0.07230185555541345 -0.0097069776435377269 0.0062447415500639335 0.077966597614620881 -0.0017022976483224391 -0.00014313224644286749 0.016764351511823074 0.066250108518296227
leaf_weight=764.86351923085749 15.640115421265362 54.016856379806995 32.841680064797401 6.8543953225016585 9.6318057067692262 16.025210797786713 63.150882914662361 17.975501790642738 262.5013343449682 10.454270116984842 26.330865489318967 3.6254734620451918 23.177574018016458 7.5765257515013209 8.0721084307879192 25.501551400870085 5.6581352576613417 22.762124881148338 78.220591153949499 27.280096441507339 8.4271766990423185 141.24126429483294 9.1639324277639371 215.05095054209232 24.538174789398909 6.1161106452345839 144.17207602411509 2348.9484638702124 214.07700556889176 5.3265673406422129
leaf_count=8675 87 464 267 55 76 81 348 92 3026 78 385 38 356 92 85 190 35 140 528 175 49 1329 44 2271 173 49 1764 25851 2198 52
internal_value=-8.06567e-05 0.00857985 -0.000426155 -0.0250542 0.0164318 0.0111056 0.0156674 0.0088547 -0.000203107 -0.00721168 -0.0101156 -0.00738131 0.0194227 0.0113342 0.0485598 0.019544 0.000437811 0.000344525 0.0129372 0.0278291 0.0443344 -9.98527e-05 -0.00482114 0.00112628 0.0242063 0.0148659 0.000434701 0.00123874 0.00933272 7.08303e-06
internal_weight=4599.22 176.44 4422.78 39.6961 122.424 106.783 97.1516 81.1264 4383.09 367.24 331.284 304.953 42.4517 38.8262 15.6486 35.9558 4015.85 4010.19 136.69 58.4694 35.7073 3873.5 798.566 3074.93 33.7021 147.357 2927.58 2712.52 358.249 2354.28
internal_count=49053 1148 47905 322 684 597 521 440 47583 4250 3982 3597 571 533 177 268 43333 43298 892 364 224 42406 8892 33514 217 1378 32136 29865 3962 25903
is_linear=0
shrinkage=0.05


Tree=90
num_leaves=31
num_cat=0
split_feature=18 50 21 21 32 59 17 16 9 5 54 58 59 52 20 59 43 4 50 3 4 20 62 31 50 1 38 50 31 50
split_gain=5.39851 5.27717 10.4144 14.4308 12.7998 12.9507 16.9123 11.1131 11.689 10.5468 9.77205 10.5726 13.5601 14.181 12.4757 15.3056 12.2992 11.5117 10.0199 12.5858 11.5341 11.1735 10.9965 10.2908 10.0154 15.7523 15.0107 16.68 14.8412 13.6744
threshold=0.0014849996484544664 0.0015883262035464188 0.003472625133244285 0.0041212386608262472 3.5000000000000004 0.0061449901963459173 0.88137054090766187 0.051666124563996683 1.0000000180025095e-35 0.0069458233719353942 0.0025508410473402345 0.0052383545554672119 0.00037852407199843199 0.56127782769884005 0.01092793529261285 0.01536043669547585 0.00050101000000000008 10.30285714285708 -0.0027354647694658473 0.0019760849680426269 8.9950000000000063 -0.001135874009244052 0.011799809179099069 0.22293198739788747 -0.0016657653450038656 -0.0027619599315978965 0.18543881974314666 -0.0023617931138774024 0.63147997250869226 -0.0031566138071406806
decision_type=2 2 2 2 2 2 2 2 2 2 2 2 2 2 2 2 2 2 2 2 2 2 2 2 2 2 2 2 2 2
left_child=-1 10 -3 4 -4 6 -6 -5 9 -9 11 12 16 14 15 17 -2 18 20 21 -14 -20 23 -21 26 -26 -12 29 -27 -28
right_child=1 2 3 7 5 -7 -8 8 -10 -11 24 -13 13 -15 -16 -17 -18 -19 19 22 -22 -23 -24 -25 25 28 27 -29 -30 -31
leaf_value=-0.051589696371384164 -0.0027986449251852551 -0.0047879825404935038 0.0086323976977182321 0.02253444969080836 0.15372788741247179 0.022064548670932913 0.034749211878627152 0.0050170813412458463 -0.029661197820558399 -0.036447740229154861 -0.012183072129323324 -0.008535113583851733 0.0099097208849696639 0.019416857761408796 -0.030875518356644718 0.041546919231086367 0.066758242136018484 -0.0016046737862368638 0.087001776205728673 -0.003005049054601049 0.083525122079569233 0.019873085167575792 0.072705284684137908 0.053615786742950505 -0.040034118858851581 0.0051391275459736893 0.040456788670391493 0.073164132316706126 0.070821787567651479 -0.028910845496925797
leaf_weight=5.0809098910540333 1239.6865815389901 1124.4115050006658 47.075108576565981 43.234053187072277 5.6312421374022978 16.187275171279907 6.3602442815899849 143.69719383865595 39.834749568253756 17.16774582490325 20.033900514245033 329.43263588659465 11.558487910777332 152.15259759500623 26.559767480939627 26.197445567697287 6.3880356699228278 531.01844684779644 6.9028030745685092 176.23539333231747 9.8599166795611364 60.787781283259392 5.2873688116669646 8.4076460525393468 19.03180717676878 457.98553092963994 19.625633694231514 20.982361014932394 8.7647452466189844 11.135589599609373
leaf_count=198 16419 11224 365 331 55 112 55 1181 345 200 212 3186 98 1123 269 154 61 4971 78 1701 72 742 46 77 203 5025 173 197 72 108
internal_value=-7.91627e-05 -2.21633e-05 -0.00252529 0.00544555 0.0245865 0.0512392 0.090622 -0.000459452 -0.00541272 0.000591894 0.0011257 -0.000166706 0.00105257 0.00534291 0.00286105 0.00393254 -0.00244206 0.00271608 0.0109386 0.00820664 0.0437984 0.0267186 0.00160904 -0.000426842 0.00713034 0.00455443 0.0245639 0.0387914 0.00637253 0.0153456
internal_weight=4596.71 4591.63 1443.6 319.188 75.2539 28.1788 11.9915 243.934 200.7 160.865 3148.03 2590.47 2261.04 1014.97 862.815 836.255 1246.07 810.058 279.039 257.621 21.4184 67.6906 189.93 184.643 557.56 485.782 71.7775 51.7436 466.75 30.7612
internal_count=49053 48855 13868 2644 587 222 110 2057 1726 1381 34987 28997 25811 9331 8208 7939 16480 7785 2814 2644 170 820 1824 1778 5990 5300 690 478 5097 281
is_linear=0
shrinkage=0.05


Tree=91
num_leaves=31
num_cat=0
split_feature=6 31 50 1 16 13 35 4 4 38 5 37 3 1 3 28 6 58 60 45 32 38 32 4 7 38 64 6 49 59
split_gain=5.41027 8.71852 9.76734 11.2831 9.13075 8.65242 13.5593 10.0662 15.7852 9.5041 8.50961 9.45315 12.3207 10.7655 8.48067 8.31583 7.80375 13.7014 14.803 25.6156 16.1163 12.7404 11.6592 12.1159 11.2413 10.8421 10.4993 10.8021 11.9834 11.8531
threshold=1.5000000000000002 0.70833528233570686 -0.00043908391876714418 0.0020064676663860298 0.19883211429932565 0.59212210363681905 0.57538061269749774 20.007500000000039 18.252857142857192 0.25174504455720365 0.0042861003763069363 0.26701422273267034 0.0021068373756395874 -0.00039561674132149188 0.012288712758773636 0.15491411007126268 4.5000000000000009 0.0020259388890200027 0.28640618424240971 -4.2085685145723997e-05 3.5000000000000004 0.13543756488972644 6.5000000000000009 12.697857142857144 5.5000000000000009 0.27147988925787037 0.11588329685718703 2.5000000000000004 -0.0012806874576303819 0.0044233135652845144
decision_type=2 2 2 2 2 2 2 2 2 2 2 2 2 2 2 2 2 2 2 2 2 2 2 2 2 2 2 2 2 2
left_child=1 2 3 5 -5 6 7 8 10 -8 11 12 -1 -14 -9 -4 17 18 19 22 -21 -19 -2 24 -24 -26 -23 28 -28 -29
right_child=16 -3 15 4 -6 -7 9 14 -10 -11 -12 -13 13 -15 -16 -17 -18 21 -20 20 -22 26 23 -25 25 -27 27 29 -30 -31
leaf_value=-0.055427053383219939 -0.017105913838743131 -0.032885291201344605 0.0023528494880949592 0.014222045555457761 0.092981011247785642 -0.043729046334127657 0.02407535274600588 -0.027987218617890233 0.072427508807696411 0.097667117933361608 0.056342020749422864 -0.015456631837454196 0.014052310380825335 0.072494545406913455 0.038652720667638966 -0.034877624091743588 0.00019817386377379595 -0.057433189782513487 -0.019955814575182435 0.020244190125718389 0.13049130095920236 0.060685084646907389 -0.042281979015936999 0.085385766834704238 -0.01611167809677496 0.10094080503909722 -0.019794946967068367 -0.018794783850070766 0.030277700313603047 0.013599234203205491
leaf_weight=5.2348714265972367 66.452028315514326 14.415288824588059 206.62991164252162 6.7689893022179595 8.0640337131917459 6.7928317859768859 10.537794388830664 26.327591171488166 11.100840501487253 7.5167330596595994 8.8733952976763231 34.795315971598029 41.729517757892602 9.7142406720668131 5.8317223489284506 16.172427110373974 3648.1522433254868 8.1413057744503003 221.6096766795963 7.8087978921830636 5.7601265609264374 8.5202334858477098 7.4582450818270463 6.0309836752712718 3.8997504450380802 4.0151475965976715 15.262068234384058 68.356693601235747 55.037471156567335 48.115346506237984
leaf_count=75 911 106 2087 54 70 51 89 285 92 65 68 363 403 96 45 139 38833 89 2832 88 50 60 96 54 64 45 149 868 495 331
internal_value=-7.85392e-05 0.00532718 0.00668364 0.0152331 0.0570397 0.0115519 0.0138747 0.00874036 0.0158514 0.0547142 0.00959267 0.00505776 0.0176517 0.0250881 -0.0159028 -0.000349578 -0.000623052 -0.00631373 -0.0127148 0.00310651 0.067045 0.00385065 -0.00676846 0.0253256 0.00176355 0.0432679 0.00640544 0.00392929 0.0194069 -0.00541261
internal_weight=4595.13 420.506 406.09 183.288 14.833 168.455 161.662 143.607 111.448 18.0545 100.347 91.4739 56.6786 51.4438 32.1593 222.802 4174.62 526.468 323.035 101.425 13.5689 203.433 87.8562 21.4041 15.3731 7.9149 195.292 186.772 70.2995 116.472
internal_count=49053 4088 3982 1756 124 1632 1581 1427 1097 154 1005 937 574 499 330 2226 44965 6132 4140 1308 138 1992 1170 259 205 109 1903 1843 644 1199
is_linear=0
shrinkage=0.05


Tree=92
num_leaves=31
num_cat=0
split_feature=50 59 48 21 58 45 59 4 21 52 4 59 52 21 42 21 63 40 16 37 14 59 59 48 38 15 7 60 38 50
split_gain=5.39936 11.3127 8.36466 14.2877 9.3305 7.8878 6.82758 18.2317 9.4409 14.6725 6.85806 7.45442 7.17907 13.1429 8.60144 8.061 6.60485 9.70944 8.34622 6.47333 8.19986 8.75764 6.4411 6.21251 10.8334 10.1014 6.14696 6.01001 16.009 13.8054
threshold=-0.007832483076956203 -0.011508317009568387 -0.00043073559911506329 -0.0056912922293353837 -0.0067343883873484832 0.00073308698876189873 -0.010762150084317985 16.960714285714229 -0.0028634807254225071 0.054067995721649692 29.064642857142776 0.03274357926043283 0.34400060261340909 -0.0036395439263829815 2.0255000000000005e-05 -0.0069105138493590077 0.0018882830685988024 1.0000000180025095e-35 0.34616156006047544 0.23870522563429988 0.080107898841653216 0.001904637262854349 0.01536043669547585 -0.00071165218574655291 0.21328764557437566 0.17026731563474093 5.5000000000000009 0.0032048311297629673 0.3656490970642054 0.00057154079281940371
decision_type=2 2 2 2 2 2 2 2 2 2 2 2 2 2 2 2 2 2 2 2 2 2 2 2 2 2 2 2 2 2
left_child=5 2 -2 4 -4 26 7 -3 9 -9 11 23 16 15 -15 -14 19 -18 -19 -12 21 -21 -16 24 25 -8 -1 28 29 -25
right_child=1 6 3 -5 -6 -7 10 8 -10 -11 12 -13 13 14 22 -17 17 18 -20 20 -22 -23 -24 27 -26 -27 -28 -29 -30 -31
leaf_value=0.013444634091139962 -0.025253870607393647 -0.031383530097772942 0.080344105926536624 -0.020048787922285406 0.0011529388822537161 -0.049791940041216308 0.0076006638364001199 0.15117774740759471 0.010986904185190386 0.024758626445279146 0.028695635475462396 0.036726130859648612 0.012352901875686604 0.038136170404167453 -0.041406230120276458 0.092651584517324331 0.050328785934543999 -0.041566070590646015 0.039266433046970646 -0.024716990146966551 -0.026800695541476228 0.070229328945656103 0.012055254905965703 -0.0006333385661176958 -0.004646698665233419 0.096214211525113516 -0.019432851205978128 0.00062284667917367209 0.040940061731328817 -0.020387029338526892
leaf_weight=154.88205370679498 77.848733555525541 8.6399118378758448 7.6221219766885042 25.27121870405972 7.2646896149963123 5.6170355789363375 5.7678989656269568 4.8535580113530141 6.0482820719480506 4.3542526364326477 6.4984751753509036 13.980743668973444 6.4197386987507343 7.4824917614459983 16.351075559854511 6.0906954668462259 8.9082186482846737 10.024025157094 4.6864272467792043 5.0172480233013612 102.38924032263458 4.7073564063757658 8.5958377160131914 236.06366444379091 15.709395203739403 7.2691243700683117 15.653720986098049 3650.790436539799 17.457964537665248 141.44646213948727
leaf_count=1357 1516 133 104 487 128 53 55 77 85 56 84 86 55 55 153 50 73 111 51 78 1449 63 66 3017 144 72 142 37398 154 1701
internal_value=-7.77629e-05 -0.000420068 -0.0156929 0.00284155 0.0416992 0.00850655 -8.84369e-07 0.0266512 0.0595177 0.0913958 -0.000149839 0.000278618 -0.00950888 0.00791185 -0.00888261 0.0514463 -0.0150132 0.0091326 -0.0158146 -0.0198212 -0.0226334 0.0212434 -0.0229853 0.000153557 0.0233155 0.0570094 0.0104268 -1.10161e-05 -0.00586997 -0.0080347
internal_weight=4593.71 4417.56 118.007 40.158 14.8868 176.153 4299.55 23.896 15.2561 9.20781 4275.66 4088.49 187.171 44.9398 32.4294 12.5104 142.231 23.6187 14.7105 118.612 112.114 9.7246 24.9469 4074.5 28.7464 13.037 170.536 4045.76 394.968 377.51
internal_count=49053 47501 2235 719 232 1552 45266 351 218 133 44915 42627 2288 379 274 105 1909 235 162 1674 1590 141 219 42541 271 127 1499 42270 4872 4718
is_linear=0
shrinkage=0.05


Tree=93
num_leaves=31
num_cat=0
split_feature=6 6 42 21 5 37 42 3 32 19 1 56 17 6 37 5 18 60 60 60 5 21 38 20 54 21 13 38 60 47
split_gain=5.33643 18.9548 10.5128 18.4278 28.4936 23.7127 10.3114 11.3734 17.5133 10.5269 10.2997 10.1073 10.9321 9.89557 10.0765 14.8262 16.7178 11.8701 13.7655 13.709 13.1051 12.4107 11.9079 11.7043 15.1259 18.1654 11.1962 13.4786 11.7887 11.1191
threshold=15.500000000000002 11.500000000000002 4.3950000000000011e-06 -0.0012705733495365237 0.0025754647498245123 0.23597181822791452 1.3700000000000001e-05 0.0023036793611994643 4.5000000000000009 -0.00020761556713920593 0.024578880264538919 1.3689741376772966 0.88137054090766187 1.5000000000000002 0.20764571205311996 0.0026009651506232849 0.0034938142022304512 0.70120281251544803 0.18609054567720815 1.0000000180025095e-35 0.0040418383307935573 -0.002499206883211081 0.37373034784165798 0.0025037141369220924 0.0019111811717645152 0.0030974076101894011 0.045440190497931528 0.33501400117562291 0.0063076330137050909 0.00029691540751415049
decision_type=2 2 2 2 2 2 2 2 2 2 2 2 2 2 2 2 2 2 2 2 2 2 2 2 2 2 2 2 2 2
left_child=1 2 3 4 -1 -6 7 8 -2 11 13 12 -9 -4 17 -16 -17 18 19 22 -20 -21 29 26 25 -25 -23 28 -28 -15
right_child=6 -3 10 -5 5 -7 -8 9 -10 -11 -12 -13 -14 14 15 16 -18 -19 20 21 -22 23 -24 24 -26 -27 27 -29 -30 -31
leaf_value=0.14380630812259898 -0.021910066025396906 0.0071251454382691556 0.0046956472560767109 0.0026349408860335071 0.11074151719586933 -0.023794031112330638 -0.0012612241178287928 0.0099917979912654796 0.082934688829212538 -0.037067996775646983 0.051970558140923509 0.042335362464088595 -0.036889832666749826 -0.012043204244818877 -0.01730921596773621 0.069469771122927113 -0.0042552487399116889 0.013895338767492516 -0.0069539415426336532 0.079154554175843481 -0.046572226444825497 -0.015167382630519186 0.066036524811749639 0.084637207343494891 0.0086674773882293981 -0.0025666033335787798 0.085623027981314895 0.089177395917853397 0.0021676325166962193 0.038247770946041308
leaf_weight=6.4256701618433025 9.2612823210656661 917.49989863857627 406.05052694678307 68.929234690964222 4.7650683298706999 10.475827425718306 1302.6755436472595 22.867730552330613 6.9887294229120007 55.856615530326962 8.7682282123714668 8.8943778015673143 27.2555384747684 154.84218636900187 278.97030190750957 7.7955377139151087 564.47679140977561 127.20615108124912 363.47699874825776 6.8828513137996188 22.144920907914639 55.341856030747294 5.5405014082789412 18.353469133377079 43.200897494331002 8.8523534126579744 4.5741714518517247 5.6443364378064862 56.486226458102465 11.83055831119418
leaf_count=65 139 8176 3929 701 33 129 14720 345 78 636 59 88 343 2115 3396 76 6215 1344 3873 80 229 731 47 153 364 79 59 57 681 113
internal_value=-7.67389e-05 0.00107163 -0.00140674 0.0152778 0.0554994 0.0182685 -0.00260649 -0.0159712 0.0231811 -0.0215097 -0.00210964 -0.00678468 -0.015501 -0.00233105 -0.00397496 -0.00785815 -0.00325096 -0.000237254 -0.00261156 0.00425661 -0.00922908 0.0131836 -0.00607635 0.0108242 0.0270586 0.0562624 0.00145888 0.0152529 0.00841946 -0.00847351
internal_weight=4592.33 3158.53 2241.03 90.5958 21.6666 15.2409 1433.8 131.124 16.25 114.874 2150.44 59.0176 50.1233 2141.67 1735.62 851.243 572.272 884.377 757.171 371.549 385.622 199.336 172.213 192.453 70.4067 27.2058 122.047 66.7047 61.0604 166.673
internal_count=49053 32704 24528 928 227 162 16349 1629 217 1412 23600 776 688 23541 19612 9687 6291 9925 8581 4479 4102 2204 2275 2124 596 232 1528 797 740 2228
is_linear=0
shrinkage=0.05


Tree=94
num_leaves=31
num_cat=0
split_feature=51 58 38 37 41 21 7 13 37 63 58 11 2 58 49 37 50 60 5 49 0 1 2 60 2 59 58 59 58 60
split_gain=5.35063 10.7955 11.8328 11.7489 9.97097 9.82494 10.5422 15.4942 11.0024 10.0116 15.8843 12.1216 11.4107 10.4881 9.78752 9.44371 10.8071 12.2324 11.8901 10.5721 12.5365 9.54351 11.1468 10.6518 9.34945 12.1963 9.21315 12.3055 9.16838 12.7335
threshold=-1.0000000180025095e-35 -0.00070488703101406584 0.31807953485387919 0.21542070607593064 -2.0924999999999997e-05 0.0009698781583977259 1.0000000180025095e-35 0.015233052601932194 0.23597181822791452 0.00025164638960737453 0.0037780578126414134 -0.95607154728841726 0.0017804161083332614 -0.0018030257043657246 0.00015153766332539958 0.63453028849914783 0.00096571336956857452 0.11672838002136428 0.0028795442920179558 -0.00084498702978848847 0.001506281292292587 0.0057879245260608466 0.010687034666267723 0.98462515540407236 -0.014689806075410329 -0.0027304900919291023 -0.0027716895900246788 0.0023065718561976786 -6.1929850690950811e-05 0.97524555310263905
decision_type=2 2 2 2 2 2 2 2 2 2 2 2 2 2 2 2 2 2 2 2 2 2 2 2 2 2 2 2 2 2
left_child=5 2 24 14 -5 9 26 8 -8 12 11 -11 -1 -14 -4 16 17 18 19 -15 -21 23 -23 -17 -2 -26 -7 -28 29 -9
right_child=1 -3 3 4 -6 6 7 28 -10 10 -12 -13 13 15 -16 21 -18 -19 -20 20 -22 22 -24 -25 25 -27 27 -29 -30 -31
leaf_value=0.0017592805284824535 0.057826009210886764 4.7411924200891514e-05 0.075209234809943348 0.045880667655332788 -0.033678599109265038 0.068289389215100124 0.02673867077000925 0.0089238890393699127 0.11375692133647242 0.070279653310707069 -0.034926421478729937 0.014450424221880646 -0.015968641882834457 0.087583191136493932 0.0075246384423852605 -0.016354692453158036 -0.018108643357447992 -0.0090992984560288887 0.088235060049638228 -0.030488772985561588 0.054581029566421496 0.099024531536781701 0.0046636216494847175 0.075566792733341562 -0.044403008842713185 -0.0089683510892128136 0.001809420958050809 0.0744083932145366 -0.0078127915439688937 0.084933753941888596
leaf_weight=1204.9577380828559 5.0048254467546931 2086.3574669118971 11.354687932878734 5.5520230811089304 13.548341941088436 13.029711019247769 13.685498196631672 82.070806115865707 4.9450878426432601 10.62610358931124 15.205120583996175 114.33156150020659 202.03518304973841 4.1637375652790132 10.085010077804325 15.023162944242364 73.431079011410475 39.213491391390562 7.4082996025681487 12.248040029779078 6.6997415684163562 7.338583402335642 5.4569897577166557 3.9882455933839074 25.660321801900864 452.57563481479883 25.240384884178638 7.5926792025566092 105.89962476119399 5.9064826257526866
leaf_count=15241 42 19855 111 53 134 97 124 743 52 91 163 943 2631 50 94 187 860 494 75 183 76 80 52 47 422 4805 225 45 1026 52
internal_value=-7.68237e-05 -0.00156376 -0.00798147 0.0179651 -0.0105526 0.00188284 0.0109748 0.00628283 0.0498358 0.000518766 0.0133265 0.019198 -0.000616004 -0.0082077 0.0433711 0.000753681 -0.00472154 0.00937545 0.0331128 0.0154436 -0.000408962 0.0253978 0.058782 0.00292875 -0.0101582 -0.0108696 0.0327154 0.018598 0.00209761 0.0140269
internal_weight=4590.64 2610.14 523.781 40.5401 19.1004 1980.5 258.37 212.507 18.6306 1722.13 140.163 124.958 1581.96 377.007 21.4397 174.971 143.164 69.7333 30.5198 23.1115 18.9478 31.807 12.7956 19.0114 483.241 478.236 45.8628 32.8331 193.877 87.9773
internal_count=49053 25516 5661 392 187 23537 2364 1997 176 21173 1197 1034 19976 4735 205 2104 1738 878 384 309 259 366 132 234 5269 5227 367 270 1821 795
is_linear=0
shrinkage=0.05


Tree=95
num_leaves=31
num_cat=0
split_feature=7 38 18 45 20 18 58 37 62 59 4 37 59 2 38 59 20 58 41 18 15 37 59 60 6 58 38 14 45 18
split_gain=5.13611 11.3777 11.2528 8.24418 10.7598 16.2269 22.814 10.0488 10.5346 9.72963 9.48569 10.6567 13.7559 13.4891 9.45152 7.656 10.0492 12.5352 18.1816 18.0255 20.1803 11.5536 11.4856 14.9418 14.2465 11.3094 11.2482 11.9479 11.4576 10.995
threshold=1.0000000180025095e-35 0.16986368215469214 0.0032830491596875962 -0.00054451122645785596 0.0033094021003319692 0.0040016938358450709 0.0028903917346718611 0.2903216632360584 -0.0028910975336161448 -0.00046162741798140859 23.443571428571321 0.21818307435276527 -0.0019977404527316274 -0.00341806326855811 0.28448003584802367 -0.024660633804338413 -0.0079743580007693073 -0.0040665247921489985 -1.6924999999999995e-05 0.0057589894795737175 0.11569224633975358 0.040590106503608551 0.0028031250996612711 0.5341649205636706 9.5000000000000018 -0.003514133181772139 0.18214241040191548 0.25300243271567591 -0.00054216152284345613 0.0078932712898243402
decision_type=2 2 2 2 2 2 2 2 2 2 2 2 2 2 2 2 2 2 2 2 2 2 2 2 2 2 2 2 2 2
left_child=1 2 -1 4 5 -3 7 -7 -9 10 11 12 13 -5 -13 -2 21 18 19 20 -18 -17 23 -22 -24 -23 27 -27 -29 -21
right_child=15 3 -4 9 -6 6 -8 8 -10 -11 -12 14 -14 -15 -16 16 17 -19 -20 29 22 25 24 -25 -26 26 -28 28 -30 -31
leaf_value=0.048951711911500599 -0.026958669630542987 -0.022735192823657577 -0.012573638734134246 0.10371760194394104 -0.013056346893426572 0.095137276314835401 0.14036983671384093 0.08917885716093954 0.010079294446698986 0.009761777101861966 0.016677159306857075 -0.011810563979510084 -0.047090370240312061 0.0084674742996112967 -0.05213442242577522 0.078706072785335979 -0.020431830125002038 -0.00032158466605404327 -0.017153563545546143 -0.033467290588600734 -0.02372804535488977 0.016195184708045859 0.020465410847381096 0.050034113500634747 0.099837779653383876 -0.026714363910850955 -0.011334757360456457 -0.0062456855383712737 0.040550821223374063 0.0074594782562211956
leaf_weight=7.8868509605526915 27.730476979166269 10.234460584819315 128.7982022613287 5.8899253867566594 15.801568761467932 5.5678195543587199 5.7121996134519568 4.9836233593523493 27.091927113011479 324.24787434190512 37.6466458234936 83.824216848239303 5.6636366546154013 10.075240578502417 17.579271281138062 5.5965588800609103 19.503475785255432 3109.7293989490718 270.60710169561207 33.790741804987192 12.192278981208803 157.76207069307566 9.9616369642317313 15.714470721781252 13.071894474327562 14.560028804466127 118.9333810582757 20.228535365313292 37.013109486550093 31.905109290033579
leaf_count=77 410 115 1423 69 137 50 36 51 290 2650 508 1146 67 146 243 43 212 32993 3318 394 148 1813 90 180 88 174 1220 215 391 356
internal_value=-7.61019e-05 0.00389683 -0.00902357 0.00708277 0.0232022 0.0338934 0.047261 0.0331322 0.0223691 0.00477614 -0.00528482 -0.012005 0.0198577 0.0436075 -0.0188011 -0.000780335 -0.000592782 -0.00140123 -0.00965554 0.00524842 0.0228183 0.00743588 0.0393775 0.0178079 0.0655105 0.00629134 -0.0019004 0.0137268 0.0240135 -0.0135913
internal_weight=4589.3 691.003 136.685 554.318 69.3916 53.59 43.3556 37.6434 32.0756 484.927 160.679 123.032 21.6288 15.9652 101.403 3898.3 3870.57 3516.48 406.747 136.14 70.4438 354.094 50.9403 27.9067 23.0335 348.497 190.735 71.8017 57.2416 65.6959
internal_count=49053 7008 1500 5508 679 542 427 391 341 4829 2179 1671 282 215 1389 42045 41635 37779 4786 1468 718 3856 506 328 178 3813 2000 780 606 750
is_linear=0
shrinkage=0.05


Tree=96
num_leaves=31
num_cat=0
split_feature=63 49 51 59 9 58 59 49 58 21 17 17 42 20 58 54 11 4 15 59 58 13 62 17 63 59 13 5 17 21
split_gain=5.19064 5.94213 5.70247 10.3982 10.1319 18.7328 11.8254 10.6568 8.44642 10.2605 11.0252 11.2673 20.6333 10.9279 10.7796 9.87502 12.478 12.059 12.796 9.2281 10.5049 18.2491 18.0932 13.7595 11.0941 12.4149 10.9735 10.3645 9.11411 9.33595
threshold=-0.025596712539311259 -0.0012302189312320749 -1.0000000180025095e-35 -0.0027304900919291023 1.0000000180025095e-35 0.0046224624652455365 -0.0041171328632727206 -0.0078999212398356122 0.0049611154837526554 0.0023981312036034787 0.59850844302496509 0.6063873753442951 8.4555000000000006e-05 0.010266044927431448 -0.0057271606711930883 -1.0000000180025095e-35 -1.2303938906178884 9.3914285714285253 0.38231041164655205 0.0018418244640592382 -0.0012663766337783159 0.014608704095919066 0.0047648920063540724 0.6855881643834566 0.00052424222659203394 0.0020255593330605593 0.042952470764714083 0.0029334045485813831 0.53734168018929129 0.0049751877546598067
decision_type=2 2 2 2 2 2 2 2 2 2 2 2 2 2 2 2 2 2 2 2 2 2 2 2 2 2 2 2 2 2
left_child=1 -1 8 4 7 -6 -7 -4 9 10 15 12 -12 19 -11 16 -2 18 -17 -13 21 -21 26 -23 25 -25 27 -22 -16 -30
right_child=2 -3 3 -5 5 6 -8 -9 -10 14 11 13 -14 -15 28 17 -18 -19 -20 20 22 23 -24 24 -26 -27 -28 -29 29 -31
leaf_value=0.0015671770797056226 0.075208328402751767 -0.036762881163957026 0.055746405884365885 -0.00058866046194122319 -0.019222556601467822 0.012358158097803232 0.088468128922235156 -0.023688711844940202 -0.012535753974287933 0.078757926656576563 -0.0092161259007836668 0.0013215996208468424 0.12178017285935068 -0.054740287268885815 0.070980725699145805 -0.011570345141421114 -0.0012260177466937102 -0.025853577728859163 0.074626383358485829 0.065069846575306359 -0.021924479486138949 -0.040151933262955408 -0.033219611930865534 0.065017852208441293 0.047686488585573804 -0.0024464130575136225 0.036366210366290404 0.048261814292801443 0.017914074550980437 -0.024690150112205152
leaf_weight=19.902092199772596 5.7457839809358111 20.553256578743458 4.3755420334637156 2424.4263723753393 32.191218758001924 13.658119712024929 8.1482669934630376 120.50432972237468 93.430218806490302 6.9604392424225798 6.4860333912074548 1209.6168682165444 5.6025837417691946 8.1412817984819394 6.5289533101022235 12.763653604313733 75.533841740339994 95.739667085930705 6.497364215552806 11.383620232343672 17.628430355340246 19.271281525492668 13.352117218077181 7.1472538821399203 13.633334405720232 148.59319504350424 90.529263235628605 7.4968830347061148 65.84268956631422 15.979204796254633
leaf_count=266 77 394 41 22809 475 150 80 1916 1079 53 88 15362 68 65 61 198 1132 1436 89 96 146 211 105 64 78 1168 597 56 552 141
internal_value=-7.55916e-05 -0.0179063 8.30439e-05 -0.001447 -0.0130806 0.00501603 0.0407977 -0.0209055 0.0021321 0.00287268 0.00200507 0.00341123 0.0514953 0.00303544 0.0188498 -0.00916288 0.00417725 -0.0185914 0.0175066 0.00334114 0.0107655 0.00359076 0.0218901 -0.000119137 0.00443578 0.000649663 0.0282525 -0.000982315 0.0141302 0.00959379
internal_weight=4587.66 40.4553 4547.21 2603.3 178.877 53.9976 21.8064 124.88 1943.9 1850.47 1755.16 1558.88 12.0886 1546.79 95.3113 196.28 81.2796 115.001 19.261 1538.65 329.035 200.029 129.007 188.645 169.374 155.74 115.655 25.1253 88.3508 81.8219
internal_count=49053 660 48393 25471 2662 705 230 1957 22922 21843 21036 18104 156 17948 807 2932 1209 1723 287 17883 2521 1617 904 1521 1310 1232 799 202 754 693
is_linear=0
shrinkage=0.05


Tree=97
num_leaves=31
num_cat=0
split_feature=5 38 47 20 18 12 54 19 17 53 37 47 42 37 21 58 49 28 48 0 60 11 5 37 62 54 6 6 42 58
split_gain=5.19791 11.3371 9.86864 10.2422 14.8981 15.5014 11.0978 8.65711 13.8841 8.34369 8.13596 12.1353 9.19941 8.82614 9.79924 13.0162 11.4342 8.5154 9.36297 7.8985 7.7131 16.8612 7.54031 7.34792 7.07156 7.51505 6.64785 16.2331 10.6336 11.6312
threshold=0.0016155044955312003 0.34120641443710159 -0.00023514384891059424 -0.00023009119212107694 0.0026448712893716209 0.88158613005187381 -0.0024204059532266999 -0.0014399657915381144 0.80128714782802934 0.0051996982041420852 0.16902628847282739 -0.00011966993823585996 6.416500000000002e-05 0.25285700131165839 0.0017790366998714569 0.0012874727955863564 -0.00066117137456459852 0.89048908630636947 -0.00045647036214699647 -0.00076252535847565726 0.56844415207798782 -0.31077187341604057 0.0014599061664722136 0.60559272694249533 -0.0005234491624533825 -8.032987291173745e-05 15.500000000000002 11.500000000000002 1.3700000000000001e-05 -0.016554484380855501
decision_type=2 2 2 2 2 2 2 2 2 2 2 2 2 2 2 2 2 2 2 2 2 2 2 2 2 2 2 2 2 2
left_child=1 7 3 6 5 -5 -3 8 19 10 17 12 13 -12 15 16 -15 20 -19 -1 -9 22 -22 24 -10 -26 27 -2 -28 -30
right_child=26 2 -4 4 -6 -7 -8 9 23 -11 11 -13 -14 14 -16 -17 -18 18 -20 -21 21 -23 -24 -25 25 -27 28 -29 29 -31
leaf_value=0.12250240346504292 -0.00064105014108399615 0.043388962586655033 -0.047082701074766031 0.12596792957641534 0.00047653527883342438 0.016334240077510716 -0.055706793465817618 -0.012804891080793059 0.042271919495910394 0.040575622883603224 -0.045686024177807774 0.040522359408337455 -0.043876853022214217 0.071971631203038969 -0.056920872054539932 0.074120990762825134 -0.024624979200426961 0.094550488414215483 -0.0066346052156773475 0.027716626346813669 0.090185269973176441 -0.031031506884828166 0.0081522359920131963 0.06402790877720535 -0.022159934088293032 0.039664478224842085 -0.016460388540004679 0.007637895830399713 0.081231860435543979 -0.0013194249233383464
leaf_weight=3.6754142474383116 1984.0688047371805 5.3210277296602726 4.7811466977000228 8.1417840197682398 9.373652305454014 5.3381612971425048 6.0237219315022212 168.40473021939397 6.4882086887955657 7.4886409416794768 14.27255712635815 6.7518800105899563 49.358996093273163 3.7905014064162996 5.8777759633958331 6.7952130362391463 15.973416740074756 4.2429729998111725 4.9574452582746726 5.4671259764581901 7.3174870293587464 9.3443510085344297 4.538759633898735 4.0198001191020003 36.386865802109234 5.6830086484551492 122.86325747892261 843.95170778036118 4.2819135375320903 1220.9283016007394
leaf_count=58 20934 57 55 85 83 62 82 2485 81 74 209 91 693 48 65 65 230 45 60 80 86 99 51 44 561 79 1537 7268 52 13634
internal_value=-7.50732e-05 -0.00544864 0.0202021 0.0296089 0.0488879 0.0825522 -0.00922791 -0.00814486 0.0089518 -0.0115585 -0.0128529 -0.0242715 -0.0288254 -0.0129201 0.00149716 0.0144256 -0.00609882 -0.00694728 0.0400291 0.0658217 -0.00922676 0.0191957 0.0587817 -0.000937058 -0.00631508 -0.0138084 0.000452254 0.00182959 -0.00243716 -0.00103092
internal_weight=4585.91 409.815 38.9795 34.1983 22.8536 13.4799 11.3447 370.835 61.7204 309.115 301.626 102.82 96.0685 46.7095 32.4369 26.5591 19.7639 198.806 9.20042 9.14254 189.605 21.2006 11.8562 52.5779 48.5581 42.0699 4176.09 2828.02 1348.07 1225.21
internal_count=49053 5628 424 369 230 147 139 5204 903 4301 4227 1401 1310 617 408 343 278 2826 105 138 2721 236 137 765 721 640 43425 28202 15223 13686
is_linear=0
shrinkage=0.05


Tree=98
num_leaves=31
num_cat=0
split_feature=44 63 4 21 38 43 58 4 35 37 37 32 56 11 11 21 38 48 14 49 0 59 42 37 19 63 50 48 58 42
split_gain=5.1395 5.50587 7.30697 10.7903 13.6195 12.893 10.8665 8.78958 6.89231 7.55234 13.6339 9.22775 9.40006 7.89729 13.5017 6.38555 9.87018 9.5221 6.89046 6.15868 7.68217 5.6698 11.2403 14.4282 8.79881 12.3102 7.61481 7.43036 19.3872 8.13045
threshold=0.00010903499999999785 -0.0023758288527050623 33.929285714285669 -0.0069105138493590077 0.14305518237436571 9.9921250000000012e-05 -0.0042553415811282707 25.188214285714288 1.8383532469847494 0.091037795471002228 0.086120774173433542 13.500000000000002 1.1589819301416886 -0.45288497548562567 -0.58326711317630031 0.0023498406356296411 0.19052391962478923 -0.00032784480816523291 0.91841917278700813 0.00075097790069350025 0.0022162744339694991 -0.0071845546946504883 0.00024749500000000003 0.94348207464418687 -0.0075462229117123263 0.02709302147913677 -0.014144284071498569 -0.00031319541552880266 -0.0056161491159361374 3.0765000000000001e-05
decision_type=2 2 2 2 2 2 2 2 2 2 2 2 2 2 2 2 2 2 2 2 2 2 2 2 2 2 2 2 2 2
left_child=1 2 3 4 -1 6 7 -6 9 10 11 12 13 14 -5 18 -17 -18 19 20 -11 22 24 -24 27 -26 -23 29 -29 -3
right_child=-2 21 -4 8 5 -7 -8 -9 -10 15 -12 -13 -14 -15 -16 16 17 -19 -20 -21 -22 26 23 -25 25 -27 -28 28 -30 -31
leaf_value=-0.054265539149562871 0.045870680823554826 -0.021352268077470843 -0.039200222530091214 -0.013286210472731184 0.0022005641954591479 0.1304724379522538 -0.053866593092928253 0.080031471075324656 0.034770568479381064 -0.014664562329263539 0.094089513227274074 0.066449674273935819 0.045686811874335612 -0.036678855067603981 0.09483471164680235 -0.020824428617278398 0.067664319740697212 -0.016965633193493708 0.051218515489185129 -0.03142732988206124 0.035588710954051937 0.057155602226751395 0.0072967380520536284 0.10391788699970694 -0.016688624819410136 0.060534842806219173 0.00081786800523561969 0.10221862785189027 -0.004451985147667945 0.0065113016440420919
leaf_weight=4.3705123420804766 6.078633088618516 39.548668524250388 16.089045599102974 14.429091075435283 6.6824850663542801 3.4927558228373519 3.4794816449284545 7.9346723780035973 9.3690101243555528 129.69124617055058 4.2191542051732531 4.8194628506898871 7.3430215679109088 21.158470952883366 3.6097749881446317 13.977545939385893 9.471588768064974 5.1206228323280802 3.7303959168493739 55.642028631642461 8.0786487534642202 6.0071961916983119 17.60093450546265 4.9504719004034987 194.50598027929664 5.3013225905597201 3881.1488783266395 6.3412669226527241 12.975542139261959 77.454462287947536
leaf_count=76 52 429 280 218 103 52 64 99 81 1949 45 50 89 294 45 156 99 60 51 897 102 41 219 57 3365 49 39039 48 125 819
internal_value=-7.44571e-05 -0.000135455 -0.00632942 -0.00465909 0.0262266 0.0425213 0.0255462 0.0444497 -0.00741761 -0.00882277 0.00768752 0.000589693 -0.0062304 -0.0159563 0.00834997 -0.0128882 0.00920342 0.0379664 -0.0160898 -0.017388 -0.0117178 0.000349911 -0.00566509 0.028507 -0.00795776 -0.0146397 0.000904932 0.00183615 0.0305655 -0.00290697
internal_weight=4584.62 4578.54 332.709 316.62 25.9599 21.5894 18.0966 14.6172 290.66 281.291 55.579 51.3598 46.5404 39.1973 18.0389 225.712 28.5698 14.5922 197.142 193.412 137.77 4245.83 358.679 22.5514 336.127 199.807 3887.16 136.32 19.3168 117.003
internal_count=49053 49001 4810 4530 394 318 266 202 4136 4055 741 696 646 557 263 3314 315 159 2999 2948 2051 44191 5111 276 4835 3414 39080 1421 173 1248
is_linear=0
shrinkage=0.05


Tree=99
num_leaves=31
num_cat=0
split_feature=5 58 12 3 13 14 45 32 60 14 37 59 58 18 18 38 58 18 4 58 21 32 59 60 5 59 45 4 28 6
split_gain=5.00033 9.23552 9.49709 12.0535 7.11927 6.69154 6.25267 8.9066 6.52453 7.14585 5.39811 10.1047 9.653 9.27053 11.1333 14.7641 13.8593 13.3367 15.1132 14.0849 13.2267 16.8567 15.8858 15.2724 12.1701 13.6192 17.9078 13.7606 10.5953 9.87745
threshold=0.0012794593431940831 -0.00028854892153602052 0.9185519373536829 0.0025735849323901818 0.40104565710525092 0.10061288626238225 -0.00038468634788089046 1.5000000000000002 0.013184233365370107 0.51238006927623825 0.88530012948741088 0.03274357926043283 0.0054549741270832975 0.012905400779040494 0.0082731608916920777 0.15031139055326023 0.0041744559219428412 0.0054180505973046907 11.572142857142859 0.0035009941955413989 -0.0033643926584348339 7.5000000000000009 -0.0017951166730369179 0.50244085277923201 0.0030036974147212184 -0.0015715729347782264 -0.0002953646611925721 16.871785714285728 0.42872734356340508 15.500000000000002
decision_type=2 2 2 2 2 2 2 2 2 2 2 2 2 2 2 2 2 2 2 2 2 2 2 2 2 2 2 2 2 2
left_child=1 -1 3 5 -4 -3 7 -7 -9 -10 -2 12 13 14 17 -16 20 18 19 -12 28 22 29 -24 25 27 -27 -20 -17 -22
right_child=10 2 4 -5 -6 6 -8 8 9 -11 11 -13 -14 -15 15 16 -18 -19 24 -21 21 -23 23 -25 -26 26 -28 -29 -30 -31
leaf_value=-0.037492272996241284 0.00073210041845535301 0.057308400714500697 -0.028772158647416769 0.092494357664638205 0.05566495907242533 0.085010211595897112 -0.031032101089225453 -0.038660780393112881 -0.01120015744180422 0.086758899692637392 -0.035023955890094237 0.045724408371628722 -0.023719223224500388 -0.029563527157052023 -0.039718764287809433 -0.0068656397831414395 -0.057532322344212697 -0.016063962241981405 -0.03708941903817161 0.052030369451359387 0.13180214652233135 0.13055193607344667 0.072469127149434584 -0.013626949801793346 -0.0085057782698474364 0.097190465255526576 0.012565199493571502 0.084844313599302362 0.076693475651915255 0.038007571762501857
leaf_weight=24.958525883033872 4060.5378359053284 5.1447705440223208 30.907928401604295 4.3643717765808097 2.7157089170068494 3.6012008283287313 12.795033380389215 6.7742310576140863 4.5847330261021852 3.1344582587480545 25.359611742198471 9.5227717570960504 67.168413922190666 30.028617268428206 11.12317689694464 29.283596739172935 5.1556978262960902 138.87741449661553 8.4852136448025686 5.688634790480136 5.4387258086353523 5.1798235960304728 7.3014320768415955 17.487943235784769 18.687004465609789 14.756328381597994 10.846637625247242 3.1813195813447228 4.3583748117089263 5.8005873393267393
leaf_count=543 42430 82 590 66 46 77 257 146 85 52 271 83 600 421 149 426 62 1611 125 38 52 47 60 187 181 123 89 42 40 72
internal_value=-7.36652e-05 -0.0111898 -0.00232122 0.0140176 -0.0219524 0.0045128 -0.00428048 0.0146361 -0.00284989 0.0285771 0.0001717 -0.00519851 -0.00636925 -0.00301122 -0.000496077 0.0142561 0.0217602 -0.00644766 0.00890193 -0.0190739 0.0272218 0.0462128 0.0340874 0.0117317 0.0244247 0.0409362 0.0613392 -0.0038396 0.00395959 0.083395
internal_weight=4583.25 98.981 74.0224 40.3988 33.6236 36.0344 30.8897 18.0946 14.4934 7.71919 4484.27 423.731 414.209 347.04 317.012 91.1294 80.0062 225.882 87.0048 31.0482 74.8505 41.2085 36.0287 24.7894 55.9565 37.2695 25.603 11.6665 33.642 11.2393
internal_count=49053 1944 1401 765 636 699 617 360 283 137 47109 4679 4596 3996 3575 1095 946 2480 869 309 884 418 371 247 560 379 212 167 466 124
is_linear=0
shrinkage=0.05


Tree=100
num_leaves=31
num_cat=0
split_feature=14 53 41 41 3 28 1 60 37 0 21 44 62 18 4 59 50 51 58 59 5 56 37 48 38 54 19 4 44 7
split_gain=4.84267 10.183 9.67106 7.96068 16.1488 12.2585 8.95714 8.44761 7.79227 7.5287 6.06173 6.04816 7.05747 8.74511 10.4984 6.43608 10.4743 10.0526 9.14805 15.3133 13.3385 11.998 10.3041 8.86967 13.6256 8.84584 11.5781 10.8405 10.7667 10.4487
threshold=0.035198983625876791 -0.0022292638053960051 6.8850000000000001e-06 6.8850000000000001e-06 0.0024075053917706475 -0.0081184191593570796 0.0016092744434316336 0.42691333031758921 0.51046140074480773 5.8359570983874333e-05 -2.2922692036604866e-05 0.00010903499999999785 0.015397581022628544 0.0081118533027916377 24.111428571428604 0.0020834252699766845 0.0042436130346162389 1.0000000180025095e-35 -0.0045535937765455352 0.0064530211313289692 0.0028795442920179558 0.99247211260676937 0.21542070607593064 -0.00055155302358968119 0.21383434487216724 0.0047390840574869772 0.0018304379685418332 23.443571428571321 1.6999999999995036e-05 2.5000000000000004
decision_type=2 2 2 2 2 2 2 2 2 2 2 2 2 2 2 2 2 2 2 2 2 2 2 2 2 2 2 2 2 2
left_child=1 2 -1 4 -3 -5 -7 -6 -9 -8 -4 12 15 -14 -15 -2 17 18 20 -20 22 -22 -17 -21 -25 -18 27 29 -28 -27
right_child=11 3 10 5 7 6 9 8 -10 -11 -12 -13 13 14 -16 16 25 -19 19 23 21 -23 -24 24 -26 26 28 -29 -30 -31
leaf_value=-0.013182075391171791 -0.0019778838762337441 0.09510897980512184 0.022510944849382784 0.073308931807431435 0.043405778840284959 -0.019000798713433721 -0.0036360991213855963 -0.051817468058285368 0.027729740056095464 0.048944573261271641 0.083763765530645698 0.050739655409022949 -0.023163678277221052 0.073475404109623152 -0.013774954543765301 0.079952535279946224 -0.01790504560056953 0.0017223141322301287 0.01067558554491123 0.085544830135725031 -0.016973434437578178 0.05273693407215338 0.0067775162616420821 -0.0091581399336561602 0.05568125359926869 0.011100039202322711 -0.0060097741065592951 -0.029753909956924632 0.039849853407315637 0.076558779864285886
leaf_weight=6.3717303872108486 2305.9189160391688 6.5771422777324942 6.750964764505631 4.8998493403196326 8.7955493070185202 60.460820091888309 19.940556561574343 7.7426247298717481 5.1107216384261847 10.336884465068577 10.054990239441389 5.7810237742960444 64.403281077742577 5.5963873527944079 8.979666490107773 7.7541568465530899 101.56676461175084 1272.4119244422764 191.10233025811613 9.7029630318284017 70.549681711941957 6.7642156071960917 12.674344457685946 12.935961171984671 21.68500616773963 12.373170200735336 293.35233219712973 6.4018796030431977 13.382397186011074 12.017290502786635
leaf_count=65 29958 75 77 50 87 688 215 79 62 93 84 48 588 40 94 56 764 10848 1528 54 691 36 102 96 129 91 2107 67 95 86
internal_value=-7.32242e-05 0.00885386 0.0392715 0.00316206 0.0264946 -0.00372417 -0.00788394 0.00564895 -0.0201881 0.0143152 0.0591585 -0.000369177 -0.000435879 -0.0152485 0.0197243 -0.000166976 0.00187531 0.00374678 0.0114785 0.0168169 -0.00137997 -0.0108745 0.034553 0.0432953 0.0314543 -0.00496787 -0.00107489 0.0281528 -0.00400898 0.0433519
internal_weight=4582.4 147.042 23.1777 123.864 28.226 95.6381 90.7383 21.6489 12.8533 30.2774 16.806 4435.35 4429.57 78.9793 14.5761 4350.59 2044.67 1605.58 333.169 235.426 97.7424 77.3139 20.4285 44.3239 34.621 439.094 337.527 30.7923 306.735 24.3905
internal_count=49053 1575 226 1349 303 1046 996 228 141 308 161 47478 47430 722 134 46708 16750 13540 2692 1807 885 727 158 279 225 3210 2446 244 2202 177
is_linear=0
shrinkage=0.05


Tree=101
num_leaves=31
num_cat=0
split_feature=17 21 18 32 5 4 50 59 21 47 52 32 42 45 50 59 19 62 58 38 16 21 58 62 54 21 32 47 42 60
split_gain=4.79732 9.10171 7.59629 10.8853 4.99889 14.0018 11.4243 17.6403 14.422 12.4675 11.0417 10.9428 13.5836 10.5299 10.0763 14.7485 10.5418 11.5961 11.2777 10.1467 11.2936 10.4258 9.89882 10.2569 10.5111 20.4494 10.2806 9.85463 16.1791 15.8928
threshold=0.38160547109773496 -0.00032852372589930469 0.0047454520140858521 3.5000000000000004 0.0025621048224206727 13.760714285714309 0.004977933273129777 0.0072787511613084796 0.0017448614677551444 -0.00039134672392347351 0.12348651716839085 16.500000000000004 4.5625000000000004e-05 -0.00049660332718031862 -0.0028997680938521331 -0.0063004197382335826 -0.00043646678935732071 -0.0037173933517496058 0.0010483788996201325 0.37373034784165798 0.10932944606414155 -0.00027436843247494229 0.0045606247360539713 0.015080474428631337 0.00044079776533666811 0.00046302367172131026 3.5000000000000004 -0.00030875936847835094 9.5480000000000014e-05 0.97524555310263905
decision_type=2 2 2 2 2 2 2 2 2 2 2 2 2 2 2 2 2 2 2 2 2 2 2 2 2 2 2 2 2 2
left_child=1 -1 3 -3 6 11 7 14 9 13 -11 22 -13 -9 16 -16 17 -2 -18 -17 -21 -22 27 24 -24 26 -26 28 -6 -30
right_child=4 2 -4 -5 5 -7 -8 8 -10 10 -12 12 -14 -15 15 19 18 -19 -20 20 21 -23 23 -25 25 -27 -28 -29 29 -31
leaf_value=-0.053221984184042781 0.05567737894156697 -0.026051350828905258 -0.022735463883186355 0.092670756191109871 0.0020172519705450773 -0.00079527708154564312 -0.022441159752440192 0.008289793759923109 -0.0014257010674588681 0.038429789784846437 -0.01403082591220973 0.0015242035993410111 0.090021824899741559 0.065377267538434952 -0.032892073881534874 -0.0039169756758712553 -0.00459132105641536 0.00030398593467151238 0.074776414245489267 -0.032310118614486884 -0.01957760892386743 0.053905313098554966 0.0055973253317349947 -0.041429842751346133 -0.053394711059794736 0.040582113710510521 0.026316263110858048 -0.011712346644731317 0.019622034996507068 0.094919266083996909
leaf_weight=12.256853697821496 10.218257978558539 3.4710108097642687 12.608926624059675 4.3508009146898985 393.32911134511232 2006.4088466614485 65.833790123462677 11.227503813803194 70.278247304260731 18.500887639820576 21.907046139240265 8.5459290891885775 8.8019242137670499 28.791417755186558 43.188375633209944 1329.9310612753034 7.2706652171909836 126.52885513752699 11.643665149807928 7.2636455669999114 6.1979251615703133 21.822662374004722 82.665976183488965 7.3983640708029261 9.763147212564947 78.869721349328756 6.9065254908055058 95.317873815074563 61.433981586247683 7.9101230464875689
leaf_count=269 98 57 202 58 4052 20904 480 60 470 108 127 71 69 153 782 16019 72 1410 94 70 58 174 757 66 94 552 68 939 653 67
internal_value=-7.18822e-05 -0.0191582 0.00127737 0.0399866 6.52974e-05 0.00139499 -0.00200126 -0.00121653 0.0151209 0.0295795 0.00998842 0.00717015 0.046426 0.0493611 -0.00279071 -0.00412491 0.0092809 0.00444169 0.0442675 -0.00321486 0.0232491 0.0376515 0.00625432 0.0162569 0.0186519 0.0299474 -0.0203691 0.00292716 0.00594313 0.0282112
internal_weight=4580.64 32.6876 20.4307 7.82181 4547.96 2767.35 1780.6 1714.77 150.705 80.4269 40.4079 760.943 17.3479 40.0189 1564.07 1408.4 155.661 136.747 18.9143 1365.22 35.2842 28.0206 743.595 185.604 178.205 95.5394 16.6697 557.991 462.673 69.3441
internal_count=49053 586 317 115 48467 28292 20175 19695 918 448 235 7388 140 213 18777 17103 1674 1508 166 16321 302 232 7248 1537 1471 714 162 5711 4772 720
is_linear=0
shrinkage=0.05


Tree=102
num_leaves=31
num_cat=0
split_feature=18 37 21 48 49 3 18 56 59 6 3 14 15 50 15 1 50 14 58 1 51 18 27 35 36 0 32 1 35 60
split_gain=4.97279 4.9012 14.1905 11.684 8.68287 10.7479 10.1116 11.1082 13.9406 13.8243 12.0268 10.4071 10.0551 9.69917 13.1172 11.1238 14.0734 9.51804 9.45747 9.42639 8.70868 8.62662 8.64377 11.6519 9.96186 7.85792 7.29327 9.68723 14.2292 7.18178
threshold=0.0014849996484544664 0.11076597718384941 0.0038462170992593137 -0.00050953819548092162 0.0018326339874528128 0.0036538541361229031 0.0065620191155728955 0.95796579289375716 0.0012691053768589071 7.5000000000000009 0.0047424095106519439 0.30932026590603545 0.20313566845318365 -0.0019276416274162571 0.43083736856892696 0.0025734756017576246 0.00046745268245969714 0.77382911686894851 0.00581873645317118 -0.0023332885268122368 1.0000000180025095e-35 0.004075046621100714 0.4273133244361661 0.39087410633848213 1.9202747231723414 -0.00062752384754060134 5.5000000000000009 -0.0055488463570468891 0.067776649040058534 0.0015741243249390747
decision_type=2 2 2 2 2 2 2 2 2 2 2 2 2 2 2 2 2 2 2 2 2 2 2 2 2 2 2 2 2 2
left_child=-1 2 4 -4 5 18 7 8 13 10 11 -10 17 14 26 -15 -17 -11 -2 -20 -14 22 23 25 -25 -9 27 -7 -29 -3
right_child=1 29 3 -5 -6 6 -8 21 9 12 -12 -13 20 15 -16 16 -18 -19 19 -21 -22 -23 -24 24 -26 -27 -28 28 -30 -31
leaf_value=-0.051523134493111883 -0.0001235356886511011 -0.010632266108785359 0.02833846828094734 -0.042495351616409896 -0.0097082986609364815 -0.003610095839588952 -0.021742065627844 0.013396697144328468 0.083502412464708922 -0.020485941955972854 0.08784985157570363 0.013025226678968459 0.086439775004853378 -0.014323307938628847 0.098714451605057998 0.10239280935100836 0.0054838048216271302 0.045776911693623822 0.080467459834965144 0.014065534119159751 0.024838457462298999 -0.023459129129009836 -0.048461745874569688 0.084920479704342522 0.016809595857541878 -0.057162863948902944 -0.020447811545723033 0.0095630170761791047 0.11389337299725229 -0.00035725247528415965
leaf_weight=4.6912656128406516 492.43271111696959 178.94816699624062 7.3360057286918154 28.202973000705242 98.701567754149437 10.732926115393637 19.243358716368675 11.723179526627066 7.4533123858273056 20.57860001176596 17.646194603294134 17.624224327504635 7.1140525788068762 51.63143908791244 5.7444297336041918 4.9832752645015743 15.093630414456127 7.3567382246255866 6.6912415120750657 26.559106815606356 29.64780617505312 27.302201189100742 5.2095247358083716 8.9253997728228587 13.470860727131365 5.9476930014789096 9.3850483372807485 6.6960607580840605 6.3839193508028984 3424.6936051882803
leaf_count=198 6060 2119 67 275 853 103 177 114 59 159 121 143 41 645 58 50 182 56 64 260 220 223 53 81 122 61 102 74 65 36248
internal_value=-7.11342e-05 -1.83569e-05 0.00313683 -0.0278737 0.00431644 0.00597309 0.0133588 0.0156828 0.0213219 0.0341524 0.0562251 0.0339718 0.0195764 0.00886589 0.0289538 -0.00204315 0.0295375 -0.0030357 0.00161915 0.0274281 0.0367594 -0.00126063 0.0121253 0.0200028 0.0439533 -0.0103524 0.0168827 0.0315952 0.0604833 -0.000867485
internal_weight=4578.15 4573.46 969.817 35.539 934.279 835.577 309.894 290.651 218.072 107.421 42.7237 25.0775 64.6972 110.651 38.9424 71.7083 20.0769 27.9353 525.683 33.2503 36.7619 72.5789 45.2767 40.0671 22.3963 17.6709 33.198 23.8129 13.08 3603.64
internal_count=49053 48855 10488 342 10146 9293 2909 2732 2078 799 323 202 476 1279 402 877 232 215 6384 324 261 654 431 378 203 175 344 242 139 38367
is_linear=0
shrinkage=0.05


Tree=103
num_leaves=31
num_cat=0
split_feature=51 58 6 21 38 48 43 31 38 1 38 21 16 13 48 0 45 21 58 21 58 59 58 18 6 18 47 58 18 59
split_gain=4.83209 9.60582 12.8756 10.5208 11.7126 17.1277 13.7891 12.6819 10.481 11.3514 11.582 8.87624 12.7227 8.77727 10.6105 14.4958 10.8913 9.6276 8.79436 10.3972 10.3748 13.2461 11.2119 19.1402 15.0488 14.3477 14.0863 14.6723 13.4213 13.5461
threshold=-1.0000000180025095e-35 -0.00070488703101406584 10.500000000000002 -0.0015242208175243379 0.21943907986147013 0.00014208887077227789 -1.8368749999999996e-05 0.6405315480895869 0.29777210159470152 0.001192559783743037 0.24428074768217728 0.0035424853303823224 0.065567295988367955 0.0067755181241316654 -0.00050100916691922634 1.0000000180025095e-35 -0.00049977539070077289 0.00051679843524555613 0.0049611154837526554 0.0023981312036034787 0.00062859520055519747 0.013164021193998532 0.00093378724072070622 0.0024186731230885473 6.5000000000000009 0.0029592553198468942 -0.00039796309476587346 0.00077128198602683556 0.003868378900316266 0.0016664432616538536
decision_type=2 2 2 2 2 2 2 2 2 2 2 2 2 2 2 2 2 2 2 2 2 2 2 2 2 2 2 2 2 2
left_child=13 2 -2 -4 7 6 8 -5 9 10 -6 12 -8 14 15 16 -1 -16 19 20 -15 22 23 -22 -25 -24 -26 -28 29 -27
right_child=1 -3 3 4 5 -7 11 -9 -10 -11 -12 -13 -14 18 17 -17 -18 -19 -20 -21 21 -23 25 24 26 28 27 -29 -30 -31
leaf_value=0.049683139099247063 -0.015632483017399241 3.0550301089736223e-05 -0.030666132125925605 -0.014871397850338017 0.097107956090962122 0.094569039054607992 0.036325371074287544 0.062687632937210025 0.069118897290770295 -0.0098072648970638689 0.010148080919148561 0.050892111498930907 -0.015769174083151066 -0.0010396417379337746 -0.00860727427044943 0.092831098514995172 -0.054514911700140202 0.046194757558190261 -0.013999520073447978 0.017973710851937327 0.12917687067783287 0.094733372370841173 -0.02108080439737647 -0.024502197644827087 0.0079214470851053653 0.015565855951633779 0.13997318644222109 0.037208693595382702 0.0013480850306288909 0.067797184311513659
leaf_weight=6.3820939157158136 253.46814714930952 2083.1437173262239 25.11948461830616 89.472367672249675 6.7554314769804469 6.0583989806473246 14.051240213215349 5.6005141697823992 12.864850984886287 18.906534671783447 8.8388758674263936 7.1485484763979903 70.647820169106126 1334.6213330887258 30.573070533573627 9.998270479962228 4.1312219779938477 10.861455157399176 90.718840686604381 95.917199939489365 4.3627160750329486 4.3743782117962828 49.044776471331716 13.661059355363248 18.062272423878309 66.742653600871563 5.3421382755041149 9.9292596373707038 205.18209169059992 15.249775879085062
leaf_count=73 2992 19855 270 976 59 52 134 44 100 157 73 69 735 16353 442 120 59 106 1059 803 83 20 735 155 226 797 61 104 2233 108
internal_value=-7.03149e-05 -0.00148571 -0.0075724 0.000123457 0.00334141 0.0122707 0.00868919 -0.0103026 0.030602 0.0162397 0.047819 -0.00261124 -0.00712689 0.00179433 0.0203178 0.049729 0.00873837 0.00575828 0.00119457 0.00195089 0.00106077 0.00821282 0.00723631 0.0289953 0.0196951 0.00391262 0.0378083 0.0731571 0.00818109 0.0252804
internal_weight=4577.23 2602.08 518.932 265.464 240.345 145.272 139.213 95.0729 47.3657 34.5008 15.5943 91.8476 84.6991 1975.15 61.9461 20.5116 10.5133 41.4345 1913.21 1822.49 1726.57 391.951 387.577 51.3574 46.9947 336.219 33.3337 15.2714 287.175 81.9924
internal_count=49053 25516 5661 2669 2399 1379 1327 1020 389 289 132 938 869 23537 800 252 132 548 22737 21678 20875 4522 4502 629 546 3873 391 165 3138 905
is_linear=0
shrinkage=0.05


Tree=104
num_leaves=31
num_cat=0
split_feature=34 6 7 47 50 18 53 43 21 47 4 64 43 48 42 63 5 58 5 47 13 50 12 14 21 59 11 60 50 15
split_gain=4.75389 4.75462 8.53338 8.84479 10.2976 8.72694 8.3394 8.24576 9.97435 9.51759 8.21969 10.348 14.7932 10.2208 13.642 13.1789 11.9622 13.0705 10.4022 11.5591 9.90062 10.8084 9.55974 8.93727 7.72896 7.287 9.29383 6.80588 6.74579 6.6991
threshold=4.124126810519245 1.5000000000000002 4.5000000000000009 -0.00026084701253557737 0.00010263550153020485 0.0027116027977827158 0.0043679805565936614 -4.894999999999999e-05 -0.002015611550533542 -0.00050824286593480867 22.219285714285746 0.49987885640445667 -1.8368749999999996e-05 -0.00051845524699256943 7.6840000000000016e-05 -0.00023419551229800215 0.0025123501974046052 -0.00016221191135711748 0.0020538802315271079 -0.00034040601535299727 0.098036182628108801 0.00015508950028319182 0.80600871625726567 0.38646486520788631 0.0016712027432497013 0.0049647353640902307 -0.67174686869892508 0.25825512054524685 -0.00099361377122273603 0.1565262462065489
decision_type=2 2 2 2 2 2 2 2 2 2 2 2 2 2 2 2 2 2 2 2 2 2 2 2 2 2 2 2 2 2
left_child=1 2 5 6 27 -1 -4 8 -7 -10 11 12 -9 16 20 -16 -13 -18 -17 22 21 24 -20 28 -15 26 -12 -5 -21 -25
right_child=-2 -3 3 4 -6 7 -8 10 9 -11 25 13 -14 14 15 18 17 -19 19 23 -22 -23 -24 29 -26 -27 -28 -29 -30 -31
leaf_value=0.05902515819370973 0.046093346632417043 -0.00063995056469442449 -0.022798229403850956 0.076102740871449179 -0.02037747885959558 0.082514457121674961 0.029988163436948347 0.066984693574138984 -0.023790886171872819 0.049782650052873828 0.051208412777504278 0.00048315893052092878 -0.015894232088031809 0.01194713782477784 -0.042645195957915653 0.07798899715964891 0.025834526623501605 0.097756668832780072 0.11193736006605054 0.0033043187958778728 -0.031701416798583883 -0.016448794503006268 0.023002099362279829 0.015468509792383144 0.082474356382083863 -0.044638222826608814 -0.014354860511643811 0.0077251920284491273 0.06599857781358176 -0.033859192979692448
leaf_weight=8.4465191140770894 5.5700867474079123 4149.679098919034 64.884249800816178 7.92421428486705 10.387438239529727 7.6658437587320831 8.4575142599642259 5.9300816990435115 8.5171530991792714 9.0837073959410155 6.7285197358578435 14.072906244546173 58.479199063032866 10.430776428431274 6.8777535893023005 9.6746539361774904 14.176956754177809 11.393781073391438 5.7607011459767801 7.6748383566737202 26.475624121725559 19.837266508489847 6.354876697063446 14.864720787853004 6.1898079067468634 13.678580999374388 27.483774438500404 6.729676429182291 9.7302724793553335 12.818341065198181
leaf_count=87 33 44933 825 76 113 65 91 55 64 53 78 138 556 106 77 76 139 87 48 65 215 183 55 111 41 131 302 63 78 109
internal_value=-7.01845e-05 -0.000126445 0.00493828 -0.00795104 0.0177056 0.00887222 -0.0167111 0.00752269 0.0349125 0.01418 0.00512501 0.00888836 -0.00826367 0.0151535 0.00867068 0.0232616 0.0375059 0.0578815 0.0300394 0.0219299 -0.00842947 0.00847058 0.0652889 0.010279 0.0382128 -0.013793 -0.00146055 0.0447009 0.0383533 -0.00737215
internal_weight=4575.98 4570.41 420.73 98.3831 25.0413 322.347 73.3418 313.9 25.2667 17.6009 288.633 240.743 64.4093 176.333 136.69 73.7562 39.6436 25.5707 66.8784 57.2038 62.9335 36.4579 12.1156 45.0882 16.6206 47.8909 34.2123 14.6539 17.4051 27.6831
internal_count=49053 49020 4087 1168 252 2919 916 2832 182 117 2650 2139 611 1528 1164 619 364 226 542 466 545 330 103 363 147 511 380 139 143 220
is_linear=0
shrinkage=0.05


Tree=105
num_leaves=31
num_cat=0
split_feature=59 19 4 7 45 17 36 18 44 48 20 32 59 37 41 59 48 45 1 13 50 62 58 11 2 38 21 62 48 64
split_gain=4.60103 10.4602 9.78704 14.315 15.9561 8.28096 6.60825 6.52848 8.50008 7.91784 6.9396 10.4026 7.51085 9.31941 7.76246 7.65405 7.64115 12.1917 7.04331 10.3169 9.2739 9.2454 9.2186 12.6441 11.9111 10.7408 9.91628 9.79487 9.47511 9.35214
threshold=-0.015125858816423589 -0.014536773359425791 29.064642857142776 2.5000000000000004 -0.00038639813705379131 1.3205502393416106 2.1925065103333741 0.011222791028599528 3.0449999999358729e-06 -0.00064293378607449059 -0.0092311158087516575 13.500000000000002 -0.003727005241700184 0.48632604614755776 4.6670000000000005e-05 0.0018418244640592382 -0.00038246909576987687 -0.00047407061811206234 -0.0051742497502398127 0.011033568272433228 -0.0038426441292185509 0.00018191679037609366 0.0096060326684295309 -0.46505846145264845 0.019812490406162547 0.23707725245903224 0.00033766061883557251 0.017522093090772312 -0.00053204355494895761 0.94775309485716808
decision_type=2 2 2 2 2 2 2 2 2 2 2 2 2 2 2 2 2 2 2 2 2 2 2 2 2 2 2 2 2 2
left_child=2 6 -1 5 -5 -4 -2 10 9 -9 11 12 -3 15 -15 16 17 -14 19 -12 21 -21 27 26 25 -25 -24 -20 -28 -30
right_child=1 7 3 4 -6 -7 -8 8 -10 -11 18 -13 13 14 -16 -17 -18 -19 22 20 -22 -23 23 24 -26 -27 28 -29 29 -31
leaf_value=-0.018726914066632457 0.055125419825072908 -0.00012003014065737849 -0.040704407904095512 0.0077452434260445267 0.096783027637116603 0.019488645162828572 0.0051388947945477563 0.026811538676556675 0.027637301288487615 -0.023595083334093027 0.061367750756521525 0.074334607809119532 0.074197170563842813 0.029461928872428378 -0.011950135015284408 0.0022093651443675206 0.099123439150977086 -0.0082566139160393601 0.00018267952883819108 0.0047259183765108962 -0.015857339676159384 -0.029606310807365782 -0.030773920695707408 -0.024959452513359241 0.047098260148642934 0.015094444660283375 0.083477811423381648 -0.031497965386657605 0.018224840480032884 0.076073636698465674
leaf_weight=90.002543605864048 13.99616700038314 135.79880279116333 14.642855554819109 14.599413888528945 7.677986364811658 9.3702250048518163 12.531895637512205 8.6873209513723832 11.386781450361012 75.475683549419045 5.4603372514247885 5.9093667939305297 9.8491352405399102 18.795326918363571 28.435529451817274 10.245773725211619 6.7162346988916424 8.2287522628903371 3552.7919994955882 152.44653848186135 179.93208792433143 22.503981128334999 6.6846317108720532 41.761200174689293 10.991157211363314 27.932240944355726 8.1908720172941667 24.566502058878541 51.258620817214251 8.0890834629535657
leaf_count=1318 112 1642 277 208 79 80 77 99 117 947 55 54 81 155 257 63 44 70 38323 1449 1876 209 76 331 71 186 60 248 446 43
internal_value=-6.90895e-05 0.000208763 -0.00911793 0.0095648 0.0384324 -0.0172163 0.0315117 2.05534e-05 -0.0129067 -0.0183921 0.000306705 0.00887636 0.00710254 0.0190243 0.00452963 0.038562 0.0535842 0.0366656 -0.000162292 -0.00683783 -0.00788727 0.000309745 0.000482218 0.0124238 -0.0012772 -0.00890636 0.0273175 -3.48784e-05 0.0330671 0.0261096
internal_weight=4574.96 4438.67 136.293 46.2905 22.2774 24.0131 26.5281 4412.14 95.5498 84.163 4316.59 223.979 218.07 82.2708 47.2309 35.0399 24.7941 18.0779 4092.61 360.343 354.883 174.951 3732.27 154.908 80.6846 69.6934 74.2232 3577.36 67.5386 59.3477
internal_count=49053 47091 1962 644 287 357 189 46902 1163 1046 45739 2366 2312 670 412 258 195 151 43373 3589 3534 1658 39784 1213 588 517 625 38571 549 489
is_linear=0
shrinkage=0.05


Tree=106
num_leaves=31
num_cat=0
split_feature=4 54 17 19 38 37 21 48 49 3 18 56 18 1 64 4 32 38 38 50 4 5 59 50 38 60 6 52 59 52
split_gain=4.58888 9.52902 10.0915 11.7422 6.25336 5.05041 13.3109 11.2007 8.04064 8.62785 9.17449 10.1159 12.3638 15.1691 12.3261 9.9712 14.1472 14.7123 9.1492 9.0575 9.62321 8.6398 8.03671 15.1004 7.69413 8.40475 7.5904 7.4069 14.9304 7.3233
threshold=4.4925000000000397 0.0011248205867660063 0.87780325090181244 0.00096163643618490024 0.24298481082171755 0.11076597718384941 0.0038462170992593137 -0.00042804177018179143 0.0018326339874528128 0.0036538541361229031 0.0065620191155728955 0.95796579289375716 0.0048253431908986616 0.0034954393902205498 0.74861889386245506 9.8539285714285363 7.5000000000000009 0.20243146927645081 0.307102138884427 0.0015166405808771332 10.245714285714373 0.002250547756378726 0.0072787511613084796 0.0013567584694284026 0.26640197752498002 0.85901164348241887 3.5000000000000004 0.10982827168238606 0.00053301595747259 1.2580607665199051
decision_type=2 2 2 2 2 2 2 2 2 2 2 2 2 2 2 2 2 2 2 2 2 2 2 2 2 2 2 2 2 2
left_child=1 -1 3 -3 -4 6 8 -8 9 22 11 12 13 24 15 -14 17 -17 27 -15 -21 29 -2 -24 25 -11 -26 28 -19 -13
right_child=5 2 4 -5 -6 -7 7 -9 -10 10 -12 21 14 19 -16 16 -18 18 -20 20 -22 -23 23 -25 26 -27 -28 -29 -30 -31
leaf_value=-0.040894947089884545 0.00047413382172590169 -4.5071359603820824e-05 -0.055016494382436179 0.13431633345177724 0.02335216144132217 -0.00078470644728742046 0.0013669749395033974 -0.055381270885778724 -0.0091029948947720877 -0.0084272046294619467 -0.021068873192468193 -0.0062277516231101235 -0.01445006324542727 0.076303454896800668 -0.019175912711515978 0.0047840645461514559 0.012955854845512579 0.019391967573019395 0.031716033726488548 0.065181261973917173 -0.016040322829318769 -0.018573078799796788 0.063851185958472015 -0.0063509934679174436 0.074223892991636189 0.05276302505196212 0.013700866767985855 0.14715956877067879 0.11735494416536812 0.039205990191915716
leaf_weight=20.088465813547373 477.93620206043124 3.7513004541397121 5.8375892341136915 2.8702194690704346 4.5136427208781242 3584.392840500921 17.364677857607603 17.41619424149394 97.597739227116108 76.490498799830675 18.955415274947882 18.049706738442183 6.0150058679282656 12.998492613434793 8.1658009551465494 6.9057885035872451 15.135929360985754 5.9638299681246378 6.1696337834000579 6.4346501044929019 8.4174295291304571 36.399011824280024 14.534526430070402 16.19503578171134 5.9970274642109862 6.0560863949358454 38.043132692575455 6.1712853834033004 11.181991081684826 17.438068490475416
leaf_count=457 5865 88 105 38 92 38119 166 176 847 774 177 181 60 105 70 69 127 73 52 59 85 308 90 114 56 58 363 41 79 159
internal_value=-6.80657e-05 -0.0175906 0.00999177 0.0581963 -0.0208439 7.5088e-05 0.0033122 -0.0270492 0.00446346 0.00607884 0.0126395 0.0148275 0.0201452 0.0124161 0.038311 0.0464687 0.0535799 0.0704757 0.0858607 0.0458242 0.0191489 -0.00145749 0.00206776 0.0268534 0.00506596 -0.00393794 0.0219424 0.100187 0.0832805 0.0160976
internal_weight=4573.49 37.0612 16.9728 6.62152 10.3512 4536.43 952.033 34.7809 917.252 819.655 310.989 292.033 220.147 154.437 65.7093 57.5435 51.5285 36.3925 29.4867 27.8506 14.8521 71.8868 508.666 30.7296 126.587 82.5466 44.0402 23.3171 17.1458 35.4878
internal_count=49053 780 323 126 197 48273 10154 342 9812 8965 2896 2719 2071 1500 571 501 441 314 245 249 144 648 6069 204 1251 832 419 193 152 340
is_linear=0
shrinkage=0.05


Tree=107
num_leaves=31
num_cat=0
split_feature=59 50 21 54 54 58 55 37 48 18 37 17 18 4 38 59 53 2 13 11 18 4 46 58 19 52 63 63 46 41
split_gain=4.6 8.73931 8.68061 8.44279 7.62615 7.49781 8.06385 8.681 7.01174 11.5904 6.70854 9.7118 10.1956 12.5473 11.0376 11.9524 10.3033 10.8671 10.2946 8.26067 7.92901 12.1508 11.0995 9.71511 7.86704 7.13858 7.08965 9.09037 10.0029 10.2175
threshold=0.01852754674717744 0.011745115605984825 0.0062829571086894442 0.030094299470571292 -0.0044885578017887411 -0.0067343883873484832 1.0000000180025095e-35 0.90354525394666518 -0.00047399357868873764 0.0084488930537722617 0.88530012948741088 2.0111102274844641 0.012905400779040494 31.135357142857146 0.17147573448390019 -0.016678661354529875 -0.0039845497218297726 0.0060140165234941418 0.20990027684443938 2.2038437233602024 0.0054180505973046907 8.8635714285714897 -0.00013458712998729903 -0.0027125325592265324 0.018290845391101786 2.9649349365908146 0.018664359187491427 0.019915386773256084 -0.00040071641870896926 1.0750000000000002e-05
decision_type=2 2 2 2 2 2 2 2 2 2 2 2 2 2 2 2 2 2 2 2 2 2 2 2 2 2 2 2 2 2
left_child=1 10 4 -3 -2 -6 -7 -8 9 -4 24 12 13 20 -15 -16 -17 18 -18 -13 21 -12 23 -23 26 -21 -1 -28 29 -29
right_child=2 3 8 -5 5 6 7 -9 -10 -11 11 19 -14 14 15 16 17 -19 -20 25 -22 22 -24 -25 -26 -27 27 28 -30 -31
leaf_value=-6.7760673986958382e-05 0.047454798869939162 -0.035041366462513039 0.069904412301215954 0.025562917342577166 -0.032930769086063426 0.04677064565630628 -0.00076471005412609384 0.038452356342680467 -0.019976543650663633 -0.019939625029337583 -0.045043872202707468 0.054088975532359362 -0.040574258801715252 -0.035717198262090938 0.10887235018929541 -0.034463188921825955 0.023282115939734449 -0.0057129027041721578 0.10894385352644616 -0.023556065182972888 -0.016860886315140565 0.078997332461987105 -0.037237478991475358 0.011951531517120894 0.057866324648234602 0.029490292586144468 0.055116458429323015 -0.0037160805850207286 -0.0041041285014050896 0.041835447598972855
leaf_weight=3853.2750722980127 15.947884503751991 31.667481772601604 6.5629413910210115 7.0207757465541354 9.1355162560939771 16.099333681166172 62.91614918038249 18.191006883978844 38.985247813165188 7.9238144755363464 11.590916506946085 10.961207572370766 24.323672527447343 7.7794022075831881 4.2356813997030249 6.9130463786423233 7.5802669469267148 9.757303196936844 6.5275435671210289 13.086165059357883 179.77609170600772 6.0535328146070233 10.324619710445402 50.287992464378476 5.949977319687604 12.306624609977005 10.987133488059042 19.895082995295525 74.140455588698387 32.291965592652559
leaf_count=42406 87 267 43 55 76 81 348 92 338 83 128 78 385 128 60 88 110 120 65 100 2201 62 116 519 35 90 68 125 501 198
internal_value=-6.72162e-05 -0.000384297 0.00786465 -0.0240435 0.0152123 0.010377 0.0144471 0.00803104 -0.00893944 0.0207625 -0.000174264 -0.00669691 -0.00943721 -0.00691958 0.0181553 0.0301247 0.0192875 0.0348575 0.0629169 0.0178123 -0.0110781 0.00220643 0.0104216 0.0191552 0.000415737 0.00215287 0.000330078 0.0114941 0.00770011 0.02447
internal_weight=4572.49 4396.73 175.762 38.6883 122.29 106.342 97.2065 81.1072 53.472 14.4868 4358.04 361.504 325.15 300.826 42.7932 35.0138 30.7782 23.8651 14.1078 36.354 258.033 78.2571 66.6661 56.3415 3996.54 25.3928 3990.59 137.315 126.328 52.187
internal_count=49053 47905 1148 322 684 597 521 440 464 126 47583 4250 3982 3597 571 443 383 295 175 268 3026 825 697 581 43333 190 43298 892 824 323
is_linear=0
shrinkage=0.05


Tree=108
num_leaves=31
num_cat=0
split_feature=51 59 58 9 38 20 45 21 47 7 47 13 17 21 48 0 45 50 21 18 5 9 60 47 37 63 59 14 3 38
split_gain=4.55017 9.47143 9.59319 14.5022 9.0329 8.64258 8.88145 13.8243 8.95449 8.26755 10.7802 7.69864 9.03422 10.7518 9.00855 11.6714 9.76569 8.89722 8.40391 8.23675 14.285 11.8062 13.4564 16.4822 13.9213 12.3631 10.8517 10.8113 10.1502 11.5056
threshold=-1.0000000180025095e-35 -0.0027304900919291023 0.0027837989544954402 1.0000000180025095e-35 0.22572769231623813 -0.00033151088440834037 -0.00018445547198469613 -1.0000000180025095e-35 -0.00054263040384217823 3.5000000000000004 -0.00033594508584776952 0.0067755181241316654 0.59045473915093971 0.00089042832852515637 -0.00050100916691922634 1.0000000180025095e-35 -0.00049977539070077289 0.0017248612110968506 0.00051679843524555613 0.0042111175778229704 0.0020294609514474988 1.0000000180025095e-35 0.29873993352861666 -0.00049971299265276113 0.41431999121749008 0.0074809667664330623 0.0029272087381537856 0.42994866013252853 0.0048290256684544756 0.19838503750497502
decision_type=2 2 2 2 2 2 2 2 2 2 2 2 2 2 2 2 2 2 2 2 2 2 2 2 2 2 2 2 2 2
left_child=11 2 5 4 9 6 8 -8 -2 -4 -11 14 13 -13 15 16 -1 -15 -16 27 -21 -22 23 26 -24 -25 -23 -14 29 -26
right_child=1 -3 3 -5 -6 -7 7 -9 -10 10 -12 12 19 17 18 -17 -18 -19 -20 20 21 22 24 25 28 -27 -28 -29 -30 -31
leaf_value=0.045185331303061294 0.035586142585917406 -0.00062608327932062776 -0.01247545010319924 0.026947293558311776 -0.034058666453506574 -0.045628501659519399 -0.01889773809730691 0.10710169931228149 -0.03397116814588471 -0.014304730532499027 0.087635589499923755 -0.014713463331894836 0.0050590305741277687 0.030166861490188865 -0.0082463779774899233 0.082213349569811744 -0.054262404721205283 -0.038772231052364214 0.042407623946235228 0.053433326325612297 0.0011195768070467085 0.016559679123351049 0.0079526852090929471 -0.017174072756775415 0.012214775816570749 0.04980501422786069 0.090538292075077118 -0.008305706522920198 0.028272029043179416 0.10352910135725231
leaf_weight=6.6257098540663719 5.4943450037389949 2419.9030878031626 27.812901927158237 29.555152267217636 32.650371542200446 32.309473132714629 5.3128785490989685 3.6881470978260023 29.308788320049647 4.8902623150497675 5.5218023061752302 154.39964812994003 272.87580336071551 25.433244865387682 30.347596069797873 10.708197716623543 3.9345548264682311 5.7356536146253339 11.214050550013779 14.937584079802035 810.77298800088465 26.949334237724543 85.638631729409099 79.137495232746005 5.1690309196710578 7.5465110652148715 6.0744060575962058 339.69306641630828 66.519320802763104 10.370527673512695
leaf_count=73 85 22850 421 329 485 600 73 47 464 85 77 2496 3434 269 442 120 59 68 106 137 9316 282 810 825 73 41 33 4227 620 106
internal_value=-6.61511e-05 -0.00144176 -0.0126222 -0.00247557 -0.014745 -0.0260106 -0.0115406 0.0327302 -0.0229902 0.0017521 0.039757 0.00174314 0.001177 -0.00930598 0.0189646 0.0454308 0.00813299 0.0174808 0.00542095 0.00230427 0.00486683 0.00420623 0.0129137 0.000108428 0.0220545 -0.011343 0.0301673 -0.00235223 0.0367715 0.0731546
internal_weight=4570.53 2596.45 176.544 100.43 70.8753 76.1136 43.8042 9.00103 34.8031 38.225 10.4121 1974.08 1911.25 185.569 62.8301 21.2685 10.5603 31.1689 41.5616 1725.68 1113.12 1098.18 287.405 119.708 167.698 86.684 33.0237 612.569 82.0589 15.5396
internal_count=49053 25516 2666 1397 1068 1269 669 120 549 583 162 23537 22737 2833 800 252 132 337 548 19904 12243 12106 2790 1181 1609 866 315 7661 799 179
is_linear=0
shrinkage=0.05


Tree=109
num_leaves=31
num_cat=0
split_feature=63 49 45 7 20 59 6 13 4 47 59 18 58 6 6 52 21 19 42 21 4 13 18 37 62 12 12 60 41 19
split_gain=4.50066 5.61592 5.2111 12.9414 9.51661 9.40086 9.13321 8.41458 7.74105 7.28619 7.19525 6.86626 9.42541 18.5141 19.2035 17.4511 17.8728 19.9063 15.9768 20.3929 14.7914 18.0848 15.1797 14.5119 10.957 9.13214 9.07354 12.2357 8.037 16.0102
threshold=-0.025596712539311259 -0.0012302189312320749 -0.00064356547988183882 5.5000000000000009 -0.006046976951904536 -0.011149249180822158 3.5000000000000004 0.32358522267956485 17.246785714285778 -0.00056534543049386655 -0.0040234056559891639 0.011961638678504744 -0.0070701262831338839 21.500000000000004 17.500000000000004 0.40559595956757527 -0.0030668769353661622 0.0016520600206587595 4.4615000000000006e-05 -0.0066390907654657475 22.896785714285723 0.053766792668838333 0.003582405517416478 0.54049529003443497 -0.012232347506433814 3.0199262437261472 0.79008762151804346 0.82723927659939889 -1.5954999999999995e-05 0.00070467074481860654
decision_type=2 2 2 2 2 2 2 2 2 2 2 2 2 2 2 2 2 2 2 2 2 2 2 2 2 2 2 2 2 2
left_child=1 -1 3 4 5 8 -7 -5 -2 -4 -8 12 13 14 20 16 18 -18 -16 -20 22 -22 -11 26 -24 28 -23 -28 29 -26
right_child=2 -3 9 7 -6 6 10 -9 -10 11 -12 -13 -14 -15 15 -17 17 -19 19 -21 21 23 24 -25 25 -27 27 -29 -30 -31
leaf_value=0.0019459819207499022 0.053897323860404002 -0.035847373810640397 -0.0095867683971067007 0.10326594303485692 -0.011194469633000068 0.097207064884452299 -0.00067586281854461463 0.01755288679092025 -0.019911772090802748 0.069580729146630577 0.055738625385260247 -0.015684814196081285 -3.1595917087945723e-05 -0.034851945899175285 -0.031924035549362399 -0.033902464575675417 0.17200140031709019 0.051295766287414502 0.14776704937568907 -0.0028093048556560875 -0.025799989415183407 0.11892732775899471 0.045620929163871643 0.012958553324780644 0.04450054597131959 0.046407435872320345 -0.0042072387909943649 0.090072220917849277 -0.029385945225913146 -0.037534248147459891
leaf_weight=19.701802892610431 4.4805203825235358 19.616232242435217 196.89912010170519 5.8300485201179963 46.909407887607813 5.4685839060694041 12.301423504948618 5.6270552091300488 17.148938354104757 6.6827891692519179 10.456313181668518 66.512623434886336 3954.8514706427231 19.856802502647042 6.4981191400438556 5.3049334585666648 6.2549688667058945 7.5247286111116409 4.4083600267767888 4.5895426869392395 11.260954063385723 7.3362678959965733 8.4886823892593366 18.022198136895895 12.523303039371969 5.8133910819888106 5.9437787756323806 8.1742394380271417 53.237180516123772 11.327015198767183
leaf_count=266 47 394 2329 61 451 50 140 46 215 73 83 854 41876 241 105 55 68 70 58 58 136 77 77 199 131 38 51 73 614 117
internal_value=-6.59506e-05 -0.0169096 8.02518e-05 0.0109202 0.00497067 0.0201805 0.0391865 0.0611687 -0.00462229 -0.000185069 0.0252444 0.000253122 0.000508064 0.0110089 0.0159746 0.0495384 0.0646584 0.106087 0.0278182 0.0709629 0.00817496 0.0300913 -0.0031634 0.0460347 -0.00848276 -0.0140227 0.0738196 0.0503799 -0.01858 0.00554051
internal_weight=4569.05 39.318 4529.73 108.222 96.7652 49.8558 28.2263 11.4571 21.6295 4421.51 22.7577 4224.61 4158.1 203.247 183.39 34.5807 29.2757 13.7797 15.496 8.9979 148.81 50.7374 98.0724 39.4765 91.3896 82.9009 21.4543 14.118 77.0875 23.8503
internal_count=49053 660 48393 1093 986 535 273 107 262 47300 223 44971 44117 2241 2000 414 359 138 221 116 1586 536 1050 400 977 900 201 124 862 248
is_linear=0
shrinkage=0.05


Tree=110
num_leaves=31
num_cat=0
split_feature=18 41 64 60 41 64 11 4 41 52 64 41 38 55 50 41 14 19 48 59 5 58 60 58 2 59 54 59 41 49
split_gain=4.63351 4.49497 12.6177 11.3178 13.3914 18.5929 17.5709 16.1619 27.8354 16.8048 13.2102 13.0491 12.9186 12.915 12.9212 12.3348 11.9678 11.8298 13.7387 15.5047 12.5531 12.1035 16.3273 13.0385 17.1763 14.2826 12.5217 12.3229 11.6053 11.9873
threshold=0.0014849996484544664 8.2465000000000004e-05 0.24684067431403342 0.0015741243249390747 4.3745000000000002e-05 0.89766627756498352 -0.41687384070141681 6.6224999999999943 3.6850000000000008e-05 0.18523875039002682 1.0000000180025095e-35 4.2540000000000003e-05 0.15367300689119864 1.0000000180025095e-35 0.00012847058729993104 5.6675000000000002e-05 0.47081538109050081 0.00011042415959888029 -0.00028894581195860705 -0.0073502114018449763 0.0013845989810903207 0.0022436991136984088 0.57955404810129596 0.0040223128154680127 0.0017804161083332614 0.0020255593330605593 0.0057072491759433573 0.0024754487150094938 -0.00012015499999999998 0.0029190206117990026
decision_type=2 2 2 2 2 2 2 2 2 2 2 2 2 2 2 2 2 2 2 2 2 2 2 2 2 2 2 2 2 2
left_child=-1 3 -3 -2 7 10 -7 8 9 12 -6 17 -5 -13 -15 -8 -16 18 19 -9 -21 27 23 24 25 -23 -26 -19 -22 -30
right_child=1 2 -4 4 5 6 15 11 -10 -11 -12 13 -14 14 16 -17 -18 21 -20 20 28 22 -24 -25 26 -27 -28 -29 29 -31
leaf_value=-0.051431998592729671 -0.012354225268467609 -0.014540290739645294 0.0026725188406967913 0.092630254109257293 0.05540497671157199 0.0770714714887685 -0.042866499956913939 -0.010865083725386991 0.095597813831470535 -0.018877174147351895 -0.0092955615378824893 0.064342557823260135 0.018703232320071775 -0.049677260126542395 0.088043615890259497 0.0345425452277403 -0.012362831214571473 -0.017799783899961879 0.041652412493462909 0.084031674728037811 0.073392186137610047 0.10269517492933247 0.020204403824288945 -0.023527820713134685 -0.026465804887658206 0.013682978447974959 0.021629705979065605 -0.0025604055193014551 0.0043108714924369211 0.044173642442453281
leaf_weight=4.3861565552651873 216.72729275561869 112.67354254238307 1932.8044485878199 6.5182787179946891 7.9928647074848405 12.385101139545439 8.8653444871306437 147.86336399242282 11.077215928584335 30.510982127860188 608.21917043812573 15.792233120650051 63.272502455860376 7.1939921304583576 5.6387883685529214 12.267113152891396 6.2652594000101089 207.35271750763059 24.355303034186363 5.3013956472277632 6.4405944757163516 7.4860609117895391 104.13920855522156 59.937071792781353 32.083128783851862 11.322943441569803 23.405780881643295 368.22274976037443 488.23801248148084 19.617065701633692
leaf_count=198 2730 1210 20331 55 100 119 71 2145 133 338 6715 163 781 80 52 106 56 2774 229 70 49 85 830 508 292 90 170 3227 5169 177
internal_value=-6.61437e-05 -1.6779e-05 0.00172436 -0.00143091 -0.000402401 -0.00648369 0.0297829 0.00198931 0.0203825 0.0120758 -0.00845633 0.000659607 0.0256078 0.0308893 0.00322678 0.00206843 0.0351984 -4.085e-05 0.00476626 0.0034203 0.00748554 -0.00412665 0.00534769 -0.00617812 0.0078181 0.0491102 -0.00617863 -0.00805044 0.00669649 0.00585066
internal_weight=4568.36 4563.97 2045.48 2518.49 2301.76 649.73 33.5176 1652.03 111.379 100.302 616.212 1540.66 69.7908 34.8903 19.098 21.1325 11.904 1505.77 691.816 667.46 519.597 813.95 238.374 134.235 74.2979 18.809 55.4889 575.575 514.296 507.855
internal_count=49053 48855 21541 27314 24584 7111 296 17473 1307 1174 6815 16166 836 351 188 177 108 15815 7839 7610 5465 7976 1975 1145 637 175 462 6001 5395 5346
is_linear=0
shrinkage=0.05


Tree=111
num_leaves=31
num_cat=0
split_feature=15 49 37 17 12 12 48 54 23 53 11 17 2 1 2 31 41 48 42 60 60 2 50 51 43 58 58 48 19 50
split_gain=4.42762 10.585 11.4419 10.1503 9.57917 9.25085 9.21444 10.7432 9.06549 9.18311 10.9284 17.0649 8.85334 10.8852 13.4972 9.89412 9.41989 12.0819 10.4465 11.3653 18.9822 18.2073 37.3114 11.9879 10.653 14.2456 10.7823 10.4365 9.35495 13.7571
threshold=0.19894249834763664 0.00029962116936950423 0.74257981176582677 0.64095015026103719 0.31256068740430248 0.38604147699120511 -0.00059893257821717796 0.0013510472669813927 0.001037252978450617 0.0012519435422121768 -0.97631397249115581 0.48878771917844466 0.002727394500452921 0.0054218756548832236 0.0040195969232424472 0.65091791193558624 5.6100000000000013e-06 -0.00027944572049685832 4.8825000000000008e-05 0.26209238613511238 0.079044754814611887 0.00058880809571460531 -0.00046492133620568864 1.0000000180025095e-35 -3.7672499999999989e-05 -0.0056161491159361374 0.0017058559757860481 -0.00044932906784202149 0.00073351556537723679 -0.0019276416274162571
decision_type=2 2 2 2 2 2 2 2 2 2 2 2 2 2 2 2 2 2 2 2 2 2 2 2 2 2 2 2 2 2
left_child=4 2 12 5 6 8 7 -1 9 10 11 -3 16 -14 -15 -16 17 18 19 20 -2 22 23 -22 25 -21 -26 -28 -18 -30
right_child=1 3 -4 -5 -6 -7 -8 -9 -10 -11 -12 -13 13 14 15 -17 28 -19 -20 24 21 -23 -24 -25 26 -27 27 -29 29 -31
leaf_value=-0.020171739592018068 0.01045744375402175 -0.02009678697947901 -0.006972524961508509 -5.909487788009683e-05 -0.0010323401648064817 -0.020970990174900391 -0.02135830780472114 0.096897636335527532 0.062839970864352598 -0.022996076961633714 -0.010046781329415616 0.081024972006333768 -0.0048183023656309248 0.087024268563450233 0.00069287290284487978 0.043947885361009922 0.0032847402934301339 0.08251764790927188 -0.0047550935128704563 0.11260492685305482 0.0034866348362289218 -0.0017037885820817261 0.17961797532540291 0.098219755017669094 -0.0096323811071079551 0.014603137695522836 0.0020850435908575478 0.08994398769195322 0.067811307612109878 0.012884748144414586
leaf_weight=4.1560485213994971 26.756781494244933 6.7984383851289776 196.04231879487634 947.17750498186797 1913.0732549754903 123.27320968266577 91.9937445204705 3.7082299832254648 5.48839740268886 33.932078780606389 23.711519196629524 10.799726242199538 294.53304643183947 6.122505083680152 61.781401885673404 16.8195532374084 528.50409176759422 7.1687818150967351 44.235682671889663 5.4720734357833889 8.1186866983771342 6.8738394267857066 7.7405199445784101 5.6729475893080243 48.261669375002384 11.503116134554146 7.7134570777416229 6.0165255665779096 12.854884367436169 100.72321114316583
leaf_count=56 339 90 2296 9317 20333 1545 1266 47 72 458 312 125 2956 56 524 123 6280 65 490 44 95 67 72 56 557 121 78 57 107 1049
internal_value=-6.67265e-05 0.00131536 0.00423112 -0.00223801 -0.00182037 -0.0123546 -0.0169175 0.0350298 0.000802455 -0.00372278 0.0121085 0.0419601 0.00605102 -0.00027515 0.0155187 0.00994887 0.00895 0.0188734 0.0163155 0.0232645 0.0406784 0.0691448 0.0917623 0.0424534 0.0110999 0.0461947 0.00148985 0.0405851 0.00608255 0.0191014
internal_weight=4567.03 2554.1 1402.92 1151.18 2012.93 204.003 99.858 7.86428 80.7302 75.2418 41.3097 17.5982 1206.87 379.257 84.7235 78.601 827.616 185.534 178.365 134.13 55.1628 28.406 21.5322 13.7916 78.9668 16.9752 61.9917 13.73 642.082 113.578
internal_count=49053 27351 15432 11919 21702 2602 1369 103 1057 985 527 215 13136 3659 703 647 9477 2041 1976 1486 629 290 223 151 857 165 692 135 7436 1156
is_linear=0
shrinkage=0.05


Tree=112
num_leaves=31
num_cat=0
split_feature=18 7 47 59 18 60 42 2 4 58 21 5 32 59 58 2 21 42 19 20 5 32 60 5 7 47 41 38 21 54
split_gain=4.40481 4.40643 17.4505 11.5898 14.7075 33.7636 14.0876 18.578 14.2428 17.4707 12.1788 13.0698 17.431 11.1391 9.49531 9.02876 11.5887 12.8781 13.5352 12.9357 13.9944 11.4245 10.1466 9.53382 8.86442 15.2275 28.2492 12.3761 13.1181 11.0992
threshold=0.0014849996484544664 5.5000000000000009 -0.00063183805296514563 -0.00079834679863081406 0.0040393534570218083 0.029632045142847473 1.2315000000000002e-05 -0.0002687666506035491 9.2596428571427776 -0.00038562509407054807 0.0043339606752960417 0.0051726317032867331 2.5000000000000004 -0.0091213094159296165 0.0031206327700342138 0.0022753659444806015 0.0030974076101894011 6.416500000000002e-05 0.00027997681227240394 -0.0013552264061655519 0.0013010231514225931 4.5000000000000009 1.0000000180025095e-35 0.0011947374051131947 4.5000000000000009 0.00035595880446694219 0.00010040000000000001 0.28670996309454649 0.0038462170992593137 -0.0033665437410191571
decision_type=2 2 2 2 2 2 2 2 2 2 2 2 2 2 2 2 2 2 2 2 2 2 2 2 2 2 2 2 2 2
left_child=-1 24 -3 4 14 -6 7 -5 -9 -10 11 15 -13 -7 -4 16 17 19 22 21 23 -8 -19 -21 -2 27 -27 28 -26 -29
right_child=1 2 3 6 5 13 10 8 9 -11 -12 12 -14 -15 -16 -17 -18 18 -20 20 -22 -23 -24 -25 25 26 -28 29 -30 -31
leaf_value=-0.051362269842479984 0.0003441760296796039 0.086313559491502934 -0.024127337075686789 0.098790066311658944 0.12574042642102892 -0.030527339215200934 0.083649592998653197 -0.037344052211024256 -0.022479168478622046 0.09061463984777697 -0.023254711872424734 0.10254089007575762 -0.0097852310935210227 0.011402015657333914 0.047875788871424574 -0.0037100268482651126 0.069123987466402789 0.041346981686311998 0.022705291197232812 0.023057587803724005 0.00085117121026250615 0.0062578833020777228 -0.020183701707767381 0.13959966686795952 -0.015652495937416234 0.10618723523452589 0.0040781654526934391 0.035418662413644525 0.022733446346711386 -0.0027339234613806252
leaf_weight=4.1813068948686114 3398.120285321027 6.3682979308068743 92.968386089429259 9.3828333131968993 5.6753045432269564 22.19190794788301 14.955688122659923 8.2286730501800793 5.6974238790571716 8.523740570992226 34.484405465424061 8.1562476642429811 5.9905748292803755 55.341027436777949 4.815930262207984 140.21617579646409 8.7851718962192518 7.5053313337266436 40.622776443138719 3.7700418867170802 39.543723255395889 7.0007022675126782 62.443000327795744 3.2830103635787964 371.78554094769061 7.8346463330090037 50.013355832546949 24.151032600551844 23.674353320151567 90.477278482168913
leaf_count=198 35033 60 1536 82 54 334 132 110 61 64 344 70 64 702 59 1321 73 98 439 79 421 73 687 41 4780 71 505 259 216 1087
internal_value=-6.68474e-05 -1.98326e-05 0.00398893 0.00309971 -0.00743323 0.00801789 0.00776547 0.0397058 0.0150117 0.0453059 0.00506679 0.00792022 0.0549756 -0.000599237 -0.0205811 0.00589148 0.013056 0.0103062 -0.000250121 0.0273327 0.0124235 0.0589736 -0.0135816 0.0773049 -0.0006222 -0.00640429 0.0179073 -0.00916142 -0.0133545 0.00530444
internal_weight=4566.19 4562.01 595.95 589.582 180.993 83.2082 408.59 31.8327 22.4498 14.2212 376.757 342.272 14.1468 77.5329 97.7843 328.126 187.909 179.124 110.571 68.5532 46.5968 21.9564 69.9483 7.05305 3966.06 567.936 57.848 510.088 395.46 114.628
internal_count=49053 48855 6904 6844 2685 1090 4159 317 235 125 3842 3498 134 1036 1595 3364 2043 1970 1224 746 541 205 785 120 41951 6918 576 6342 4996 1346
is_linear=0
shrinkage=0.05


Tree=113
num_leaves=31
num_cat=0
split_feature=50 59 16 45 59 4 13 38 48 60 20 64 4 37 58 63 42 56 58 4 5 42 5 43 45 5 32 58 10 1
split_gain=4.35113 8.88693 7.56534 6.7555 6.1277 15.0913 8.07108 13.3184 6.09402 14.397 14.4321 6.18115 5.93242 6.36292 6.41632 9.50939 9.00644 8.2362 9.0929 9.04181 10.1585 8.75826 8.21884 8.84133 17.0174 7.90112 7.5142 7.37598 8.23666 6.28324
threshold=-0.007832483076956203 -0.011508317009568387 0.46036478664690544 0.00070582815488323745 -0.010762150084317985 16.960714285714229 0.23398168022263399 0.21044512478513003 -0.0003620669373831523 0.96824821682886431 -0.006046976951904536 0.28544441851197483 29.064642857142776 0.23870522563429988 0.0072896247939463832 0.0085843851486314769 5.2860000000000012e-05 0.083865903685891544 -0.00055411857595170141 31.718571428571348 0.0063188185190519346 3.7105000000000012e-05 0.0049988961838270691 7.887500000000002e-05 -0.00019088720399077904 0.0052916795621957844 12.500000000000002 -0.012710339364398712 1.0000000180025095e-35 0.0054218756548832236
decision_type=2 2 2 2 2 2 2 2 2 2 2 2 2 2 2 2 2 2 2 2 2 2 2 2 2 2 2 2 2 2
left_child=3 2 8 -1 5 -3 7 -7 11 -10 -11 -2 29 -14 15 17 -17 18 26 -19 25 -22 -20 -24 -25 -21 27 28 -15 -6
right_child=1 4 -4 -5 12 6 -8 -9 9 10 -12 -13 13 14 -16 16 -18 19 22 20 21 -23 23 24 -26 -27 -28 -29 -30 -31
leaf_value=0.0095192967230329096 0.059730508096320169 -0.030064271160634311 -0.03797917259335739 -0.043118224741383382 -0.00058281071842157474 0.13988123934823368 0.005337740695146146 0.026301936728231442 -0.015821194114749807 0.12114380014594704 -0.010974594100542382 -0.018162727680476293 0.031245498969433617 -0.034689338996828203 -0.038111821114270132 0.066926311488309326 -0.010164969772239426 -0.024959586894669095 -0.033691861915250837 0.020096368431644598 0.026599453583038824 -0.058171505882355284 -0.022168469232626248 0.097614347893370659 -0.019032341008836096 0.089682880617449973 0.03623154560085496 -0.042792265000122558 0.063098384815763284 0.0049194104094679317
leaf_weight=170.05663394555449 2.6555978842079631 8.2139173820614833 25.819955857470632 6.3220732435584059 3457.045388482511 4.8564265891909617 5.6743423081934443 5.5087769292294979 14.118405479937794 4.9955634959042072 3.525916835293172 62.215246738865972 9.3430407643318159 5.0806266218423755 19.531474588438869 7.885302931070326 7.2923991717398167 15.648047428578137 10.544401101768019 10.638407364487653 6.5622374154627305 5.6879201233386993 7.5273368470370796 7.0982246249914196 5.5883398428559259 6.6161632239818564 3.8959750831127158 50.656513692811139 3.7375041972845793 610.48242443241179
leaf_count=1491 57 133 529 61 37572 68 71 79 256 63 73 1257 107 81 250 52 77 155 138 95 53 61 109 90 80 54 43 798 45 5055
internal_value=-6.7438e-05 -0.000376914 -0.0141964 0.00763257 -1.05687e-05 0.0250503 0.0532747 0.0795174 -0.00717926 0.0151554 0.0664774 -0.014974 -0.000153555 -0.0089517 -0.0111102 -0.00769586 0.0298864 -0.0117913 -0.0202123 0.00576395 0.0220584 -0.0127609 0.00209372 0.020761 0.0462323 0.0467789 -0.031039 -0.0354457 0.00675732 0.000243
internal_weight=4564.82 4388.45 113.331 176.379 4275.12 24.2535 16.0395 10.3652 87.5107 22.6399 8.52148 64.8708 4250.86 183.334 173.991 154.459 15.1777 139.282 94.1289 45.1528 29.5047 12.2502 30.7583 20.2139 12.6866 17.2546 63.3706 59.4746 8.81813 4067.53
internal_count=49053 47501 2235 1552 45266 351 218 147 1706 392 136 1314 44915 2288 2181 1931 129 1802 1384 418 263 114 417 279 170 149 967 924 126 42627
is_linear=0
shrinkage=0.05


Tree=114
num_leaves=31
num_cat=0
split_feature=51 59 37 58 7 58 9 60 20 7 42 59 58 63 58 21 17 7 13 6 17 37 21 43 58 6 4 7 49 5
split_gain=4.33928 8.76352 9.07329 9.70755 10.2297 11.7627 11.4894 15.6054 8.33102 10.9648 7.04114 7.77845 6.97572 7.93572 12.1391 9.11655 11.921 9.90365 10.6185 10.4698 9.01417 8.50343 8.12788 15.0488 11.5949 10.9463 17.4346 22.318 25.0449 15.7003
threshold=-1.0000000180025095e-35 -0.0027304900919291023 0.76400064759998221 0.0027837989544954402 1.0000000180025095e-35 0.0031814857936299135 1.0000000180025095e-35 0.16352359621636123 -0.00033151088440834037 1.0000000180025095e-35 6.3860000000000015e-05 -0.0048112554407097408 0.0049611154837526554 0.00025164638960737453 0.0037780578126414134 0.00086280660164229233 0.59850844302496509 1.0000000180025095e-35 0.015233052601932194 10.500000000000002 0.60226553510068193 0.22837063032693364 -0.0013420162531415567 9.2035000000000009e-05 0.0026151804985685145 14.500000000000002 12.625714285714304 5.5000000000000009 0.0004523206289554598 0.0038909899540057621
decision_type=2 2 2 2 2 2 2 2 2 2 2 2 2 2 2 2 2 2 2 2 2 2 2 2 2 2 2 2 2 2
left_child=12 2 3 8 -5 -6 -7 -8 9 -2 -9 -12 13 15 -15 16 -1 19 21 -17 -18 -19 25 24 -24 -22 27 29 -29 -27
right_child=1 -3 -4 4 5 6 7 10 -10 -11 11 -13 -14 14 -16 17 20 18 -20 -21 22 -23 23 -25 -26 26 -28 28 -30 -31
leaf_value=-0.012980888458595706 0.055539198188345365 -0.0006298841847544325 -0.041488658076321273 -0.039186207170848919 0.079684394806025377 -0.0091784672047992566 -0.044772162197068727 0.009423429737588215 -0.043911013769465629 -0.01914450933888821 0.038073076334392136 0.12030629924705363 -0.011633424443087299 0.016162599212744318 -0.050464735675362277 0.066343625766693573 0.063138223807033753 0.020288681037536158 0.0018124235244970409 0.01439430672939873 0.0088801705142938243 0.096503205440438611 -0.013346495244703153 0.0074049029389220899 0.025165163822719206 -0.0047985657391427516 -0.0084283452441016957 0.02065498383967105 0.15116836141600221 0.091236544633224087
leaf_weight=159.09397724550217 5.8489126693457356 2417.8966263579205 23.003312792629004 12.391504313796757 5.5804688073694697 48.728102598339319 4.803860321640971 5.2408598922193077 26.777108017355204 30.765985563397408 5.729636143893007 5.7731899730861134 93.424510192126036 149.89299677871168 7.1629957482218733 14.806988246738909 5.9052499365061513 12.563596129417421 168.81928222253919 28.113736076280475 502.76012200675905 5.1641414798796168 284.35050375107676 183.92264441773295 20.986973911523819 45.31287675537169 268.70662186481059 9.1174335964024049 6.1587339602410784 4.6970307640731326
leaf_count=2664 87 22850 373 181 87 713 66 57 514 482 58 48 1107 1198 73 101 79 114 1608 231 5872 51 3529 2282 233 594 3557 122 67 55
internal_value=-6.68274e-05 -0.00141116 -0.0122277 -0.00778893 0.00293328 0.00981372 0.00426541 0.0346677 -0.0227153 -0.00721443 0.0574594 0.0793454 0.00170146 0.00236499 0.0131239 0.00138286 -4.4985e-05 0.0106606 0.00567807 0.032316 0.00150017 0.0424902 0.00122568 -0.00389366 -0.0106994 0.00421902 -0.00279743 0.0203785 0.0732727 0.00422124
internal_weight=4563.5 2592.54 174.643 151.64 88.2476 75.8561 70.2756 21.5475 63.392 36.6149 16.7437 11.5028 1970.96 1877.54 157.056 1720.48 1491.01 229.468 186.547 42.9207 1331.92 17.7277 1326.01 489.26 305.337 836.753 333.993 65.2861 15.2762 50.0099
internal_count=49053 25516 2666 2293 1210 1029 942 229 1083 569 163 106 23537 22430 1271 21159 19054 2105 1773 332 16390 165 16311 6044 3762 10267 4395 838 189 649
is_linear=0
shrinkage=0.05


Tree=115
num_leaves=31
num_cat=0
split_feature=63 49 2 58 5 19 47 42 59 50 54 4 47 43 18 47 5 5 1 4 45 19 32 48 41 58 58 5 58 2
split_gain=4.13791 5.20655 4.93241 9.78929 9.80032 9.27764 13.1842 11.0178 8.46718 7.24958 9.74235 6.76749 14.335 6.31225 6.40545 9.54769 10.4459 6.64116 6.28566 6.26348 6.57654 8.69177 8.52041 14.7803 7.08742 6.68626 8.16457 10.7931 11.0048 10.9135
threshold=-0.025596712539311259 -0.0012302189312320749 -0.015378452068349821 -0.0039663190967052326 0.0038199432685964846 -0.012067336543073497 -0.00055677635480774919 9.5480000000000014e-05 -0.012547761691782089 -0.0074217108322987765 -0.0066728545665455186 32.41250000000003 -0.00037408439889761861 0.00019287500000000004 0.0084488930537722617 -0.00031890785311134361 0.0046722884139705602 0.0029899816564113069 -0.014604550976871021 29.486785714285737 -2.0748641535133734e-05 0.018290845391101786 8.5000000000000018 -0.00042124414850146138 -1.1174999999999999e-05 -0.012710339364398712 -0.004348608404498043 0.0048200031055033697 -0.0004504940351024482 0.0034191996991621938
decision_type=2 2 2 2 2 2 2 2 2 2 2 2 2 2 2 2 2 2 2 2 2 2 2 2 2 2 2 2 2 2
left_child=1 -1 3 4 -2 18 -7 -8 9 10 -4 -11 -13 14 15 16 17 -5 -6 -10 21 22 24 -24 -21 -26 -27 -28 29 -29
right_child=2 -3 8 13 5 6 7 -9 19 11 -12 12 -14 -15 -16 -17 -18 -19 -20 20 -22 -23 23 -25 25 26 27 28 -30 -31
leaf_value=0.0015934592360297623 -0.02204927339360057 -0.035099067432877287 -0.0092497823286052851 0.037429819037249457 0.023706087017637375 -0.0020050748733173702 0.10493879647417935 0.021544915788883501 0.00042518052959288543 -0.03340225399453773 0.067327430977588504 -0.043360429123311423 0.077616028695033951 0.04239147613794661 -0.023867506100796444 -0.033925440715668803 0.054880104636075358 -0.0087661332141213879 -0.024023004563105809 -0.034945919914662685 -0.030158354338813954 0.046408489719093615 -0.015903595034218263 0.065628651496005191 0.036712987366973586 -0.035806212754049521 -0.040160295936916821 0.10819136171556934 -0.0053732065791888698 0.010664716175448041
leaf_weight=19.771172817796469 11.248316805809734 18.91941274702549 20.887732479721311 10.014422833919523 35.105080403387547 7.7391105163842466 11.541125677525999 6.0300089921802273 4084.1776714818552 48.551074117422104 5.1842703446745864 5.3487604334950447 4.5162829421460611 7.5295233689248553 31.301795480772853 13.8161244392395 11.539097970351575 34.867752043530345 8.5849210191518051 28.898557903245091 31.247525792568922 7.8365017659962168 12.625378895550968 9.930857911705969 8.2338148783892375 22.199864095076919 11.584909986704586 5.2834572251886076 21.259698528796438 6.2757599465548992
leaf_count=266 123 394 239 90 261 93 100 60 42897 1093 58 136 79 55 337 126 105 343 112 377 430 66 150 95 98 321 152 53 277 67
internal_value=-6.68947e-05 -0.0163489 7.23737e-05 0.00797225 0.0212273 0.0282822 0.0523705 0.0763199 -0.000272704 -0.0159462 0.00597716 -0.025731 0.0120234 -0.00178032 -0.00505582 0.00332774 0.0124501 0.00154143 0.0143275 3.89111e-05 -0.0095005 -0.00468791 -0.00785847 0.0199927 -0.0139144 -0.00579305 -0.0110478 0.00133023 0.0159762 0.0552419
internal_weight=4562.05 38.6906 4523.36 189.317 80.2486 69.0002 25.3102 17.5711 4334.04 84.4881 26.072 58.4161 9.86504 109.069 101.539 70.2374 56.4213 44.8822 43.69 4249.55 165.376 134.129 126.292 22.5562 103.736 74.8375 66.6037 44.4038 32.8189 11.5592
internal_count=49053 660 48393 1805 749 626 253 160 46588 1605 297 1308 215 1056 1001 664 538 433 373 44983 2086 1656 1590 245 1345 968 870 549 397 120
is_linear=0
shrinkage=0.05


Tree=116
num_leaves=31
num_cat=0
split_feature=14 1 2 60 53 20 43 19 4 5 2 38 48 32 37 12 6 14 59 19 44 59 53 47 59 50 52 59 47 0
split_gain=4.22267 8.73236 15.8779 10.4709 9.3098 8.54025 7.87094 12.3926 10.5237 6.76196 6.12204 6.01384 7.55631 7.10393 5.63751 5.62916 5.48685 5.31824 5.72512 6.34447 5.24452 5.12302 6.73765 6.14164 4.62038 10.9442 14.0745 17.4986 11.3189 12.4985
threshold=0.035198983625876791 0.0016092744434316336 -4.7490631506424547e-05 0.7056199190219824 -0.0021516423326430893 -0.00087692163278654323 5.8950000000000037e-06 -0.0051057914452118441 14.201428571428503 0.0037617518385161543 -0.0010977451721051882 0.20635873124219545 -0.00031688987978923175 1.5000000000000002 0.086120774173433542 0.49330102026674144 14.500000000000002 0.05644206756160778 0.0067015634488406207 0.0031746678795605957 0.00010903499999999785 0.0030059636624923517 0.0017773728801020207 -0.00039676253102916334 0.0028031250996612711 0.0042436130346162389 2.707661280507716 0.0064530211313289692 -0.00018729074575908529 -0.0022644072152689931
decision_type=2 2 2 2 2 2 2 2 2 2 2 2 2 2 2 2 2 2 2 2 2 2 2 2 2 2 2 2 2 2
left_child=1 3 5 6 -4 -3 8 -8 -1 11 -5 -9 13 -13 -15 -6 -16 18 21 -20 24 22 -2 -24 -19 26 28 -28 29 -26
right_child=17 2 4 10 15 -7 7 9 -10 -11 -12 12 -14 14 16 -17 -18 20 19 -21 -22 -23 23 -25 25 -27 27 -29 -30 -31
leaf_value=0.070886749530011076 -0.020144288561227963 0.030434932778740445 0.062610155325271907 -0.0055658774956699984 -0.042415050752928618 0.12768714706101295 0.082604103010339172 -0.031988278149749326 -0.0093019340695087091 -0.051364354547490568 -0.054362912411870169 -0.048534585643294902 0.061687608077661098 0.056510298577387423 -0.028317085420180105 0.010378069179744756 0.038317063184843389 -0.0015616532146436957 0.036394751748246697 -0.020859703425518478 0.047045088886886438 -0.043669117297277432 0.065214790134903652 -0.018212387510052983 -0.00663248500675938 -0.0052863990267376657 0.005053806790607158 0.072125387089323131 -0.0069940530022287702 0.0074577629953684168
leaf_weight=10.261073904111983 41.304574890062213 4.0539461281150579 7.4766104836016885 14.092614997178318 6.119907369837164 5.093956455588339 4.1672359630465499 10.522127248346804 6.8048296105116597 7.3668420650064936 11.817559216171501 5.8682897193357375 6.0885109081864384 5.6013899147510555 8.2493323870003206 28.862451707944274 4.9390270002186289 2495.1897169258446 10.961375974118711 8.6622623782604915 5.8912022747099391 16.607637137174606 4.9161609187722206 4.0016852766275388 189.08535869419575 424.38441430777311 23.233433816581964 16.724601618945599 233.73582708090544 938.72184992954135
leaf_count=98 551 57 63 170 78 52 40 135 71 80 132 71 60 62 90 267 49 31970 73 75 47 153 63 50 1468 3081 165 86 1991 7705
internal_value=-6.60787e-05 0.00825928 0.0248395 -0.000674333 0.0119662 0.0845893 0.00939317 -0.000147496 0.0389124 -0.0072379 -0.0278221 0.000639083 0.0118049 -0.000512078 0.014486 0.0011423 -0.00336267 -0.000344103 -0.0126232 0.0111215 -9.87644e-05 -0.0195955 -0.0116347 0.0277787 -0.000163039 0.00174826 0.0038784 0.0331269 0.00302003 0.00509543
internal_weight=4560.81 147.386 51.6069 95.7788 42.459 9.1479 69.8687 52.8028 17.0659 48.6355 25.9102 41.2687 30.7465 24.658 18.7897 34.9824 13.1884 4413.42 86.4537 19.6236 4326.97 66.8301 50.2224 8.91785 4321.08 1825.89 1401.5 39.958 1361.54 1127.81
internal_count=49053 1575 517 1058 408 109 756 587 169 547 302 467 332 272 201 345 139 47478 965 148 46513 817 664 113 46466 14496 11415 251 11164 9173
is_linear=0
shrinkage=0.05


end of trees

feature_importances:
btc_1h_return_3=336
btc_1h_trend_strength=224
atr_proxy=172
stop_distance=147
btc_4h_return_3=147
trend_strength=146
hour_of_day=131
btc_return_3=131
atr_percentile=128
btc_1h_atr_percentile=126
range_compression=125
volatility_lookback=123
atr_normalized_range=86
funding_rate_abs=83
dist_ema_slow=80
mark_premium_mean_4=76
btc_trend=71
fvg_age_candles=70
log_return_6=67
day_of_week=67
futures_pressure=67
dist_ema_fast=66
btc_4h_atr_percentile=57
funding_rate=52
range_1=50
mark_basis=50
btc_4h_trend_strength=50
log_return_3=48
funding_rate_mean_4=47
btc_return_1=42
btc_volume_block=41
volume_percentile=39
sol_return_3=39
sol_volume_block=30
volume_zscore=29
body_ratio=29
upper_wick_ratio=28
sol_return_1=26
log_return_1=23
relative_volume=22
session_london=18
lower_wick_ratio=15
rejection_volume_confirmation=14
funding_rate_std_4=13
sol_trend=12
session_newyork=11
ema_slow_slope=9
fvg_size_atr=8
breakout_volume_confirmation=7
volume_block_strength=6
btc_1h_trend_direction=6
sweep_volume_zscore=5
market_regime=4
mark_premium=4
sweep_rejection_ratio=2
high_volatility_flag=2
btc_4h_trend_direction=2
session_asia=1

parameters:
[boosting: gbdt]
[objective: binary]
[metric: binary_logloss]
[tree_learner: serial]
[device_type: cpu]
[data_sample_strategy: bagging]
[data: ]
[valid: ]
[num_iterations: 500]
[learning_rate: 0.05]
[num_leaves: 31]
[num_threads: 2]
[seed: 42]
[deterministic: 0]
[force_col_wise: 0]
[force_row_wise: 0]
[histogram_pool_size: -1]
[max_depth: -1]
[min_data_in_leaf: 50]
[min_sum_hessian_in_leaf: 0.001]
[bagging_fraction: 0.9]
[pos_bagging_fraction: 1]
[neg_bagging_fraction: 1]
[bagging_freq: 0]
[bagging_seed: 400]
[bagging_by_query: 0]
[feature_fraction: 0.9]
[feature_fraction_bynode: 1]
[feature_fraction_seed: 30056]
[extra_trees: 0]
[extra_seed: 12879]
[early_stopping_round: 0]
[early_stopping_min_delta: 0]
[first_metric_only: 0]
[max_delta_step: 0]
[lambda_l1: 0]
[lambda_l2: 0]
[linear_lambda: 0]
[min_gain_to_split: 0]
[drop_rate: 0.1]
[max_drop: 50]
[skip_drop: 0.5]
[xgboost_dart_mode: 0]
[uniform_drop: 0]
[drop_seed: 17869]
[top_rate: 0.2]
[other_rate: 0.1]
[min_data_per_group: 100]
[max_cat_threshold: 32]
[cat_l2: 10]
[cat_smooth: 10]
[max_cat_to_onehot: 4]
[top_k: 20]
[monotone_constraints: ]
[monotone_constraints_method: basic]
[monotone_penalty: 0]
[feature_contri: ]
[forcedsplits_filename: ]
[refit_decay_rate: 0.9]
[cegb_tradeoff: 1]
[cegb_penalty_split: 0]
[cegb_penalty_feature_lazy: ]
[cegb_penalty_feature_coupled: ]
[path_smooth: 0]
[interaction_constraints: ]
[verbosity: -1]
[saved_feature_importance_type: 0]
[use_quantized_grad: 0]
[num_grad_quant_bins: 4]
[quant_train_renew_leaf: 0]
[stochastic_rounding: 1]
[linear_tree: 0]
[max_bin: 255]
[max_bin_by_feature: ]
[min_data_in_bin: 3]
[bin_construct_sample_cnt: 200000]
[data_random_seed: 175]
[is_enable_sparse: 1]
[enable_bundle: 1]
[use_missing: 1]
[zero_as_missing: 0]
[feature_pre_filter: 1]
[pre_partition: 0]
[two_round: 0]
[header: 0]
[label_column: ]
[weight_column: ]
[group_column: ]
[ignore_column: ]
[categorical_feature: ]
[forcedbins_filename: ]
[precise_float_parser: 0]
[parser_config_file: ]
[objective_seed: 16083]
[num_class: 1]
[is_unbalance: 0]
[scale_pos_weight: 1]
[sigmoid: 1]
[boost_from_average: 1]
[reg_sqrt: 0]
[alpha: 0.9]
[fair_c: 1]
[poisson_max_delta_step: 0.7]
[tweedie_variance_power: 1.5]
[lambdarank_truncation_level: 30]
[lambdarank_norm: 1]
[label_gain: ]
[lambdarank_position_bias_regularization: 0]
[eval_at: ]
[multi_error_top_k: 1]
[auc_mu_weights: ]
[num_machines: 1]
[local_listen_port: 12400]
[time_out: 120]
[machine_list_filename: ]
[machines: ]
[gpu_platform_id: -1]
[gpu_device_id: -1]
[gpu_device_id_list: ]
[gpu_use_dp: 0]
[num_gpu: 1]

end of parameters

pandas_categorical:[]
