tree
version=v4
num_class=1
num_tree_per_iteration=1
label_index=0
max_feature_idx=64
objective=binary sigmoid:1
feature_names=log_return_1 log_return_3 log_return_6 range_1 atr_proxy volatility_lookback hour_of_day day_of_week session_asia session_london session_newyork volume_zscore relative_volume volume_percentile body_ratio upper_wick_ratio lower_wick_ratio atr_normalized_range stop_distance dist_ema_fast dist_ema_slow trend_strength trend_direction ema_slow_slope sweep_high_detected sweep_low_detected sweep_depth_atr sweep_rejection_ratio sweep_volume_zscore bullish_fvg_present bearish_fvg_present fvg_size_atr fvg_age_candles price_inside_fvg breakout_volume_confirmation rejection_volume_confirmation volume_block_strength atr_percentile range_compression high_volatility_flag market_regime funding_rate funding_rate_abs funding_rate_mean_4 funding_rate_std_4 mark_basis mark_premium mark_premium_mean_4 futures_pressure eth_return_1 eth_return_3 eth_trend eth_volume_block sol_return_1 sol_return_3 sol_trend sol_volume_block btc_1h_trend_direction btc_1h_trend_strength btc_1h_return_3 btc_1h_atr_percentile btc_4h_trend_direction btc_4h_trend_strength btc_4h_return_3 btc_4h_atr_percentile
feature_infos=[-0.047965858971904363:0.031568184591943091] [-0.078009406844934195:0.063346432335985012] [-0.080308237789362469:0.083134006785349254] [9.3304384098526407e-07:0.10584322697971499] [0:2960.1500000000005] [0:0.014907333497675101] [0:23] [0:6] [0:1] [0:1] [0:1] [-2.8008097505243228:4.2445094466640851] [0.061223000401633913:422.63936100000001] [0:1] [0:1] [0:1] [0:1] [0:8.0293398533007405] [0:0.026360948589849772] [-0.054534802376594485:0.039646031936467881] [-0.074730465963056131:0.06212087717119108] [-0.027387549847263003:0.024440634941971594] [-1:1] [-0.0069534146774270491:0.0066235483506470036] [0:1] [0:1] [0:3.4554441524168111] [0:0.99705304518664761] [-2.0541229992943224:8.4165964683687182] [0:1] [0:1] [0:3.481111967711247] [0:999] [-1:1] [0:4.2376640406536961] [0:4.0925023271096421] [0:4.309937392268882] [0:1] [0:0.48606319318558494] [0:1] [-1:1] [-0.00029357:0.00108552] [0:0.00108552] [-0.00029357:0.00108552] [0:0.00044666703575855393] [-0.0033984728708763615:0.0047546055862322583] [-0.0033984728708763615:0.0047546055862322583] [-0.0013999059336263216:0.0034534823541112081] [-0.0034984728708763613:0.0044427355862322587] [-0.099789740127447749:0.093010238747904317] [-0.13729346134722348:0.10986901874042833] [-1:1] [0:4.5524963345642142] [-0.061285913393805867:0.096476662990186007] [-0.16848398472608775:0.13430291005597131] [-1:1] [0:4.5316027421448242] [-1:1] [-0.045485637974321438:0.027153173533924255] [-0.075982633830520577:0.10077106503998827] [0:1] [-1:1] [-0.058533161656173976:0.039273273349937049] [-0.12497771883709037:0.091067112082388726] [0:1]
tree_sizes=3393 3487 3460 3475 3477 3486 3498 3492 3508 3499 3496 3503 3537 3532 3505 3498 3536 3534 3508 3519 3528 3528 3496 3525 3517 3520 3511 3542 3524 3517 3528 3542 3504 3548 3523 3530 3517 3525 3527 3507 3508 3554 3515 3519 3513 3524 3535 3523 3514 3558 3525 3506 3526 3543 3537 3511 3516 3492 3539 3525 3515 3539 3517 3514 3501 3529 3481 3543 3525 3517 3522 3481 3559 3525 3531 3523 3488 3514 3501 3486 3498 3505 3509 3516 3535 3477 3504 3546 3500 3523 3552 3490 3506 3462 3492 3486 3498 3512 3499 3500 3506 3509 3504

Tree=0
num_leaves=31
num_cat=0
split_feature=18 63 3 11 58 18 58 63 4 3 18 64 12 6 6 6 6 18 37 18 5 0 21 32 11 7 17 38 18 4
split_gain=625.565 298.376 259.897 89.5408 86.0757 67.2548 64.6776 72.2631 61.3876 54.6729 48.7629 42.6824 33.5623 41.2846 32.0523 30.7625 33.3214 31.4545 45.3757 30.7294 36.4144 30.5045 28.886 28.6475 29.4742 26.9067 25.4499 24.6361 28.1533 27.4722
threshold=0.0019351896063163328 0.022138799367465791 0.0053912471746898867 0.58285803824737525 -0.00038562509407054807 0.0037905923886516805 0.00062859520055519747 0.004521736718015177 312.99535714285651 0.0095431651200553209 0.0015049588247114159 0.44999680573215439 0.79910698192676577 10.500000000000002 2.5000000000000004 4.5000000000000009 15.500000000000002 0.0036642347760353169 0.21117207207904296 0.0025863152953585545 0.0023737802385266171 -0.0022781447260484208 0.0019997262776075132 5.5000000000000009 0.057974520723263777 5.5000000000000009 0.69655302336481595 0.21739323839525615 0.002179985518606905 255.84642857142902
decision_type=2 2 2 2 2 2 2 2 2 2 2 2 2 2 2 2 2 2 2 2 2 2 2 2 2 2 2 2 2 2
left_child=10 2 6 26 5 -3 7 15 11 -5 -1 -6 -8 14 19 -2 17 -17 -19 -14 23 -9 -7 -21 -25 -18 -4 -15 -29 -30
right_child=1 4 3 9 8 22 12 21 -10 -11 -12 -13 13 27 -16 16 25 18 -20 20 -22 -23 -24 24 -26 -27 -28 28 29 -31
leaf_value=-2.6152287384937081 -2.5877271623560967 -2.4722001488892356 -2.5984765571772703 -2.5124996431128146 -2.2849819169051138 -2.1142829406842969 -2.5586628564029232 -2.3773520887149271 -2.5075756869094912 -2.4598822189964684 -2.5894488895080952 -2.4498303233764269 -2.5712977472521668 -2.5463674848140561 -2.567181667071837 -2.5646121932330588 -2.5826876349003256 -2.4678516220605777 -2.550411686978463 -2.4958505085833429 -2.5814590861307432 -2.5214137650174147 -2.3206116842377322 -2.2696190090452402 -2.4761770067581796 -2.5400849230368499 -2.5359352854828381 -2.5765506588870135 -2.466137070498879 -2.5189369653560667
leaf_weight=361.54943071305752 224.31364864110947 4.1909133642911893 17.761489972472191 158.45643863081932 6.0535415261983898 3.3926441520452499 549.34226289391518 3.9913460612297049 34.32557612657547 71.711184233427048 372.32606507837772 11.175768971443174 20.422387346625328 74.638171344995499 152.53594197332859 330.01779682934284 324.36338990926743 21.353701427578926 75.43644055724144 18.825848922133449 8.8474837690591794 46.299614310264587 3.3926441520452499 3.3261217176914206 3.5922114551067352 41.842611208558083 193.24767179787159 14.169278517365454 36.520816460251808 75.702530294656754
leaf_count=5435 3372 63 267 2382 91 51 8258 60 516 1078 5597 168 307 1122 2293 4961 4876 321 1134 283 133 696 51 50 54 629 2905 213 549 1138
internal_value=-2.56151 -2.54972 -2.55245 -2.51767 -2.44185 -2.31472 -2.56002 -2.56849 -2.46892 -2.49611 -2.60215 -2.39191 -2.55059 -2.53974 -2.55538 -2.57138 -2.56676 -2.55726 -2.5322 -2.52266 -2.49395 -2.50998 -2.21745 -2.46388 -2.37687 -2.57782 -2.5412 -2.52359 -2.51014 -2.50175
internal_weight=3263.12 2529.25 2466.72 441.177 62.5311 10.9762 2025.54 1067.62 51.5549 230.168 733.875 17.2293 957.923 408.581 207.55 1017.33 793.014 426.808 96.7901 55.0141 34.5917 50.291 6.78529 25.7442 6.91833 366.206 211.009 201.031 126.393 112.223
internal_count=49053 38021 37081 6632 940 165 30449 16049 775 3460 11032 259 14400 6142 3120 15293 11921 6416 1455 827 520 756 102 387 104 5505 3172 3022 1900 1687
is_linear=0
shrinkage=1


Tree=1
num_leaves=31
num_cat=0
split_feature=18 3 63 58 63 52 63 20 32 18 21 6 21 3 17 18 21 48 3 13 15 37 2 60 38 43 5 47 5 42
split_gain=578.779 254.984 158.942 63.3684 55.9028 54.8684 54.0595 69.2694 49.0798 49.0153 44.0357 33.7701 32.6097 29.9845 28.3689 24.7884 23.8562 25.5109 23.8317 23.6139 31.6776 22.9901 22.3626 29.3675 23.5869 26.0314 22.2628 24.3358 27.874 21.9229
threshold=0.0019351896063163328 0.0061041524223111 0.022138799367465791 0.0019395445756655607 0.021569853892638609 0.65667295681131155 0.004521736718015177 -0.0021751396423372081 10.500000000000002 0.0015049588247114159 0.00203884050620615 4.5000000000000009 0.0056371885857604874 0.0095431651200553209 1.3261584284434242 0.0026944098691161476 -0.0044904314100943045 -0.00064431729159303362 0.0040178535902566162 0.46594934083197409 0.4558568115523669 0.95518303876757116 -0.00074514568818623728 0.99994683678894059 0.31084921680518879 1.2285000000000002e-05 0.0015540577636208787 -0.00042272488632639295 0.0034134477141699615 4.7505000000000007e-05
decision_type=2 2 2 2 2 2 2 2 2 2 2 2 2 2 2 2 2 2 2 2 2 2 2 2 2 2 2 2 2 2
left_child=9 2 3 6 5 16 11 -8 12 -1 -6 -2 -4 -7 21 -16 -3 -18 -13 20 -17 22 -5 24 -24 -26 -25 28 -28 -9
right_child=1 4 8 14 10 13 7 29 -10 -11 -12 18 -14 -15 15 19 17 -19 -20 -21 -22 -23 23 26 25 -27 27 -29 -30 -31
leaf_value=-0.053512716208677841 -0.022170455512318336 -0.0032463011652174613 0.096077649210036198 0.0012322562877218205 0.25789267523524256 0.04838319913427911 0.18255425897661673 0.054715187269296577 0.25446487539951956 -0.027205677502857902 0.085014784475902452 -0.0064853013188387616 -0.0095838140902188736 0.090718003945831349 0.013942220057343833 0.032673756298435157 0.14150769104638844 0.032403497581473227 0.011595225377267685 0.14969621536183572 0.16467764963419373 -0.022867296486448078 0.01214513145339665 -0.027070774768432605 0.17936922302910752 0.040512558716728625 0.078155646096991285 0.050202613255623002 0.25402680456407717 -0.0029240875275671659
leaf_weight=345.22196404635906 268.83453106880188 51.265010520815849 39.19052729010582 251.20652074366808 5.2754227668046978 105.44634807854891 7.3934387266635886 28.511316314339638 4.2073577344417563 363.50082029402256 12.207116760313509 775.87674448639154 8.9743469879031164 69.322337605059147 45.670062631368637 33.460894867777824 5.6262345612049094 112.2724666595459 238.20653297007084 7.1171296983957282 5.2591716572642317 48.332780823111534 327.8058032989502 5.5975669324398032 3.8574319556355503 27.000515542924404 5.6777395382523554 19.692949645221233 3.7349977418780327 39.148417435586452
leaf_count=5435 4108 754 526 3744 67 1525 105 415 56 5597 170 11690 127 959 676 489 82 1640 3556 103 77 720 4887 84 57 400 84 294 56 570
internal_value=-3.94089e-05 0.0110456 0.0046373 0.00253353 0.049961 0.0455275 -0.00400206 0.0372434 0.090696 -0.04002 0.137181 -0.006415 0.0763902 0.0651754 0.0138479 0.0400133 0.0252285 0.0376101 -0.00223821 0.0659894 0.0506032 0.0103924 0.0128864 0.0203287 0.0160792 0.0578705 0.0642488 0.0818113 0.147942 0.0213647
internal_weight=3264.89 2556.17 2194.76 2142.38 361.415 343.932 1357.97 75.0532 52.3722 708.723 17.4825 1282.92 48.1649 174.769 784.414 91.5073 169.164 117.899 1014.08 45.8372 38.7201 692.906 644.574 393.367 358.664 30.8579 34.7033 29.1057 9.41274 67.6597
internal_count=49053 38021 32824 32115 5197 4960 20444 1090 709 11032 237 19354 653 2484 11671 1345 2476 1722 15246 669 566 10326 9606 5862 5344 457 518 434 140 985
is_linear=0
shrinkage=0.05


Tree=2
num_leaves=31
num_cat=0
split_feature=59 18 38 59 21 5 50 59 20 5 59 5 59 11 20 19 17 19 5 2 59 20 59 59 21 4 58 4 19 17
split_gain=1092.36 305.062 259.751 169.814 172.989 151.559 127.572 141.097 146.537 134.738 112.512 126.137 101.094 91.8978 82.2701 70.3472 70.297 70.0334 75.3349 67.9803 69.2643 80.9583 58.4358 56.4605 55.16 52.928 74.4542 46.004 45.731 45.1828
threshold=0.006596975687003675 0.0019351896063163328 0.25947303786385556 0.01536043669547585 0.0037166648799633289 0.003527242902440057 -0.011861003953306982 0.001904637262854349 -0.0016502161617147181 0.0017615618001025305 0.017149476301002154 0.0018720117904425361 0.0096044588085479107 0.010620233431161271 0.0056310268244556625 0.00094348826322456479 1.0904707667225575 -0.00052335718672781085 0.003527242902440057 -0.0031843951268907219 -0.0070109487086862064 -0.0036805496527768816 0.023801984047257588 0.0040313968575422321 0.0012632035972866456 332.66785714285788 0.0087172752967268532 566.53214285714228 -0.0056146074081676453 1.3468527993336326
decision_type=2 2 2 2 2 2 2 2 2 2 2 2 2 2 2 2 2 2 2 2 2 2 2 2 2 2 2 2 2 2
left_child=1 -1 3 17 5 14 -3 19 9 -9 11 12 -4 -11 -5 23 -13 18 24 20 -8 28 -7 -10 -2 26 -19 -12 -22 -6
right_child=2 6 10 4 29 22 7 8 15 13 27 16 -14 -15 -16 -17 -18 25 -20 -21 21 -23 -24 -25 -26 -27 -28 -29 -30 -31
leaf_value=-0.041812675782649154 0.35941085440077764 0.050764711923027783 0.1867484787976047 0.43627005167124705 0.040918649404501614 0.032212246933670079 -0.018580149850752375 0.30180735072303633 0.0098415932125008321 0.025390436100315241 0.46458189298282299 0.05406928119694826 0.48313253995934952 0.22837916182256271 0.2181093373195688 -0.0071535952405772617 0.17819185992369513 0.038713086789075958 0.023388933320942492 -0.02213150564363222 0.19926102098681672 -0.002018964241342226 0.24867122000900618 0.06288940091389679 0.10143369823563586 0.0053728666660843374 0.17529873372212035 0.2148686034377541 0.048199395966775173 0.13371620914234233
leaf_weight=668.12846663221717 4.4745167493820208 104.76466029137373 12.669609215110542 6.4211870729923275 57.391209982335567 12.752158559858801 235.83210471272469 7.1677669063210478 130.93911506980658 29.025842420756817 3.6604786664247504 34.698394387960434 3.7224345691502085 6.9014571607112876 13.215360581874846 311.88168600201607 16.99382696300745 153.25853169709444 7.7512025311589232 935.99018411338329 5.3250489160418502 161.79806584119797 4.1270047873258582 81.304583497345448 3.859151117503643 135.51959110051394 10.672222033143042 3.7175100147724152 84.697357766330242 17.003421433269978
leaf_count=10769 65 1465 186 90 832 185 3464 106 1945 438 50 510 53 98 183 4601 237 2273 113 13939 74 2401 58 1203 56 1973 149 53 1258 226
internal_value=-6.94158e-05 -0.0123928 0.0677892 0.0526581 0.105877 0.195007 -0.00301311 -0.00584305 0.0152448 0.103873 0.153297 0.133199 0.254054 0.0643836 0.289448 0.00795758 0.0948746 0.0339518 0.135589 -0.0142451 0.000891979 0.0191278 0.0851371 0.0301627 0.239947 0.0284924 0.0476051 0.33876 0.0571351 0.0621282
internal_weight=3265.66 2763.76 501.908 426.446 110.91 36.5157 2095.63 1990.86 567.22 43.0951 75.4623 68.0843 16.392 35.9273 19.6365 524.125 51.6922 315.535 16.0849 1423.64 487.653 251.82 16.8792 212.244 8.33367 299.45 163.931 7.37799 90.0224 74.3946
internal_count=49053 41761 7292 6203 1574 516 30992 29527 8391 642 1089 986 239 536 273 7749 747 4629 234 21136 7197 3733 243 3148 121 4395 2422 103 1332 1058
is_linear=0
shrinkage=0.05


Tree=3
num_leaves=31
num_cat=0
split_feature=59 18 38 59 21 50 59 20 5 56 19 2 59 63 20 35 59 38 5 59 19 63 60 35 18 59 13 6 21 17
split_gain=932.962 291.67 181.508 128.042 125.542 113.969 133.197 134.223 104.397 80.3977 79.4208 71.0551 75.1686 64.9768 64.9442 62.1195 61.4232 60.0348 57.7787 74.6627 56.7901 58.8643 54.1547 40.3452 41.8812 39.7328 36.8878 36.4903 34.7462 34.2495
threshold=0.006596975687003675 0.0018437971526636266 0.25947303786385556 0.016264930442758192 0.0037166648799633289 -0.011861003953306982 0.0026117843672588278 -0.00077885867182680274 0.0036091725649073573 0.046764622723888032 0.00028724400020671965 -0.0031843951268907219 -0.0040234056559891639 0.019353714228317064 -0.0037755608472252594 0.35239180399803433 0.017149476301002154 0.25276990006865435 0.0022845688484900164 0.0091087303787671329 0.0015795644788320837 0.031215529652027212 0.20942230091333061 0.37821805884679977 0.0036642347760353169 -0.0025408045712124534 0.12746061681987156 14.500000000000002 0.0025227754528946958 1.1210696242546803
decision_type=2 2 2 2 2 2 2 2 2 2 2 2 2 2 2 2 2 2 2 2 2 2 2 2 2 2 2 2 2 2
left_child=1 -1 3 20 8 -3 11 9 28 22 26 12 -7 17 15 -14 18 -9 19 -12 23 -22 -8 24 -2 -13 -4 -11 -5 -6
right_child=2 5 10 4 29 6 7 13 -10 27 16 25 14 -15 -16 -17 -18 -19 -20 -21 21 -23 -24 -25 -26 -27 -28 -29 -30 -31
leaf_value=-0.043872094979704894 0.092433031732122889 0.046004592029538237 0.16427325761991374 0.31837418490077307 0.034322283921317302 -0.011460020755907902 0.23878884208480478 -0.010069506950691601 0.075866273356978445 0.24551544901281017 0.091303008028287752 -0.032996573704077131 0.044934963397120831 0.099243682236214534 0.01144311414450549 0.17946372821153367 0.23104121786796683 0.030295749283685509 0.050339561521218261 0.27594369420285519 0.015854026445624989 0.17256392632484308 0.034518917986953696 0.18365621859945508 0.023100816894425395 -0.013093136392377597 0.33211126600234109 0.075505232964998129 0.18299366941056713 0.10640306152142881
leaf_weight=566.50892163068056 41.949356488883495 110.00338150933385 7.2987469360232335 9.7453636378049868 49.14504960924387 338.86711172014475 3.5822146944701663 275.89395501464605 14.952438607811926 9.9886096529662591 18.15129686892033 403.3477384224534 30.277257669717073 18.475331205874681 126.18985499069095 11.974816150963305 8.7049169242382032 138.28432078659534 38.161747395992279 7.8398156017065039 238.55092283338308 6.1467851698398581 34.431419268250465 6.7109154090285292 45.306059420108795 662.75384812057018 5.9363768249750137 4.6142282485961905 9.2269049882888776 24.794283986091614
leaf_count=9498 597 1476 93 103 691 5016 50 4098 199 127 233 6136 430 228 1875 164 92 2044 513 88 3394 74 499 87 646 10058 70 62 106 306
internal_value=-0.000136795 -0.0119261 0.0604054 0.0475889 0.0950315 -0.0035811 -0.00623066 0.0166702 0.174667 0.0920754 0.126879 -0.0132937 0.00210943 0.00749993 0.0294081 0.0830623 0.106411 0.0034075 0.0894997 0.146997 0.0324786 0.0197906 0.0537683 0.0655194 0.0564333 -0.0206234 0.239554 0.191795 0.252534 0.0584933
internal_weight=3267.81 2735.19 532.621 446.528 107.864 2168.68 2058.68 485.27 33.9247 52.6165 86.0929 1573.41 507.309 432.654 168.442 42.2521 72.8578 414.178 64.1529 25.9911 338.664 244.698 38.0136 93.9663 87.2554 1066.1 13.2351 14.6028 18.9723 73.9393
internal_count=49053 41761 7292 6203 1405 32263 30787 7108 408 738 1089 23679 7485 6370 2469 594 926 6142 834 321 4798 3468 549 1330 1243 16194 163 189 209 997
is_linear=0
shrinkage=0.05


Tree=4
num_leaves=31
num_cat=0
split_feature=59 18 59 19 21 19 59 38 59 11 58 38 19 59 20 35 63 59 63 47 59 59 18 12 20 38 37 38 18 38
split_gain=814.729 242.132 174.509 170.478 138.665 120.286 118.248 84.1038 82.8084 78.1766 68.4568 65.5179 64.3184 96.3735 63.8909 62.6804 56.2786 53.737 54.1629 52.8746 49.5333 48.9684 48.8577 44.0375 41.6517 41.0436 40.7458 39.6304 38.076 54.1939
threshold=0.0041285513528214711 0.0020126908113778483 0.01536043669547585 0.00091765175639619894 0.0037166648799633289 -0.0024913563998180429 -0.0042147240647907105 0.19241796594185159 -0.00019262481387795065 0.54012153529018303 -0.0067343883873484832 0.28810308428049741 -0.006852110447760411 -0.013137175804676925 -0.00021159462929220028 0.44206354613160098 0.0085843851486314769 0.0073979957845853586 0.018664359187491427 -0.00050543460415032029 0.026721717344316647 0.0080378432040989073 0.004876918553577002 1.3450556681732848 -0.01087055887449364 0.2819068357710991 0.017202103773148191 0.20362905829868158 0.0036395989749851859 0.20541313779783374
decision_type=2 2 2 2 2 2 2 2 2 2 2 2 2 2 2 2 2 2 2 2 2 2 2 2 2 2 2 2 2 2
left_child=1 -1 3 7 10 6 12 -2 -7 25 -4 17 13 -3 16 -8 -10 18 -5 -17 22 -13 27 -23 -15 -9 -19 -12 29 -28
right_child=2 5 4 11 -6 8 15 9 14 -11 20 21 -14 24 -16 19 -18 26 -20 -21 -22 23 -24 -25 -26 -27 28 -29 -30 -31
leaf_value=-0.041316779447097302 0.018822268607719888 0.012086578506493563 0.044795706285698386 -0.012302866853439721 0.048979507747340979 -0.024052053120798 0.04221499777550182 0.061827908421809165 0.022537986077871362 0.1891826301418861 0.14439751873852996 0.037131889976904135 -0.0094949048639463487 0.20337150324952527 -0.0090885215118863705 0.29970509016932828 0.18703872790263709 0.16026683623468599 0.10791069655457866 0.10329053792415854 0.30841236885070211 0.089775882811597263 0.10154678863826948 0.27109504019274949 0.063901151253280164 0.13223455691610814 0.021572950348101413 0.2772232650505207 0.004717958439302671 0.095767210999376018
leaf_weight=645.27181568741798 52.67816735804081 76.637695413082838 12.957330845296381 213.86682137846947 83.391696661710739 744.99606229737401 64.765518482774496 89.094361856579781 154.17448169365525 18.374870359897614 11.946047611534597 39.353563085198402 249.66800032928586 10.467354789376261 419.41535051167011 4.0876137912273434 5.3807905912399283 5.5883566215634337 9.7992293275892717 21.182542089372873 6.0081144571304312 12.416940279304983 21.549989439547062 4.5852934271097174 10.956359002739189 26.963990475982428 79.778321281075478 10.597439311444758 126.15565489977598 35.592796109616756
leaf_count=11059 738 1031 151 3197 1070 11437 902 1234 2280 212 120 543 3701 138 6267 50 72 76 115 268 53 152 236 49 140 338 1111 94 1742 477
internal_value=-0.000184069 -0.0151135 0.041567 0.0313724 0.0912872 -0.00551596 0.0172049 0.072373 -0.0130285 0.0933571 0.147237 0.0168188 0.00398183 0.0382941 0.00115607 0.0682742 0.0280856 0.01072 -0.00703609 0.135062 0.17373 0.067767 0.155378 0.138675 0.132045 0.0781856 0.0267912 0.206837 0.0237029 0.0444624
internal_weight=3267.7 2407 860.699 714.248 146.451 1761.73 437.765 187.111 1323.97 134.433 63.0589 527.137 347.729 98.0614 578.971 90.0357 159.555 470.781 223.666 25.2702 50.1016 56.3558 44.0935 17.0022 21.4237 116.058 247.115 22.5435 241.527 115.371
internal_count=49053 37345 11708 9984 1724 26286 6230 2522 20056 1784 654 7462 5010 1309 8619 1220 2352 6718 3312 318 503 744 450 201 278 1572 3406 214 3330 1588
is_linear=0
shrinkage=0.05


Tree=5
num_leaves=31
num_cat=0
split_feature=59 18 59 20 19 20 59 12 59 4 2 17 59 20 20 19 59 35 20 4 58 63 58 59 12 59 20 63 18 6
split_gain=717.754 230.888 137.801 141.593 108.331 107.779 99.9127 87.8946 77.0911 65.5788 62.4159 62.0612 60.0432 61.4502 58.6275 55.8897 61.1249 54.8407 49.4126 48.0053 61.884 47.2722 43.2349 41.9728 39.1488 36.6356 35.5757 32.9183 30.2378 29.5394
threshold=0.0041285513528214711 0.0020126908113778483 0.01536043669547585 0.0020246800593859597 -0.0024913563998180429 0.0074334864558215944 -0.0055390842160431613 1.644284731262333 -0.00019262481387795065 511.73928571428411 0.0013396097355089268 1.3876104213644778 0.0076929383145660458 0.0054933008152899887 -0.0016502161617147181 -0.006852110447760411 -0.013137175804676925 0.45300250847015011 -0.0075965977932106665 245.51785714285771 0.0019810760136002798 0.018664359187491427 -0.0020770203574493264 0.00079271975652838312 0.57252527862944957 0.00053301595747259 0.00058345602058955241 0.02271896200263487 0.0015049588247114159 18.500000000000004
decision_type=2 2 2 2 2 2 2 2 2 2 2 2 2 2 2 2 2 2 2 2 2 2 2 2 2 2 2 2 2 2
left_child=1 28 3 7 6 9 15 10 -6 -4 24 -7 21 19 22 16 -3 -8 -19 20 -14 -5 -10 -24 -2 -20 29 -16 -1 -26
right_child=2 4 5 12 8 11 17 -9 14 -11 -12 -13 13 -15 27 -17 -18 18 25 -21 -22 -23 23 -25 26 -27 -28 -29 -30 -31
leaf_value=-0.05287569489861535 0.045395603040996706 0.011363855397189468 0.19155421529210348 -0.0063952525486961594 -0.023340136815434263 0.027168068456696212 0.032900080982788196 0.18314974952843052 0.012013804154919776 0.072918052677829068 0.021801275305807652 0.10803967366758671 0.055250203119395637 0.009406026400988813 -0.0068364683009923604 -0.012902506628228628 0.10574218481008182 0.25914904623469359 0.061794743582018197 0.040012426459277418 0.20034348867245977 0.08391025883087852 0.016014863001743419 0.14282340403618918 0.15718525574827802 0.21767643659279556 0.063174175403838281 0.071394188693847657 -0.030729849425739638 0.025478689823046043
leaf_weight=281.2453493848443 48.070086807012558 77.415491260588169 28.379184037446976 254.9653991535306 729.7282886095345 74.168550461530685 89.369668778032064 14.395675204694269 40.819002836942673 19.75857275724411 81.418943610042334 34.879004634916782 18.667809486389164 135.33156910538673 497.55848425626755 219.53133170679212 22.040168032050133 4.5955537259578696 26.961221888661388 89.736198388040066 12.120289511978624 15.364944890141485 10.719221182167532 16.679023608565331 30.295760050415993 4.3818255811929694 27.989558737725019 13.820430442690848 341.04758788272738 4.9532756432890883
leaf_count=5185 650 1031 249 3719 11437 914 1224 155 588 220 1137 341 249 1815 7497 3293 257 47 332 1172 145 164 159 210 350 46 368 165 5874 60
internal_value=-0.000224336 -0.0145734 0.0380601 0.0289538 -0.00528832 0.0805434 0.0160454 0.0639727 -0.0125275 0.142859 0.0550709 0.053035 0.0151692 0.0325305 0.00108587 0.0011844 0.0322788 0.0538758 0.106037 0.058496 0.112369 -0.0012625 0.0446253 0.0932111 0.0794065 0.0835873 0.10526 -0.00472222 -0.0407387 0.138678
internal_weight=3266.41 2375.91 890.495 733.31 1753.62 157.185 444.295 207.123 1309.32 48.1378 192.728 109.048 526.186 255.856 579.596 318.987 99.4557 125.308 35.9386 120.524 30.7881 270.33 68.2172 27.3982 111.309 31.343 63.2386 511.379 622.293 35.249
internal_count=49053 37345 11708 9984 26286 1724 6230 2720 20056 469 2565 1255 7264 3381 8619 4581 1288 1649 425 1566 394 3883 957 369 1428 378 778 7662 11059 410
is_linear=0
shrinkage=0.05


Tree=6
num_leaves=31
num_cat=0
split_feature=59 18 59 19 19 59 20 59 17 38 19 59 20 63 20 59 17 59 4 4 58 38 63 20 11 59 0 47 56 5
split_gain=634.744 215.517 112.741 121.226 100.803 84.5184 79.5242 70.2408 58.8664 55.2949 52.6357 57.2686 50.6343 48.2289 47.8785 48.6049 45.6867 45.3912 45.2096 43.3571 42.6966 38.5135 36.84 35.7564 35.6138 68.2363 35.5647 34.3001 37.3385 32.2383
threshold=0.0040313968575422321 0.0019749762891991232 0.01536043669547585 0.00094348826322456479 -0.0024913563998180429 -0.0042147240647907105 0.0076993238308109922 -0.0024746295888892294 0.8988191424651869 0.30486833033394839 -0.005312703164630085 -0.012547761691782089 -9.7788116088949441e-05 0.0076818818530242387 0.0030386279635756354 0.0072787511613084796 1.3468527993336326 0.0073979957845853586 511.73928571428411 332.66785714285788 0.0071357769215385841 0.29927194796340156 0.018664359187491427 -0.01087055887449364 -0.14136472931551639 0.0028657015070280342 0.0042674478608090271 -0.00050692932978759029 0.43972425907491192 0.002836180381618556
decision_type=2 2 2 2 2 2 2 2 2 2 2 2 2 2 2 2 2 2 2 2 2 2 2 2 2 2 2 2 2 2
left_child=1 -1 3 8 5 10 18 -6 21 17 11 -3 13 24 15 -10 -8 22 -4 20 -19 -2 -5 -13 -9 -26 -11 28 -7 -17
right_child=2 4 6 9 7 27 16 12 14 26 -12 23 -14 -15 -16 29 -18 19 -20 -21 -22 -23 -24 -25 25 -27 -28 -29 -30 -31
leaf_value=-0.040980674664760214 0.026030657286690198 0.0055762534639006434 0.15547744977615935 -0.010579502402925404 -0.02833837533425302 0.050534318938235873 0.023374861105604022 -0.0032610109083568116 0.075119085387328977 0.052739244373449623 -0.013655242797466705 0.13313520289188263 -0.013477960539519919 0.10572719434465312 -0.014578565899995717 0.19600947941829816 0.090585923432227142 0.032799816393178291 0.063462714868824696 0.0031658425829948949 0.11654420945368504 0.11162132913181139 0.078516472599917508 0.03982365072162803 0.020763983758096349 0.17586120304034239 0.19323431075278719 0.041746533401821231 0.19562178117434792 0.075006700954601921
leaf_weight=567.82190784439445 111.47297155484557 107.50874702259898 34.775373719632626 229.6932840757072 459.35069819539785 9.4970159381628054 71.312469869852066 216.57084765657783 54.746403958648443 33.326779298484325 199.01228362321854 15.875804509967564 535.69664146751165 13.07716043666005 9.9369731433689577 17.734988465905193 39.173109747469425 119.34045923501253 21.66626350581646 130.15052784979343 17.445135086774826 14.899924751371143 12.219527341425417 29.056923139840364 80.993961356580257 7.7721605151891699 5.2083593457937232 82.125487621873617 8.3186251074075681 7.9819652512669554
leaf_count=10523 1449 1462 272 3454 7381 123 866 3313 650 411 3015 176 8212 170 126 167 357 1538 229 1755 203 161 123 373 1216 89 55 1016 84 84
internal_value=-0.000256176 -0.014187 0.0346452 0.0265134 -0.00556646 0.0148172 0.0718711 -0.0125717 0.0581595 0.013981 0.00327985 0.0253886 -0.00409215 0.0116984 0.088966 0.101753 0.0472048 0.00960777 0.120156 0.0238241 0.0434803 0.0361222 -0.00607908 0.0727928 0.00767132 0.0343439 0.0717284 0.0553894 0.11828 0.158453
internal_weight=3263.76 2332.68 931.085 764.157 1764.86 451.395 166.927 1313.46 216.773 547.384 351.454 152.441 854.111 318.414 90.4003 80.4634 110.486 508.849 56.4416 266.936 136.786 126.373 241.913 44.9327 305.337 88.7661 38.5351 99.9411 17.8156 25.717
internal_count=49053 37153 11900 10176 26630 6249 1724 20381 2637 7539 5026 2011 13000 4788 1027 901 1223 7073 501 3496 1741 1610 3577 549 4618 1305 466 1223 207 251
is_linear=0
shrinkage=0.05


Tree=7
num_leaves=31
num_cat=0
split_feature=59 18 59 19 2 21 59 11 59 59 19 59 59 4 20 12 59 4 20 20 19 63 18 4 18 60 37 59 18 5
split_gain=563.393 209.759 92.7903 98.956 90.244 72.299 61.4745 69.1011 61.2787 52.2863 51.3067 70.268 46.9374 46.4442 44.1663 72.4502 42.5253 53.2756 41.0494 39.2964 35.6467 40.4283 31.9045 40.1768 31.6075 29.5387 28.9228 28.8196 35.8883 28.801
threshold=0.0041285513528214711 0.0020126908113778483 0.016264930442758192 0.0015795644788320837 -0.0031843951268907219 0.0042985165828397917 0.00073707421221686973 -0.25500852640396726 -0.00019262481387795065 0.0080378432040989073 -0.006852110447760411 -0.012547761691782089 -0.0075320888654819814 332.66785714285788 0.00017929556237097016 0.51295903746298011 0.026721717344316647 511.73928571428411 0.0054933008152899887 -0.0036805496527768816 0.00036532324240107293 0.02271896200263487 0.001550203816574581 143.89392857142698 0.0015049588247114159 0.1108272489003409 0.91208710435255347 0.011294299539410612 0.0033944793539690417 0.0018150704229403568
decision_type=2 2 2 2 2 2 2 2 2 2 2 2 2 2 2 2 2 2 2 2 2 2 2 2 2 2 2 2 2 2
left_child=1 24 3 14 6 16 10 -8 -6 -5 11 -3 -12 18 15 -2 17 -4 27 -14 21 -10 -16 25 -1 -24 -25 -11 -29 -17
right_child=2 4 5 9 8 -7 7 -9 20 13 12 -13 19 -15 22 29 -18 -19 -20 -21 -22 -23 23 26 -26 -27 -28 28 -30 -31
leaf_value=-0.052587076968288883 0.0097894700755202374 0.012074767745244812 0.12418705999222349 -0.0064368860403076107 -0.024488313999387865 0.034061041427876991 0.003656661496036764 0.11802243496021583 0.011337742210277967 0.062036065166171744 -0.020841430891053021 0.10226990094449791 0.033606181127390604 0.0059706324391142415 -0.053813602081356909 0.16780065987000584 0.19747051355605927 0.032401107676488544 0.023309494570070942 -0.0051462666365403508 -0.011546152027005771 0.15121449828342193 0.05779064432844061 0.041180283644995194 -0.029101656832311869 0.24491193299476671 -0.019861753935374957 0.21005672250169455 0.034179107508665908 0.087916492983699329
leaf_weight=258.74068100750446 26.313278689980507 80.219377182424068 39.790575496852398 230.07007146626711 585.18912977352738 78.678702287375927 25.85923171043396 26.996713079512119 207.16224811598659 36.194440998136997 188.24962076172233 29.547727636992931 116.18966383486986 121.73831132054329 9.5525165125727636 15.720451679080723 10.188038006424902 26.231685467064381 60.563254795968533 149.70510781183839 322.86181653290987 5.2978705763816825 4.4545589312911016 205.21002190932631 320.99690046533942 4.0054359771311283 21.432113010436296 8.3914623484015447 4.4326197504997245 39.972527779638767
leaf_count=5185 334 1049 305 3283 9536 901 358 303 3044 430 2906 289 1561 1579 150 147 68 258 743 2256 4929 55 62 2592 5874 53 274 82 51 396
internal_value=-0.000280604 -0.0135407 0.0323025 0.0253489 -0.00485018 0.0676815 0.0105098 0.0620701 -0.0133049 0.0104405 0.00567704 0.036354 -0.0017376 0.0272268 0.046406 0.0781616 0.102391 0.0877191 0.050841 0.0117876 -0.00107962 0.0148257 0.0357618 0.0394013 -0.0395834 0.146384 0.0354079 0.0848566 0.149265 0.110465
internal_weight=3259.96 2317.02 942.94 788.051 1737.28 154.889 616.767 52.8559 1120.51 461.39 563.911 109.767 454.144 231.32 326.661 82.0063 76.2103 66.0223 109.582 265.895 535.322 212.46 244.655 235.102 579.738 8.45999 226.642 49.0185 12.8241 55.693
internal_count=49053 37345 11708 10176 26286 1532 8722 661 17564 6168 8061 1338 6723 2885 4008 877 631 563 1306 3817 8028 3099 3131 2981 11059 115 2866 563 133 543
is_linear=0
shrinkage=0.05


Tree=8
num_leaves=31
num_cat=0
split_feature=59 18 38 2 59 59 17 59 59 21 63 19 20 59 48 19 59 18 20 63 4 17 63 21 13 59 4 59 19 9
split_gain=501.285 197.591 96.3624 90.6204 76.7582 55.3183 54.7029 71.3391 51.3497 43.7163 43.658 43.5783 42.1956 51.1257 38.7703 38.5203 44.2983 38.1697 37.8871 43.4681 29.7703 29.2989 27.3939 26.9848 26.8913 27.7781 25.7008 36.7741 27.4047 24.6833
threshold=0.0040313968575422321 0.0018437971526636266 0.25344680403451653 -0.0031843951268907219 0.01852754674717744 -0.00019262481387795065 1.1683196446241879 -0.0013126343711246538 0.0096044588085479107 0.0027348887282920647 0.030247327686553905 0.0016807835930678649 -0.0082781716532158694 -0.0081528322801396619 -0.00052578343067463988 0.0010947241400271156 0.006596975687003675 0.0056834986783597949 0.00024278196417148692 0.0069141893434967973 369.84642857142802 1.2734976839111456 0.00066142526728009898 0.0056371885857604874 0.33885340415541237 0.0023657053527239595 253.12142857142734 0.0064530211313289692 -0.0023170943857163781 1.0000000180025095e-35
decision_type=2 2 2 2 2 2 2 2 2 2 2 2 2 2 2 2 2 2 2 2 2 2 2 2 2 2 2 2 2 2
left_child=1 -1 4 6 10 -5 -3 12 11 20 15 -4 13 -8 -9 21 -17 23 19 24 -10 26 -14 -6 -7 -26 27 -2 -28 -13
right_child=2 3 8 5 17 18 7 14 9 -11 -12 29 22 -15 -16 16 -18 -19 -20 -21 -22 -23 -24 -25 25 -27 28 -29 -30 -31
leaf_value=-0.043155736679827673 0.023565282721139599 -0.0031094978572816629 0.065961835120888976 -0.024385387338409916 0.11710179193546354 0.0046850417637496746 0.028840496659265413 0.19571661560607934 0.16106071412354153 0.00092605881107663901 0.10209664215724662 0.00065631818364633113 -0.0069621547752078241 0.14141877363637217 0.066136163576043641 -0.0207051578724438 0.014303514480101323 0.032637815277279887 -0.0119467057292798 0.1227091959949104 0.084253776989224691 0.0832976057739932 0.074584634074035483 0.034385731950877796 0.032288986187102429 0.19265273321885154 0.11228433976247394 0.10908171089044896 0.0013976315327635048 0.066615686621175355
leaf_weight=442.62139262259007 40.891651712357998 371.10061529278755 96.053050700575113 621.57422428578138 34.092756725847721 169.57395933941007 78.643868181854486 7.3118304759263983 20.572446085512638 10.193285264074801 13.806078232824801 61.198478028178215 129.99167765676975 11.568315126001833 27.418287243694067 126.86898097023368 314.00036035105586 56.942192427814007 382.82860315963626 8.9762761406600458 32.620538875460625 23.822836071252823 11.184761088341473 13.87199044972658 9.24000585824251 3.8154967091977587 5.9305309057235709 18.151824943721294 92.148071832954884 18.462750233709812
leaf_count=8954 541 5521 1046 10427 277 2528 975 76 148 103 132 789 1858 111 310 1963 3954 616 5971 107 310 237 143 155 130 42 64 199 1138 228
internal_value=-0.000300329 -0.0131729 0.0296048 -0.00593367 0.0206941 -0.014048 0.00929624 0.026596 0.0572026 0.0957819 0.0141543 0.0432857 0.0165665 0.0432769 0.0934171 0.0122017 0.00422907 0.0603181 -0.00286228 0.0152884 0.113959 0.0316269 -0.000501577 0.0931793 0.0100087 0.0791556 0.0237926 0.0498557 0.00810263 0.0159434
internal_weight=3255.48 2275.85 979.628 1833.23 740.527 1196.01 637.219 266.119 239.101 63.3863 635.62 175.714 231.389 90.2122 34.7301 621.814 440.869 104.907 574.434 191.606 53.193 180.945 141.176 47.9647 182.629 13.0555 157.122 59.0435 98.0786 79.6612
internal_count=49053 37153 11900 28199 9276 19205 8994 3473 2624 561 8228 2063 3087 1086 386 8096 5917 1048 8778 2807 458 2179 2001 432 2700 172 1942 740 1202 1017
is_linear=0
shrinkage=0.05


Tree=9
num_leaves=31
num_cat=0
split_feature=59 5 38 19 59 59 59 20 59 19 59 19 63 38 4 6 2 12 59 63 42 58 21 59 4 2 19 14 21 63
split_gain=446.813 181.875 80.1698 76.9693 65.9279 61.099 61.094 45.2566 42.4248 40.3542 39.1334 38.82 36.2898 35.9586 41.4802 34.3167 33.8415 33.0474 36.703 30.2944 28.3554 28.3005 52.8577 38.139 36.0174 42.8508 28.4458 31.6644 28.0009 28.8688
threshold=0.0040313968575422321 0.0012761321044172345 0.25344680403451653 -0.0024913563998180429 0.016264930442758192 -0.0024746295888892294 -0.0042147240647907105 -9.7788116088949441e-05 0.0071461762023173067 -0.005312703164630085 -0.015943980570770767 -0.00052335718672781085 0.030247327686553905 0.17419491338382687 416.51071428571498 21.500000000000004 0.0010032463726848699 0.91018124185819604 0.0026117843672588278 0.038119067064743939 6.2900000000000008e-06 0.0020259388890200027 0.0030089451833226117 0.0096044588085479107 394.26821428571492 0.0086299527556234386 0.0010947241400271156 0.38033990599429263 0.0034777555661922566 -0.0053472345318347657
decision_type=2 2 2 2 2 2 2 2 2 2 2 2 2 2 2 2 2 2 2 2 2 2 2 2 2 2 2 2 2 2
left_child=1 -1 4 6 11 -5 9 17 16 10 -3 -2 21 -6 -15 28 -4 20 -19 -9 -7 -13 23 26 25 -25 27 -23 29 -10
right_child=2 3 8 5 13 7 -8 19 15 -11 -12 12 -14 14 -16 -17 -18 18 -20 -21 -22 22 -24 24 -26 -27 -28 -29 -30 -31
leaf_value=-0.037728977166901781 0.055377256201986275 -0.0021745188885340127 0.06609998096162141 -0.026465487619389796 0.024179918953045276 0.071171984812665942 0.045914292178537347 -0.013276888773251986 -0.022177932492899538 -0.012816833374637191 0.04740363441069774 -0.0040893794494544309 0.090536542538762657 0.13055663438262782 0.049258507468149394 -0.034761565813097015 0.0133045970462611 0.024800017098109979 0.11870551681753715 0.13678176408538473 -0.0034114779992608524 0.11738878601815426 -0.0069656245300788316 0.1629243638745623 0.0030565281880426676 -0.0048858662533894344 0.0079320667569942518 0.021597463160417621 -0.029068437847688356 0.092546780807746032
leaf_weight=548.21791199594736 47.661457017064095 84.012865234166384 47.66728987172246 423.9851430170238 71.48575135320425 13.591198615729807 107.46785651519895 505.51490839570761 5.8022594451904288 189.28694157674909 75.635629814118147 295.38143260404468 13.121394053101538 22.490110337734222 51.890538327395916 6.8566370755434027 83.561652828007936 81.76883352175355 11.92260993644595 3.3859393149614325 204.32830449566245 15.06132887676358 111.00688112899661 16.418891288340099 8.6378171965479833 4.9514049962162963 73.865720212459564 20.193768166005611 5.540791541337966 99.803621269762516
leaf_count=10898 489 1119 496 7249 722 208 1218 8093 59 2940 883 4025 116 161 499 72 1071 1212 115 41 3177 182 1451 176 111 58 1040 246 62 864
internal_value=-0.000314896 -0.0126845 0.0274668 -0.00461234 0.0193232 -0.0110535 0.0129512 -0.0030897 0.0520437 0.00279896 0.0213138 0.0120625 0.008367 0.0495029 0.0738402 0.073798 0.0324819 0.0119168 0.0367499 -0.0122785 0.00124014 0.00639056 0.0187662 0.0392968 0.0892174 0.124043 0.0255687 0.0625205 0.0804951 0.0862435
internal_weight=3250.52 2249.12 1001.4 1700.9 752.166 1244.5 456.403 820.512 249.232 348.935 159.648 606.3 558.639 145.866 74.3806 118.003 131.229 311.611 93.6914 508.901 217.92 545.517 250.136 139.129 30.0081 21.3703 109.121 35.2551 111.147 105.606
internal_count=49053 37153 11900 26255 9276 20095 6160 12846 2624 4942 2002 7894 7405 1382 660 1057 1567 4712 1327 8134 3385 7289 3264 1813 345 234 1468 428 985 923
is_linear=0
shrinkage=0.05


Tree=10
num_leaves=31
num_cat=0
split_feature=59 18 19 59 38 59 59 19 20 50 63 19 58 17 20 59 38 20 13 5 4 10 59 4 5 63 59 5 20 59
split_gain=398.792 175.77 78.6952 66.0693 62.8571 58.8165 54.1331 53.8379 41.6853 39.7662 38.5196 36.3487 34.8487 38.8131 44.0068 34.5321 33.1478 33.2534 29.8082 41.8431 28.7471 28.0572 28.4177 38.8268 27.7441 26.6278 24.4091 28.4707 24.2215 30.6887
threshold=0.0037914217620106405 0.0018437971526636266 -0.0024913563998180429 0.0071461762023173067 0.25947303786385556 -0.0066482548875867924 -0.0024746295888892294 0.0016807835930678649 -9.7788116088949441e-05 -0.012537729323789768 0.0069141893434967973 -0.0056146074081676453 0.0084443228413062978 1.2829998518049222 0.0054933008152899887 0.016264930442758192 0.18945506819317195 -0.0012098984010079584 0.080588745822182686 0.004031159372003032 394.26821428571492 1.0000000180025095e-35 0.009333541729341947 283.95357142857137 0.0015621105302751597 0.022138799367465791 0.00053301595747259 0.0023737802385266171 0.0014009279245292081 0.013164021193998532
decision_type=2 2 2 2 2 2 2 2 2 2 2 2 2 2 2 2 2 2 2 2 2 2 2 2 2 2 2 2 2 2
left_child=1 -1 5 7 12 9 -4 16 10 -3 -8 -7 13 14 15 20 -2 -18 19 -14 21 22 -5 -24 -12 -10 -13 -28 -15 -30
right_child=3 2 6 4 -6 11 8 -9 25 -11 24 26 18 28 -16 -17 17 -19 -20 -21 -22 -23 23 -25 -26 -27 27 -29 29 -31
leaf_value=-0.0421292625756573 -0.0073490933420749388 0.028651529206973197 -0.026236474375580313 0.0014025528127822515 0.07000397196661888 0.097142647944976748 0.0050537828854961648 -0.011273179825185095 -0.015553381597623109 -0.012895192975905873 0.17524373816786612 0.01817972109831276 0.15023238729431224 0.13693906267976094 -0.006404891491920116 0.095179941345654551 0.087550469452714386 0.02645593977933508 0.038781461724564564 -0.0094871705527081081 -0.0111912505613617 0.078174391394644396 0.12652847055576696 -0.0075852457790400729 0.039111917188740991 0.048256483633649733 0.13976433294741467 0.026610987515001346 0.015291828187015766 0.067166424322983934
leaf_weight=407.84257911145687 63.458127550780773 78.424678109586239 444.0675675868988 53.85163090378046 108.69976356625557 20.553360342979431 317.79245164617896 176.20635848119855 510.8756800442934 216.83967566862702 5.4179129414260414 132.71353169158101 16.173816911876205 7.0389579907059661 146.60470136255026 18.67902422696352 25.395463831722736 181.12345740944147 46.706328958272934 5.4933548942208281 43.416280053555965 29.873940587043762 12.543659530580046 9.4716365337371808 12.105016909539698 16.889818262308836 9.5888789966702479 13.227855905890463 56.71563283354044 57.330814585089684
leaf_count=8855 864 916 7781 649 905 177 4861 2603 8352 3297 67 1708 173 49 1744 143 235 2250 504 68 550 344 128 116 138 200 86 139 683 468
internal_value=-0.000326784 -0.0125243 -0.00573536 0.0248606 0.03552 0.0117796 -0.0120511 0.0102254 -0.00475256 -0.00186004 0.00903317 0.0346511 0.0280813 0.0228714 0.0136089 0.0310909 0.0242569 0.0339687 0.0612672 0.109738 0.023065 0.0371303 0.0209685 0.0688288 0.0812025 -0.0135113 0.0263928 0.0741644 0.0469247 0.041369
internal_weight=3245.12 2186.34 1778.5 1058.78 612.6 471.348 1307.15 446.183 863.081 295.264 335.315 176.084 503.9 435.526 314.441 167.836 269.977 206.519 68.3735 21.6672 149.157 105.741 75.8669 22.0153 17.5229 527.765 155.53 22.8167 121.085 114.046
internal_count=49053 36577 27722 12476 6524 6323 21399 5952 13618 4213 5066 2110 5619 4874 3674 1930 3349 2485 745 241 1787 1237 893 244 205 8552 1933 225 1200 1151
is_linear=0
shrinkage=0.05


Tree=11
num_leaves=31
num_cat=0
split_feature=59 2 38 59 4 59 11 59 50 20 59 21 63 21 59 19 4 19 59 20 13 2 32 4 59 19 49 52 9 12
split_gain=357.175 128.096 60.0807 52.8389 51.7123 44.6471 44.8179 42.5635 41.0136 31.9333 31.0506 33.3675 29.6128 33.1799 36.4094 43.2801 29.832 29.3479 26.5714 35.3311 24.8027 23.3902 21.7742 21.4025 20.5666 23.4977 19.9431 19.6588 18.5978 18.0929
threshold=0.0040313968575422321 -0.0031843951268907219 0.25344680403451653 0.01852754674717744 151.317857142858 0.00073707421221686973 -0.25500852640396726 0.00019611493084777167 -0.0090017932853699318 -0.00074565296053635854 0.010259269623879167 0.0027348887282920647 0.030247327686553905 0.0030861382753403 0.0078419213334092394 0.00094348826322456479 345.08928571428527 0.0016807835930678649 -0.0091213094159296165 -0.0061061673221866272 0.066762536483842796 0.0062515945905066393 8.5000000000000018 319.33571428571361 0.01204919805394793 0.0010947241400271156 0.0020025284545321046 0.54270284075766539 1.0000000180025095e-35 0.63705050693933962
decision_type=2 2 2 2 2 2 2 2 2 2 2 2 2 2 2 2 2 2 2 2 2 2 2 2 2 2 2 2 2 2
left_child=1 5 3 12 -3 8 -7 -6 -1 -9 17 21 13 14 15 22 24 29 -10 -20 -15 -12 26 -5 25 -16 -2 -18 -19 -4
right_child=2 4 10 23 7 6 -8 9 18 -11 11 -13 -14 20 16 -17 27 28 19 -21 -22 -23 -24 -25 -26 -27 -28 -29 -30 -31
leaf_value=0.024008593080009324 0.013848745926013845 -0.039100936167991256 0.026719280296559497 0.1040304383382408 -0.023581089499768625 -0.00020279222216241767 0.087092825212032765 0.020897389221089066 -0.023399509036108282 -0.010585049675110659 0.11914021541920171 -0.006649110254716881 0.078470990603456706 0.026613286463327886 0.091719203415283432 -0.0098698257014533438 -0.0012652542612126305 0.00051377665947279307 0.046099480762557363 -0.003762678332025181 -0.020389253948803227 0.05202622748944781 0.09329319720922008 0.039693075607014711 0.090584881246448354 0.025455007239116714 0.08416410907504028 0.062888356912961976 0.053574531257497497 0.067860014748625269
leaf_weight=162.0730854049325 86.048979863524437 281.42342210561037 43.8954908400774 14.828552134335039 697.19659668952227 26.707775570452213 32.710868570953608 97.974666319787502 140.05189945176244 452.80406819283962 30.770962782204151 10.514124155044554 16.007230445742607 36.100902635604143 16.694716714322567 181.41950296238065 66.32387936860323 67.946943111717701 40.97240436822176 267.29752806201577 126.12064346671104 22.456614889204502 12.065736096352337 100.77117189019918 24.615129426121712 67.350377030670643 11.422566518187521 14.563503459095953 21.816525124013424 68.316027916967869
leaf_count=1938 979 6132 459 102 12562 365 307 1367 2208 7543 210 99 132 457 155 2729 806 829 540 4191 1555 174 135 946 218 780 129 153 239 614
internal_value=-0.000336265 -0.011754 0.0238069 0.0167672 -0.0197399 0.00648019 0.0478548 -0.0153739 0.0024526 -0.00498483 0.0443216 0.0747467 0.0112957 0.00962264 0.0162235 0.00511455 0.0332758 0.0347197 -0.00534012 0.00286454 -0.00992927 0.090825 0.0299322 0.0479459 0.05039 0.0386177 0.0220889 0.0102854 0.0134099 0.0517664
internal_weight=3239.26 2199.21 1040.05 774.333 1529.4 669.814 59.4186 1247.98 610.395 550.779 265.717 63.7417 658.733 642.726 480.504 290.957 189.548 201.975 448.322 308.27 162.222 53.2276 109.537 115.6 108.66 84.0451 97.4715 80.8874 89.7635 112.212
internal_count=49053 37153 11900 9276 27604 9549 672 21472 8877 8910 2624 483 8228 8096 6084 3972 2112 2141 6939 4731 2012 384 1243 1048 1153 935 1108 959 1068 1073
is_linear=0
shrinkage=0.05


Tree=12
num_leaves=31
num_cat=0
split_feature=59 18 3 59 19 38 40 63 59 62 19 0 20 2 59 59 35 19 59 4 10 5 50 58 19 59 37 13 58 20
split_gain=320.342 193.75 63.2883 76.3735 63.9958 47.029 42.7067 59.5353 34.4798 33.6662 33.3467 33.1433 28.7884 27.9301 49.8379 37.3742 27.7878 25.9103 25.668 25.6629 33.3842 32.4952 28.432 26.3519 22.8892 33.1215 22.4383 21.527 21.3076 30.1264
threshold=0.0064530211313289692 0.0015962458308336669 0.0045169319915706789 -0.00019262481387795065 -0.0003768512408791191 0.28810308428049741 1.0000000180025095e-35 0.010240134520285127 0.01852754674717744 0.0050462861266992376 0.0031793667262910497 4.9745779118162929e-05 0.0088244155927068597 -0.0075880863365418985 -0.0063004197382335826 0.0030608604521381354 0.0077386980435606096 -0.00080290607281469561 -0.0041171328632727206 247.93571428571551 1.0000000180025095e-35 0.0014151747478584773 -0.00076168776319097075 0.0084443228413062978 -0.013767167343167262 -0.024660633804338413 0.30945408470787023 0.074136416243303652 -0.0009401072710488956 0.0022406908450281009
decision_type=2 2 2 2 2 2 2 2 2 2 2 2 2 2 2 2 2 2 2 2 2 2 2 2 2 2 2 2 2 2
left_child=1 -1 3 17 11 8 7 13 10 -9 19 26 -10 14 24 -15 -14 18 -3 21 23 22 -2 -21 25 -4 -5 -25 -6 -30
right_child=5 2 6 4 28 -7 -8 9 12 -11 -12 -13 16 15 -16 -17 -18 -19 -20 20 -22 -23 -24 27 -26 -27 -28 -29 29 -31
leaf_value=-0.048077954938356621 0.097408989958548214 -0.02146295864162321 0.020372911801681118 0.035592039495990067 -0.017986189092663845 0.067980885927715048 -0.031272566634269659 0.1462913773075164 0.084396638252056788 0.0065598723710325367 0.0032390840233853073 0.068860608396974041 -0.0012410527583515414 -0.0056372047268530559 0.082009091555988817 0.042192306807535759 0.054656539348640856 -0.029667178825869962 0.0020117859928966164 -0.0061721936085879182 0.041690230707735199 0.074091741787832052 -0.011121889941027354 0.10949818210348583 0.0074917106518105174 0.16995190397718485 -0.0024705972175804555 -0.016989959131268308 0.013609118955223286 -0.012301130978143442
leaf_weight=278.36148174479604 7.765639465302228 283.6943906955421 11.213562317192556 78.833408083766699 225.58979044854641 70.340403459966183 53.478862024843693 13.29888726770878 38.114124990999699 6.3780334666371337 201.73532043397427 38.26512511074543 36.472122885286808 237.77986280247569 34.241224229335785 49.313792563974857 56.950936652719975 352.70554879307747 197.52599879354239 106.85161408036947 98.048508569598198 58.389591187238693 27.06966995075345 9.5812789499759656 125.49041858687997 5.5240600854158393 76.094022080302238 5.1835682466626158 227.82515535503626 221.0272197201848
leaf_count=6500 84 4896 128 1086 3527 549 746 146 262 76 2334 503 388 3578 325 589 470 6554 3269 1255 1054 593 336 98 1606 58 1000 61 3568 3414
internal_value=-0.000340399 -0.00873814 -0.00384568 -0.00856766 0.00181749 0.0291558 0.0111244 0.0158164 0.0249293 0.100999 0.0190901 0.0271895 0.0477749 0.0122006 0.0278547 0.00257842 0.0328343 -0.0193726 -0.0118273 0.0293099 0.0199814 0.0512906 0.0130723 0.00247956 0.0148172 0.0697397 0.0168972 0.0650914 -0.00545026 0.000850201
internal_weight=3233.14 2516.64 2238.28 1701.56 867.635 716.503 536.719 483.24 646.162 19.6769 514.625 193.193 131.537 463.563 176.469 287.094 93.4231 833.926 481.22 312.89 219.665 93.2249 34.8353 121.616 142.228 16.7376 154.927 14.7648 674.442 448.852
internal_count=49053 41569 35069 27817 13098 7484 7252 6506 6935 222 5815 2589 1120 6284 2117 4167 858 14719 8165 3481 2468 1013 420 1414 1792 186 2086 159 10509 6982
is_linear=0
shrinkage=0.05


Tree=13
num_leaves=31
num_cat=0
split_feature=59 18 2 38 59 19 59 20 59 59 17 20 59 18 20 19 20 20 58 43 19 62 58 38 6 41 18 37 5 20
split_gain=292.49 143.179 72.8946 71.2522 67.1762 50.2596 32.85 43.091 42.1634 31.8295 31.1895 35.3975 35.9945 29.514 28.3443 26.9785 26.0606 24.5167 23.9312 28.1705 23.4803 23.2847 22.7462 21.7609 24.9053 21.5236 23.1245 22.1227 21.5178 20.8943
threshold=0.0028031250996612711 0.0018139656608824864 -0.0031843951268907219 0.28810308428049741 0.0071461762023173067 -0.0021136144275348098 -0.0040234056559891639 -0.0065295217951216742 -0.012042605746047022 -0.0025408045712124534 0.80772714718287697 0.0012935965104611288 0.03274357926043283 0.001550203816574581 -0.00042895631589516975 0.0011169681948404971 0.00017929556237097016 -0.0010240853579931086 -0.00066940055640342248 3.5587500000000004e-05 -0.013767167343167262 -0.0039237370722760186 -0.00042100430558166365 0.18438267695842167 15.500000000000002 -3.2259999999999993e-05 0.0047904824260039357 0.58393085548231805 0.0022327643167117171 -0.01087055887449364
decision_type=2 2 2 2 2 2 2 2 2 2 2 2 2 2 2 2 2 2 2 2 2 2 2 2 2 2 2 2 2 2
left_child=1 -1 6 4 5 -2 7 8 20 -4 25 -12 -13 -7 18 23 -11 21 19 -5 -3 28 -16 -15 -25 27 -27 -6 -8 -10
right_child=3 2 9 14 10 13 17 -9 29 16 11 12 -14 15 22 -17 -18 -19 -20 -21 -22 -23 -24 24 -26 26 -28 -29 -30 -31
leaf_value=-0.042699589780571208 0.08203305937127997 0.052259918287331723 -0.027555882769124275 0.12804691159278214 0.14832405096477469 -0.049600589020694558 0.15378928455578933 -0.018281288461225696 0.085488766852591769 0.002615040823570427 0.084660541538271475 0.025931107904927822 0.10851961787107911 -0.014961381591667995 0.013957329500838484 -0.010656409588222643 -0.017590842047165961 -0.009031069459239453 0.14794077445862841 0.00085177562414123602 -0.010187898630302013 0.025749015545578176 0.05509373213969089 0.035031381879092091 -0.0049205688325216377 0.022205518087033149 -0.010770616953268447 0.0030389396033041367 0.03863461771325051 0.027543464507059995
leaf_weight=328.45089195668697 18.270209111273289 17.101789273321629 333.85807226970792 7.6904225759208265 5.592340908944605 31.06005285307765 7.1382750719785717 197.84999434277415 20.860779844224453 289.09191758185625 31.637981779873371 320.71730688214302 13.758774310350416 52.909624930471182 55.400947116315365 249.62655239924788 356.19201800972223 46.579137079417706 11.80536302179098 10.030883528292177 125.61759749427438 146.25697137787938 85.413029953837395 116.30839511007071 58.692943457514048 115.33541312813759 98.623787932097912 4.9301845505833626 9.3971657045185548 61.192074801772833
leaf_count=7884 147 184 6284 63 59 658 82 3195 193 4605 243 3242 118 724 612 3850 6080 687 82 89 1772 1813 884 1423 741 1269 1100 52 103 815
internal_value=-0.000347017 -0.0126121 -0.00647836 0.0181256 0.0135338 0.000554373 0.00675951 -0.00126399 0.0137151 -0.0150228 0.0251127 0.03411 0.0293284 -0.00237256 0.0482489 0.000699248 -0.00853846 0.0229552 0.0927898 0.05605 -0.0027049 0.0321073 0.0389093 0.0131369 0.0216321 0.0104387 0.00700528 0.0802527 0.0883464 0.0422752
internal_weight=3227.39 1939.59 1611.14 1287.8 1117.46 526.868 631.994 422.622 224.772 979.142 590.596 366.114 334.476 508.598 170.341 477.538 645.284 209.372 29.5267 17.7213 142.719 162.792 140.814 227.911 175.001 224.482 213.959 10.5225 16.5354 82.0529
internal_count=49053 33697 25813 15356 13626 7543 8844 6159 2964 16969 6083 3603 3360 7396 1730 6738 10685 2685 234 152 1956 1998 1496 2888 2164 2480 2369 111 185 1008
is_linear=0
shrinkage=0.05


Tree=14
num_leaves=31
num_cat=0
split_feature=59 18 2 18 38 59 19 17 63 38 4 63 20 43 17 59 20 59 2 59 58 18 40 47 41 17 38 60 15 17
split_gain=263.226 137.394 67.3671 61.9084 57.6861 49.9145 40.9312 33.8912 33.5853 31.4814 36.5994 31.3215 35.7567 51.1633 30.2292 31.0892 30.0098 28.428 26.973 26.9727 26.4311 37.0157 25.3613 25.0183 33.0473 24.7223 23.6183 30.1052 26.7317 22.6273
threshold=0.0028031250996612711 0.0017244628137603202 -0.0031180310997364195 0.0015049588247114159 0.28702752934639658 0.01536043669547585 -0.00052335718672781085 0.85168785348928122 0.018664359187491427 0.17419491338382687 517.53214285714387 0.0069141893434967973 0.00024278196417148692 9.6986249999999986e-05 1.1683196446241879 -0.0014257672663618608 -0.0082781716532158694 -0.011149249180822158 -0.0010468486847342736 -0.0025408045712124534 0.0046224624652455365 0.003740964194019702 1.0000000180025095e-35 -0.00044682650969560218 1.0265000000000003e-05 1.6061445546723494 0.19599258309660675 0.99994683678894059 0.36368546802401774 2.9966258514661228
decision_type=2 2 2 2 2 2 2 2 2 2 2 2 2 2 2 2 2 2 2 2 2 2 2 2 2 2 2 2 2 2
left_child=1 -1 14 -2 5 6 7 -5 20 -7 -11 19 13 18 -3 16 17 -16 -13 -4 29 26 -10 24 -17 -6 27 -22 -28 -8
right_child=3 2 11 4 25 9 8 -9 22 10 -12 12 -14 -15 15 23 -18 -19 -20 -21 21 -23 -24 -25 -26 -27 28 -29 -30 -31
leaf_value=-0.044747116419836766 -0.052994145430967421 -0.0036160101590528323 -0.029298818126264576 0.0038925235187733092 0.039310323437719084 0.013686830569338835 -0.0028443185940596302 0.063523500721943849 0.10958744860572356 0.077768822907855029 0.021605193222715997 0.05596068558566375 -0.006341819048630808 -0.014252229158019207 0.01634084849116416 0.046012232645164811 -0.0028917747165325765 0.076222689360765192 0.20623763985203136 -0.011204319994480266 -0.0091256009093614865 -0.0051029857364063838 0.025038861826468091 0.031397658719226777 0.20798292990082154 0.10482568919054802 0.040252905329122991 0.11542949318465057 0.11869981594988036 0.095719197657687979
leaf_weight=276.45217086002231 30.86185559257865 365.61681504175067 311.48871291428804 39.812189243733883 161.15603484585881 85.990592420101166 586.13077675551176 59.34721315279603 11.933447245508431 66.999922879040241 51.15357917547226 5.3981387205421925 50.620577052235603 9.8965778909623623 72.427094537764788 7.1705321334302408 145.30251645669341 27.286654077470303 6.6822103373706341 607.88533779606223 28.405061062425375 71.221775684505701 34.544562600553036 25.410813648253679 5.6154808811843395 15.812128014862536 32.749908775091171 5.8505086824297896 16.247001569718122 5.8813308216631404
leaf_count=6987 657 5561 6070 437 1595 777 7937 501 110 436 451 74 816 142 854 68 2082 232 84 10417 371 910 331 260 50 132 396 70 180 65
internal_value=-0.000350796 -0.0121385 -0.00664446 0.0169793 0.0186754 0.0143993 0.00929568 0.0395819 0.00550843 0.0367026 0.0534532 -0.0148382 0.0167793 0.0700352 0.00588262 0.018145 0.0116041 0.0327275 0.139086 -0.0173348 0.00294081 0.0213593 0.0467471 0.0601018 0.117148 0.0451641 0.0439975 0.0121472 0.0662653 -0.00186514
internal_weight=3221.35 1917.25 1640.8 1304.1 1273.24 1096.27 892.124 99.1594 792.964 204.144 118.154 991.972 72.5975 21.9769 648.83 283.213 245.016 99.7137 12.0803 919.374 746.486 154.474 46.478 38.1968 12.786 176.968 83.2525 34.2556 48.9969 592.012
internal_count=49053 33697 26710 15356 14699 12972 11308 938 10370 1664 887 17603 1116 300 9107 3546 3168 1086 158 16487 9929 1927 441 378 118 1727 1017 441 576 8002
is_linear=0
shrinkage=0.05


Tree=15
num_leaves=31
num_cat=0
split_feature=18 59 19 38 63 59 59 20 12 59 58 63 20 20 63 19 41 59 5 47 17 6 4 18 20 59 64 20 59 4
split_gain=238.649 168.134 62.666 52.1177 40.3483 36.557 36.0123 33.0456 38.4583 31.7702 31.6819 38.288 31.4575 30.718 33.027 29.85 28.8015 28.5409 28.351 28.0927 26.8684 26.0871 25.5395 25.3369 25.1614 24.4448 23.2585 21.2025 26.16 24.6289
threshold=0.0017244628137603202 0.0026117843672588278 -0.0024913563998180429 0.25276990006865435 0.030247327686553905 -0.0070109487086862064 0.0072787511613084796 -0.001731373913491004 1.0207659496682984 -0.0024746295888892294 -0.00042100430558166365 0.01048476217882721 -0.0010974162326396603 0.00024278196417148692 0.0069141893434967973 -0.0081302036110679817 7.358000000000001e-05 -0.01433298232347424 0.0014635262633470403 -0.00050692932978759029 0.76441866509098111 20.500000000000004 394.26821428571492 0.0015049588247114159 0.0015432951595676374 0.03274357926043283 0.75893331030559918 0.0076993238308109922 0.013164021193998532 499.81785714285701
decision_type=2 2 2 2 2 2 2 2 2 2 2 2 2 2 2 2 2 2 2 2 2 2 2 2 2 2 2 2 2 2
left_child=23 2 5 4 6 15 7 8 -3 -4 11 21 -12 14 -11 17 26 -2 -16 -7 -8 -5 -14 -1 -22 27 -6 28 -26 -30
right_child=1 3 9 10 16 19 20 -9 -10 13 12 -13 22 -15 18 -17 -18 -19 -20 -21 24 -23 -24 -25 25 -27 -28 -29 29 -31
leaf_value=-0.051849355621171891 0.0067215117534686732 0.013193200750647706 -0.023963554242459457 0.01879182301092179 0.16074983158148759 0.067451106003270853 0.0016711401747054517 -0.0063107660169412624 0.13303455346706469 -6.3777255601052662e-05 0.11531264839405996 0.1115362595314205 0.051394787260703303 -0.017272100548886442 0.16714565918892527 -0.012888921718947795 0.015646142289416458 0.076961098697880065 0.031001449583823882 0.016761460598552508 0.072779600575506254 -0.040162463914072161 0.010985302065687364 -0.022833155167668713 0.02105918933712015 0.09167060650204184 0.04319766330142763 0.0047679641033277695 0.093821993203680024 -0.0068186085733818015
leaf_weight=203.53852282464504 62.960711199790239 25.231069102883339 419.24126140400767 125.776924662292 9.8246054127812403 33.130162984132767 161.23986483365297 365.1292632073164 9.112174950540064 341.43536305055022 15.161772757768629 9.9060053229331952 146.505230858922 344.38421300426126 5.1482061520218876 204.61766096949577 15.035854414105414 18.775381065905094 14.865824263542889 156.22213280200958 27.080415867269039 22.054756805300713 53.335592400282621 119.34797425568104 119.72795975208282 12.228335104882715 7.3602049946784964 131.8925696387887 26.356944188475609 7.9015585035085669
leaf_count=5435 758 279 8102 1312 69 355 1815 5277 55 5556 95 70 1501 6069 61 3178 121 156 163 1861 215 259 522 2702 1354 98 61 1292 188 74
internal_value=-0.000354358 0.00419808 -0.00662872 0.0176243 0.0112228 0.00858522 0.00922386 -0.00190034 0.0449903 -0.0130615 0.033392 0.0163733 0.0458779 -0.00658605 0.00359549 -0.00268596 0.0661842 0.0228561 0.0660218 0.0256304 0.0183595 0.00999653 0.0406099 -0.0411241 0.0266341 0.0224422 0.110403 0.019481 0.0320831 0.0706097
internal_weight=3214.53 2891.64 1600.78 1290.86 918.121 475.706 885.9 399.473 34.3432 1125.07 372.74 157.738 215.003 705.834 361.449 286.354 32.2207 81.7361 20.014 189.352 486.428 147.832 199.841 322.886 325.188 298.107 17.1848 285.879 153.986 34.2585
internal_count=49053 40916 26259 14657 10898 6308 10647 5611 334 19951 3759 1641 2118 11849 5780 4092 251 914 224 2216 5036 1571 2023 8137 3221 3006 130 2908 1616 262
is_linear=0
shrinkage=0.05


Tree=16
num_leaves=31
num_cat=0
split_feature=18 59 3 59 20 21 58 21 58 58 43 6 59 18 4 15 3 59 21 2 20 60 59 20 59 20 42 50 59 6
split_gain=223.204 152.061 45.0658 53.3963 44.4823 43.4927 36.5394 35.6637 49.2102 37.3174 35.9775 33.7066 32.9825 25.5277 25.1558 24.7955 25.0017 23.6377 28.0134 22.6996 22.47 22.1621 22.0227 22.0152 21.2342 29.0215 21.1145 18.5148 19.5589 18.5054
threshold=0.0017244628137603202 0.0064530211313289692 0.0045169319915706789 -0.00019262481387795065 -0.00077885867182680274 0.002356246175002089 -0.0050120470784510594 0.0027348887282920647 0.00055307264865484321 0.0084443228413062978 5.1222500000000006e-05 14.500000000000002 0.0096044588085479107 0.0015049588247114159 469.05357142857201 0.28775401146927232 0.0026089060271311487 0.0033331202276568627 -0.0014109390012139523 0.0067878677509241149 0.0027436729518762848 0.7604808844147074 0.026721717344316647 0.00037237382979769693 -0.010762150084317985 -0.0036805496527768816 3.2950000000000002e-06 -0.014604550976871021 -0.0063004197382335826 6.5000000000000009
decision_type=2 2 2 2 2 2 2 2 2 2 2 2 2 2 2 2 2 2 2 2 2 2 2 2 2 2 2 2 2 2
left_child=13 2 3 23 6 11 -5 8 10 22 29 17 20 -1 21 -11 -17 18 -4 -19 -10 -14 -9 24 -2 26 -26 -13 -29 -3
right_child=1 7 5 4 -6 -7 -8 9 12 15 -12 27 14 -15 -16 16 -18 19 -20 -21 -22 -23 -24 -25 25 -27 -28 28 -30 -31
leaf_value=-0.051732177563984932 -0.039128457161101395 0.0013501957258904556 0.035363503526425713 -0.018654869871614698 -0.0038591642865783596 -0.040709806992992689 0.038932044992380413 -0.0049664211076095033 0.058226194955458846 0.014887269882104244 -0.0069040089953660488 0.030211955033130972 0.066015823446133423 -0.022155569296678449 0.017026768279792621 0.17443345138711647 0.054546972934266635 0.080724284605961621 0.00061780807944635061 -0.028202969227084585 0.013665061072331057 0.12383025720401859 0.042399920064360379 -0.034742312858823961 0.10434610080779322 -0.01627145326795415 0.0058679391838159468 -0.024126530222684055 0.0077667230126254039 0.044672661073208185
leaf_weight=194.03932067379355 67.504410978406668 33.25499701872468 129.65281847119331 35.732912920415401 682.62663585320115 39.831166114658117 120.22267212718725 208.73097360506654 47.501258958131075 41.221974767744541 96.760552000254393 41.033059742301702 56.782921552658081 116.91108252108097 17.694830678403378 5.113911271095275 29.067020118236542 30.124526586383581 104.9817357622087 5.6855044588446608 69.947967328131199 23.409678280353546 27.809238493442535 137.7152503170073 5.6621305532753459 408.6054806523025 140.66158925369382 88.276731785386801 105.54799666628242 95.257780969142914
leaf_count=5435 1216 353 1707 464 10482 582 1457 2247 384 401 1031 403 405 2702 159 43 293 302 1455 77 757 159 231 2689 83 7661 2276 1349 1364 886
internal_value=-0.000355842 0.00396593 -0.0028217 -0.0070548 0.0016451 0.00959286 0.0257376 0.0233024 0.032461 0.0103663 0.0161239 0.013558 0.0495519 -0.040612 0.0709865 0.0409963 0.0724835 0.0255922 0.0198174 0.0634301 0.0316874 0.0828929 0.000602281 -0.0166524 -0.0126499 -0.00942893 0.00967864 -0.000299587 -0.00675894 0.0334622
internal_weight=3207.37 2896.42 2143.86 1598.73 838.582 545.134 155.956 752.553 440.61 311.943 225.273 505.302 215.337 310.95 97.8874 75.4029 34.1809 270.445 234.635 35.81 117.449 80.1926 236.54 760.149 622.434 554.929 146.324 234.858 193.825 128.513
internal_count=49053 40916 33567 26328 12403 7239 1921 7349 4134 3215 2270 6657 1864 8137 723 737 336 3541 3162 379 1141 564 2478 13925 11236 10020 2359 3116 2713 1239
is_linear=0
shrinkage=0.05


Tree=17
num_leaves=31
num_cat=0
split_feature=18 59 20 63 20 63 59 63 21 35 59 63 17 57 21 20 20 59 18 59 34 59 4 62 20 38 37 59 19 21
split_gain=208.729 136.417 54.409 50.1592 50.3488 45.8357 41.9853 35.6855 35.0675 32.6935 43.1689 31.2426 31.2425 30.1818 29.2895 29.0716 28.8442 25.9719 25.7005 24.6208 23.4241 22.5073 23.4243 21.7365 21.4214 20.8888 20.2833 19.3566 20.4334 19.2047
threshold=0.0017244628137603202 0.0026117843672588278 -0.0016502161617147181 -0.0074789747326192693 -0.00077885867182680274 0.00025164638960737453 0.0071461762023173067 0.019353714228317064 0.0027348887282920647 0.28719078630729328 -0.0028455106967918303 0.015576982630448676 0.6432677582413503 1.0000000180025095e-35 -0.001198122506306727 -0.0073085932535110901 0.0021904800684680414 -0.0024746295888892294 0.0015049588247114159 0.01852754674717744 0.69345032218966418 0.0096044588085479107 388.25714285714281 -0.0043205545947488542 0.0043607355554682462 0.21315085495632632 0.47088209733258141 -0.0076965161478502438 -0.0044251423051305493 -0.0066585600466068234
decision_type=2 2 2 2 2 2 2 2 2 2 2 2 2 2 2 2 2 2 2 2 2 2 2 2 2 2 2 2 2 2
left_child=18 2 5 -3 12 9 7 16 11 27 15 13 -5 -8 -12 26 20 -4 -1 -10 -6 -15 -23 25 -9 -7 -11 29 -29 -2
right_child=1 3 17 4 6 23 8 24 19 10 14 -13 -14 21 -16 -17 -18 -19 -20 -21 -22 22 -24 -25 -26 -27 -28 28 -30 -31
leaf_value=-0.051619864507565463 0.011324276797961406 -0.034617791806774385 -0.031580522563574236 -0.0067683588698178518 0.01022322887856594 0.16976523817249295 0.013087802527207558 0.089388986304722765 -0.00038610742744706327 0.059919923534799684 0.099568270962195213 0.10065350138303633 0.061787707016113295 0.026242878201917869 0.0211887945120489 -0.015333980253785471 -0.010520246847403041 -0.0103741200674623 -0.02148557709111688 0.029448651955768308 0.086790057258948353 0.079907902649631352 0.026782973605957133 0.02461360747852305 0.0026163917104591963 0.055178977173993421 0.0093774401809192873 0.045168985499495169 -0.0032540983543660053 -0.027586324492279393
leaf_weight=184.96739630773664 39.818194109946489 47.859799526631832 192.90963489562273 20.26721054688096 217.34963015839458 5.948165941983464 138.75162436813116 18.840174615383152 188.39129374176264 27.526555616408587 22.212623793631792 16.766940347850323 92.312630165368319 89.487743459641933 25.720981236547232 94.435839597135782 264.97728239744902 573.93989519029856 114.58896325528622 109.25287226587534 10.470198102295397 59.874163493514061 31.754067748785019 32.546743582934141 11.426067516207693 12.003698877990244 71.181322086602449 23.455889418721199 305.99575858563185 155.75182703509927
leaf_count=5435 624 552 3881 230 2839 70 1357 158 2090 316 239 107 719 851 301 1499 3934 9959 2702 923 118 410 270 451 99 134 789 238 5069 2689
internal_value=-0.000356519 0.0037463 -0.00614455 0.0156311 0.0175249 0.00283707 0.0144198 0.00393279 0.023068 -0.000204269 0.0150387 0.0341228 0.0494459 0.0306354 0.0575102 0.00449826 0.000696225 -0.0157088 -0.0400926 0.010565 0.0137421 0.0440784 0.0614973 0.0489763 0.0566307 0.093146 0.0234722 -0.00720345 0.000193468 -0.0196641
internal_weight=3200.79 2901.23 1583.45 1317.78 1269.92 816.598 1157.34 523.063 634.279 766.099 241.077 336.635 112.58 319.868 47.9336 193.144 492.797 766.85 299.556 297.644 227.82 181.116 91.6282 50.4986 30.2662 17.9519 98.7079 525.022 329.452 195.57
internal_count=49053 40916 26259 14657 14105 12419 13156 7148 6008 11764 3144 2995 949 2888 540 2604 6891 13840 8137 3013 2957 1531 680 655 257 204 1105 8620 5307 3313
is_linear=0
shrinkage=0.05


Tree=18
num_leaves=31
num_cat=0
split_feature=18 59 2 38 59 2 12 58 13 59 21 37 19 59 5 59 59 20 59 3 32 38 13 42 18 59 42 21 56 21
split_gain=195.875 134.881 55.8614 41.3169 34.1619 31.2327 30.4338 27.4547 31.2455 27.0415 25.2674 24.8186 22.574 21.9835 32.3211 21.8052 21.7201 34.6054 32.65 24.8427 21.6665 20.5987 24.0935 20.3452 19.8955 22.0246 18.6765 18.6318 18.2111 22.776
threshold=0.001550203816574581 0.0028031250996612711 -0.0031180310997364195 0.28007540696264893 0.01536043669547585 0.0014554697267468513 0.7789386651883925 0.0075082580635712007 0.070717373206605635 -0.0025408045712124534 0.0042985165828397917 0.19964268033880403 -0.00084795015678416268 0.026721717344316647 0.003527242902440057 0.010259269623879167 -0.0040234056559891639 -0.0061061673221866272 -0.010762150084317985 0.0061900631696443983 6.5000000000000009 0.19366458969442513 0.049371749296306812 9.5480000000000014e-05 0.0055384004948835523 0.017149476301002154 4.0450000000000011e-06 0.0010444703137040172 1.6610636550341942 -0.0012247110245001659
decision_type=2 2 2 2 2 2 2 2 2 2 2 2 2 2 2 2 2 2 2 2 2 2 2 2 2 2 2 2 2 2
left_child=-1 2 16 4 5 6 -3 26 -9 -4 13 23 -11 14 -6 -13 17 18 19 -2 -10 27 -23 -5 -17 -26 -7 -8 -18 -30
right_child=1 3 9 11 10 7 21 8 20 12 -12 15 -14 -15 -16 24 28 -19 -20 -21 -22 22 -24 -25 25 -27 -28 -29 29 -31
leaf_value=-0.04834081812190627 -0.025451520623302745 0.0069999786978765331 -0.026027851280933684 0.041622317878931975 0.059758856702000457 0.03926421588539189 0.064046926177956931 0.088041440983511174 -0.0064494971600488928 0.010800115950731418 0.011015384064398821 0.015459406453664984 -0.012665425301547184 0.10711880660929428 0.00023951264552723824 0.10517873213714966 0.011198500201684135 -0.018410779218329527 0.036080112056660632 0.013861490009756991 0.11139429451915223 0.13717440840788378 0.043021679067602993 0.10463557050408866 -0.018620380349911807 0.093216445060433903 -0.0062499569077997599 -0.022513133632667586 0.10550815055564507 0.020696578976846128
leaf_weight=199.40052402019501 68.853510048240423 199.36343314871192 318.8330507427454 38.163881562650204 60.604272171854973 23.628424122929573 8.7998984009027499 17.552308086305857 33.389644097536802 125.03362755477428 103.16870544105768 130.97855113446712 568.47643892839551 12.778024293482302 36.574423372745514 14.360171250998972 194.71233975142241 182.63679306209087 82.003826297819614 96.513613305985928 4.4163567572832099 7.3991228751838198 83.187384661287069 19.281541425734758 10.901516541838648 7.3842108994722357 489.04473818093538 21.177629567682743 12.205151483416556 22.525785584002733
leaf_count=6014 1104 2418 6707 369 355 300 79 187 394 2006 938 1282 10419 62 289 80 2582 3142 962 1153 49 76 747 178 85 40 6423 260 98 255
internal_value=-0.000356902 0.00283888 -0.00659896 0.0147725 0.0108121 0.00649736 0.0189924 -0.000540139 0.0329118 -0.0139757 0.0287887 0.0344985 -0.0084348 0.0454649 0.037358 0.024572 0.00472522 -0.00190318 0.0102846 -0.00250717 0.00731658 0.038823 0.0507121 0.0627727 0.0611325 0.026542 -0.00415227 0.00289656 0.0171477 0.0505011
internal_weight=3193.35 2993.95 1671.79 1322.15 1101.08 887.959 319.927 568.031 55.3583 1012.34 213.125 221.07 693.51 109.957 97.1787 163.624 659.451 430.008 247.371 165.367 37.806 120.564 90.5865 57.4454 32.6459 18.2857 512.673 29.9775 229.443 34.7309
internal_count=49053 43039 28428 14611 12577 10933 3580 7353 630 19132 1644 2034 12425 706 644 1487 9296 6361 3219 2257 443 1162 823 547 205 125 6723 339 2935 353
is_linear=0
shrinkage=0.05


Tree=19
num_leaves=31
num_cat=0
split_feature=5 59 59 36 59 21 59 19 19 37 20 12 59 59 17 20 1 5 59 4 20 47 19 59 0 5 64 4 59 2
split_gain=167.054 92.8505 39.2103 35.2066 36.9363 29.5748 50.5858 28.8736 28.6938 30.4614 27.7757 25.9589 23.1546 22.8383 23.2617 21.6695 19.8767 19.5286 19.3426 20.3154 18.77 18.4711 17.9978 17.853 17.8145 17.4069 17.3583 17.2501 16.9298 30.3871
threshold=0.0012761321044172345 0.0064530211313289692 0.0041285513528214711 0.46277980374242494 0.00019611493084777167 -0.0013137802003116027 -0.0033120583526565568 0.00076947520976542686 0.00061111054930168345 0.30945408470787023 0.0054933008152899887 0.68343330354706466 0.0096044588085479107 0.021715369853913535 0.88007410720968404 0.0027436729518762848 0.0011663918119605486 0.00161231931331719 0.016264930442758192 332.66785714285788 0.00012345502278583587 -0.00026895977895346492 -0.0044251423051305493 -0.010762150084317985 -0.0010269536455370738 0.0021933138217840207 0.99596080922628827 157.37857142857061 -0.013137175804676925 -0.014320119265242582
decision_type=2 2 2 2 2 2 2 2 2 2 2 2 2 2 2 2 2 2 2 2 2 2 2 2 2 2 2 2 2 2
left_child=2 3 27 4 20 6 22 -4 9 26 11 18 15 -12 -15 -13 -11 -8 19 21 28 -3 23 -5 -25 -14 -6 -1 -2 -30
right_child=1 10 7 5 8 -7 17 -9 -10 16 13 12 25 14 -16 -17 -18 -19 -20 -21 -22 -23 -24 24 -26 -27 -28 -29 29 -31
leaf_value=-0.043427063873121868 -0.029426372664902313 0.015801504863459374 0.051279925085549405 0.011382059716361234 0.027244181408841064 -8.1519228866017721e-05 0.15872019111911034 -0.013262476920779743 -0.0068515026430379655 -0.0062644023805573561 0.00239064560691442 0.050408284231361858 0.08549070609236116 -0.0022860434397640674 0.05088393431048345 0.0092202483339161503 0.047353867332441513 0.060840904398617647 0.057420223043858167 -0.0074658361638691891 -0.027547890066251593 0.081371513651923161 -0.011542604653359817 0.03953146181469748 0.14237573837950954 0.040121592779783277 0.13386037388683636 -0.023241813563945848 0.097568659107617514 -0.0065643231793140779
leaf_weight=200.95992200635374 83.299178201705217 52.722696971148252 23.42538595944643 80.494191575795412 152.2691351249814 280.72808660939336 6.0098755508661261 66.573652844876051 338.12460261583328 157.52209467813373 273.95351796597242 56.446072392165661 38.575961604714394 32.319138020277023 56.588160663843155 73.534361302852631 19.414983000606298 33.5131342895329 22.934675686061382 88.432955700904131 166.08749078586698 13.488187186419962 52.158887680619955 27.282648265361786 4.9791508540511122 46.779619924724102 3.9158762805163851 223.62404382787645 7.1048080027103415 502.2609275598079
leaf_count=6047 1443 512 237 944 2034 3858 68 1008 5253 1997 2840 438 232 308 396 777 246 341 146 958 3332 126 866 246 48 365 42 4898 75 8972
internal_value=-0.000354894 0.0046709 -0.0264412 -0.0011854 -0.00513412 0.0104532 0.0249192 0.00353693 0.00340942 0.0138244 0.019511 0.0287224 0.0403932 0.00953663 0.0315558 0.0271068 -0.000380967 0.0757244 0.0145701 0.00821517 -0.0126923 0.0291591 0.0127434 0.0239776 0.055404 0.0606259 0.0299173 -0.0327957 -0.00852925 -0.00511184
internal_weight=3185.52 2670.94 514.583 1915.17 1430 485.166 204.438 89.999 671.247 333.122 755.775 392.915 215.336 362.861 88.9073 129.98 176.937 39.523 177.579 154.644 758.752 66.2109 164.915 112.756 32.2618 85.3556 156.185 424.584 592.665 509.366
internal_count=49053 36863 12190 29765 23394 6371 2513 1245 9572 4319 7098 3554 1812 3544 704 1215 2243 409 1742 1596 13822 638 2104 1238 294 597 2076 10945 10490 9047
is_linear=0
shrinkage=0.05


Tree=20
num_leaves=31
num_cat=0
split_feature=18 59 2 63 20 59 63 21 58 63 58 17 20 59 5 20 63 27 43 60 17 50 59 20 59 20 59 18 4 18
split_gain=178.403 113.3 51.8088 44.5749 41.7488 32.453 29.5308 27.5927 29.5148 40.6828 29.4381 25.0286 23.8097 23.0809 22.485 22.4296 26.2552 23.7656 23.2505 22.2134 19.5033 19.1306 28.5562 23.9559 18.3419 16.7188 16.5396 32.5963 16.2354 16.0534
threshold=0.0015049588247114159 0.0026117843672588278 -0.0031180310997364195 -0.0074789747326192693 -0.00077885867182680274 0.0071461762023173067 0.019353714228317064 0.0027348887282920647 0.0019395445756655607 0.015576982630448676 0.0096060326684295309 0.6432677582413503 0.0021904800684680414 -0.0025408045712124534 0.0056490377116819954 0.00024278196417148692 0.0069141893434967973 0.66051737330961291 8.2153749999999982e-05 0.35236026255823233 1.7327438344792203 -0.013425080662855839 -0.0070109487086862064 -0.0037755608472252594 0.026721717344316647 0.0043607355554682462 0.01204919805394793 0.0034739853266156479 199.21071428571307 0.0060020313292008408
decision_type=2 2 2 2 2 2 2 2 2 2 2 2 2 2 2 2 2 2 2 2 2 2 2 2 2 2 2 2 2 2
left_child=-1 2 21 -3 11 6 12 8 9 26 24 -5 20 -4 -12 16 17 -15 -18 28 -6 -2 -23 -24 -9 -8 -7 -28 -10 -26
right_child=1 3 13 4 5 7 25 10 19 -11 14 -13 -14 15 -16 -17 18 -19 -20 -21 -22 22 23 -25 29 -27 27 -29 -30 -31
leaf_value=-0.051352279611497159 0.024205942749152644 -0.034568779135824901 -0.025046862381615687 -0.0073669811867506131 0.0083631959716713132 0.0032736200821036989 0.076828967783299479 -0.0043346361408988805 0.083725325847434903 0.1325226740047116 0.054089088676098775 0.053390633259171955 -0.010131051794681878 -0.0038440723594579708 -0.033962066369969172 -0.017612087261182845 0.12029331967792817 0.1330703963538212 -0.0012392410374031197 0.062081565815267852 0.078608259278689266 -0.012797432754593194 0.027121289900292996 -0.00064166528578054325 0.080693028742106321 0.0016596171629745329 0.11690559494329361 0.018404253458708966 0.0098561652115590065 0.0085367980498917626
leaf_weight=162.69318254850805 102.46568782255054 47.611280731856823 310.51857831329107 20.473922491073608 238.3539064116776 140.42450679838657 20.401695884764194 215.73832053691149 8.8512625358998758 7.3512486740946761 48.260149352252483 98.485551454126835 271.97910687699914 311.80937604233623 8.5322734788060171 337.87807102501392 8.4324793219566327 3.2020428515970698 7.379218414425849 87.679304979741573 10.308717496693133 230.00869804620743 127.51904983073473 198.88404934108257 12.390243522822855 11.604729868471621 10.006896056234835 52.269541218876839 46.598017700016499 20.39914733171463
leaf_count=5435 1007 557 6786 232 3141 1447 159 2246 69 43 440 727 4111 5548 81 6551 90 50 97 654 111 3733 1477 3094 86 101 68 394 355 163
internal_value=-0.000351523 0.0023998 -0.00648797 0.0129673 0.0146688 0.0118926 0.00295851 0.0193906 0.0289069 0.0169755 0.0083826 0.0429337 9.28015e-05 -0.0137819 0.0408606 -0.00855095 0.000703414 -0.00245236 0.0635748 0.0464172 0.0112753 0.00435228 0.000696145 0.0102048 0.000960869 0.0495744 0.012785 0.034232 0.0216478 0.0358027
internal_weight=3178.51 3015.82 1638.1 1377.72 1330.11 1211.15 552.648 658.501 353.181 210.052 305.32 118.959 520.642 979.22 56.7924 668.701 330.823 315.011 15.8117 143.129 248.663 658.877 556.412 326.403 248.528 32.0064 202.701 62.2764 55.4493 32.7894
internal_count=49053 43618 28433 15185 14628 13669 7623 6046 3030 1952 3016 959 7363 19122 521 12336 5785 5598 187 1078 3252 9311 8304 4571 2495 260 1909 462 424 249
is_linear=0
shrinkage=0.05


Tree=21
num_leaves=31
num_cat=0
split_feature=18 59 20 59 63 20 63 59 58 59 12 2 59 59 62 63 54 17 21 38 45 38 20 59 59 49 35 6 7 20
split_gain=168.973 101.747 44.9576 44.2416 33.8711 36.0732 31.9635 31.8886 30.8995 30.2373 27.6867 27.54 33.2064 30.9234 26.4905 44.22 26.6047 21.6285 21.3002 19.5634 21.4283 19.5088 18.7073 29.9499 19.7718 17.146 16.4408 16.3231 51.2187 36.6622
threshold=0.0015049588247114159 0.0041285513528214711 -0.0016502161617147181 0.00079271975652838312 -0.0074789747326192693 0.0021904800684680414 0.0071557608011686381 -0.0024746295888892294 -0.0019135014033809705 0.0076929383145660458 0.36644002332684106 -0.0097081318085432845 -0.015943980570770767 -0.0091213094159296165 -0.0093702151253516486 -0.011116368576625076 -0.0017485639229302106 0.74061869728471574 -0.00066447769964612816 0.31424026844727188 -0.00042455695040079315 0.12436131508998836 0.0076993238308109922 0.021715369853913535 0.013164021193998532 0.00013745642933710294 0.46394574559922591 21.500000000000004 5.5000000000000009 0.0011658756006351107
decision_type=2 2 2 2 2 2 2 2 2 2 2 2 2 2 2 2 2 2 2 2 2 2 2 2 2 2 2 2 2 2
left_child=-1 2 3 11 -3 10 7 -4 26 21 -6 12 -2 -13 15 -15 -17 -11 -8 -20 -21 -7 24 -24 -19 -10 -5 -9 -29 -30
right_child=1 4 6 8 5 9 18 27 25 17 -12 13 -14 14 -16 16 -18 22 19 20 -22 -23 23 -25 -26 -27 -28 28 29 -31
leaf_value=-0.051254641156457198 -0.0062264901848099481 -0.034116355981167967 -0.034594483504465721 -0.0012938483685349354 -0.0060282945784748123 0.089209253218233656 0.11179767149436004 -0.012849248725939129 0.05105694745709069 0.00046112640730051207 0.036609213740459709 -0.026113864880390688 0.037513017725735634 -0.010751634208084136 -0.0018713718404384163 0.071644976241987249 0.23954794873629895 0.023636909105712024 0.0023327805246362286 0.16428464996638464 0.0039786678182344186 -0.0059723049876009944 -0.0041870332201877384 0.038398828057466292 0.057983091811417579 0.12733304100752726 0.08156067366697578 -0.0038912292126166131 0.23130398876411037 0.029472314124746893
leaf_weight=155.04593417234719 80.888073265552521 35.221993982791901 167.54401016235352 41.809694029390812 44.633202757686377 5.5004423670470706 5.368647873401641 681.61262676492333 29.403187185525894 145.3524037078023 259.07527059689164 137.89846796169877 93.609055332839489 12.390156902372839 443.97311798483133 6.9509845189750195 3.5715405791997892 148.43898002058268 86.130829423666 4.087339423596859 4.254498139023779 253.23873155936599 113.9359372779727 64.748519293963909 58.381254993379116 9.8309416696429235 6.9880081862211219 61.833066266030073 4.2130330353975278 4.8288531489670277
leaf_count=5435 1039 401 3760 486 500 73 70 12382 248 1462 2234 2540 977 181 7475 79 52 1423 1338 54 67 3428 1102 462 373 86 43 1127 73 83
internal_value=-0.000349454 0.00226772 -0.00483435 0.00353418 0.0141442 0.015699 -0.0119511 -0.014867 0.0371331 0.0100663 0.0303432 -0.000261327 0.0172376 -0.00531025 0.000834262 0.0532606 0.128634 0.0168972 0.0149191 0.00941371 0.0825255 -0.00394887 0.0230943 0.0112445 0.0333322 0.0701695 0.0105712 -0.0104746 0.0123626 0.123515
internal_weight=3170.76 3015.71 1887.19 867.313 1128.53 1093.3 1019.87 920.032 88.0318 789.596 303.708 779.281 174.497 604.784 466.886 22.9127 10.5225 530.857 99.8413 94.4727 8.34184 258.739 385.505 178.684 206.82 39.2341 48.7977 752.488 70.875 9.04189
internal_count=49053 43618 32160 13206 11458 11057 18954 17425 863 8323 2734 12343 2016 10327 7787 312 131 4822 1529 1459 121 3501 3360 1564 1796 334 529 13665 1283 156
is_linear=0
shrinkage=0.05


Tree=22
num_leaves=31
num_cat=0
split_feature=18 63 3 21 58 63 60 4 18 17 6 51 38 62 64 42 4 26 6 1 6 7 18 37 60 58 21 43 4 60
split_gain=160.057 55.5006 46.8724 37.9089 36.3821 29.4636 26.2912 26.5737 25.3516 23.2223 23.1873 31.2305 22.8468 21.9448 29.3162 27.4298 26.9521 20.5371 20.1151 18.8972 18.8473 27.6113 19.1565 20.7724 18.9054 21.1699 17.7721 17.7358 17.7198 19.5374
threshold=0.0015049588247114159 0.0069141893434967973 0.0053120087324452945 0.0016753694121184354 0.00062859520055519747 0.017274106938078924 0.0015741243249390747 397.28214285714324 0.002359012032200541 0.69981818922572958 22.500000000000004 1.0000000180025095e-35 0.26484009379465284 0.015397581022628544 0.46722887570127886 4.7505000000000007e-05 332.66785714285788 1.3299132608803419 4.5000000000000009 0.0021287129339992686 15.500000000000002 5.5000000000000009 0.0036395989749851859 0.1761379785214415 0.34913831930235978 -0.0030932404210676843 -0.0011413260300944623 -9.2849999999999983e-06 230.42821428571423 0.99070884522252911
decision_type=2 2 2 2 2 2 2 2 2 2 2 2 2 2 2 2 2 2 2 2 2 2 2 2 2 2 2 2 2 2
left_child=-1 2 4 13 18 -5 -6 8 10 -4 -8 -12 28 14 15 16 -3 -11 -2 -14 22 -22 -20 24 25 -24 -16 -9 29 -10
right_child=1 3 9 5 6 -7 7 27 12 17 11 -13 19 -15 26 -17 -18 -19 20 -21 21 -23 23 -25 -26 -27 -28 -29 -30 -31
leaf_value=-0.051160458664995925 -0.022892701034623694 0.025674683116594071 -0.039207194432313332 -0.020995704390321571 -0.025721303974494653 0.022371788481255886 -0.0074447900871112251 0.063610748632411923 0.022572492754566402 0.013300853304639499 0.16078712798502237 0.0044704808087493537 0.02235958573551286 -0.02810327314458811 0.13356229145812334 -0.0087228535266489337 0.1416229341306709 0.11358983592354757 -0.0050331592328433442 0.065525703280915573 -0.020044710687027151 0.019865533342935657 0.18841376899229378 0.007278621705765688 0.016122695192807325 0.04934391162066401 0.058445845124436679 -0.016846288940609057 0.0039725753173445845 0.10963054147927571
leaf_weight=147.74892644397914 233.6423621699214 16.198999110609297 21.101649735122919 62.815391972661018 72.509827084839344 104.02187460288405 236.37808591499925 7.176538322120904 78.209016788750887 564.55535212531686 4.8829327002167675 9.2449799999594688 96.369491405785084 10.580197267234324 8.9555412232875806 34.038574814796448 7.2573278956115237 5.1513126157224169 395.96707823127508 34.40651972964406 329.36430511251092 49.903016198426485 4.6963933445513248 81.488956831395626 11.44883071258664 6.5572292096912879 65.216320440173149 150.34143011271954 306.51164015009999 7.023212067782878
leaf_count=5435 3947 191 281 818 1268 993 4218 104 1137 6191 85 156 1335 137 82 470 60 53 6781 434 5372 809 56 1179 143 76 713 2053 4397 79
internal_value=-0.00034928 0.00213986 -0.00015207 0.0222124 -0.00362858 0.00604363 0.00327768 0.00553733 0.00935146 0.0122999 -0.00372583 0.0584971 0.015621 0.0411763 0.0467433 0.019946 0.0615488 0.0142077 -0.00985222 0.0337164 -0.00638768 -0.0147934 -1.36508e-05 0.0190624 0.0613595 0.107381 0.0675154 -0.0131807 0.00958017 0.0297462
internal_weight=3163.76 3016.01 2706.93 309.084 2116.12 166.837 1003.05 930.544 773.026 590.808 250.506 14.1279 522.52 142.247 131.667 57.4949 23.4563 569.707 1113.07 130.776 879.426 379.267 500.158 104.191 22.7025 11.2536 74.1719 157.518 391.744 85.2322
internal_count=49053 43618 40154 3464 33629 1811 15266 13998 11841 6525 4459 241 7382 1653 1516 721 251 6244 18363 1769 14416 6181 8235 1454 275 132 795 2157 5613 1216
is_linear=0
shrinkage=0.05


Tree=23
num_leaves=31
num_cat=0
split_feature=18 59 20 63 38 59 59 20 63 2 59 19 20 59 63 12 38 6 37 20 6 59 4 6 58 15 19 21 59 5
split_gain=151.646 91.3161 45.5171 36.9895 34.7654 31.1004 30.5189 26.3853 26.8801 25.8699 24.8837 31.0419 29.6063 23.1607 22.2983 22.0525 19.3951 27.1981 28.1137 23.8619 18.5574 17.4433 23.1401 16.2337 16.013 22.6713 20.2882 16.2867 20.6389 35.2705
threshold=0.0015049588247114159 0.0026117843672588278 -0.0034237410945002211 -0.0074789747326192693 0.30929897949684199 -0.0066482548875867924 -0.0024746295888892294 0.00024278196417148692 0.0085843851486314769 -0.0097081318085432845 0.016264930442758192 0.0017440550055816846 0.0092887778321294173 -0.015943980570770767 0.0015074563129713564 0.60784740317381603 0.19241796594185159 1.5000000000000002 0.36755410742067357 -0.002067755535882895 20.500000000000004 0.0041285513528214711 243.05714285714205 5.5000000000000009 0.0084443228413062978 0.35526641318784241 0.003987088280865689 0.0026651481205561076 0.008705694615118208 0.0023737802385266171
decision_type=2 2 2 2 2 2 2 2 2 2 2 2 2 2 2 2 2 2 2 2 2 2 2 2 2 2 2 2 2 2
left_child=-1 2 5 -3 10 9 -4 8 -8 13 11 16 -12 -2 15 -7 -5 18 -18 20 -19 -21 -23 -6 27 -26 -27 28 -13 -30
right_child=1 3 6 4 23 14 7 -9 -10 -11 12 24 -14 -15 -16 -17 17 19 -20 21 -22 22 -24 -25 25 26 -28 -29 29 -31
leaf_value=-0.051069470343259704 -0.0063127749571258345 -0.033078117003436741 -0.024360578371573099 0.00012536705016641891 -0.0040557876375658915 -0.014602896214557119 -0.00035771527914531362 -0.01628968469239429 0.059223822913371027 -0.016445562560099752 0.050462818712093106 -0.0082546620516799948 0.011259200573138695 0.033480884300717197 0.087395390367548481 0.025289175361884009 0.10762512137208263 0.072887278271120015 0.0073252014967719577 -0.003823893454508444 -0.012784127167433943 0.041958159817289474 0.0088554363956940187 0.047898350778319089 -0.0013605290359411 0.11238866253527474 -0.00028114208684620656 -0.020157903438323521 0.045543110027183364 -0.009148325065895831
leaf_weight=140.78722400590777 80.958479464054108 45.268161624670029 342.28337815403938 148.29315639287233 17.902892164885998 44.274714257568121 365.35007810592651 346.2052106000483 19.96428432688117 183.8057219311595 78.744615353643894 207.6189079284668 123.9844121709466 66.681513089686632 11.769454780966042 159.26043181866407 17.587875038385395 30.280910447239876 11.59059079736471 102.53958107158542 7.9885587617754927 83.470696780830622 143.64612350612879 93.874849211424589 27.717959374189377 11.033494021743538 6.2636937685310832 122.44931898638606 58.404042199254036 59.522607393562794
leaf_count=5435 1036 557 7395 1873 175 691 6250 6785 198 3321 491 2942 981 727 101 1929 180 196 130 1497 64 821 1375 783 305 108 68 1545 485 609
internal_value=-0.000346339 0.00201928 -0.00605831 0.0113815 0.0128691 0.00568508 -0.0120377 -0.00627174 0.00272938 -0.00392615 0.0104638 0.00733563 0.0264868 0.01166 0.0204809 0.0166115 0.0155549 0.0213168 0.0677829 0.0176318 0.0550038 0.0132933 0.0210215 0.0395771 -0.00175698 0.0266703 0.0715884 -0.00461339 0.00123345 0.017938
internal_weight=3159.52 3018.74 1620.55 1398.18 1352.91 546.75 1073.8 731.52 385.314 331.446 1241.14 1038.41 202.729 147.64 215.305 203.535 545.397 397.104 29.1785 367.926 38.2695 329.656 227.117 111.778 493.01 45.0151 17.2972 447.995 325.546 117.927
internal_count=49053 43618 28433 15185 14628 7805 20628 13233 6448 5084 13670 12198 1472 1763 2721 2620 6136 4263 310 3953 260 3693 2196 958 6062 481 176 5581 4036 1094
is_linear=0
shrinkage=0.05


Tree=24
num_leaves=31
num_cat=0
split_feature=18 59 20 63 63 38 59 59 18 19 63 43 20 17 63 21 19 60 59 59 42 42 9 18 59 32 5 20 50 1
split_gain=143.706 82.075 41.6761 33.8369 33.6856 30.4629 27.2317 26.0018 28.38 26.5279 23.1868 21.9598 21.659 21.2944 20.6809 20.0735 19.4792 20.5799 18.8282 17.3144 17.3978 23.5497 16.9875 23.3764 19.6198 16.5412 16.0547 15.7415 15.6882 15.4869
threshold=0.0015049588247114159 0.0026117843672588278 -0.0030732943684944258 0.0015074563129713564 -0.0074789747326192693 0.25149491286016928 -0.0024746295888892294 -0.003727005241700184 0.003894347054414589 -0.005312703164630085 0.030247327686553905 4.10275e-05 0.00024278196417148692 1.6668564454360755 0.0069141893434967973 -0.00051428136410207076 7.9370234711033142e-05 0.11352130148095628 -0.01433298232347424 -0.010762150084317985 1.2285000000000002e-05 1.0335000000000002e-05 1.0000000180025095e-35 0.00189523585173375 0.017149476301002154 2.5000000000000004 0.0015291703138646899 -0.016022840779575758 0.0072357793862296129 0.00043939252980098052
decision_type=2 2 2 2 2 2 2 2 2 2 2 2 2 2 2 2 2 2 2 2 2 2 2 2 2 2 2 2 2 2
left_child=-1 2 3 7 -3 10 -4 9 -9 18 13 -12 14 -6 28 -15 17 -7 -2 -11 21 -21 24 -24 -18 -5 -14 -20 -8 -19
right_child=1 4 6 25 5 16 12 8 -10 19 11 -13 26 15 -16 -17 22 29 27 20 -22 -23 23 -25 -26 -27 -28 -29 -30 -31
leaf_value=-0.050981417426050751 -0.003223625309187809 -0.032276734866555148 -0.024528531023110305 0.029661911377360736 0.0028615689089152747 0.10378320653773672 -0.0033204310056570083 0.041852504587291388 -0.0046811725772377749 -0.033911385454705581 0.090676657982142098 0.012217237177812569 -0.030309893900100329 0.10722151451702538 0.045143112800043808 0.020619785380222914 0.0067196717107051553 0.026720621609442465 0.093558176132874649 0.015913505517564555 -0.011078625276006452 0.16892972026705366 -0.055249982956994653 0.045067982485130602 0.059614659496286262 0.10902478066907517 -0.0076520940124537654 0.021893284150535215 0.059873051604525329 0.099205199592238724
leaf_weight=134.14643788337708 96.534921109676361 44.10245680436492 302.79607545211911 18.688416656106714 807.27853540703654 12.47604265809059 333.95788605138659 74.381237424910069 58.563203789293766 76.494771938771009 15.822893954813479 20.437257878482342 121.30544006824493 7.149840146303176 25.572693843394518 104.33616650849581 217.47201609611511 68.35911587625742 8.6606225892901403 17.952046941965822 166.32957150787115 2.9240610636770716 6.2889254316687575 75.799540124833584 19.068081222474575 10.121345419436691 219.92293803021312 66.492114450782537 10.11887291073799 8.2594185322523099
leaf_count=5435 1248 557 6747 194 9534 102 5801 929 665 1531 103 146 2709 55 255 970 2284 481 61 303 2953 52 107 699 97 110 4076 632 167 50
internal_value=-0.000343723 0.00190731 -0.0057989 0.00467964 0.0107308 0.0121226 -0.0119717 0.00199989 0.021354 -0.00390983 0.00723808 0.0464547 -0.00662312 0.00569035 0.0017622 0.0261737 0.0235638 0.0442314 0.0113859 -0.0138684 -0.00567858 0.0373461 0.0177848 0.0373825 0.0109837 0.0575434 -0.0157069 0.030152 -0.00146199 0.0345344
internal_weight=3151.81 3017.67 1610.82 597.142 1406.85 1362.75 1013.67 568.333 132.944 435.388 955.025 36.2602 710.878 918.765 369.649 111.486 407.723 89.0946 171.688 263.7 187.206 20.8761 318.629 82.0885 236.54 28.8098 341.228 75.1527 344.077 76.6185
internal_count=49053 43618 28433 8678 15185 14628 19755 8374 1594 6780 10808 249 13008 10559 6223 1025 3820 633 1941 4839 3308 355 3187 806 2381 304 6785 693 5968 531
is_linear=0
shrinkage=0.05


Tree=25
num_leaves=31
num_cat=0
split_feature=18 59 3 6 59 19 63 20 6 6 40 37 1 17 58 37 58 4 19 59 20 64 32 50 0 12 20 59 18 58
split_gain=136.207 75.1973 30.9774 34.0763 33.604 36.442 24.3469 27.025 22.3954 20.8521 20.7235 19.4866 21.0547 17.2523 18.8513 19.0809 17.1452 28.3443 16.9644 17.0184 16.7585 25.9035 17.7948 20.9147 26.4118 16.3971 15.4856 20.5419 23.814 18.2234
threshold=0.0015049588247114159 0.0064530211313289692 0.0040178535902566162 14.500000000000002 -0.00019262481387795065 0.00061111054930168345 -0.0087852538170757662 0.0026372743053877995 21.500000000000004 11.500000000000002 1.0000000180025095e-35 0.30945408470787023 0.00073597768524920782 1.3468527993336326 0.0084443228413062978 0.013542311704210655 -0.0009401072710488956 279.6749999999999 -0.00080290607281469561 -0.0041171328632727206 -0.0017762059209727552 0.63535155610816429 7.5000000000000009 -0.0023332885268122368 -0.00035626550309072043 0.35170688329697308 0.0054933008152899887 0.01204919805394793 0.0035532248409233052 0.0067928661492355881
decision_type=2 2 2 2 2 2 2 2 2 2 2 2 2 2 2 2 2 2 2 2 2 2 2 2 2 2 2 2 2 2
left_child=-1 2 4 9 18 11 -3 8 25 -4 -5 20 -13 14 15 -9 -14 -18 19 -2 21 -6 -22 24 -24 -8 27 29 -29 -17
right_child=1 6 3 10 5 -7 7 13 -10 -11 -12 12 16 -15 -16 26 17 -19 -20 -21 22 -23 23 -25 -26 -27 -28 28 -30 -31
leaf_value=-0.050896057559180787 -0.01806500915947306 -0.041084242354466671 0.006633053952807659 -0.0020149539666226633 0.034599375054235416 -0.010744492683338158 -0.0058160014216329312 0.064555310421048145 -0.019055736214847255 0.030985700532912632 -0.044821316371474851 -0.0088809712917289115 -0.0025400625262123316 0.024697784021108456 0.029378416735831133 -0.0045603456566280049 0.16368911118441248 0.016220643712483863 -0.024548674965151753 0.0027230196147391013 0.0059561245197526334 0.16046635004841051 0.037559798064533086 0.021751189278996847 0.19179923905532734 0.044459654347183408 -0.010534568982292542 0.1055077728832931 0.019110246470024499 0.072131810040631572
leaf_weight=127.81266258656979 215.10442179441452 19.072949666529894 225.93256491795182 280.60460001602769 30.776510633528233 416.7994688488543 18.248049132525921 11.606423877179621 18.578745607286692 143.87956119701266 31.442027524113655 158.18642615526915 12.318345557898285 168.71358058601618 71.968635752797127 123.6449383571744 5.6948294900357705 7.6161844059824944 284.5859828107059 181.5493991766125 154.67522303760052 4.7137257531285277 6.8896354008466005 33.873358584940434 4.6480179354548437 145.76793295517564 188.21773193031549 10.476472064852713 33.412662386894226 8.2634979486465436
leaf_count=5435 4354 215 3053 3813 315 6978 182 108 179 1809 502 2175 169 1342 651 1335 77 97 6531 3222 2398 41 91 519 62 1051 1966 58 251 74
internal_value=-0.00033994 0.00180164 -0.00301221 0.00584014 -0.00699002 -0.000274056 0.0147447 0.0160776 0.0329726 0.0161077 -0.00632815 0.0101316 -0.00206956 0.011072 0.00593592 0.00144436 0.039971 0.0793118 -0.0152336 -0.00855028 0.019652 0.0513167 0.0140355 0.0415548 0.0996961 0.0388661 -0.000567893 0.0101029 0.0397336 0.000244089
internal_weight=3145.07 3017.26 2199.29 681.859 1517.43 836.192 817.972 798.899 182.595 369.812 312.047 419.392 183.816 616.304 447.59 375.622 25.6294 13.311 681.24 396.654 235.576 35.4902 200.086 45.411 11.5377 164.016 364.015 175.798 43.8891 131.908
internal_count=49053 43618 36206 9177 27029 12922 7412 7197 1412 4862 4315 5944 2518 5785 4443 3792 343 174 14107 7576 3426 356 3070 672 153 1233 3684 1718 309 1409
is_linear=0
shrinkage=0.05


Tree=26
num_leaves=31
num_cat=0
split_feature=18 59 23 59 3 23 12 59 59 2 63 32 47 63 12 23 63 37 4 59 21 6 12 4 63 6 59 5 15 60
split_gain=129.117 68.3587 39.9167 26.9602 26.4982 25.9856 34.5623 31.5692 23.3052 21.7035 23.2978 26.3444 20.7742 19.7778 18.5839 17.9875 22.6266 17.9848 17.6132 20.7597 24.0092 19.4281 22.2345 18.4552 17.5579 18.1842 17.4079 26.9396 19.3212 18.6344
threshold=0.0015049588247114159 0.0021892439541186539 -0.00034120590875668847 -0.010762150084317985 0.0063842220170163676 0.00012301899615851195 0.45681672054658484 0.0072787511613084796 -0.0024746295888892294 -0.0097081318085432845 0.0018882830685988024 2.5000000000000004 -0.00054737716938210973 0.019353714228317064 1.7179967433687493 2.4284092157720986e-05 0.0076818818530242387 0.37134768590712181 397.28214285714324 0.026721717344316647 0.0042985165828397917 12.500000000000002 0.35625229714401135 150.2999999999993 0.024575330018445033 21.500000000000004 -0.0028455106967918303 0.0018410707653207122 0.096710644485301672 0.26618762048515615
decision_type=2 2 2 2 2 2 2 2 2 2 2 2 2 2 2 2 2 2 2 2 2 2 2 2 2 2 2 2 2 2
left_child=-1 2 3 4 -2 6 -3 13 -4 12 26 -12 -5 -7 -8 16 -10 -14 21 -20 -21 23 -23 -9 25 -17 -11 28 -28 -30
right_child=1 5 8 9 -6 7 14 18 15 10 11 -13 17 -15 -16 24 -18 -19 19 20 -22 22 -24 -25 -26 -27 27 -29 29 -31
leaf_value=-0.050813161899040109 -0.027928701227410924 -0.0054180945835188461 -0.022712012191329369 0.12062159473887386 0.0080703200034362346 -0.0071579282481137145 0.024708701131835292 0.096877373910554343 -0.0020703091869574866 -0.0033461191983807249 0.011449441237489484 0.15130373569529976 0.080740109708527102 0.03256695005017568 0.064910844818161881 -0.021476268430012616 0.050237899605839964 0.012886406705337619 -0.0028724656590281765 0.10659084193508457 0.015572534979006448 0.097598777525983935 0.027001225744543823 0.0057585886642204402 0.060796565515563283 0.022475430132790738 0.0086049319175139898 0.0065517783176937466 0.18256302777226668 0.062228273510427659
leaf_weight=121.77252735942602 98.279840361326933 95.91974700242281 324.96177459508181 7.2601803466677657 106.52500123903155 439.97850031033158 253.87853012606502 5.7352447956800452 341.08162301778793 190.79106845334172 7.8448186852037889 5.899558313190937 13.125049311667679 33.734726063907146 32.416503757238388 260.32990837469697 22.007720526307821 38.153043258935213 229.36703244224191 9.1883869022130948 34.262439824640751 11.957428582012652 165.76274114474654 178.838024597615 7.343381915241479 25.872095596045256 7.5109334029257324 55.262769121676683 5.2293395921587935 8.3609744273126108
leaf_count=5435 1818 1215 7395 52 1303 6528 2448 48 5913 3134 81 54 115 267 207 5394 213 325 2191 43 262 103 1364 1668 94 513 78 636 65 91
internal_value=-0.000336072 0.00170137 -0.00573872 0.00512213 -0.00920456 0.00931511 0.0205578 0.00543973 -0.0117605 0.0137663 0.0079947 0.0714797 0.0414619 -0.00432898 0.0292607 -0.00634066 0.00110022 0.0302541 0.012726 0.00313067 0.0348198 0.0199515 0.0317512 0.00858992 -0.0155444 -0.0175031 0.00472858 0.0249027 0.0729627 0.108531
internal_weight=3138.65 3016.88 1525.84 544.243 204.805 1491.04 382.215 1108.82 981.597 339.438 280.899 13.7444 58.5383 473.713 286.295 656.635 363.089 51.2781 635.111 272.818 43.4508 362.293 177.72 184.573 293.545 286.202 267.155 76.364 21.1012 13.5903
internal_count=49053 43618 27274 7752 3121 16344 3870 12474 19522 4631 4139 135 492 6795 2655 12127 6126 440 5679 2496 305 3183 1467 1716 6001 5907 4004 870 234 156
is_linear=0
shrinkage=0.05


Tree=27
num_leaves=31
num_cat=0
split_feature=18 59 20 59 59 5 19 4 59 60 17 50 59 62 13 5 34 59 37 47 20 59 58 58 32 21 60 61 16 14
split_gain=122.414 62.3086 33.7952 30.2467 24.4462 24.0528 23.5546 28.3788 25.4991 22.3296 18.8112 17.6508 25.7658 18.3759 18.941 15.752 15.3817 15.6537 15.419 15.3502 15.2413 24.4646 16.3216 15.1478 25.4993 21.2901 22.7041 21.2595 20.4801 34.8173
threshold=0.0015049588247114159 0.0041285513528214711 -0.0016502161617147181 0.00079271975652838312 -0.0024746295888892294 0.0023433143548366605 0.0015795644788320837 210.67857142857042 0.0080378432040989073 0.32628882674928322 0.74061869728471574 -0.0090017932853699318 -0.0091213094159296165 -0.0093702151253516486 0.4284319480563637 0.0012322452639378413 0.54591759689024955 0.01852754674717744 0.91208710435255347 -0.00039926493588416328 0.0076993238308109922 0.021715369853913535 0.00080434180116298575 -0.00085881254621947289 20.500000000000004 0.0013364673035399695 0.92733420514802634 1.0000000180025095e-35 0.042275452148247149 0.39716192454441968
decision_type=2 2 2 2 2 2 2 2 2 2 2 2 2 2 2 2 2 2 2 2 2 2 2 2 2 2 2 2 2 2
left_child=-1 2 3 11 -4 -5 7 9 -8 -3 -10 -2 -13 -14 -15 -6 17 18 -9 -11 22 -22 -12 -17 25 26 -25 28 -28 -30
right_child=1 6 4 5 15 -7 8 16 10 19 20 12 13 14 -16 23 -18 -19 -20 -21 21 -23 -24 24 -26 -27 27 -29 29 -31
leaf_value=-0.050732497626537636 0.012913312312707724 0.021678562422712766 -0.027752537648853104 0.054628838522317529 -0.022120769239526224 0.003791616744170662 -0.0084249113049909286 0.013147319437996388 -0.0051304108138892704 0.097578576309151788 0.0095940963564610619 -0.022056388915224667 0.045527241017274012 -0.0041457216162117177 0.032952011341481117 -0.014549295869727502 0.066026650060533057 0.064736417144651365 -0.021365041562629077 0.034068013792287404 -0.0067451886210133294 0.031068435137178427 0.040382217619495508 0.0044393631949523962 0.13859676361337009 -0.01420772338668333 -0.037490471569331343 -0.054521976573374778 0.024612729890745672 0.17304044799738327
leaf_weight=116.01315303705633 193.97532788291574 45.66682692989707 168.90607068687677 48.060155585408211 139.90164034627378 45.102080877870321 235.37395080551505 295.50493677332997 124.58688823133707 24.426531422883272 72.746764086186886 153.73460581898689 22.768912002444267 364.51387348212302 37.993327248841524 217.47466797754169 13.436098270118235 13.27584909647703 36.343021120876074 15.583707667887209 115.34576819837093 67.985539831221104 105.43567822128534 271.22519005835056 3.3657381795346728 160.07964487373829 3.2089982256293359 3.6194743923842898 7.6726185567677012 8.1454340629279596
leaf_count=5435 2128 463 4135 413 3301 450 3189 2697 1251 207 640 2926 292 6485 512 3806 80 83 341 141 1084 456 826 4578 52 2698 61 57 132 134
internal_value=-0.000332118 0.00160693 -0.00409874 0.00310328 -0.0104408 0.0300173 0.0106607 0.0197183 0.00508355 0.0455712 0.0116245 -0.000140464 -0.00451363 0.00182796 -0.000644005 -0.00685162 0.0135408 0.0114975 0.00936763 0.0728417 0.0173986 0.0072774 0.0278123 -0.00368593 0.00148008 0.000463454 0.00845523 0.0565511 0.0776803 0.101045
internal_weight=3131.47 3015.46 1849.75 866.148 983.599 93.1622 1165.71 444.237 721.475 85.6771 486.101 772.986 579.011 425.276 402.507 814.693 358.56 345.124 331.848 40.0102 361.514 183.331 178.182 674.792 457.317 453.951 293.872 22.6465 19.0271 15.8181
internal_count=49053 43618 32160 13206 18954 863 11458 4012 7446 811 4257 12343 10215 7289 6997 14819 3201 3121 3038 348 3006 1540 1466 11518 7712 7660 4962 384 327 266
is_linear=0
shrinkage=0.05


Tree=28
num_leaves=31
num_cat=0
split_feature=18 59 63 20 20 63 59 3 6 62 64 59 58 63 13 37 47 6 6 37 4 41 37 20 58 20 7 50 37 47
split_gain=116.072 56.4425 32.1559 31.9724 25.3916 24.6446 23.9766 23.0428 22.6792 21.3424 25.6148 20.556 19.1988 22.4845 18.9725 20.3734 19.1316 18.8118 37.2303 30.6655 18.4955 18.4602 31.4898 24.6253 17.7322 17.0126 19.3047 21.2676 23.467 35.8777
threshold=0.0015049588247114159 0.0028031250996612711 -0.0074789747326192693 -0.003870457714869908 -0.00077885867182680274 0.0071557608011686381 -0.010762150084317985 0.0063842220170163676 20.500000000000004 -0.0091482616760727217 0.92626249548556383 -0.0041171328632727206 0.0084443228413062978 0.017847909021788882 0.069123000144670918 0.18388791951717304 -0.00048762747347472961 10.500000000000002 15.500000000000002 0.14617501349515391 139.70357142857134 6.5510000000000001e-05 0.18906596438971968 0.007178529680225588 0.00017858492230690123 0.00088033662215962374 2.5000000000000004 0.011456652815316949 0.085348388260700819 -0.00033631768866477265
decision_type=2 2 2 2 2 2 2 2 2 2 2 2 2 2 2 2 2 2 2 2 2 2 2 2 2 2 2 2 2 2
left_child=-1 3 -3 6 8 11 7 -2 -4 10 -7 -5 13 17 15 -14 -16 19 21 -6 -21 22 -19 -24 -15 26 27 28 29 -13
right_child=1 2 4 5 12 9 -8 -9 -10 -11 -12 25 14 24 16 -17 -18 18 -20 20 -22 -23 23 -25 -26 -27 -28 -29 -30 -31
leaf_value=-0.050653851232297355 -0.026141283635643608 -0.03443357456896582 0.040928770988737935 -0.026494634528852298 0.015170826747886182 0.13735037356713795 0.014555119023510796 0.008012916293551468 -0.01824095097903931 0.0050128703350994673 -0.00021378857104879033 0.0071208667343295277 0.11519778599980357 0.071688707099085036 0.060776056520915403 0.034283594009698486 0.00095830407045368259 -0.0089151175681268218 -0.00074734341983266877 0.081350303709786381 -0.015431661687858115 0.01143178579598445 0.071448972018168133 0.016436048735406796 0.017760799163655881 -0.019540281376671367 -0.011627371030391822 0.14470608466402851 -0.0022334456146389571 0.10154308065326532
leaf_weight=110.52215950377285 92.124739784747362 41.626911778002977 104.62242210283875 194.65652897953987 136.49820962548256 7.18411837518215 300.69195903837681 106.444619320333 19.160337563604116 84.274754341691732 6.3971802964806557 31.427213767543435 10.149450551718472 20.26573770493269 16.594404652714729 33.31673976033926 68.72743621096015 26.726970057934523 360.60739386081696 5.0261476412415496 276.66468195617199 129.62737185135484 60.093846693634987 30.751310184597969 61.504668321460485 242.43897526338696 332.10099899768829 2.7661995105445376 197.24553425423801 14.797306438907979
leaf_count=5435 1756 541 720 4565 1675 86 3889 1289 184 1291 89 606 74 134 139 303 625 283 4060 58 3282 1267 609 263 482 5088 6470 47 3483 260
internal_value=-0.0003282 0.00151691 0.00885448 -0.00486244 0.0101791 -0.00957722 0.00565091 -0.00783266 0.0317699 0.0143868 0.0725537 -0.0118866 0.00801781 0.00589352 0.0262898 0.0531772 0.0125924 0.00388252 0.00949837 -0.00427971 -0.0137048 0.0244445 0.0387915 0.052827 0.0311261 -0.00842213 -0.0037614 0.0068475 0.00528121 0.0373471
internal_weight=3125.04 3014.51 1401.96 1612.55 1360.34 1113.29 499.261 198.569 123.783 97.8561 13.5813 1015.43 1236.55 1107.77 128.788 43.4662 85.3218 1026 607.807 418.189 281.691 247.199 117.572 90.8452 81.7704 820.776 578.337 246.236 243.47 46.2245
internal_count=49053 43618 14699 28919 14158 21985 6934 3045 904 1466 175 20519 13254 12113 1141 377 764 11497 6482 5015 3340 2422 1155 872 616 15954 10866 4396 4349 866
is_linear=0
shrinkage=0.05


Tree=29
num_leaves=31
num_cat=0
split_feature=18 59 5 21 63 63 63 20 50 59 21 59 58 62 20 6 7 1 19 59 6 6 60 6 59 21 58 5 38 16
split_gain=110.067 52.3919 24.7369 27.4718 26.5779 23.9778 20.3698 21.4735 18.9617 24.8681 19.491 23.3447 21.2846 24.4179 34.6104 18.9244 18.627 20.7323 29.699 22.2934 18.1536 18.052 17.6173 22.196 16.4713 22.8178 33.9036 22.0933 17.1683 33.3108
threshold=0.0015049588247114159 0.0064530211313289692 0.0013264448170366044 0.0029408314866833049 -0.004006423017100187 0.02271896200263487 -0.011444032091124984 0.0026372743053877995 -0.013425080662855839 -0.0093969255485101336 0.0012632035972866456 0.0037914217620106405 0.0019395445756655607 -0.0035300855212810661 -0.0023300436686799521 6.5000000000000009 5.5000000000000009 0.0034550715909165502 0.0021631991381574497 0.0043155299949191274 21.500000000000004 20.500000000000004 0.94793273299981273 13.500000000000002 -0.00019262481387795065 -0.00040447547971032084 0.0031206327700342138 0.0020904214122554024 0.32498936567260905 0.12796006130504531
decision_type=2 2 2 2 2 2 2 2 2 2 2 2 2 2 2 2 2 2 2 2 2 2 2 2 2 2 2 2 2 2
left_child=-1 2 -2 4 -4 8 -3 20 -6 -10 12 -12 13 14 -11 -15 21 19 -19 -18 -8 -17 -13 -24 -14 26 27 -26 -27 -30
right_child=1 6 3 -5 5 -7 7 -9 9 10 11 22 24 15 -16 16 17 18 -20 -21 -22 -23 23 -25 25 28 -28 -29 29 -31
leaf_value=-0.050577011714144741 -0.014729943876147251 -0.042019084977043084 -0.01673144232332123 -0.028180927123523769 0.024159796980186228 0.04496733229554576 0.033000143213579788 0.0087401932881794996 -0.018669071941587349 0.099576107368402444 -0.022060564738917501 0.0018003280508000906 0.0056355158817366245 -0.014388391859802558 0.0063106717625503773 0.00592631084696622 0.0089918018030546529 0.2051705267344639 0.0099871219858281377 0.12866941631674172 -0.019102264463407771 -0.018955558352415997 0.14333403026300595 0.0028995266622078093 0.20852823225958797 0.01286231115433021 0.025414536763264762 0.064876069402354783 -0.023925530593144419 0.12924656223451642
leaf_weight=105.28764339722693 355.26463663578033 17.063909396529198 187.51036727055907 84.297541953623295 92.892133191227913 33.615773811936378 171.36390856653452 631.26889219880104 146.469801325351 14.862441964447497 148.02765352092683 82.403086427599192 152.69320937432349 188.33128080330789 30.078757259994745 346.77971771545708 46.24935837648809 3.8616921119391909 3.9347069896757603 4.2487442865967742 18.525481186807156 92.29685590416193 5.2700804807245714 6.0363725796341896 5.5769210718572158 108.38306372985244 16.519748140126467 5.1465717926621437 5.7887462377548209 9.1758525706827623
leaf_count=5435 7555 199 3012 1403 854 288 1238 5796 2737 138 2725 1090 2875 3193 464 5329 735 65 67 46 179 1554 65 80 53 1468 184 47 64 115
internal_value=-0.000325091 0.00143039 -0.0026614 -0.000306203 0.00104723 0.00319988 0.0120512 0.0131748 0.00227314 0.000843527 0.00308393 -0.00969787 0.00607238 0.00145038 0.0371544 -0.000889669 0.00422167 0.0307774 0.106665 0.0190611 0.0279171 0.000695974 0.00983077 0.0683578 0.0172073 0.0289405 0.0703542 0.139585 0.0197937 0.0699951
internal_weight=3119.22 3013.94 2175.72 1820.45 1736.15 1548.64 838.222 821.158 1515.03 1422.13 1275.66 241.737 1033.93 730.644 44.9412 685.702 497.371 58.2945 7.7964 50.4981 189.889 439.077 93.7095 11.3065 303.284 150.591 27.2432 10.7235 123.348 14.9646
internal_count=49053 43618 36206 28651 27248 24236 7412 7213 23948 23094 20357 3960 16397 11591 602 10989 7796 913 132 781 1417 6883 1235 145 4806 1931 284 100 1647 179
is_linear=0
shrinkage=0.05


Tree=30
num_leaves=31
num_cat=0
split_feature=18 59 20 20 12 59 20 37 59 20 3 63 58 21 59 58 4 4 59 37 5 38 58 6 18 43 32 21 63 11
split_gain=104.383 48.91 37.6013 22.5886 33.2642 23.9589 21.7015 20.2594 18.8732 20.9401 18.4879 18.3173 23.0636 23.1919 24.4539 21.7207 19.684 18.5602 17.6959 17.5772 24.2034 17.3768 22.445 18.6698 17.2904 16.8684 18.3287 16.7589 15.5782 16.4841
threshold=0.0015049588247114159 0.00063429491028951692 -0.0036805496527768816 0.00017929556237097016 0.40212417126394617 0.016264930442758192 0.0092887778321294173 0.23704573970879192 -0.012042605746047022 -0.0091666794415042156 0.0053120087324452945 0.018664359187491427 0.00044536936100713059 0.0030861382753403 0.0076929383145660458 0.0014932436139602854 394.26821428571492 299.75000000000165 0.0084725718708030719 0.012039882231148184 0.0021229030386701498 0.25276990006865435 0.0010938563780800697 15.500000000000002 0.0029909747897693324 3.7512499999999834e-06 2.5000000000000004 0.0016753694121184354 0.029041112389863778 -0.65008693060312539
decision_type=2 2 2 2 2 2 2 2 2 2 2 2 2 2 2 2 2 2 2 2 2 2 2 2 2 2 2 2 2 2
left_child=-1 2 8 4 -3 11 -7 25 10 -10 -2 12 19 14 21 -13 -16 -17 -9 20 -5 24 23 -23 -14 -6 -27 -24 -4 -30
right_child=1 3 28 5 7 6 -8 18 9 -11 -12 15 13 -15 16 17 -18 -19 -20 -21 -22 22 27 -25 -26 26 -28 -29 29 -31
leaf_value=-0.050501776589676306 -0.033768016587941471 -0.014686416552186145 -0.014082471185221507 0.0054510310423708285 0.00066045212241738988 0.039531791331253369 0.0066556264360791073 0.0087397083218304899 0.039446474000748757 0.0057468568073722618 0.0018530777439535015 0.065301432315820626 -0.014929935055826682 -0.012876339369379087 0.035274765003256596 0.036528424883100923 -0.0061232992256255413 -0.019670155920804202 0.050683851680718595 -0.012391361654084894 0.127301706230009 0.036474167348386217 0.017953181692115995 0.14884738831716141 0.014796479966538998 0.023842035164591515 0.070374693260227328 -0.027664208303268819 0.13243665626360096 -0.0060301360403177337
leaf_weight=100.29816284961998 52.350012131035328 65.222073264420033 741.36252733319998 19.131143435835842 20.021875988692045 81.42906778305769 130.86669458448887 166.19184848666191 55.543376676738262 271.03201431408525 119.7522148527205 22.806410949677229 159.36759002506733 142.97689262032509 126.67244554311037 28.756067413836718 37.130718730390072 30.038747280836105 29.629144094884396 396.92866904661059 5.1784111224114886 13.11735741980374 100.56870771199465 5.1463012024760237 70.581826493144035 35.579842790961266 52.222669281065464 25.173368860036135 3.7400155365467072 5.0538009740412217
leaf_count=5435 1099 871 15836 332 201 493 989 1623 468 3953 1560 165 2598 1807 941 225 345 270 182 5612 61 188 1319 75 1020 396 541 327 53 68
internal_value=-0.000321931 0.00134816 -0.00622393 0.00670663 0.0177109 0.00379867 0.0192657 0.0246698 0.00441714 0.0114784 -0.00898214 0.00102437 -0.000668276 0.00502186 0.00978056 0.0238825 0.0258907 0.00781611 0.0150862 -0.00986373 0.0314076 0.00272386 0.0163437 0.0681385 -0.00580556 0.0420747 0.0515185 0.00882065 -0.0132977 0.0528599
internal_weight=3113.87 3013.57 1248.83 1764.74 368.867 1395.87 212.296 303.645 498.678 326.575 172.102 1183.57 1101.97 680.735 537.758 81.6012 163.803 58.7948 195.821 421.238 24.3096 373.955 144.006 18.2637 229.949 107.824 87.8025 125.742 750.156 8.79382
internal_count=49053 43618 23037 20581 3814 16767 1482 2943 7080 4421 2659 15285 14625 8620 6813 660 1286 495 1805 6005 393 5527 1909 263 3618 1138 937 1646 15957 121
is_linear=0
shrinkage=0.05


Tree=31
num_leaves=31
num_cat=0
split_feature=18 59 19 20 5 63 59 20 63 4 35 38 59 38 6 19 41 53 59 48 2 59 38 47 50 0 59 59 18 5
split_gain=99.0106 44.1227 35.2727 20.8345 23.8074 22.6017 21.7479 19.4067 16.9285 15.7969 16.2084 16.0066 15.6605 25.7621 17.7718 16.6501 16.9806 18.1503 15.5917 20.8674 20.2778 18.2108 18.0743 17.4238 16.9111 16.9987 16.3108 15.3013 15.2343 14.3479
threshold=0.0015049588247114159 0.00063429491028951692 -0.00084795015678416268 -0.0016502161617147181 0.0023737802385266171 0.00025164638960737453 0.0064530211313289692 0.0030960244805534275 0.022138799367465791 566.53214285714228 0.43069950179435718 0.28918510437433403 0.016264930442758192 0.1719647879289925 20.500000000000004 0.003987088280865689 -2.4324999999999998e-05 -0.00078798276963530655 -0.0013639540657373152 -0.00053777836971697377 -0.0097081318085432845 -0.015943980570770767 0.15229585835182607 -0.00057398259394165151 -0.0024345909767521834 -0.0020331453068928806 -0.00075366282217896488 -0.0081528322801396619 0.0021032735881195172 0.0013264448170366044
decision_type=2 2 2 2 2 2 2 2 2 2 2 2 2 2 2 2 2 2 2 2 2 2 2 2 2 2 2 2 2 2
left_child=-1 2 18 4 -3 -6 7 8 -5 11 -11 12 15 14 -14 16 17 -8 20 24 21 -2 -21 -23 25 -20 -24 -22 -29 -4
right_child=1 3 29 6 5 -7 9 -9 -10 10 -12 -13 13 -15 -16 -17 -18 -19 19 22 27 23 26 -25 -26 -27 -28 28 -30 -31
leaf_value=-0.050427950367843581 -0.005802870957699921 0.04529996712560469 -0.034377320701248652 0.0018228555280120928 -0.00028851303475869799 0.092029479212014265 -0.0062224892725716852 -0.014871112765205566 0.053943677716787181 -0.012962571657165765 0.039810916786199892 0.03648970191786418 -0.010327167007570076 0.045349632588189255 0.064438896285920949 -0.0099119112112054375 0.0092318733635942604 0.091974984441992494 0.10490204489651733 0.11330520827000093 -0.021123828238054483 0.11139549174162866 0.033441333701989151 0.021079982320161145 0.12520786981168103 -0.013273641423616842 -0.013931656577297627 -0.024745334747600864 0.0026059050226574783 -0.012529346267717191
leaf_weight=95.542735870927572 79.97321106120944 70.339930560439825 95.757284412160516 582.23764618672431 86.36711223050952 7.181164138019084 7.3966875448823002 197.14499843865633 16.007167689502239 108.97808589413762 16.791299059987068 67.444002710282803 50.557253241539001 75.276199273765087 9.4306462705135328 115.76245287805796 346.16358839347959 12.934327140450476 4.7975552119314679 3.8430485017597666 146.41818654350936 5.6577957123517981 27.656345218420029 95.136015936732292 7.2244953364133826 8.3204914033412933 52.971630429849029 61.183794032782316 303.2108672298491 349.12021240778267
leaf_count=5435 1039 550 2567 8789 769 40 69 3162 108 988 115 415 385 441 68 1203 3367 112 47 51 2912 50 424 937 110 115 731 1477 4989 7588
internal_value=-0.000317385 0.00127253 -0.00595483 0.00634093 0.023323 0.00679821 0.00460809 -0.00126598 0.00321745 0.010371 -0.00591686 0.0133617 0.0108357 0.0258704 0.00142674 0.00661871 0.0118401 0.0562495 0.000344768 0.0183155 -0.00237882 0.0120135 0.00736726 0.0261496 0.0637774 0.0299458 0.00231784 -0.00747199 -0.00198651 -0.017232
internal_weight=3106.83 3011.28 1241.27 1770.01 163.888 93.5483 1606.12 795.39 598.245 810.735 125.769 684.965 617.521 135.264 59.9879 482.257 366.495 20.331 796.393 104.814 691.58 180.767 84.471 100.794 20.3425 13.118 80.628 510.813 364.395 444.877
internal_count=49053 43618 23037 20581 1359 809 19222 12059 8897 7163 1103 6060 5645 894 453 4751 3548 181 12882 1478 11404 2026 1206 987 272 162 1155 9378 6466 10155
is_linear=0
shrinkage=0.05


Tree=32
num_leaves=31
num_cat=0
split_feature=18 59 2 38 58 21 21 6 58 6 60 59 64 59 4 62 48 42 19 58 6 6 53 58 43 37 35 59 21 12
split_gain=93.9274 40.0599 30.7304 23.3842 20.4317 18.2066 18.1506 17.5106 17.367 20.5363 15.7599 15.6459 15.6119 16.754 19.8456 15.5584 15.498 20.0623 14.7544 14.3473 20.2672 14.0929 16.0886 14.7683 13.1429 18.342 12.7373 13.5459 19.6613 19.8414
threshold=0.0015049588247114159 0.0019698929277255487 -0.0025611529558623729 0.24555911827028185 0.0022436991136984088 0.0029408314866833049 0.0030861382753403 4.5000000000000009 -0.0009401072710488956 20.500000000000004 0.0015741243249390747 0.026721717344316647 0.88142818323179073 0.017149476301002154 566.53214285714228 0.010519258279198121 0.0002066332030597115 3.7770000000000006e-05 -0.0016964575347138769 0.0084443228413062978 22.500000000000004 1.5000000000000002 -0.001758542818010074 0.0047040104679596196 1.264999999999983e-06 0.5790593651332282 0.44206354613160098 -0.015943980570770767 -0.0066585600466068234 0.87131813288935833
decision_type=2 2 2 2 2 2 2 2 2 2 2 2 2 2 2 2 2 2 2 2 2 2 2 2 2 2 2 2 2 2
left_child=-1 2 26 4 7 8 10 -3 9 16 -6 18 13 14 -10 21 17 -5 -9 20 24 23 -23 -12 25 -8 27 -2 29 -29
right_child=1 3 -4 5 6 -7 19 11 12 -11 15 -13 -14 -15 -16 -17 -18 -19 -20 -21 -22 22 -24 -25 -26 -27 -28 28 -30 -31
leaf_value=-0.050355327800273068 -0.023023503929059261 -0.021714853699310019 -0.011905266511473753 0.027333440317787845 -0.048618147805442234 -0.024836060054243495 0.090060153318363548 0.03695032944876904 0.02250717205703354 -0.036801333021927847 0.031226695338831024 0.050679557591956151 0.07694843693754734 0.082668705938035381 -0.045770340854787449 -0.02583776187278088 0.07187451888999899 -0.0090758883790670545 -0.0037776523098833228 0.016122525424528279 0.088436459795346409 -0.0059610976559144064 0.028859101882241701 0.11636503628853577 -0.017741140905776026 -0.014757766840129216 0.013121337348614676 0.01110071631254869 -0.00054192345549488512 0.12536821690400354
leaf_weight=91.010841196402907 64.521135427057743 113.85835600458086 740.61878818646073 70.794375449419022 8.1774304229766113 26.84448167681694 7.1340012326836613 23.572046469897032 281.06100998818874 25.032935366034508 13.278047606348993 14.896950148046015 13.609216809272764 11.040381222963331 11.061458904296158 15.831183284521101 10.086787160485981 81.267718149349093 392.61305367574096 89.850231278687716 5.15728536248207 42.428679626435041 152.08682380989194 8.2635000161826593 131.9117777235806 10.057894770056008 206.28873297572136 9.6539849117398244 421.6227097325027 6.2638965733349314
leaf_count=5435 1060 1493 16133 708 118 257 78 164 2786 294 132 94 98 50 102 166 97 847 4878 818 60 484 1673 72 1411 93 2485 121 6778 68
internal_value=-0.000311697 0.00120199 -0.0047841 0.00676233 0.00236577 0.0152864 0.00983992 -0.00427498 0.0174237 0.00534889 0.019602 0.000331283 0.0245587 0.0222069 0.0199218 0.0220077 0.0118561 0.00787492 -0.00147089 0.00023963 -0.00901146 0.0255135 0.0212639 0.0638864 -0.012382 0.0287378 0.00266147 -0.00163631 0.00151751 0.0560665
internal_weight=3099.9 3008.88 1448.97 1559.92 1029.12 530.798 484.177 544.94 503.954 187.182 240.066 431.082 316.772 303.163 292.122 231.888 162.149 152.062 416.185 244.111 154.261 216.057 194.516 21.5415 149.104 17.1919 708.35 502.062 437.541 15.9179
internal_count=49053 43618 26645 16973 11734 5239 5105 6629 4982 1946 2645 5136 3036 2938 2888 2527 1652 1555 5042 2460 1642 2361 2157 204 1582 171 10512 8027 6967 189
is_linear=0
shrinkage=0.05


Tree=33
num_leaves=31
num_cat=0
split_feature=18 59 20 63 20 34 62 60 59 58 45 59 38 38 63 42 58 6 21 59 58 37 5 21 19 59 63 35 50 21
split_gain=89.1132 36.9938 31.837 21.044 26.7156 28.5601 22.3441 19.9676 20.2127 18.1831 20.7818 16.8419 18.1694 14.7117 14.5222 19.8931 14.4769 23.5068 20.9174 25.4981 18.0432 15.2102 14.4508 14.188 14.0575 15.907 14.0022 13.7305 13.5573 13.5052
threshold=0.0015049588247114159 0.00053301595747259 -0.0036805496527768816 -0.004006423017100187 0.00017929556237097016 0.097592353786620303 -0.0060914382063568476 0.018111491998649018 0.0096044588085479107 -0.0009401072710488956 -0.00044186146836101516 -0.0055390842160431613 0.27795949594753316 0.30486833033394839 0.017847909021788882 5.0235000000000003e-05 0.00044536936100713059 4.5000000000000009 0.0030861382753403 0.0076929383145660458 0.0096060326684295309 0.022970363614638969 0.0013264448170366044 0.0028020559354379839 -0.013767167343167262 -0.024660633804338413 -0.01882376707396358 1.5594854588625424 0.0023037916366042757 0.0012142565335142854
decision_type=2 2 2 2 2 2 2 2 2 2 2 2 2 2 2 2 2 2 2 2 2 2 2 2 2 2 2 2 2 2
left_child=-1 2 11 -3 5 6 -5 8 -6 10 -8 12 24 -11 16 28 17 -9 19 -18 -20 -19 -4 -17 25 -2 -13 -28 -16 -24
right_child=1 3 22 4 7 -7 9 14 -10 13 -12 26 -14 -15 15 23 18 21 20 -21 -22 -23 29 -25 -26 -27 27 -29 -30 -31
leaf_value=-0.050283737481257786 0.0071241983456118985 -0.01833816047561777 -0.026092837845817469 0.081948515696417673 -0.026073254245667435 0.065980346025007394 0.019436445935538307 -0.025173051010292366 0.056831389636614084 0.017017976294485308 -0.016954101394252633 -0.040850412460600928 -0.047396023969166555 0.056700718932199613 0.07430258829681774 0.035659879520449765 0.00499406822285313 0.044060124446974311 -0.013073540409529162 0.028088182198034346 0.01925513235990365 -4.9791454327515874e-05 -0.0051824549897516448 -0.012112273675893931 -0.0015168145165625521 0.096605695932186694 0.018637786602192199 0.083190986676772216 0.020703781659129575 -0.025775357231848928
leaf_weight=86.692355703562498 13.314530089497568 86.676477652043104 151.27507409453392 11.958218000829218 83.508110688999295 30.002943202853203 75.362088859081268 97.839043702930212 8.0617741048336011 115.18690661340952 81.834764525294304 9.1894836947321874 20.465378284454346 29.296296328306198 23.394431423395872 24.198187787085772 324.83210689388216 20.912085615098476 167.86694022268057 189.09987423568964 58.096681617200375 298.61508397385478 467.65343948826194 43.448369596153498 317.32166764512658 7.921551600098609 121.82687477767467 8.8347729220986349 23.800605684518814 95.952509917318821
leaf_count=5435 130 1174 4023 79 1336 229 805 1400 60 1190 886 121 316 253 165 183 4728 289 1881 1361 544 3750 9617 371 4992 61 1383 70 168 2053
internal_value=-0.000305572 0.00113495 -0.00560657 0.00569604 0.00691621 0.0193756 0.0149174 0.00377647 -0.0187744 0.0122604 0.000491971 0.00408718 -0.00164662 0.0250643 0.00539975 0.0223584 0.00371685 -0.00372907 0.00791699 0.0134915 -0.00476163 0.00283707 -0.0123713 0.00497654 0.00111888 0.0405029 0.0188069 0.0230026 0.0472725 -0.00868835
internal_weight=3094.44 3007.75 1213.76 1793.99 1707.31 343.641 313.638 1363.67 91.5699 301.68 157.197 498.874 359.023 144.483 1272.1 114.842 1157.26 417.366 739.896 513.932 225.964 319.527 714.881 67.6466 338.558 21.2361 139.851 130.662 47.195 563.606
internal_count=49053 43618 22766 20852 19678 3442 3213 16236 1396 3134 1691 7073 5499 1443 14840 887 13953 5439 8514 6089 2425 4039 15693 554 5183 191 1574 1453 333 11670
is_linear=0
shrinkage=0.05


Tree=34
num_leaves=31
num_cat=0
split_feature=18 59 21 63 5 58 56 63 53 13 21 59 38 2 21 58 20 63 16 5 63 64 16 59 5 59 10 58 19 37
split_gain=84.5511 34.4196 20.219 26.9575 21.6287 21.641 18.3172 17.3209 17.3207 18.7241 27.2236 18.4895 17.3665 20.5831 17.0191 16.4792 16.3618 15.9136 15.9129 15.777 15.2541 15.7662 15.2508 15.165 14.6947 22.9738 17.3397 21.9408 15.4937 14.5536
threshold=0.0015049588247114159 0.0064530211313289692 0.0022016788446764381 0.0069141893434967973 0.0013264448170366044 0.0021096275892155633 0.46041143439441418 -0.011444032091124984 0.0018104898074080493 0.16071165168587101 0.00081138936838609282 -0.003727005241700184 0.23281639236790011 -0.0041183311548130897 6.2379790919352547e-05 0.0034260291878487402 0.0054933008152899887 0.026175738135372051 0.59556976380356685 0.004694961808346664 -0.004006423017100187 0.99596080922628827 0.35425517293763981 0.016264930442758192 0.0022988912343728722 0.009333541729341947 1.0000000180025095e-35 -0.0070701262831338839 0.0016146106421113383 0.55049729885719845
decision_type=2 2 2 2 2 2 2 2 2 2 2 2 2 2 2 2 2 2 2 2 2 2 2 2 2 2 2 2 2 2
left_child=-1 2 3 4 -2 6 20 -3 9 -7 12 -10 13 -11 -5 -15 23 -4 -13 -16 -6 -22 -14 24 25 28 -26 -28 -9 -19
right_child=1 7 17 14 5 8 -8 16 11 10 -12 18 22 15 19 -17 -18 29 -20 -21 21 -23 -24 -25 26 -27 27 -29 -30 -31
leaf_value=-0.050212985703757013 -0.014542175177174125 -0.041284170914268677 -0.024950960832410839 0.045451120704014851 -0.025008042680335088 -0.0050672222006831989 0.0062297418560425749 0.02759417047424555 -0.013855114618986085 0.046809362834486702 -0.015471639294627996 0.03117670867346441 0.037449522203994813 0.06064079373352535 0.0044488439886251107 0.21783168314214449 0.0030718088622547573 0.050178723131899174 0.11930875347897477 0.10903621617241054 -0.0055753706544251873 0.094405994037668292 -0.043363048778364513 0.045899302022023254 -0.013561773352449494 0.048405883106524321 0.08610609655554062 0.0095038794127825493 -0.0032804638467950837 -0.047271628581126435
leaf_weight=82.57760432548821 312.09886921010911 16.430340681225061 143.72917297668755 44.853156719356775 110.61345507577062 202.37649662233889 330.1998664624989 84.592960614711046 22.849041113629937 22.037161417305473 30.986491397023201 85.455524649471045 21.636868307366971 3.0449785869568577 96.094194959849119 3.685260433703661 390.47322395816445 13.972408786416056 5.4483207724988452 3.746410831809043 680.43092513456941 3.9659956973046055 7.9955283440649501 41.409856267273426 81.543596845120192 62.594605267047882 10.440713949501513 89.302174363285303 78.195680372416973 5.2787345089018336
leaf_count=5435 7071 199 2574 467 1996 3442 4395 644 479 226 441 1324 260 51 1291 67 3541 128 80 33 11649 55 116 214 797 388 81 734 814 61
internal_value=-0.000300103 0.00107129 -0.00230256 -0.000914232 -0.00254592 -0.000100008 -0.00366901 0.00955736 0.00980313 0.00335082 0.0224098 0.0263525 0.0425094 0.0701823 0.019867 0.146713 0.0105535 -0.019233 0.0364589 0.00837337 -0.00778036 -0.00499599 0.0156444 0.0170734 0.0141381 0.0226623 0.00354053 0.0175223 0.0127635 0.0234575
internal_weight=3088.06 3005.48 2150.5 1987.52 1842.82 1530.73 1125.21 854.983 405.516 291.763 89.3863 113.753 58.3998 28.7674 144.694 6.73024 838.553 162.98 90.9038 99.8406 795.01 684.397 29.6324 448.08 406.67 225.383 181.286 99.7429 162.789 19.2511
internal_count=49053 43618 36206 33443 31652 24581 18095 7412 6486 4603 1161 1883 720 344 1791 118 7213 2763 1404 1324 13700 11704 376 3672 3458 1846 1612 815 1458 189
is_linear=0
shrinkage=0.05


Tree=35
num_leaves=31
num_cat=0
split_feature=18 59 19 63 23 64 63 54 59 23 54 19 0 58 63 59 37 7 50 5 60 49 17 45 5 13 58 17 0 29
split_gain=80.2267 32.1932 30.1947 22.1647 23.0822 26.8412 17.9191 17.1611 16.9042 18.3993 16.1479 17.9908 30.8121 19.1177 17.4553 16.9313 17.393 24.3698 15.0515 14.8703 16.5339 15.3142 15.0967 14.1465 18.9873 14.0516 29.4154 16.1616 13.9376 17.0394
threshold=0.0015049588247114159 0.00019611493084777167 -0.0008251204284548631 -0.004006423017100187 -7.7825252307967861e-05 0.53703629085563931 0.0031823595853895594 0.015757980543001818 0.017149476301002154 0.0011270557330916294 -0.0085294503468178375 0.0032532956960862843 0.0042674478608090271 0.00044536936100713059 0.025270525888476673 0.0041285513528214711 0.081026585325355963 3.5000000000000004 -0.014604550976871021 0.0020230286744722932 0.013184233365370107 -0.00099664037783459545 0.68089613759319012 -0.00022617889694783223 0.0016391139994139856 0.35897420678204756 0.0035762429932093042 1.2351107941376489 -0.00061130248378672811 1.0000000180025095e-35
decision_type=2 2 2 2 2 2 2 2 2 2 2 2 2 2 2 2 2 2 2 2 2 2 2 2 2 2 2 2 2 2
left_child=-1 2 -2 -3 5 18 -7 25 10 -10 -6 12 13 14 15 -12 17 23 -5 20 -20 -22 -21 24 -17 -4 27 -27 29 -15
right_child=1 3 7 4 8 6 -8 -9 9 -11 11 -13 -14 28 -16 16 -18 -19 19 22 21 -23 -24 -25 -26 26 -28 -29 -30 -31
leaf_value=-0.05014289457026181 3.3271371967951219e-05 -0.01920736397814508 -0.021612162166808571 0.092134202217009187 -0.026935189079168771 0.12976381472175177 0.035620423842149938 0.047449488877611183 0.035239985091878222 0.0038741765433369562 -0.016955748291880339 -0.0082937602178029483 0.090062764233991857 -0.0041136388769582892 0.078368556246949578 0.036860704472758576 -0.0024030183394096963 -0.01118312878594431 -0.038779586027841179 -0.027675556890574535 0.014206953077665875 0.058628227163022642 0.012340745270750606 0.0012174755544570722 0.14243943987665181 0.068427756207481871 0.15593375298558088 -0.034264160048578726 0.016046412911225542 0.047082810467387083
leaf_weight=78.657296477816999 776.37260962091386 89.41289765574038 338.93673724867404 6.2383113801479331 46.320476405322552 8.7007349319756049 12.061123583465813 9.9562793895602208 85.333639197051525 103.41893793642521 164.01713630929589 272.80459434352815 10.826743338257073 192.22568345442414 6.409830890595912 8.326679136604076 176.86435334384441 17.05704502761364 8.0493324436247331 31.293630726635456 38.65268499776721 38.957773566246033 95.488652758300304 5.9340880140662184 8.7159271128475648 5.3686155434697929 3.3530338890850535 13.380183443427084 411.40005691349506 17.75332541577518
leaf_count=5435 12736 1265 8311 34 527 67 71 210 525 760 3170 3023 104 2311 39 96 2005 181 105 369 363 385 778 60 91 123 70 274 5341 224
internal_value=-0.000295037 0.00101035 -0.00557376 0.00508003 0.00630911 0.0207431 0.0750734 -0.0173075 0.00404639 0.0180544 0.00207123 0.00311089 0.00616253 0.005262 -0.00345658 -0.00483349 0.0043333 0.0340936 0.0155849 0.013337 0.0294305 0.0365049 0.00246353 0.0677053 0.0908558 -0.0190933 0.0195347 -0.00485889 0.0106966 0.000214923
internal_weight=3082.29 3003.63 1147.37 1856.26 1766.85 239.442 20.7619 370.995 1527.41 188.753 1338.66 1292.34 1019.53 1008.7 387.325 380.915 216.898 40.0337 218.68 212.442 85.6598 77.6105 126.782 22.9767 17.0426 361.039 22.1018 18.7488 621.379 209.979
internal_count=49053 43618 21724 21894 20629 2172 138 8988 18457 1285 17172 16645 13622 13518 5642 5603 2433 428 2034 2000 853 748 1147 247 187 8778 467 397 7876 2535
is_linear=0
shrinkage=0.05


Tree=36
num_leaves=31
num_cat=0
split_feature=18 59 20 59 59 19 4 17 60 59 2 63 14 20 2 37 59 58 38 37 12 6 7 12 58 59 59 47 21 6
split_gain=76.1269 29.8175 22.9806 19.7614 18.8369 17.2302 24.3446 18.4207 16.9339 16.7463 18.5684 15.7256 16.8559 15.6125 15.3546 16.6147 16.2476 14.9214 14.5139 27.0082 19.271 15.504 39.5151 25.3366 18.8529 18.1325 35.7103 17.2149 14.1447 22.302
threshold=0.0015049588247114159 0.0041285513528214711 -0.0016502161617147181 -0.0024746295888892294 -0.0013639540657373152 0.0015795644788320837 210.67857142857042 1.2996511630933527 0.55513808653395913 0.010925312022743534 0.0077146588774743034 0.014755739254352487 0.1836165268389893 0.0084164420274891825 -0.0097081318085432845 0.35365183483323392 -0.0091213094159296165 0.0084443228413062978 0.35867669480340014 0.13356706532082371 1.0280589966473237 21.500000000000004 5.5000000000000009 0.73208845100250541 0.00080434180116298575 0.0012691053768589071 0.00023855883094769576 -0.00042950063976182211 0.0026651481205561076 6.5000000000000009
decision_type=2 2 2 2 2 2 2 2 2 2 2 2 2 2 2 2 2 2 2 2 2 2 2 2 2 2 2 2 2 2
left_child=-1 2 4 -4 14 6 8 17 -3 10 -9 18 -13 -11 15 -2 -16 28 21 20 -20 -5 24 -24 -23 26 -26 -28 29 -7
right_child=1 5 3 11 -6 7 -8 9 -10 13 -12 12 -14 -15 16 -17 -18 -19 19 -21 -22 22 23 -25 25 -27 27 -29 -30 -31
leaf_value=-0.050073285518016535 0.044802441046966242 0.023635974374549267 -0.024976032814543581 -0.010830212722122845 0.016755836147358382 -0.023546258211248713 0.0089702003150108067 0.011653601123566852 0.070735501669244125 0.054799885942005237 -0.036512342357241857 0.085818526074537813 0.0085115204171028868 0.01518060833105004 -0.021723697327005784 0.0044682944952529292 -0.00055553178007711819 0.019183673416135378 0.04714186087480729 -0.0016899273782412889 0.21539390858302518 -0.034599189501733699 0.20751768197362727 0.043473954099345347 0.0079211545441541329 -0.018761470866259598 0.0757313543496307 0.24625565323679521 -0.018060788799846791 0.0086344329790329615
leaf_weight=74.922541551291943 30.740355130285025 62.956143401563168 152.82272590510547 646.5710288323462 188.43308448977768 72.119957964867353 371.09531935304403 84.396791789680719 27.384769540280104 35.940453290939331 26.227651100605726 8.6357575170695764 38.424591356888413 80.694177862256765 119.87924947217107 150.69854993745685 371.76726324483752 66.371952168643475 4.4132198430597809 19.12018677406013 2.7700860761106014 24.637608718127012 3.8156066797673684 6.1438997462391853 12.345335569232704 14.326741334050892 3.0982315540313721 2.8336983621120444 161.20270770043135 212.39179914817214
leaf_count=5435 303 597 4135 12569 2042 897 3201 906 214 219 276 95 458 537 2540 1690 6631 590 76 322 45 505 57 95 256 238 55 48 1791 2230
internal_value=-0.00029036 0.000951992 -0.00311618 -0.00852265 0.00278254 0.00705528 0.0146367 0.00232361 0.0379131 0.0141707 0.000234067 -0.00532822 0.0226977 0.0273891 -0.00112934 0.0113019 -0.00571701 -0.002934 -0.00711035 0.0293647 0.112025 -0.00845451 0.0144032 0.106321 -0.00158967 0.0233544 0.0563671 0.157191 -0.00622758 0.000477054
internal_weight=3077.18 3002.26 1801.48 939.959 861.519 1200.78 461.436 739.345 90.3409 227.259 110.624 787.136 47.0603 116.635 673.085 181.439 491.647 512.086 740.076 26.3035 7.18331 713.772 67.2011 9.95951 57.2416 32.604 18.2773 5.93193 445.714 284.512
internal_count=49053 43618 32160 18954 13206 11458 4012 7446 811 1938 1182 14819 553 756 11164 1993 9171 5508 14266 443 121 13823 1254 152 1102 597 359 103 4918 3127
is_linear=0
shrinkage=0.05


Tree=37
num_leaves=31
num_cat=0
split_feature=5 63 59 62 20 38 59 3 59 20 58 19 47 58 58 64 60 12 54 58 16 48 58 15 37 38 20 63 6 58
split_gain=55.3511 30.0072 18.5152 23.8977 22.6449 20.8998 18.4876 16.4617 21.292 17.5255 18.6902 14.8404 14.7961 18.2361 14.6745 16.7547 14.2397 13.9819 16.1274 13.4168 13.3726 15.688 13.2769 19.9489 16.927 15.9534 18.2602 18.1723 16.9519 13.8792
threshold=0.0011577767460022156 -0.0074789747326192693 0.0028031250996612711 -0.0089190056791740562 0.0018133834874483222 0.30929897949684199 0.0041285513528214711 0.0061900631696443983 -0.010762150084317985 -0.0075965977932106665 -0.0027716895900246788 3.6009505222002858e-05 -0.00038773758158786503 0.0031814857936299135 -0.0030932404210676843 0.52166567976734546 0.25159240932095656 0.73604724648907116 0.0011248205867660063 0.0044875382502630639 0.47544621858473718 -0.00046035013452995309 0.0084443228413062978 0.28775401146927232 0.33247718212964367 0.17265878225267609 -0.0016502161617147181 0.017847909021788882 20.500000000000004 0.0015421647591050678
decision_type=2 2 2 2 2 2 2 2 2 2 2 2 2 2 2 2 2 2 2 2 2 2 2 2 2 2 2 2 2 2
left_child=6 11 3 14 7 22 -1 8 -5 10 -10 -2 13 -9 17 -16 -14 18 -3 -15 -8 -22 25 -24 -25 28 -27 -28 -4 -30
right_child=1 2 5 4 -6 -7 20 12 9 -11 -12 -13 16 19 15 -17 -18 -19 -20 -21 21 -23 23 24 -26 26 27 -29 29 -31
leaf_value=-0.028996785665953168 -0.0091242321989982236 0.056404909033390238 -0.014049204274801714 -0.028787231075966698 -0.020354858333598663 0.027690655502566892 -0.0082054025599547879 0.017729324435715892 0.016682512924040709 -0.0018236759240554694 0.11721772345250842 -0.041545041579017686 0.043877094735097488 0.14408580962019132 0.097475760553648108 -0.018161120642302193 -0.012794037575547926 0.034939862252475438 0.20315983942505456 0.03521026079618203 0.12739757459200096 0.0020614770429797226 0.0021203952399276951 0.081683985511547264 0.024010783844576611 0.032031764784630962 0.0024584873767188112 0.032093527234617038 -0.012483483079516234 0.052032400578775208
leaf_weight=208.3058257624507 121.94247972220182 4.3835982000455287 192.66518745943904 72.406010547652841 153.93774773925543 113.93481209874153 40.747510557994246 111.11925186496228 20.110465511679653 809.23900766950101 6.0028598569333544 49.676270863972604 13.236522316932676 5.1295113638043386 3.9163081757724312 15.65013764426112 68.178581394255161 13.922795886173843 3.2674677893519402 6.3109518438577652 4.3723772652447224 5.8196581061929447 69.221764098852873 18.241909123957157 42.048043973743916 65.24414250254631 743.22512819617987 55.599310263991356 14.642858322709797 19.355312114581466
leaf_count=8873 1898 64 2135 1554 3282 855 657 1298 241 15305 62 941 150 52 61 224 770 151 44 69 65 86 599 135 362 423 7928 381 182 206
internal_value=-0.000286817 0.00175085 0.00306737 -0.00116274 -0.00238177 0.00721071 -0.0223939 0.000106902 -0.0027772 -0.00052272 0.0397933 -0.0185087 0.0129421 0.0239179 0.0363404 0.0049841 -0.00358041 0.0647791 0.119078 0.0840263 0.00460698 0.0558306 0.00529849 0.0204341 0.0414609 0.00350131 0.0065984 0.00452113 -0.00830519 0.0242457
internal_weight=3071.85 2812.61 2640.99 1306.81 1265.67 1334.18 259.245 1111.73 907.758 835.352 26.1133 171.619 203.975 122.56 41.1403 19.5664 81.4151 21.5739 7.65107 11.4405 50.9395 10.192 1220.24 129.512 60.29 1090.73 864.069 798.824 226.663 33.9982
internal_count=49053 39372 36533 23327 22783 13206 9681 19501 17162 15608 303 2839 2339 1419 544 285 920 259 108 121 808 151 12351 1096 497 11255 8732 8309 2523 388
is_linear=0
shrinkage=0.05


Tree=38
num_leaves=31
num_cat=0
split_feature=18 63 59 20 62 20 59 11 60 58 64 60 60 37 0 60 56 59 34 20 1 59 60 21 45 5 20 38 18 38
split_gain=70.3365 26.0345 21.9815 29.5862 23.9447 19.9054 24.8513 19.0245 17.6664 19.4294 30.9216 19.6873 22.5626 29.0457 17.9278 15.2878 16.6126 15.9228 15.1693 15.124 17.9892 15.7228 16.0881 15.0504 16.7344 14.9445 15.8493 15.2076 14.7001 14.0901
threshold=0.0015049588247114159 -0.004006423017100187 0.00019611493084777167 -0.0029979495566732745 -0.0039237370722760186 0.0020246800593859597 0.0076929383145660458 -1.425079109167086 0.0015741243249390747 -0.0010158349343202286 0.53054156228463489 0.079044754814611887 0.065468775677777147 0.20244549295551309 0.0014908669026477874 0.38101629562477685 0.51346522985669418 -0.0056319792046984757 1.3131064310452063 -0.0018243673345402292 -0.0039479394038385756 0.0054009441165753808 0.99070884522252911 -0.00066447769964612816 -0.00047215842913390639 0.0020568551359557061 0.0084164420274891825 0.12436131508998836 0.0035763282029205225 0.21433946963759001
decision_type=2 2 2 2 2 2 2 2 2 2 2 2 2 2 2 2 2 2 2 2 2 2 2 2 2 2 2 2 2 2
left_child=-1 -2 3 4 29 8 7 -7 -4 10 18 12 -11 -14 19 -6 -17 -18 -10 -13 -21 22 -22 24 -19 -9 27 -27 -26 -3
right_child=1 2 5 -5 15 6 -8 25 9 11 -12 14 13 -15 -16 16 17 23 -20 20 21 -23 -24 -25 28 26 -28 -29 -30 -31
leaf_value=-0.049971127568782796 -0.015309574871697686 0.10775236535852735 -0.016271929417008044 -0.01205085331740316 0.015678954471178033 0.087203809388354162 0.0079074733767959572 -0.01658009960557005 -0.0023295181142301432 0.036601013831625555 0.060779293599339451 0.03998856903507015 0.036026081947881643 0.23433909152154586 0.046429134095632471 -0.013516678966600271 -0.00069386321903760475 0.0084145402123757713 0.065521461644971427 -0.035560749065767096 0.00056241975993314146 0.033035478575995383 0.070356781503350105 -0.011348840036456101 0.14532726406156954 0.09234618755033519 -0.051014112327016282 0.0033951945521237879 0.045243033399884287 0.022452550254562012
leaf_weight=69.601410500705242 229.52162339352071 8.4960859958082455 52.234633050858974 515.41669288650155 154.70530625805259 5.2173081897199145 579.23810474202037 260.41446397453547 269.26677264645696 39.362606514245272 22.428228914737701 43.360634956508875 3.8234449550509444 3.5706967450678349 45.248105324804783 176.50136823020875 89.599851181730628 9.2381728142499906 8.4973878338932973 21.639953326433897 162.12219244986773 64.844364799559116 8.6997085995972139 10.221720740199087 7.1976194884628075 4.9451918564736834 13.146589312702416 169.58659703284502 7.4832942709326744 11.254001226276158
leaf_count=5435 3949 85 884 12076 2328 65 4846 4083 3292 521 206 281 53 51 466 3016 1094 93 74 210 2371 444 113 92 91 62 195 2412 64 101
internal_value=-0.000281395 0.000872475 0.0022144 -0.00375615 0.00525007 0.00553988 0.00104534 -0.00772306 0.0117683 0.0138823 0.00430614 0.0212031 0.0516548 0.131793 0.017087 0.00291032 -0.00366896 0.0103777 -0.000253814 0.0126713 0.0080678 0.012074 0.00411694 0.039434 0.0611358 -0.00882833 0.0019277 0.00591554 0.0943114 0.0591468
internal_weight=3066.88 2997.28 2767.76 990.114 474.697 1777.65 1032.55 453.31 745.099 692.864 300.192 392.672 46.7567 7.39414 345.915 454.947 300.242 123.741 277.764 300.667 257.306 235.666 170.822 34.1408 23.9191 448.093 187.678 174.532 14.6809 19.7501
internal_count=49053 43618 39669 19040 6964 20629 11663 6817 8966 8082 3572 4510 625 104 3885 6778 4450 1434 3366 3419 3138 2928 2484 340 248 6752 2669 2474 155 186
is_linear=0
shrinkage=0.05


Tree=39
num_leaves=31
num_cat=0
split_feature=18 63 5 6 6 6 7 32 6 13 21 63 1 21 58 38 50 7 64 41 37 39 37 15 48 47 21 56 21 58
split_gain=66.7501 23.7321 19.9288 21.6972 39.7912 20.7812 42.1655 31.269 24.1833 22.7845 21.6611 20.3646 16.8401 23.8331 29.6849 32.289 17.9165 16.7679 23.5835 20.5786 19.2156 16.6146 14.3752 13.8015 13.6332 34.0614 13.625 13.2525 13.2003 12.6197
threshold=0.0015049588247114159 -0.004006423017100187 0.0013264448170366044 1.5000000000000002 6.5000000000000009 14.500000000000002 5.5000000000000009 21.500000000000004 12.500000000000002 0.035207843542892449 -0.0033796807302241727 0.044219769753651855 -0.0026832808008166254 0.0010004860905473898 0.0033653496085691687 0.23704289371654447 -0.00080760289899373084 2.5000000000000004 0.68070920181727368 1.7390000000000005e-05 0.79497746664719238 1.0000000180025095e-35 0.45756342471324463 0.38501638707666802 -0.00020242347831927812 -0.00044196211603420591 0.0022481178581148101 0.19419152905067691 0.00088991880600130114 0.0062233775445435157
decision_type=2 2 2 2 2 2 2 2 2 2 2 2 2 2 2 2 2 2 2 2 2 2 2 2 2 2 2 2 2 2
left_child=-1 27 -3 -4 -5 8 7 11 9 21 24 17 -8 14 15 16 -14 19 -19 26 22 23 -20 -6 25 -10 -7 -2 -11 -23
right_child=1 2 3 4 5 6 12 -9 10 28 -12 -13 13 -15 -16 -17 -18 18 20 -21 -22 29 -24 -25 -26 -27 -28 -29 -30 -31
leaf_value=-0.049901845754876897 -0.024065565274633108 -0.0090690427196195265 0.019924595324669035 -0.011011091421387037 0.023425989625228204 0.029305121483254783 -0.0038805756271569586 0.1356616632042805 0.03815277859467419 0.0082131324855741622 0.020253430965398833 0.067794109616641507 0.16437134703695094 0.01311898520028724 0.20667896843726674 0.005708173685136906 0.066268571776970084 -0.015213553174399767 0.011508965518950573 -0.0042736087873798539 -0.049502711028796949 -0.040374397690566548 0.095737650145900868 0.069642072889301507 -0.0018828586559004722 0.19580183822826694 -0.0024029951098221464 0.00093373755825093086 -0.010396392223926089 0.066665573873174441
leaf_weight=66.296531093306839 142.03999535739422 349.34524455852807 190.02308191359043 447.20923063345253 53.611043013632298 93.382390541955829 29.032365184277296 4.0764892101287833 8.8255681619048119 216.38346773199737 244.81464658118784 10.011930759996174 6.3840421307832029 42.940125828608871 3.416050733998417 19.368165042251348 17.17428395152092 356.36429783888161 9.4697713851928764 377.57176339440048 5.4030234068632117 13.086617540568115 10.892083698883651 23.120801940560341 4.3216702453792086 5.6004689447581777 53.169243177399039 84.580385031178594 170.27897708490491 3.4873670116066924
leaf_count=5435 2687 7374 2563 6638 790 1222 330 45 110 3075 2687 72 98 507 41 285 267 4974 101 5082 62 192 94 311 45 58 558 1262 2048 40
internal_value=-0.000277273 0.000821062 0.00209433 0.00370623 0.00232385 0.00567003 0.00110186 -0.00251023 0.0120514 0.0053693 0.0242201 -0.00312496 0.0291993 0.039956 0.0648228 0.053534 0.0928533 -0.00390845 -0.0118736 0.00189883 0.0343221 0.0275459 0.0565651 0.0373518 0.0760181 0.0993552 0.0178013 -0.0147352 1.78426e-05 -0.0178519
internal_weight=3061.68 2995.38 2768.76 2419.42 2229.4 1782.19 1038.66 920.341 743.531 479.968 263.562 916.265 118.315 89.2827 46.3425 42.9265 23.5583 906.253 382.129 524.123 25.7649 93.3058 20.3619 76.7318 18.7477 14.426 146.552 226.62 386.662 16.574
internal_count=49053 43618 39669 32295 29732 23094 13738 12210 9356 6456 2900 12165 1528 1198 691 650 365 12093 5231 6862 257 1333 195 1101 213 168 1780 3949 5123 232
is_linear=0
shrinkage=0.05


Tree=40
num_leaves=31
num_cat=0
split_feature=18 59 21 3 6 59 19 18 48 9 41 60 37 5 20 49 17 47 17 2 63 6 53 36 42 60 16 43 63 38
split_gain=63.3458 23.4978 18.9891 17.3778 24.4046 19.5671 22.9153 18.7606 18.1841 17.6872 17.4879 16.2918 26.7331 27.036 21.3669 20.0135 18.97 17.1955 19.5749 15.7617 15.9975 14.7768 22.1343 14.7676 16.0087 14.6922 19.2946 16.0729 13.3659 12.7994
threshold=0.0015049588247114159 0.0064530211313289692 0.0038361221866507959 0.0040178535902566162 14.500000000000002 -0.0024226649129499987 0.00061111054930168345 0.0052343375605452295 -0.00044512712820909283 1.0000000180025095e-35 -5.3649999999999995e-06 0.0078854182357725525 0.10591263573108427 0.0022327643167117171 -0.0008144948128695858 -0.0021367742991878548 0.96592300894027505 -0.00034645266486198699 0.96182563953835898 0.0077146588774743034 0.0076818818530242387 11.500000000000002 0.0057985764700494696 1.5175893068826336 6.7490000000000006e-05 0.1108272489003409 0.40517145274531169 -1.8975000000000106e-06 -0.011444032091124984 0.13027535297624301
decision_type=2 2 2 2 2 2 2 2 2 2 2 2 2 2 2 2 2 2 2 2 2 2 2 2 2 2 2 2 2 2
left_child=-1 2 3 5 19 -2 9 -8 -9 -7 -11 -12 13 14 15 -13 -17 -16 -19 20 21 -5 -23 24 -24 26 -14 -27 -3 -6
right_child=1 28 -4 4 29 6 7 8 -10 10 11 12 25 -15 17 16 -18 18 -20 -21 -22 22 23 -25 -26 27 -28 -29 -30 -31
leaf_value=-0.049832440450162434 -0.014374851361978662 -0.039194352398451572 -0.037772114013117336 0.0035030108422722814 0.065945535638005454 -0.0006885461113604423 -0.011449700496452204 0.12463671517231799 -0.0042812385771345673 -0.023201590504319452 -0.0073328265072968692 0.010368497562530133 0.03102468061822615 0.20262638775042097 -0.0023918653256093624 0.069995642107193931 0.2063665139415054 0.14884248198150499 -0.0019889532734460691 -0.041678847301258232 0.049547220043074408 0.017527438429422414 0.19081600833725834 0.026104535653829197 0.058564427467317562 0.11262536249700261 0.17524106058193248 0.0030881391644147636 0.0085394369185997684 -0.0069471112704551658
leaf_weight=63.148845321498811 374.17271460779011 14.922358460724352 36.569382585585117 193.46023147366941 6.1488246396183959 411.9928040727973 426.50133227743208 5.0360975824296474 5.9871282093226892 23.280251851305366 35.429706448689103 4.3169465102255336 9.7055109404027444 3.1974399872124186 18.159133218228817 5.0544149279594404 5.1470037847757339 4.9241840057075041 3.8196511808782816 12.406797915697096 31.722823709249496 118.81580187194049 4.3726447857916373 7.2443990278989068 4.8000518642365932 3.4988819546997538 3.0474755205214015 78.16348085924983 850.76001600921154 292.66011057235301
leaf_count=5435 8905 199 667 2632 80 6638 7802 81 103 400 636 56 162 34 329 62 72 84 67 213 296 1396 54 95 68 39 52 1138 7213 4045
internal_value=-0.000274202 0.00077061 -0.00205289 -0.00142882 0.00519905 -0.00456051 -0.00105397 -0.00978519 0.0546165 0.00521123 0.0175032 0.0229348 0.0306478 0.0625409 0.0517273 0.100612 0.1388 0.0253465 0.0829534 0.0137317 0.0156392 0.0123666 0.0250467 0.0794656 0.121609 0.0155758 0.0654869 0.00778134 0.00771662 -0.00544714
internal_weight=3058.47 2995.32 2129.64 2093.07 671.632 1421.43 1047.26 437.525 11.0232 609.737 197.744 174.464 139.034 44.6188 41.4213 14.5184 10.2014 26.903 8.74384 372.823 360.416 328.693 135.233 16.4171 9.1727 94.4153 12.753 81.6624 865.682 298.809
internal_count=49053 43618 36206 35539 8879 26660 17755 7986 184 9769 3131 2731 2095 704 670 190 134 480 151 4754 4541 4245 1613 217 122 1391 214 1177 7412 4125
is_linear=0
shrinkage=0.05


Tree=41
num_leaves=31
num_cat=0
split_feature=18 59 20 20 5 34 60 59 59 20 20 59 20 9 43 19 47 45 5 59 63 13 17 20 3 58 7 13 63 38
split_gain=60.1188 21.7011 23.283 15.1347 23.2912 18.2126 15.7721 16.783 14.414 15.2819 14.6809 14.8038 14.4719 15.6487 19.3958 14.3353 15.35 13.3578 12.4508 14.8185 15.9416 15.2974 15.3312 14.3755 17.2575 14.3167 14.9705 26.0109 12.3482 11.9421
threshold=0.0015049588247114159 0.00053301595747259 -0.003870457714869908 0.00017929556237097016 0.0015621105302751597 0.017054377765566005 0.018111491998649018 0.0096044588085479107 -0.012042605746047022 -0.01087055887449364 -0.012409115078305976 -0.024660633804338413 -0.018024762839272141 1.0000000180025095e-35 -9.9837500000000329e-06 -0.0038156546464147589 -0.00035717680045050819 -0.00039514420225965016 0.0012761321044172345 -0.0093969255485101336 0.038119067064743939 0.35897420678204756 1.6454854398573913 0.00024278196417148692 0.0073528661030292054 -0.00070488703101406584 1.5000000000000002 0.013970734303612059 -0.0074789747326192693 0.25276990006865435
decision_type=2 2 2 2 2 2 2 2 2 2 2 2 2 2 2 2 2 2 2 2 2 2 2 2 2 2 2 2 2 2
left_child=-1 2 8 4 -3 15 7 -5 10 -10 11 -2 -13 14 -14 -6 -17 -11 -4 -20 21 23 -23 24 25 -21 27 -27 -8 -30
right_child=1 3 18 6 5 -7 28 -9 9 17 -12 12 13 -15 -16 16 -18 -19 19 20 -22 22 -24 -25 -26 26 -28 -29 29 -31
leaf_value=-0.049762748639358506 -0.016568538851488433 0.034648631400414361 -0.025182663367507914 -0.025185573232589176 0.042697761408755849 0.043414791289974698 -0.032686079313442959 0.048646599762730398 0.042098316620290732 0.015742962826531696 -0.022341434587821632 0.0786439647609119 0.084788782224756387 0.080599144994597291 -0.023839268382116648 0.0068041269612464442 -0.020323499820315855 -0.0064395636720639042 -0.042040281242940583 -0.016621019269753078 0.093830615252245217 0.047644669151860719 -0.011249582046426648 -0.02210464701414995 0.086299369047605518 0.1484195822893177 -0.0048291761391866979 0.015965502529818782 0.00080344663199826772 0.011441286372425079
leaf_weight=60.15106388181448 36.176732700318098 93.455395827069879 117.58397199772298 82.883937390521169 19.971983782947063 29.373133737593889 23.615016417577863 8.4848649203777295 33.693143170326948 161.96400956995785 85.727798750624061 10.231414712965487 4.9754700213670722 6.5795504637062541 23.60362778604031 173.83621856942773 74.492238577455282 116.81369214132428 29.255185637623072 148.79771708510816 4.0076545551419249 25.121701888740063 19.72784835845232 143.87072181142867 5.2801672853529444 3.9672580603510132 149.56946405954659 56.392946867272258 938.04891478456557 367.05649552866817
leaf_count=5435 477 1152 3500 1390 110 197 419 60 243 2249 1610 99 61 76 311 1718 751 1614 751 3128 50 439 319 3561 81 85 2978 1134 11113 3942
internal_value=-0.000270739 0.000723397 -0.00454254 0.00416384 0.0128729 0.0060363 0.00176515 -0.0183292 0.00395074 0.0102921 -0.00789363 0.00729121 0.0263079 0.0110777 -0.0049277 0.00194416 -0.00133347 0.00644802 -0.0103341 -0.00735458 -0.00553192 -0.00625237 0.021739 -0.00872422 -0.00343573 -0.00475655 0.00365295 0.0246712 0.00314693 0.0037953
internal_weight=3054.71 2994.56 1183.34 1811.22 391.129 297.674 1420.09 91.3688 479.765 312.471 167.295 81.5668 45.3901 35.1586 28.5791 268.3 248.328 278.778 703.575 585.991 556.735 552.728 44.8496 507.878 364.008 358.727 209.93 60.3602 1328.72 1305.11
internal_count=49053 43618 22766 20852 3928 2776 16924 1450 6740 4106 2634 1024 547 448 372 2579 2469 3863 16026 12526 11775 11725 758 10967 7406 7325 4197 1219 15474 15055
is_linear=0
shrinkage=0.05


Tree=42
num_leaves=31
num_cat=0
split_feature=5 63 59 23 1 6 6 7 6 32 6 13 39 59 59 21 54 58 2 5 7 63 60 23 59 38 11 42 37 21
split_gain=39.6677 22.9407 18.1563 22.1671 18.5488 16.6947 36.4151 18.3561 32.1982 25.6786 23.1124 24.552 19.5457 18.373 18.1175 17.8492 16.2203 14.4521 16.2332 14.294 13.9236 18.9558 17.8367 17.1772 18.0647 15.1488 19.5374 14.2498 19.2139 15.2033
threshold=0.0013085766683720362 -0.0074789747326192693 0.0021892439541186539 1.7932771504911315e-05 -0.00031205708263418722 1.5000000000000002 6.5000000000000009 5.5000000000000009 14.500000000000002 21.500000000000004 11.500000000000002 0.061731470607245549 1.0000000180025095e-35 0.001794068395644894 0.0071461762023173067 -0.0033796807302241727 -0.0010732493699899569 -0.0042553415811282707 0.0019347174906270846 0.0029738515224194562 2.5000000000000004 0.025270525888476673 0.25825512054524685 0.00015815455146363987 -0.00013561031308542527 0.22068688201003614 -0.37461667332864373 1.0960000000000002e-05 0.86014292091483491 -0.001198122506306727
decision_type=2 2 2 2 2 2 2 2 2 2 2 2 2 2 2 2 2 2 2 2 2 2 2 2 2 2 2 2 2 2
left_child=2 -2 -1 4 -4 -3 -7 8 10 14 11 12 13 -8 20 -12 -15 18 -13 -18 27 22 23 24 -22 -26 -27 28 29 -10
right_child=1 5 3 -5 -6 6 7 -9 9 -11 15 17 -14 16 -16 -17 19 -19 -20 -21 21 -23 -24 -25 25 26 -28 -29 -30 -31
leaf_value=-0.023474926545773041 -0.016536532410049126 0.016990334696519969 0.014525026658048723 -0.0089577335590337436 0.11678536990042386 -0.010735703961353926 0.0044964274197647983 0.020021451111193536 0.091677457842333873 0.11674060827519613 0.067935550824034255 0.036649335765763354 -0.016958062369636484 0.010925204771215457 0.0063630702073494807 0.018333738672810979 0.071588517927950457 -0.012413931267604558 -0.028449503227122426 -0.010453427980052651 -0.0095039051869312205 0.070546308481210615 -0.027571940427240205 -0.036706592006991043 0.11706784588378234 -0.021971499616637739 0.076879056716881 -0.0055223244104299985 -0.055243007820953573 0.019438029412526696
leaf_weight=243.57016920950264 157.77861878275871 199.65699289739132 14.083078723400833 136.99160760454834 6.4725337382405987 455.70170770119876 49.065376310609281 184.31499528046697 10.000204272568224 4.4756024666130534 19.295493524521589 34.030354969203472 30.057226018980145 24.299570695497096 318.15692578628659 302.07664549164474 41.596290905959904 198.23117340169847 13.326467936858533 6.0858934558928004 33.845715422183275 6.0680383220314971 181.88659933116287 22.531166886910796 5.8134489022195366 10.433477308601145 9.5959154628217185 297.69005293492228 6.3296208772808304 26.808050241321325
leaf_count=9861 2704 2686 166 2836 99 6897 989 2437 122 45 198 441 440 237 2632 3241 441 2666 164 56 657 44 3005 360 84 144 92 4786 98 425
internal_value=-0.000266152 0.00195256 -0.0149195 -0.0016927 0.0467247 0.00312348 0.00191538 0.0050554 0.00338532 -0.00273696 0.0113456 0.00327159 0.0191297 0.0280907 -0.00331247 0.0213119 0.0441734 -0.00648554 0.0183302 0.0611171 -0.00835065 -0.0168282 -0.0188357 0.000490696 0.0145319 0.046011 0.025387 -0.0016305 0.0252266 0.0390643
internal_weight=3050.27 2649.15 401.117 157.547 20.5556 2491.37 2291.72 1836.01 1651.7 933.635 718.064 396.692 151.104 121.047 929.159 321.372 71.9818 245.588 47.3568 47.6822 611.002 270.174 264.106 82.2197 59.6886 25.8428 20.0294 340.828 43.1379 36.8083
internal_count=49053 36091 12962 3101 265 33387 30701 23804 21367 12494 8873 5434 2163 1723 12449 3439 734 3271 605 497 9817 4386 4342 1337 977 320 236 5431 645 547
is_linear=0
shrinkage=0.05


Tree=43
num_leaves=31
num_cat=0
split_feature=18 63 58 58 60 42 11 62 51 59 13 4 20 59 20 59 6 6 18 19 7 21 18 37 47 6 58 11 5 7
split_gain=55.9457 19.5573 23.171 22.9039 20.8219 19.5832 20.9077 17.7819 21.091 28.2671 16.3151 16.3668 15.745 19.4635 21.2101 19.0692 20.9762 23.059 20.1334 17.9863 17.7252 15.0316 17.9121 23.1788 23.5677 23.0979 37.4591 30.2568 16.8393 15.4647
threshold=0.0015049588247114159 0.0069141893434967973 0.000599583952419318 -0.00016221191135711748 0.0015741243249390747 4.6670000000000005e-05 -0.43454525781658909 0.0060333074853278186 1.0000000180025095e-35 0.0019698929277255487 0.35897420678204756 469.05357142857201 -0.01087055887449364 -0.024660633804338413 -0.021894926875658242 -0.0091213094159296165 4.5000000000000009 15.500000000000002 0.0036886328387457667 -0.00092164877215380559 5.5000000000000009 0.0033810010684722502 0.002372156837245567 0.23704573970879192 0.00072380630714494046 6.5000000000000009 0.0030547014202346036 -0.092335971494900151 0.0016302563181910723 2.5000000000000004
decision_type=2 2 2 2 2 2 2 2 2 2 2 2 2 2 2 2 2 2 2 2 2 2 2 2 2 2 2 2 2 2
left_child=-1 2 12 5 -4 6 -3 8 10 -10 11 -6 13 -2 -15 -14 19 18 -18 -17 -19 22 -11 24 25 29 27 -27 -28 -24
right_child=1 3 4 -5 7 -7 -8 -9 9 21 -12 -13 15 14 -16 16 17 20 -20 -21 -22 -23 23 -25 -26 26 28 -29 -30 -31
leaf_value=-0.049667872205842289 -0.019805082028476532 0.10415975459552702 -0.022398945702207573 0.0046285705104615257 0.017468716049030594 0.0076425909957257218 0.032576160204883735 -0.018873461195809668 -0.012789768343432997 -0.0039500655385656547 0.041397992793053846 -0.016986893792270096 -0.027638513000718529 0.11891098948166018 0.018282122945001849 0.0030575438670694226 -0.0013845310240211146 -0.01530975689562546 0.019452633335902941 -0.027965892834838958 0.014790799369056846 -0.0031203098890238601 -0.031122015940875249 0.012051448221688717 -0.053710223591573285 0.22360616008994 -0.00067185103470250671 0.079827714049991838 0.072676339200212631 0.053343214153859758
leaf_weight=56.242316259071231 34.091205861419439 15.471243910491465 69.696359382942319 252.5300722848624 242.8153665009886 36.145108925178647 29.940992396324873 69.206221843138337 213.8527627941221 99.114186799153686 59.417981617152691 40.166687915101647 101.24009507708251 5.603041995316743 80.034726096317172 66.353538531810045 391.99317939393222 340.57086585275829 164.60490265861154 157.89444140158594 57.109538910910487 184.51888336241245 11.14866426959634 203.07108921930194 5.6325224898755542 6.0424944721162328 13.62012968584895 9.2768069282174075 18.390930362045765 10.544536300003527
leaf_count=5435 473 137 1326 2714 3834 382 231 1110 4605 1271 588 568 2148 42 881 1038 6751 5435 1770 2864 832 1885 127 2019 52 65 128 78 162 102
internal_value=-0.000262388 0.000666906 -0.00076725 0.0120685 0.00416141 0.0351052 0.0569636 0.00572118 0.00724416 0.00267928 0.0175793 0.0125781 -0.00519238 0.0121465 0.024866 -0.00681452 -0.00502566 -0.00179202 0.00477772 -0.0187863 -0.0109871 0.00857229 0.0142975 0.0208097 0.0446328 0.0526578 0.0722395 0.136539 0.041468 0.00993447
internal_weight=3046.34 2990.1 2656.01 334.087 1256.52 81.5573 45.4122 1186.82 1117.61 775.213 342.4 282.982 1399.5 119.729 85.6378 1279.77 1178.53 954.278 556.598 224.248 397.68 561.36 376.841 277.727 74.6561 69.0236 47.3304 15.3193 32.0111 21.6932
internal_count=49053 43618 40154 3464 17920 750 368 16594 15484 10494 4990 4402 22234 1396 923 20838 18690 14788 8521 3902 6267 5889 4004 2733 714 662 433 143 290 229
is_linear=0
shrinkage=0.05


Tree=44
num_leaves=31
num_cat=0
split_feature=18 59 20 3 59 19 9 43 37 5 56 19 52 37 18 12 58 37 59 20 12 4 15 34 43 10 37 64 37 20
split_gain=53.0986 17.9276 18.3576 14.6207 17.6644 17.1969 15.3207 15.3929 16.0027 35.0519 20.1097 17.4287 16.9534 14.8173 12.7329 19.8617 17.3685 20.4359 17.6356 24.4402 17.6176 16.1586 15.7543 14.7091 13.5919 13.6043 13.4187 16.9163 12.7185 12.3536
threshold=0.0015049588247114159 0.0064530211313289692 0.0048755996585274465 0.0040178535902566162 -0.0024226649129499987 0.00061111054930168345 1.0000000180025095e-35 1.4929999999999984e-05 0.10367918367274012 0.0022582755641874209 1.7356991313025716 -1.9478534221104002e-05 0.66625565518916374 0.3422750492763752 0.004876918553577002 2.3340960569119651 0.0067928661492355881 0.83483561428334196 0.01204919805394793 0.0032210616661944029 0.5052426013524719 186.02857142857053 0.31303444241756412 2.0120362661437015 3.7147500000000003e-05 1.0000000180025095e-35 0.76835444949264198 0.65403216571012224 0.017202103773148191 -0.0016502161617147181
decision_type=2 2 2 2 2 2 2 2 2 2 2 2 2 2 2 2 2 2 2 2 2 2 2 2 2 2 2 2 2 2
left_child=-1 2 3 4 29 6 -6 -8 9 10 11 12 -9 -5 16 24 18 20 19 21 -18 22 -3 -17 25 -16 27 -23 -21 -2
right_child=1 14 -4 13 5 -7 7 8 -10 -11 -12 -13 -14 -15 15 23 17 -19 -20 28 -22 26 -24 -25 -26 -27 -28 -29 -30 -31
leaf_value=-0.049596710555017624 -0.0072335759262371615 0.093683043662808552 -0.024991694709176584 0.017098362460818341 -0.00069712314514887633 -0.0084693440150377039 -0.0099271003410246906 0.061750009342534252 0.010964878625852815 0.20697541276311038 0.15381138453364274 -0.013194945058982374 -0.036402092704651806 0.00044647371545689617 -0.014558237685377232 0.088715131181774029 0.092533776183985422 -0.037447049032774127 0.023071402267091746 0.047757813573280711 0.029544928491209488 -0.0027052818728914483 0.0025990748604554849 0.0099293280387563812 -0.015480487357010015 0.018275508808882061 0.049863284675338362 0.059781872501280586 -0.012860998876692023 -0.027298897956007418
leaf_weight=53.574189029633999 254.3706382624805 12.291306883096697 82.45367718860507 187.86362575180829 412.85815019160509 403.66887146793306 44.225002670660615 30.414087571203709 97.303931467235088 3.1208924464881411 3.3425949886441222 17.67747132666409 5.1434643231332293 462.44394486583769 49.648289032280445 9.913572236895563 13.750835906714199 9.2126039005815965 132.58498485758901 9.0735459811985475 57.605583608150482 102.08392216637731 7.7349570095539084 14.721529118716715 150.94711452722549 86.535860750824213 18.466574251651764 12.116410892456768 186.65699305012822 109.82751162908971
leaf_count=5435 5600 85 1463 2411 6701 7493 710 480 1468 30 49 318 85 6082 448 55 96 91 957 77 425 826 56 90 1338 685 136 97 1950 3316
internal_value=-0.000259446 0.000625143 -0.00186374 -0.00092538 -0.0038346 -0.000453019 0.00481651 0.0161288 0.0234683 0.043848 0.0348497 0.0273802 0.0475521 0.00525694 0.00665171 -0.00145103 0.01115 0.0326352 0.00755128 0.00164543 0.0416833 0.0166384 0.0585027 0.041634 -0.00514761 0.0063054 0.0103189 0.00392447 -0.0100509 -0.0132845
internal_weight=3041.63 2988.06 2114.71 2032.26 1381.95 1017.75 614.086 201.227 157.002 59.6985 56.5776 53.235 35.5576 650.308 873.344 311.766 561.578 80.569 481.009 348.424 71.3564 152.693 20.0263 24.6351 287.131 136.184 132.667 114.2 195.731 364.198
internal_count=49053 43618 36206 34743 26250 17334 9841 3140 2430 962 932 883 565 8493 7412 2616 4796 612 4184 3227 521 1200 141 145 2471 1133 1059 923 2027 8916
is_linear=0
shrinkage=0.05


Tree=45
num_leaves=31
num_cat=0
split_feature=18 63 59 21 63 13 58 13 20 60 59 38 45 4 20 6 35 37 4 50 21 5 17 60 7 62 20 7 58 62
split_gain=50.463 18.0072 15.6456 18.8796 23.7602 20.2346 20.1599 19.5917 17.3742 16.8157 16.5239 17.4437 23.3753 15.273 15.2037 14.5811 16.0235 19.1241 19.1263 19.7335 17.4232 24.4818 14.4648 13.7868 13.7179 12.7655 12.7467 13.3915 29.9544 12.7244
threshold=0.0014882296037690304 -0.004006423017100187 0.017149476301002154 0.0030861382753403 0.0069141893434967973 0.072472142735054604 0.000599583952419318 0.33885340415541237 0.011144947558578025 0.0015741243249390747 0.00019611493084777167 0.34417895071826882 -0.00040149887657665715 271.42857142856991 0.0019807496664513563 1.5000000000000002 0.087933954193902472 0.53246372695900845 349.13928571428505 0.0051983588938860669 -0.00040447547971032084 0.0021672351295250482 0.80092390000712543 0.44757720430451881 1.0000000180025095e-35 0.011280349838479918 0.00043229575021156563 2.5000000000000004 0.00073527631257493218 0.0072488305723279614
decision_type=2 2 2 2 2 2 2 2 2 2 2 2 2 2 2 2 2 2 2 2 2 2 2 2 2 2 2 2 2 2
left_child=-1 -2 3 4 6 13 14 9 -4 -8 26 15 -13 -5 29 -12 17 20 19 -19 21 23 -9 -17 -16 -6 27 28 -11 -3
right_child=1 2 8 5 25 -7 7 22 -10 10 11 12 -14 -15 24 16 -18 18 -20 -21 -22 -23 -24 -25 -26 -27 -28 -29 -30 -31
leaf_value=-0.050503974804067403 -0.013248720387317775 -0.0017884963005490037 0.031307566239772162 0.066811448758167899 0.021921931515499527 -0.022573342616794514 -0.024172442404563302 0.090306963255618419 0.0014973221547867205 0.16326258792087586 0.037382648453736636 0.11071268709678628 0.006027202639521341 2.9036885413357698e-05 0.014654424679042037 0.064398275129983848 -0.012488516985450629 0.0029985757820214366 -0.029056584550219051 0.097910904849800959 0.01452885328534104 -0.011686290062817812 0.018765556204239663 0.16914523185882163 -0.020776464759252766 -0.011456374188195567 -0.027463043146749324 -0.012068334048660867 0.0081681804887174039 0.071827213417082175
leaf_weight=49.154653303325176 218.44427570700645 925.3780764946714 90.766213126480579 10.077351339161394 199.31698705907911 162.77250550687313 54.691704464145005 7.4369564019143573 105.91182223707438 3.2147286254912606 38.683491137810051 9.8596670590341109 11.613186911679803 56.907642165198922 31.798373412340879 8.7653114348649996 97.359374868683517 51.289871038869023 50.480169210582972 6.1310960613191119 197.87422141805291 7.2599613294005385 141.42449242435396 4.8960732147097579 193.92845437210053 33.45262872800231 52.83518173545599 110.54050373192877 98.587019528262317 5.9074567100033155
leaf_count=5242 3963 15262 544 103 2127 2073 1108 99 760 56 457 87 124 777 430 99 1080 657 554 77 2561 69 1491 44 2909 404 1458 2387 1935 116
internal_value=-0.000254588 0.000572158 0.00166241 0.000623225 0.00196464 -0.0130546 0.000292164 0.0056775 0.0152546 0.00259279 0.00454616 0.0100406 0.0540955 0.0100759 -0.00414333 0.00799628 0.00531558 0.0106214 -0.00660497 0.0131328 0.0191168 0.0625092 0.0223397 0.101938 -0.0157853 0.0171249 -0.00548664 -1.84525e-05 0.0130658 -0.00132153
internal_weight=3036.76 2987.6 2769.16 2572.48 2342.72 229.757 2109.96 952.943 196.678 804.082 749.39 484.212 21.4729 66.985 1157.01 462.74 424.056 326.697 107.901 57.421 218.796 20.9213 148.861 13.6614 225.727 232.77 265.177 212.342 101.802 931.286
internal_count=49053 43811 39848 38544 35591 2953 33060 14343 1304 12753 11645 5809 211 880 18717 5598 5141 4061 1288 734 2773 212 1590 143 3339 2531 5836 4378 1991 15378
is_linear=0
shrinkage=0.05


Tree=46
num_leaves=31
num_cat=0
split_feature=18 59 23 19 59 4 12 21 18 53 37 35 59 11 42 49 64 23 59 50 42 47 59 21 4 38 7 54 19 13
split_gain=47.948 16.3686 17.2476 14.3256 17.4674 19.4487 16.6688 14.8171 13.4914 14.4555 13.2384 14.8846 12.1229 17.2196 18.3987 23.3273 15.0284 14.9068 16.202 18.4331 16.2273 15.9741 15.0236 14.1894 16.7763 15.7599 13.173 13.2137 16.3622 12.9447
threshold=0.0014882296037690304 0.0041285513528214711 2.4284092157720986e-05 0.0022437963893238376 0.011294299539410612 511.73928571428411 2.4685472327756797 0.0030861382753403 0.00290155403050456 0.0016323152824081718 0.91208710435255347 0.34821209987551277 -0.0013639540657373152 -0.29327992143691972 6.2900000000000008e-06 -3.0244282931974531e-05 0.32775044957364458 -0.00062827246085618267 -0.013137175804676925 0.0011521259800849409 5.4405000000000005e-05 -0.00057983344145075613 -0.0076965161478502438 -0.0012846338495402768 385.72500000000065 0.18639161667003737 2.5000000000000004 0.0047390840574869772 -0.0008251204284548631 0.20013780816543222
decision_type=2 2 2 2 2 2 2 2 2 2 2 2 2 2 2 2 2 2 2 2 2 2 2 2 2 2 2 2 2 2
left_child=-1 2 12 10 -5 7 -7 -6 -4 -10 -3 -12 17 14 15 -14 -15 18 29 21 -21 -20 -19 -18 25 -25 27 -24 -29 -2
right_child=1 3 8 4 5 6 -8 -9 9 -11 11 -13 13 16 -16 -17 23 22 19 20 -22 -23 26 24 -26 -27 -28 28 -30 -31
leaf_value=-0.050479239289244963 -0.032855565529499767 0.012905148343226354 -0.017425018433230282 -0.0092626732563973833 0.031057642802403862 -0.015595408906547405 0.045365043560659332 0.0040613703896925264 -0.011960978783554926 0.012761042240581642 -0.019961108541533261 0.061056537802189781 -0.0090112284061063738 -0.02630644308446467 -0.005656742445782478 0.10915482665362782 0.045070116549162403 -0.025468898616782379 0.084002171960853356 0.11857476769494123 0.015145138610404422 0.0076078273119079484 0.0013135889929022247 0.091905670516439303 -0.031966039423077082 0.01595457046417088 -0.012061332013244296 0.1068698635001944 0.010928909458075689 0.002754869474115977
leaf_weight=46.779686863534153 34.143275862559676 546.27283948566765 287.01787426415831 291.26239329576492 97.208257839083672 101.35713640600443 12.608668208122252 106.52590291202068 138.28218861110508 103.30162104032934 54.95693027228117 6.3212260529398909 8.5386665994301456 17.264813815243542 216.70607766788453 8.1754622720181924 50.359476866200566 98.958203276619315 7.2336219083517781 8.0427664984017593 7.1755969002842894 126.65257450938225 178.91053419653326 7.2986108213663092 17.341207079589367 106.39682757668197 227.16649326682091 6.8541810717433718 12.637943582609294 101.04144298657775
leaf_count=5242 698 5044 6510 3378 625 854 72 927 2784 1989 527 47 129 231 3453 115 485 2327 67 118 117 1364 3536 88 161 1346 5025 131 320 1343
internal_value=-0.000250628 0.000536267 -0.0025332 0.00500102 -0.00041855 0.00768961 -0.00885102 0.0169422 -0.0100965 -0.0013898 0.0104332 -0.0116036 0.000688651 0.00745022 -0.00175822 0.0487879 0.0182698 -0.00292347 0.00629674 0.0176623 0.0698068 0.0117353 -0.00792075 0.0225125 0.0138432 0.0208302 -0.00384025 0.0055727 0.0446654 -0.00623917
internal_weight=3032.79 2986.01 1769.5 1216.51 608.962 317.7 113.966 203.734 528.602 241.584 607.551 61.2782 1240.9 432.081 233.42 16.7141 198.661 808.817 284.289 149.105 15.2184 133.886 524.527 181.396 131.037 113.695 425.569 198.403 19.4921 135.185
internal_count=49053 43811 32337 11474 5856 2478 926 1552 11283 4773 5618 574 21054 6008 3697 244 2311 15046 3707 1666 235 1431 11339 2080 1595 1434 9012 3987 451 2041
is_linear=0
shrinkage=0.05


Tree=47
num_leaves=31
num_cat=0
split_feature=5 63 59 23 1 6 6 7 6 32 6 13 63 37 59 4 17 19 58 19 59 54 58 60 60 58 41 62 46 48
split_gain=29.7166 18.7554 15.4093 18.0206 14.6513 14.4967 30.7084 16.0863 25.4439 21.0638 18.9789 21.3185 16.3351 14.9994 17.8891 17.1338 15.5622 15.2051 14.7402 13.9768 13.5744 17.1986 13.4444 18.7954 18.0846 32.0655 18.7334 16.5823 14.3923 17.1258
threshold=0.0013085766683720362 -0.0074789747326192693 0.0021892439541186539 1.7932771504911315e-05 -0.00031205708263418722 1.5000000000000002 6.5000000000000009 5.5000000000000009 14.500000000000002 21.500000000000004 11.500000000000002 0.052810825087563983 0.044219769753651855 0.89572664167821536 0.016264930442758192 511.73928571428411 2.357333274605772 0.0021156314733350389 -0.011469234998899501 3.6009505222002858e-05 0.001794068395644894 -0.0028058693787763747 -0.00058816407106517736 0.92733420514802634 0.95556776042718716 0.00010682493687389455 4.7140000000000006e-05 -0.014645612449419048 0.00053605925312521748 7.3627713692526157e-05
decision_type=2 2 2 2 2 2 2 2 2 2 2 2 2 2 2 2 2 2 2 2 2 2 2 2 2 2 2 2 2 2
left_child=2 19 -1 4 -4 -3 -7 8 10 12 11 20 13 14 22 -16 -15 -17 -12 -2 -8 -22 27 28 26 -26 -25 -10 29 -24
right_child=1 5 3 -5 -6 6 7 -9 9 -11 18 -13 -14 16 15 17 -18 -19 -20 -21 21 -23 23 24 25 -27 -28 -29 -30 -31
leaf_value=-0.021530628338004801 -0.0061062663579235016 0.015516197498679943 0.012494827984624621 -0.0079106729442329667 0.10061429411722062 -0.010177207381486947 -0.00089251503252193607 0.018294269386543122 0.071537029759089307 0.10132022969249521 0.072521126011519929 -0.0056978721773889808 0.058506030852574956 -0.021263210633591805 0.044017625722901056 0.067109617497535495 0.060762643253713222 -0.016448405170562185 0.016662795139551514 -0.040038554142864266 -0.012908224550049814 0.04357542459852301 -0.0027565934687219362 0.19542159949409563 0.1574200322274607 0.0062643855339315092 0.040641396181771296 -0.014097476438740278 -0.044225849344117933 0.048997014948318401
leaf_weight=228.04538897704333 111.47867633774877 202.17743098456413 14.291468864306809 133.51458263583481 7.0410454431548706 448.87538080848753 53.016075864434242 187.33794020209461 5.7761504873633376 4.8452407009899607 12.269860081374643 265.1286262171343 10.600412067025898 149.14408976770937 40.814181573688984 6.5476530939340583 6.0156352818012229 32.312683023512363 315.47757328674197 41.698759337887168 17.081675544381142 63.860826728865504 304.37351984251291 2.9887625295668823 3.762044381350278 52.073076585307717 5.6514407712966204 265.38932204525918 19.549444161355495 16.870919292792678
leaf_count=9861 1816 2686 166 2836 99 6897 1082 2437 56 45 92 3555 72 1886 245 43 48 253 3347 888 157 640 4321 44 53 712 94 4119 292 211
internal_value=-0.000246289 0.00163826 -0.0132652 -0.00109263 0.0415797 0.00268211 0.00154891 0.00440817 0.00283495 -0.0026579 0.00983834 0.00251645 -0.0032044 -0.00392225 -0.00101635 0.0213928 -0.018083 -0.00236955 0.018754 -0.0153435 0.0187741 0.0316554 -0.00365583 0.00211015 0.0268658 0.0164489 0.094182 -0.0122734 -0.0025734 -3.86291e-05
internal_weight=3028.01 2645.12 382.892 154.847 21.3325 2491.94 2289.76 1840.89 1653.55 926.715 726.835 399.087 921.869 911.269 756.109 79.6745 155.16 38.8603 327.747 153.177 133.959 80.9425 676.435 405.269 64.4753 55.8351 8.6402 271.165 340.794 321.244
internal_count=49053 36091 12962 3101 265 33387 30701 23804 21367 12494 8873 5434 12449 12377 10443 541 1934 296 3439 2704 1879 797 9902 5727 903 765 138 4175 4824 4532
is_linear=0
shrinkage=0.05


Tree=48
num_leaves=31
num_cat=0
split_feature=18 63 56 60 5 21 6 6 59 21 62 58 6 20 63 38 59 20 17 37 18 3 3 21 47 42 7 37 62 48
split_gain=44.7807 15.1873 15.4327 14.3972 15.4767 14 13.179 32.6039 14.299 22.0997 20.2912 21.4106 25.4899 16.342 22.0236 14.795 12.1287 19.0351 13.3868 11.9475 12.2372 11.728 11.7045 13.4956 14.8297 11.4518 11.3274 11.4961 13.78 15.0056
threshold=0.0014882296037690304 -0.0095205915255822688 0.20346842457604983 0.0015741243249390747 0.0026152561560640708 -0.0019246011785025109 6.5000000000000009 1.5000000000000002 -0.0012083334587346943 0.00081138936838609282 -0.012483636944144175 -0.0020210456522170204 20.500000000000004 -0.0012098984010079584 0.029041112389863778 0.29037028244761098 0.019822108650261881 0.011144947558578025 1.0705958415403229 0.81857222775313443 0.0025469915280071941 0.002343628433267732 0.0053912471746898867 0.0031762338778608921 -0.00042272488632639295 6.2900000000000008e-06 4.5000000000000009 0.28404476109888871 -0.0033653386885644202 -0.00052093020309516814
decision_type=2 2 2 2 2 2 2 2 2 2 2 2 2 2 2 2 2 2 2 2 2 2 2 2 2 2 2 2 2 2
left_child=-1 2 -2 4 5 -3 7 26 13 10 -10 12 -12 15 -15 -8 19 -18 -19 -11 -21 -4 -22 24 -24 -13 27 28 -5 -30
right_child=1 3 21 6 -6 -7 8 -9 9 16 11 25 -14 14 -16 -17 17 18 -20 20 22 -23 23 -25 -26 -27 -28 -29 29 -31
leaf_value=-0.050449996311974436 -0.028711638212318133 0.072139316790679059 0.083447119034294762 0.083426614537870009 0.072287717958874426 -0.020635022222052993 0.0050662342105619908 -0.010886021194619126 0.097686824782848528 0.0021203537032836346 0.01104960949807716 0.055027130833329774 -0.026571311183727537 -0.022147260431383601 0.092097927974984631 -0.025684213050799005 0.053738394027668772 -0.01913117046582305 0.02350918002399344 0.021270425431423282 -0.034192340848632451 -0.0017404786269988931 0.083585696260102552 -0.038147806965298021 -0.0044692165167598647 0.018521119256532433 -0.011075009354071208 0.0068943831640619034 0.078247611814192819 0.012904997362921531
leaf_weight=43.768284370191395 86.365383858792484 4.1991442441940299 4.375119997188448 11.199924215674399 4.9560448303818694 128.64787607546896 402.39146107621491 494.82881777826697 7.1830332428216925 575.898278452456 177.6557091511786 22.949382277205586 60.309221319854259 123.02240510284901 4.3682293184101573 43.327529469504952 26.838881187140942 33.021195948123932 41.589427851140499 19.334411272779107 67.410372026264668 52.790277752093971 7.4009669236838809 13.020039360970257 13.509491533041002 336.09943511430174 43.323536385782063 108.94614627584815 10.46579767949879 54.746705268509686
leaf_count=5242 1769 67 92 147 61 2642 6652 8113 60 6764 1970 269 828 3329 50 772 158 288 241 268 820 759 60 152 113 4232 777 1404 149 805
internal_value=-0.000242375 0.000494998 -0.0153729 0.00129789 -0.0144661 -0.0177025 0.0021028 -0.00367045 0.00421739 0.00693705 0.014151 0.0131459 0.00151506 -0.00243676 -0.0182298 0.00207704 0.00147523 0.0176273 0.0046374 -0.000877161 -0.0151822 0.0047793 -0.0221368 0.00181407 0.0266966 0.0208545 0.0119428 0.0173227 0.0321911 0.0233917
internal_weight=3023.94 2980.17 143.531 2836.64 137.803 132.847 2698.84 723.511 1975.33 1402.22 604.197 597.014 237.965 573.11 127.391 445.719 798.023 101.45 74.6106 696.574 120.675 57.1654 101.341 33.9305 20.9105 359.049 228.682 185.359 76.4124 65.2125
internal_count=49053 43811 2620 41191 2770 2709 38421 11395 27026 16223 7359 7299 2798 10803 3379 7424 8864 687 529 8177 1413 851 1145 325 173 4501 3282 2505 1101 954
is_linear=0
shrinkage=0.05


Tree=49
num_leaves=31
num_cat=0
split_feature=18 63 21 58 63 62 51 59 63 19 59 37 21 60 28 41 47 62 18 13 59 21 59 58 14 64 8 4 20 41
split_gain=42.5551 14.4301 19.1395 18.622 16.9057 16.4792 18.8296 22.504 14.6875 14.6166 14.6499 14.2228 23.1635 17.8987 15.2756 15.3918 14.8726 14.0391 14.0198 13.9644 13.8683 16.3989 13.4344 13.2305 16.5872 12.7054 12.2902 17.4458 13.1595 29.1097
threshold=0.0014882296037690304 0.0069141893434967973 0.0019614036241910335 0.000599583952419318 0.030247327686553905 0.0060333074853278186 1.0000000180025095e-35 0.001794068395644894 0.0011811785531393416 -0.0010977665645512623 -0.00084854469072294738 0.012039882231148184 0.001886762188452018 0.66153658920957958 0.86362010758392971 3.758000000000001e-05 0.00014710376862871955 0.015397581022628544 0.0047025084821377223 0.35897420678204756 -0.0055390842160431613 -0.0021987815304257436 -0.0041171328632727206 0.00069824554613154787 0.47237850939707066 0.11588329685718703 1.0000000180025095e-35 188.15857142857155 0.0012611989650983487 3.2460000000000004e-05
decision_type=2 2 2 2 2 2 2 2 2 2 2 2 2 2 2 2 2 2 2 2 2 2 2 2 2 2 2 2 2 2
left_child=-1 3 17 9 -4 6 19 23 -9 20 -11 12 13 -12 15 26 -17 -3 -6 22 21 -2 -5 24 -8 -25 27 -13 29 -29
right_child=1 2 4 5 18 -7 7 8 -10 10 11 14 -14 -15 -16 16 -18 -19 -20 -21 -22 -23 -24 25 -26 -27 -28 28 -30 -31
leaf_value=-0.050427933206738065 0.0011795017135442624 0.024912800159405793 -0.01375575657097013 -0.008681087868816181 0.050543880965998968 -0.019260347135718885 0.15347038144451652 0.0069372200269476646 -0.048113097748342853 -0.022758393219626499 -0.0033647589801372594 -0.035077985020590681 0.14369792310578194 0.11201012870935821 0.033580974744265572 -0.021278382688528431 0.008344223658249713 -0.030449926495680863 -0.0030511251496701283 0.035863642599026364 0.0096924060103639013 -0.025922665562601796 0.015825302166585505 0.067714575468263358 -0.019194381075702815 -0.016898114713701725 -0.015868217722324583 0.01903812546828005 -0.00068255973748882967 0.15266719278881799
leaf_weight=41.651437696069479 204.91960501298308 170.08147750608623 107.44647384807467 73.353225765749812 22.638388589024544 74.056788364425302 2.6533587500452986 583.46535590197891 12.37315604649484 156.34704066906124 26.446465589106086 23.092206644825637 3.7078734226524821 3.8510316088795653 21.916307985782623 267.30984113179147 50.353740910068154 12.277617402374743 26.468588668853045 62.821718515828252 267.65554011054337 76.707435075193644 235.36937632411718 4.5345523022115222 2.9234610479325056 205.57273564487696 93.810940452851355 76.767931614071131 105.02959812991321 4.3039393685758105
leaf_count=5242 3218 1740 1221 1557 152 1247 55 6221 166 4372 524 466 41 63 253 4138 682 148 209 596 3451 1427 3318 96 63 4662 1450 998 1216 61
internal_value=-0.000238194 0.000463719 0.0101761 -0.000783432 -0.00264788 0.00362044 0.00505271 0.000784548 0.00579405 -0.00478874 -0.00896413 -0.00577654 0.0257366 0.0113002 -0.0074442 -0.00889283 -0.0165828 0.0211854 0.0216563 0.0143752 0.00154286 -0.00620238 0.0100025 -0.0130545 0.0629567 -0.015072 -0.000830818 0.00591256 0.0109988 0.0261322
internal_weight=3019.91 2978.26 338.913 2639.34 156.553 1257.12 1183.07 811.523 595.839 1382.22 832.937 676.59 34.0054 30.2975 642.585 620.668 317.664 182.359 49.107 371.544 549.283 281.627 308.723 215.684 5.57682 210.107 303.005 209.194 186.101 81.0719
internal_count=49053 43811 3470 40341 1582 17981 16734 11263 6387 22360 14264 9892 628 587 9264 9011 4820 1888 361 5471 8096 4645 4875 4876 118 4758 4191 2741 2275 1059
is_linear=0
shrinkage=0.05


Tree=50
num_leaves=31
num_cat=0
split_feature=18 26 63 60 21 59 21 12 38 47 4 63 21 59 18 43 11 59 13 21 21 59 32 56 20 63 59 20 63 42
split_gain=40.441 13.92 14.6467 12.2578 13.91 13.3414 11.7614 12.7565 11.3937 11.7987 11.3384 11.2166 14.5279 15.6717 15.5153 20.7358 17.4635 15.0859 21.0486 14.5382 14.1222 13.6802 19.4757 17.0942 12.7227 14.6575 13.1769 17.2658 20.7188 17.0171
threshold=0.0014882296037690304 1.5446269652961153 -0.004006423017100187 0.0015741243249390747 -0.0019246011785025109 0.0096044588085479107 -0.0081122469488254505 0.77415297750630552 0.24747526425908259 1.5264546803943946e-05 143.89392857142698 0.031215529652027212 0.0030861382753403 0.011294299539410612 0.0034507882231563257 9.8164999999999979e-05 1.7366207935021032 0.019822108650261881 0.070717373206605635 0.0042985165828397917 0.0015477628315014992 0.016264930442758192 9.5000000000000018 0.1671277373451133 0.0048755996585274465 0.0088561638862010208 -0.0013126343711246538 -0.0033536387038598232 -0.0011353297163022808 0.00015716500000000004
decision_type=2 2 2 2 2 2 2 2 2 2 2 2 2 2 2 2 2 2 2 2 2 2 2 2 2 2 2 2 2 2
left_child=-1 2 6 4 -4 8 7 -2 9 -6 -10 12 13 24 15 16 20 18 -14 -19 -15 22 23 -16 25 26 27 28 -5 -29
right_child=1 -3 3 11 5 -7 -8 -9 10 -11 -12 -13 17 14 21 -17 -18 19 -20 -21 -22 -23 -24 -25 -26 -27 -28 29 -30 -31
leaf_value=-0.050406956357057865 -0.02891517747833465 0.094163171388604763 0.078314224440271793 0.086314438515924685 -0.044546988751308303 0.065045125330770837 -0.015015495814485342 0.087164555308820821 0.044904481396584456 0.029864435335294461 -0.014269869152693014 0.02349117658922488 0.0090712420018935116 0.049416481994548823 -0.038503407523512001 0.0022020441884441412 0.01149973669878631 0.049748152527635953 -0.024736271844022606 -0.00089350111964865057 0.13350150962651716 0.024422441877843825 0.075818317529910015 0.018088819307078129 -0.014019463204278625 0.01865335033868926 0.0048407835624502578 -0.015543102397154973 0.001310687000905529 0.047985279126550734
leaf_weight=39.636144008021802 3.9361079167574626 3.9559071473777285 3.9818242304027072 7.3039572183042756 49.496911825612187 4.8125832602381697 200.87281272001565 5.9363035038113594 9.4497946724295598 5.969658847898244 56.471400634385645 59.447700783610344 63.827750092372298 9.4006035253405624 36.067855462431908 20.471928276121616 9.4042419046163541 17.387628614902496 165.20618998631835 76.635497383773327 10.651369422674177 63.097502760589123 6.1865168884396544 21.179081112146378 120.76820144429803 134.14587439503521 1131.6227962365374 280.91553960181773 386.56224590726197 10.952185459434984
leaf_count=5242 76 35 59 97 1115 32 3803 79 204 116 1126 420 821 47 329 124 55 97 2121 588 62 328 42 145 1522 1516 15538 7352 5687 275
internal_value=-0.000234854 0.000433341 0.000308588 0.00127824 -0.0136984 -0.0166016 -0.0123969 0.0408838 -0.0198386 -0.0365384 -0.00578723 0.00201922 0.00152289 0.00294727 0.0172514 0.0408536 0.0677163 -0.00839189 -0.0153147 0.00847162 0.0940814 0.0079381 -0.00845894 -0.0175665 0.00172924 0.00270384 0.00152655 -0.00394272 0.00288702 -0.0131592
internal_weight=3015.75 2976.12 2972.16 2761.42 130.182 126.2 210.745 9.87241 121.388 55.4666 65.9212 2631.23 2571.79 2248.73 176.459 49.9281 29.4562 323.057 229.034 94.0231 20.052 126.531 63.4335 57.2469 2072.27 1951.5 1817.36 685.734 393.866 291.868
internal_count=49053 43811 43776 39818 2652 2593 3958 155 2561 1231 1330 37166 36746 33119 1132 288 164 3627 2942 685 109 844 516 474 31987 30465 28949 13411 5784 7627
is_linear=0
shrinkage=0.05


Tree=51
num_leaves=31
num_cat=0
split_feature=18 17 59 21 59 19 37 20 63 58 11 55 59 4 63 31 6 60 5 13 19 59 45 13 41 59 16 37 14 50
split_gain=38.4363 13.2325 16.8592 21.2628 22.7611 19.8883 16.8193 18.007 17.091 15.4692 18.1985 16.1101 26.3538 14.8104 14.6807 14.1281 13.801 15.415 14.5352 13.0777 13.0155 13.7303 14.083 12.5099 11.9409 15.3735 11.3465 14.57 11.0277 12.39
threshold=0.0014882296037690304 0.80772714718287697 0.0096044588085479107 -0.0018247746415994647 -0.0041171328632727206 0.0022437963893238376 0.051675702833744723 -0.0028116413010260779 0.034827369965991763 -0.00073828036251325543 -0.72541376128802393 1.0000000180025095e-35 -0.0054183271829139797 446.18571428571369 -0.0095205915255822688 1.2457861088909701 12.500000000000002 0.026926880727233472 0.0018926713003434334 0.39747135451945353 0.003987088280865689 0.03274357926043283 -0.00027595436804654536 0.21973390513143068 0.00012548500000000002 0.0042296563574359307 0.0042208939446473715 0.48339270639259185 0.47898711062509258 -0.011861003953306982
decision_type=2 2 2 2 2 2 2 2 2 2 2 2 2 2 2 2 2 2 2 2 2 2 2 2 2 2 2 2 2 2
left_child=-1 6 3 9 15 -6 7 -2 14 11 -11 26 -13 -10 -8 -5 17 -12 -18 -19 -4 -22 -23 24 25 -9 27 -3 29 -16
right_child=1 2 20 4 5 -7 8 23 13 10 16 12 -14 -15 28 -17 18 19 -20 -21 21 22 -24 -25 -26 -27 -28 -29 -30 -31
leaf_value=-0.050387015152078989 0.10791826913239955 -0.011474775198377616 0.025387421100675784 -0.02120234367120365 0.004009308969435502 -0.012903680765848025 -0.035533924633762447 -0.011052359699777541 0.10288329651570863 0.13698593600125039 0.087561588142839542 -0.012195408028571749 0.13840261233219597 0.002066649249271111 0.072049352188024413 0.066795696613231426 0.13383222746044598 -0.02753969687538136 0.035607974078311629 0.062207396245776862 0.00091313390428612471 0.0046100208539451631 0.089750448992919674 0.11168374794976046 0.090552400318422849 0.035071766635608605 0.0018756058572562404 0.12784351988559858 -0.012433477250859668 -0.0019060967270645589
leaf_weight=37.717612870037556 5.0359315741807213 3.4630288146436206 131.08014503493905 173.57608371600509 823.96516601042822 220.28985389601439 42.635621886700392 57.920127149671316 6.6236669868230811 3.9043088033795348 4.5491069834679356 5.7573934495449066 5.8635437898337823 8.0948418192565423 5.7218187823891631 4.6842732336372128 4.2490477599203578 22.990498267114166 33.156422125175595 4.9294465556740752 182.89370516687632 10.219555333256723 9.2559740245342237 2.9726512227207413 4.1161901932209721 26.254948902875185 257.84804136119783 4.096669701859355 353.24109559971839 553.76972693577409
leaf_count=5242 82 61 908 3483 12485 3044 966 1338 47 67 54 93 65 69 69 46 70 367 371 52 1384 60 54 44 71 245 3513 66 5808 8829
internal_value=-0.000230025 0.000406268 0.0029008 0.000736362 -0.00237735 0.000441445 -0.00405413 0.0158759 -0.00603257 0.0115872 0.0319326 0.00616879 0.0637914 0.0474365 -0.00685632 -0.01889 0.0260627 0.00221207 0.0467657 -0.0116943 0.0131133 0.00516307 0.045074 0.0107971 0.00740033 0.00333416 0.00364577 0.0640231 -0.00551673 -0.00114977
internal_weight=3010.88 2973.16 1906.77 1573.32 1222.52 1044.26 1066.39 96.2998 970.087 350.808 73.7788 277.029 11.6209 14.7185 955.368 178.26 69.8745 32.4691 37.4055 27.9199 333.449 202.369 19.4755 91.2639 88.2913 84.1751 265.408 7.5597 912.733 559.492
internal_count=49053 43811 26243 23837 19058 15529 17568 1780 15788 4779 981 3798 158 116 15672 3529 914 473 441 419 2406 1498 114 1698 1654 1583 3640 127 14706 8898
is_linear=0
shrinkage=0.05


Tree=52
num_leaves=31
num_cat=0
split_feature=18 63 56 60 5 4 59 53 21 59 20 3 59 19 49 1 20 58 18 38 5 41 13 1 55 12 5 21 41 60
split_gain=36.5309 12.112 13.9552 12.0171 13.0108 11.789 16.4476 14.2521 13.4699 20.7469 13.9288 15.8909 21.5548 14.3997 14.2551 13.2891 15.5294 13.0029 15.8241 23.2552 22.0156 20.8195 24.9343 16.3776 20.4801 24.3185 18.2354 16.166 14.469 14.4204
threshold=0.0014882296037690304 -0.0095205915255822688 0.20346842457604983 0.0015741243249390747 0.0026152561560640708 882.58214285714314 0.03274357926043283 -0.017136455494672694 0.0042985165828397917 0.012606232387165401 0.0076993238308109922 0.0062833975535150658 -0.010762150084317985 -0.0033354644004555275 0.0074399402003388583 -0.0025742419403634764 -0.0061061673221866272 0.0019395445756655607 0.003740964194019702 0.19783394511077584 0.0020904214122554024 0.00015222500000000003 0.16428615994831883 -5.3000088039323398e-05 1.0000000180025095e-35 0.33048099772600176 0.0031763978787849607 0.00081138936838609282 7.7635000000000011e-05 0.52034251102894402
decision_type=2 2 2 2 2 2 2 2 2 2 2 2 2 2 2 2 2 2 2 2 2 2 2 2 2 2 2 2 2 2
left_child=-1 2 -2 4 -3 6 8 -7 9 10 11 12 -5 15 -13 -14 -17 -15 20 23 -19 22 -22 -20 -25 -26 -27 -24 29 -29
right_child=1 3 -4 5 -6 7 -8 -9 -10 -11 -12 14 13 17 -16 16 -18 18 19 -21 21 -23 27 24 25 26 -28 28 -30 -31
leaf_value=-0.050368054208680679 -0.027242253529426625 -0.01665540513930425 0.0049773009406051975 -0.026479174544918011 0.063538312176634387 0.064865320591413353 0.0483987609437714 -0.032241426181649997 -0.011768408491718665 0.018748234203505586 -0.029573985626735036 0.0095034265329557183 0.01336061720663396 -0.0030541847376447601 0.048311419451835251 0.12246444035584059 -0.00010720657961709135 0.0043552637447342724 -0.0054770695211856903 -0.019661074119359835 0.0095161511585877059 0.10865901969305106 0.11699479592185483 -0.031576143030174683 0.19529813273787952 0.10332279303759176 -0.040563055891015005 0.023459687033539581 -0.0095604731749869831 0.14505841551105389
leaf_weight=35.891268972307444 81.982378643006086 129.0288159660995 56.956080661155283 71.801452223211527 5.2641797605901948 4.1574216224253169 19.164602100849152 41.456009861081839 168.46374993771315 189.32980861887336 35.45084959641099 258.2846149224788 96.970137938857079 1085.9088124586269 26.04949832893908 6.2929622046649456 4.384604334831236 418.68282464705408 19.97592437453568 114.97754156962037 83.447516661137342 7.621982265263795 9.5056133680045622 4.5045329108834276 3.9754331242293128 5.6739886719733459 3.5985893700271845 5.3768053762614745 8.8326531089842302 4.4610342085361481
leaf_count=5242 1769 2709 851 1644 61 38 117 471 1821 1217 434 2559 1090 18339 316 74 60 6411 300 1573 1242 87 114 82 61 84 63 57 105 62
internal_value=-0.000226371 0.000379249 -0.0140343 0.00108622 -0.0135119 0.00181274 0.00224611 -0.0233907 0.00191026 0.00284505 0.00152201 0.00201407 0.000408538 0.00143316 0.0130589 0.0191901 0.072132 0.000357191 0.00572102 -0.00848395 0.00975349 0.0287072 0.0232479 0.0255783 0.0605232 0.0918385 0.0474822 0.0639163 0.0368927 0.0785994
internal_weight=3007.47 2971.58 138.938 2832.64 134.293 2698.35 2652.74 45.6134 2633.57 2465.11 2275.78 2240.33 1955.99 1884.19 284.334 107.648 10.6776 1776.54 690.634 152.706 537.928 119.246 111.624 37.7285 17.7525 13.248 9.27258 28.1761 18.6705 9.83784
internal_count=49053 43811 2620 41191 2770 38421 37912 509 37795 35974 34757 34323 31448 29804 2875 1224 134 28580 10241 2163 8078 1667 1580 590 290 208 147 338 224 119
is_linear=0
shrinkage=0.05


Tree=53
num_leaves=31
num_cat=0
split_feature=18 26 63 9 19 48 43 6 6 60 5 21 13 38 59 21 21 62 58 45 37 38 59 43 63 19 3 64 6 54
split_gain=34.7207 11.5794 11.8507 11.2352 11.9441 11.8222 11.2421 10.9909 30.7584 12.0431 14.8697 13.1457 11.3851 13.1338 11.1207 14.048 13.2006 17.5318 22.7422 19.8994 18.6784 23.6199 15.3689 15.2734 13.0869 13.7747 13.874 12.7945 12.0344 13.5285
threshold=0.0014882296037690304 1.5446269652961153 -0.004006423017100187 1.0000000180025095e-35 -0.0074160636547512815 -0.00055629611432658722 9.6230000000000005e-05 1.5000000000000002 5.5000000000000009 0.0015741243249390747 0.0026152561560640708 -0.0019246011785025109 0.23217877964730974 0.19366458969442513 -0.015943980570770767 -0.010957888437366134 0.00081138936838609282 -0.00382946643053007 -0.00085881254621947289 -0.00044186146836101516 0.4749327685068514 0.25475741529319645 0.0051794183008830527 -7.449999999999999e-06 -0.0010601135852202012 -0.0056146074081676453 0.0082800440052123257 0.99981132352869106 19.500000000000004 0.0082873275561721801
decision_type=2 2 2 2 2 2 2 2 2 2 2 2 2 2 2 2 2 2 2 2 2 2 2 2 2 2 2 2 2 2
left_child=-1 2 3 4 6 -5 -2 12 -9 10 11 -10 13 -4 15 -11 17 20 19 24 -16 -22 -18 -20 -19 -26 28 -25 29 -27
right_child=1 -3 7 5 -6 -7 -8 8 9 14 -12 -13 -14 -15 16 -17 22 18 23 -21 21 -23 -24 27 25 26 -28 -29 -30 -31
leaf_value=-0.050350024819087118 -0.0055780852319668277 0.083356504842439866 -0.0031052192906910435 -0.045105136969369131 -0.025358513409273677 0.014173306460043243 0.081484131200661669 -0.01254851839919066 0.076970946889208386 0.056566796100932973 0.072416177924945493 -0.020165327279507816 -0.0081231588081459843 0.027437076344509703 0.011511932345679165 -0.02183325947612964 -0.009332644623675777 0.10191219137444488 -0.01895879997460178 -0.0096657703106048098 0.13020406131121021 0.019105888977829291 0.0044895291438597808 0.015808851478112614 0.044523333777077678 0.0095046815896623216 -0.044446141937369316 0.10008811579811489 -0.015705541311866973 0.060821445697213296
leaf_weight=34.15274707460776 14.256722815334799 4.1958608012646428 50.370738415978849 9.8603457966819388 119.42584483232349 57.220361142419279 5.011215701699256 400.56567686703056 3.6009881980717173 6.2267413940280667 4.8565876092761746 106.36404094193131 54.247513255104423 116.85828186850995 27.51949770282954 69.35473938472569 309.02474416233599 3.7994344700127831 32.241211913526058 283.36386778578162 9.7737968415021914 9.3712785802781564 575.88369440101087 453.22596337925643 23.740300983190536 144.07106686756015 13.622146770358084 4.5484065618365994 43.169707021676004 14.100078776478766
leaf_count=5242 156 35 752 184 2506 1060 52 6633 46 81 49 2268 595 1755 323 1088 5496 55 511 4373 89 86 5158 6926 178 2241 142 49 731 193
internal_value=-0.000223364 0.000353079 0.000235645 -0.0113396 -0.0194648 0.00545983 0.0170651 0.00109868 0.000166668 0.00254908 -0.0132031 -0.0169844 0.0117808 0.0182375 0.00344313 -0.0153743 0.00417344 0.00793016 0.00655364 -0.000667931 0.0378968 0.0758229 -0.000337404 0.0143036 0.00984602 0.00838061 0.00438904 0.0166462 0.00769309 0.0140793
internal_weight=3004.02 2969.87 2965.67 205.774 138.694 67.0807 19.2679 2759.9 2538.42 2137.86 114.822 109.965 221.477 167.229 2023.04 75.5815 1947.46 1062.55 1015.88 525.867 46.6646 19.1451 884.908 490.016 242.503 238.703 214.963 457.774 201.341 158.171
internal_count=49053 43811 43776 3958 2714 1244 208 39818 36716 30083 2363 2314 3102 2507 27720 1169 26551 15897 15399 7913 498 175 10654 7486 3540 3485 3307 6975 3165 2434
is_linear=0
shrinkage=0.05


Tree=54
num_leaves=31
num_cat=0
split_feature=5 59 20 59 2 4 59 53 59 53 26 63 21 38 21 59 63 60 13 59 60 4 57 62 45 21 63 2 62 60
split_gain=20.5473 12.4071 16.2248 12.3031 12.1227 11.8264 14.6269 12.3264 11.701 17.1416 11.4986 11.6592 16.9846 17 12.2133 15.9318 13.716 12.9157 12.8477 15.2558 14.18 14.2635 12.0926 14.4672 14.2598 14.2371 15.7386 13.5555 13.0298 12.9009
threshold=0.0013085766683720362 0.0021892439541186539 0.00090736867150738212 0.0024236331475015593 -0.0012843451975618817 882.58214285714314 0.03274357926043283 -0.017136455494672694 0.00057892158955501975 0.00068566760086757775 1.5446269652961153 -0.0074789747326192693 -0.0081122469488254505 0.16114291531165828 0.0030861382753403 0.016264930442758192 0.0071557608011686381 0.0015741243249390747 0.073228853840654487 0.01852754674717744 0.09896662627023492 271.42857142856991 -1.0000000180025095e-35 0.0060333074853278186 -0.00039266721162613147 -0.00010567917279415944 -0.00013794830284223234 0.0023138004204635112 -0.011811215852247365 0.91432258260141841
decision_type=2 2 2 2 2 2 2 2 2 2 2 2 2 2 2 2 2 2 2 2 2 2 2 2 2 2 2 2 2 2
left_child=1 4 3 -3 8 6 10 -7 -1 -10 11 12 13 -2 15 16 17 -13 20 -20 -16 -22 24 29 25 26 27 -19 -26 -24
right_child=5 2 -4 -5 -6 7 -8 -9 9 -11 -12 14 -14 -15 18 -17 -18 22 19 -21 21 -23 23 -25 28 -27 -28 -29 -30 -31
leaf_value=-0.011728902398824214 -0.0061704463488592353 0.096082503434776867 -0.0096507054225216556 0.01610921270767867 -0.029629203821065587 0.05136693392904243 0.044775248973038057 -0.03126482702155061 0.0027522223289406932 0.14581418803329513 0.090725966164138749 -0.020745659926659336 -0.016894989032605771 0.14816676836297268 0.097512988537881484 0.02688548701317664 0.015066500937819619 0.032255848443416849 -0.021498301061200722 0.0051530791285036119 0.057901676720678585 -0.0032969607367645116 0.0053140095054635258 -0.019623003823871079 0.053026732481351563 -0.0095133070561046595 0.0058589041665953164 0.14011142588366443 -0.011436666175519116 0.022838882803482306
leaf_weight=81.46073034638539 4.0532226432114831 5.699121876154094 115.39212988689542 30.794948666356504 120.17162735154852 5.0224893242120734 19.630803652107716 44.506131550297141 6.9832594874314946 2.9904974568635225 3.6017896085977545 63.824616260826588 131.27868957351893 3.1872292123734951 4.383567012846469 70.572680875658989 202.46804032940418 16.185750118456784 162.58839038573205 80.172198481857777 11.046422740444539 68.947993354871869 690.38721014279872 50.408903905656189 8.0266406591981632 160.47692319005728 374.4103620252572 3.5526124294847241 334.98039581626654 123.85452236887068
leaf_count=3092 64 121 2463 517 6517 43 117 533 183 69 26 1152 2517 51 44 353 2039 254 2100 582 100 847 9508 767 79 2361 5540 55 5224 1735
internal_value=-0.000219338 -0.0113639 -0.000460524 0.0285983 -0.0191902 0.00131654 0.0017797 -0.0228855 -0.00547024 0.0456474 0.00145108 0.00132571 -0.0127832 0.0617684 0.0021312 0.00353163 0.00271916 0.00135017 -0.00685489 -0.0126966 0.00995215 0.00515395 0.00215041 0.00637049 -0.00191461 0.00304136 0.00815297 0.0516683 -0.00992817 0.00797972
internal_weight=3001.06 363.492 151.886 36.4941 211.606 2637.57 2588.04 49.5286 91.4345 9.97376 2568.41 2564.81 138.519 7.24045 2426.29 2099.15 2028.58 1826.11 327.139 242.761 84.378 79.9944 1762.28 864.651 897.633 554.626 394.149 19.7384 343.007 814.242
internal_count=49053 12962 3101 638 9861 36091 35515 576 3344 252 35398 35372 2632 115 32740 29067 28714 26675 3673 2682 991 947 25523 12010 13513 8210 5849 309 5303 11243
is_linear=0
shrinkage=0.05


Tree=55
num_leaves=31
num_cat=0
split_feature=18 17 37 63 7 53 59 21 21 59 2 59 55 18 2 63 21 49 21 31 21 18 7 38 59 19 60 60 58 43
split_gain=32.3861 10.8821 15.6705 15.619 14.258 14.915 13.6418 18.7337 15.0134 22.3071 15.938 14.3201 19.7294 16.8905 16.2007 22.8836 14.9288 14.5733 15.1851 12.5297 12.1826 12.0791 12.027 21.683 12.6518 11.5622 11.3918 16.1989 13.5898 16.7238
threshold=0.0014882296037690304 0.80772714718287697 0.12433282370046578 0.034827369965991763 3.5000000000000004 0.00071663761549705936 0.0096044588085479107 0.0030861382753403 -0.0018247746415994647 -0.0041171328632727206 0.0026130783737673704 -0.0076965161478502438 1.0000000180025095e-35 0.0025863152953585545 -0.0075880863365418985 0.00025164638960737453 -0.0026071073260205066 0.0011706896201075154 -0.0021987815304257436 1.2457861088909701 0.0041095008445430842 0.0021424626077304748 5.5000000000000009 0.24253681881019748 0.010259269623879167 0.003987088280865689 0.81191874575087952 0.88855935201567138 0.000599583952419318 4.7621250000000008e-05
decision_type=2 2 2 2 2 2 2 2 2 2 2 2 2 2 2 2 2 2 2 2 2 2 2 2 2 2 2 2 2 2
left_child=-1 2 4 -4 5 -2 7 8 11 19 -11 -3 13 17 -15 -16 -14 18 -13 -10 -5 -12 24 -24 -6 -8 -23 -28 -29 -30
right_child=1 6 3 20 22 -7 25 -9 9 10 21 12 16 14 15 -17 -18 -19 -20 -21 -22 26 23 -25 -26 -27 27 28 29 -31
leaf_value=-0.05032800639851423 0.0065373486464368209 0.0010800452867582148 -0.007399747728603411 0.086490743744907728 -0.015638876275512578 0.045881726791802135 0.023230025306817823 -0.02636477242352657 -0.019939154078700672 0.0060299979377616657 -0.030936707389923226 0.15631296798872268 0.14955138193126899 0.043349025663619534 -0.0028953932837951285 0.10148163193360889 0.032758623534934132 -0.017566610665261533 0.044749014722205022 0.061700253294364793 -0.0037633170113041772 -0.0084496444889483723 -0.036398196999133069 0.15467747018782524 0.086147436801354796 0.0042414012620101494 0.076905602986809318 -0.026612532312472154 0.11317693716556637 0.0037688806500789022
leaf_weight=31.897001108620316 60.482908169738948 183.8862481135875 860.68512620450929 7.9510167799890024 72.274252702016383 40.03014269284904 132.36742399260402 61.763996196910739 167.11744601652026 690.20782529562712 47.561361039523035 5.2145019937306651 5.0178365856409073 30.617479015141726 105.85460643284023 5.525234952569007 6.017082463949917 4.0941210296005002 7.3481787815690049 4.8358211778104296 7.0578361488878727 202.51672944426537 2.8680481743067494 3.0783174177631736 3.18756154552102 203.28236239776015 9.6283871289342624 17.970127752050757 4.9454741403460529 11.89121639728546
leaf_count=5242 1033 2691 14107 54 1542 638 908 917 3394 10358 928 84 50 211 1440 44 69 81 109 45 61 2772 59 52 22 1498 132 292 57 163
internal_value=-0.000214964 0.000324094 -0.0037439 -0.00651794 0.0096092 0.0222066 0.0025794 0.000625653 0.00172947 -0.00102679 0.00187479 0.0107462 0.0212211 0.0167248 0.0111372 0.00228245 0.085867 0.064358 0.0910568 -0.0176432 0.0440492 -0.00786318 -0.00594453 0.0625179 -0.0113393 0.0117298 -0.00341936 0.0195065 0.00362859 0.0359055
internal_weight=2997.18 2965.28 1057.62 875.694 181.921 100.513 1907.66 1572.01 1510.25 1156.67 984.721 353.575 169.689 158.654 141.997 111.38 11.0349 16.6568 12.5627 171.953 15.0089 294.513 81.4082 5.94637 75.4618 335.65 246.952 44.4352 34.8068 16.8367
internal_count=49053 43811 17568 14222 3346 1671 26243 23837 22920 18141 14702 4779 2088 1969 1695 1484 119 274 193 3439 115 4344 1675 111 1564 2406 3416 644 512 220
is_linear=0
shrinkage=0.05


Tree=56
num_leaves=31
num_cat=0
split_feature=18 59 19 4 31 18 4 58 19 59 38 53 17 6 53 49 63 9 60 13 45 19 59 6 41 1 4 3 56 2
split_gain=30.7848 10.3996 15.5376 14.5223 17.8109 15.8618 13.6051 13.3344 13.1133 17.6091 11.9238 12.5553 14.1814 17.0333 13.646 11.5176 11.4013 11.0902 12.3237 17.1151 16.648 13.3003 13.4701 18.195 16.2024 16.0532 14.5981 17.2777 16.1775 12.7272
threshold=0.0014882296037690304 0.0041285513528214711 0.00049624360404819942 377.88571428571339 0.3142313261871687 0.0033944793539690417 334.42857142856946 -0.0038665672249979573 0.0016146106421113383 0.0080378432040989073 0.2819068357710991 0.0015969690328939831 0.94153037586028199 8.5000000000000018 0.0029933685442253091 -0.00052142009870165067 -0.0028931570253594159 1.0000000180025095e-35 0.0078854182357725525 0.011330285456771271 -0.00036302977152389003 -0.00033889073465060159 -0.0026825053483143925 11.500000000000002 -5.8399999999999991e-06 0.00065155097004966417 293.82499999999817 0.0057732889973783419 0.7294905093390428 -0.0060671250578433226
decision_type=2 2 2 2 2 2 2 2 2 2 2 2 2 2 2 2 2 2 2 2 2 2 2 2 2 2 2 2 2 2
left_child=-1 2 17 10 5 -5 8 -6 15 -10 -4 -12 13 14 -13 -3 -8 -2 -19 20 -20 22 23 -21 -24 -26 -25 28 29 -28
right_child=1 6 3 4 7 -7 16 -9 9 -11 11 12 -14 -15 -16 -17 -18 18 19 21 -22 -23 24 26 25 -27 27 -29 -30 -31
leaf_value=-0.050311948416118815 -0.0024017372586451163 0.0063818963115900105 -0.02076916665329492 0.12444514960422831 0.0089495803541468962 -0.0029202595588577627 -0.038905455978002816 0.14911050691351463 -0.010439461121674992 0.012338023560006415 -0.019121534811646718 0.18639435271368474 -0.0026950723873197611 0.016289511619308274 0.037376973793564389 0.026290858195965872 -0.00035885579992974109 -0.015036072937330303 0.015301152087461696 -0.010052643295149676 0.1332337507906349 -0.013393420473051851 -0.025188619358406147 0.00011801636506190343 0.028331153592341354 0.11681667398559642 0.12205708841152695 0.019380131468215211 0.19154742108686151 -0.0098795167273062756
leaf_weight=30.350805306341499 943.48285569949076 139.87613056506962 250.60620790533721 2.5192547217011443 3.1370055042207241 82.377664690837264 19.861375344917178 3.6964305434375992 151.66688023228198 192.61456782184541 39.276396078057587 3.5307218488305834 26.090608837082982 9.9779240698553604 2.7196623533964157 151.13868046179414 561.91054771840572 51.386004282161593 6.4741116818040609 90.878831694833934 5.5645790370181185 54.510735040530562 13.559378839097915 25.395635860040784 99.284987471066415 5.4047682583332053 3.8870706353336573 15.417196962982414 3.4307031352072954 3.4503631889820117
leaf_count=5242 16662 1173 5652 47 63 1680 297 69 2131 1503 805 63 491 217 51 1340 5030 1149 128 1726 97 1149 188 475 1246 65 51 139 50 74
internal_value=-0.000211653 0.000301516 -0.00217153 -0.0105011 0.00710993 0.000859217 0.00384945 0.0847672 0.00890829 0.00230382 -0.015364 0.00123725 0.0201323 0.0568325 0.121554 0.0167216 -0.00167482 0.000499285 0.00772787 0.0113023 0.0698125 0.00906767 0.013764 0.00340946 0.0262385 0.0328994 0.0271279 0.0533232 0.101921 0.0600151
internal_weight=2993.48 2963.13 1746.06 423.932 91.7304 84.8969 1217.07 6.83344 635.296 344.281 332.202 81.5953 42.3189 16.2283 6.25038 291.015 581.772 1322.13 378.644 327.258 12.0387 315.22 260.709 142.46 118.249 104.69 51.581 26.1853 10.7681 7.33743
internal_count=49053 43811 32337 9138 1859 1727 11474 132 6147 3634 7279 1627 822 331 114 2513 5327 23199 6537 5388 225 5163 4014 2515 1499 1311 789 314 175 125
is_linear=0
shrinkage=0.05


Tree=57
num_leaves=31
num_cat=0
split_feature=18 63 32 6 6 7 37 38 6 7 21 7 59 19 5 60 59 38 13 47 18 4 16 5 1 51 58 42 17 48
split_gain=29.2632 9.962 15.1753 11.7083 27.4044 28.3446 24.5729 22.1212 21.1811 18.2535 16.3942 14.7337 14.6165 13.0833 19.6475 14.7533 16.4981 14.0696 12.931 24.3403 17.582 24.2792 29.196 12.5607 15.6768 21.0503 17.8387 23.5056 23.8338 19.4398
threshold=0.0014882296037690304 0.022138799367465791 10.500000000000002 10.500000000000002 14.500000000000002 5.5000000000000009 0.14069115625897616 0.10643470569410106 2.5000000000000004 2.5000000000000004 -0.0033796807302241727 4.5000000000000009 -0.0070109487086862064 -0.0010977665645512623 0.0020904214122554024 0.93657678361957963 -0.0006964633891255119 0.30929897949684199 0.045942140817445125 -0.00049865419507288207 0.0033753058674053081 362.56785714285962 0.23814124941436346 0.0011843416519034544 -0.0026832808008166254 1.0000000180025095e-35 -0.00016221191135711748 5.4405000000000005e-05 1.1801108793696586 -0.00044055136018779058
decision_type=2 2 2 2 2 2 2 2 2 2 2 2 2 2 2 2 2 2 2 2 2 2 2 2 2 2 2 2 2 2
left_child=-1 3 -3 6 10 7 11 -6 -8 -9 -5 18 -12 15 -15 -14 -17 -16 19 -2 -21 22 -22 -7 -25 26 29 -28 -29 -26
right_child=1 2 -4 4 5 23 8 9 -10 -11 12 -13 13 14 17 16 -18 -19 -20 20 21 -23 -24 24 25 -27 27 28 -30 -31
leaf_value=-0.050296681951645383 0.08379896172516349 0.0085375698865462653 0.069048033975944695 0.04606773404326011 0.11545515640631443 -0.022215762919221685 0.0020436248170855017 0.00039354892380480812 -0.015272409611542163 -0.013391626259514228 -0.015884970242866617 -0.011351612967384048 0.02098552461605873 -0.0015592318949502202 0.018442014446861197 0.14349886044080246 0.023050187363237329 0.080803396855466947 0.0018997826881911304 0.0060997282081596887 0.021718042448642116 0.0087592412067028381 0.1882706748073372 -0.0066539999298109069 0.067091118330485214 0.012803477974253838 0.012596039108095545 0.19018778243132617 0.047500778269396568 -0.018748429414377415
leaf_weight=28.879120419733226 14.713454661890863 117.74596646428108 11.361126754432915 32.479242816567421 3.7809775806963435 17.657447245903313 270.14225332252681 541.46290798671544 510.01106285024434 431.51488202391192 51.27231752127409 90.597738240845501 101.27143271453679 219.08991531003267 112.45957362651825 5.4799099415540695 5.9080232195556146 9.8356855958700162 154.49605931807309 95.733468341641128 4.9311230126768368 13.113881964236496 5.6415765006095171 34.709496628493071 16.288735505193475 60.777162375859916 5.7259704777970937 7.5877343434840423 4.7641541864722967 11.08359465561807
leaf_count=5242 219 880 74 352 51 450 4126 7544 8302 6857 832 1937 1194 3290 1143 68 40 88 2456 1761 68 164 75 398 238 797 91 83 52 181
internal_value=-0.000208865 0.000279544 0.0138624 -0.000339562 0.00233638 -0.00206771 -0.00420132 -0.0052511 -0.00927642 -0.00572017 0.0116339 0.00623928 0.00942071 0.0122783 0.00740256 0.027053 0.0810105 0.0234575 0.0117609 0.0231189 0.0156427 0.0542124 0.11059 0.0175383 0.022519 0.0320511 0.0577896 0.0963344 0.135153 0.032333
internal_weight=2990.52 2961.64 129.107 2832.53 1673.15 1135.35 1159.38 976.759 780.153 972.978 537.796 379.227 505.317 454.045 341.385 112.659 11.3879 122.295 288.63 134.134 119.42 23.6866 10.5727 158.594 140.937 106.227 45.4502 18.0779 12.3519 27.3723
internal_count=49053 43811 954 42857 23749 16742 19108 14452 12428 14401 7007 6680 6655 5823 4521 1302 108 1231 4743 2287 2068 307 143 2290 1840 1442 645 226 135 419
is_linear=0
shrinkage=0.05


Tree=58
num_leaves=31
num_cat=0
split_feature=18 4 59 63 21 58 64 13 2 59 63 42 12 19 41 18 42 59 21 59 4 56 6 42 6 5 59 2 60 21
split_gain=27.8168 9.95981 13.4141 12.3699 13.4754 14.8772 14.8702 13.8033 13.4182 14.8437 14.2727 16.912 16.1892 15.2691 13.5343 13.9643 12.9522 12.6732 17.4055 19.0794 16.0323 13.61 12.7941 16.8502 12.6538 13.3463 12.2299 12.6525 11.766 11.6242
threshold=0.0014882296037690304 882.58214285714314 0.026721717344316647 0.031215529652027212 0.0030861382753403 0.0019395445756655607 0.49336423623984754 0.080588745822182686 -0.017609155503196919 -0.024660633804338413 0.0069141893434967973 4.8640000000000002e-05 0.93919500404454015 -0.0022079650464089579 1.7390000000000005e-05 0.0028172581775796676 5.9950000000000002e-06 -0.015943980570770767 -0.0066585600466068234 -0.0079333753524055747 551.24999999999966 1.236204380476168 4.5000000000000009 0.00036300500000000007 2.5000000000000004 0.0036091725649073573 0.009333541729341947 0.0086299527556234386 0.071356932972744078 -0.00059149766591448422
decision_type=2 2 2 2 2 2 2 2 2 2 2 2 2 2 2 2 2 2 2 2 2 2 2 2 2 2 2 2 2 2
left_child=-1 2 3 4 5 8 -6 28 9 -2 17 12 14 -13 -12 -16 -7 -10 19 20 -19 22 24 -24 25 -20 29 -28 -8 -18
right_child=1 -3 -4 -5 6 16 7 -9 10 -11 11 13 -14 -15 15 -17 26 18 21 -21 -22 -23 23 -25 -26 -27 27 -29 -30 -31
leaf_value=-0.050282166081871804 -0.012002923241551723 -0.022211150510366474 0.026169356283417208 0.024776522820050592 -0.049761171570118043 0.042129878226328119 0.08371224152396782 -0.015054471398567075 -0.027675103813836949 0.049203301813780242 0.028633913042877379 0.079431851271545922 0.0021897413934493632 -0.014285375045227222 0.039753821811890702 0.13942102649171811 0.016295493596914075 0.0071616647139535194 -0.001807969295896374 -0.0072510937946173989 0.13241380760796284 0.0077903794801433271 -0.0036161533543819097 0.10645481222883034 -0.031813697511480221 -0.049620121209027257 0.030204685369906965 -0.011060088040300543 0.0049951215564610499 -0.00011278008158811672
leaf_weight=27.478400277439505 15.945631742477415 48.512579498812556 50.529929108917713 50.223062068223953 22.392119968309999 24.432730421423912 5.0695069544017306 177.06398729607463 53.67338334210217 26.152536472305655 18.453638952225447 4.7911220826208583 23.184009389020503 46.807767399586737 6.5013419166207296 7.6495845019817352 131.91027630958706 3.9911834485828894 126.23260014643893 10.265810310840605 7.0992737710475922 222.08886062353849 997.96078466996551 3.4891134030185631 83.79652180057019 16.503994913771749 83.066352937370539 23.927117705345154 74.646176410838962 593.96913032000884
leaf_count=5242 188 576 299 350 293 303 47 2127 1031 226 158 35 210 553 73 64 1938 65 2384 111 102 2995 16885 37 1762 257 488 166 933 9155
internal_value=-0.000207136 0.000257671 0.000632015 0.000181029 -0.000258399 0.000891128 -0.0106838 -0.00727611 -0.00185121 0.0260201 -0.00256995 0.0150486 0.0341312 -0.00558343 0.0568438 0.0936311 0.00624778 -0.00381053 -0.00294002 0.04187 0.0873386 -0.00359997 -0.00566 -0.00323266 -0.0163907 -0.00733627 0.00519517 0.0209766 0.0100011 0.00286901
internal_weight=2987.81 2960.33 2911.82 2861.29 2811.06 2531.89 279.172 256.78 1674.59 42.0982 1632.49 107.387 55.7886 51.5989 32.6046 14.1509 857.306 1525.1 1471.43 21.3563 11.0905 1450.07 1227.98 1001.45 226.533 142.737 832.873 106.993 79.7157 725.879
internal_count=49053 43811 43235 42936 42586 39186 3400 3107 27136 414 26722 1093 505 588 295 137 12050 25629 24598 278 167 24320 21325 16922 4403 2641 11747 654 980 11093
is_linear=0
shrinkage=0.05


Tree=59
num_leaves=31
num_cat=0
split_feature=18 59 20 37 20 6 6 43 5 6 47 41 21 59 21 17 59 63 5 47 4 41 32 63 17 58 15 13 5 3
split_gain=26.4453 9.383 16.3838 14.504 18.1551 17.2304 19.0982 18.8276 17.1377 14.2715 13.7911 16.1182 13.7836 17.8697 12.6934 19.9918 13.9796 12.3272 13.7928 12.2843 12.2078 11.7292 11.8826 11.6685 12.4052 11.4594 11.316 11.136 13.7205 14.8192
threshold=0.0014882296037690304 0.00053301595747259 -0.00062481530295876921 0.23090399044970614 0.00096959038621778225 10.500000000000002 15.500000000000002 5.2433749999999996e-05 0.0016712984453427949 2.5000000000000004 0.00075255412080416984 0.00013827500000000001 0.0042985165828397917 0.0051794183008830527 0.0016453854375597205 0.74061869728471574 0.013687506501497375 0.022138799367465791 0.0039220070871677842 -0.00052835931339781459 340.87857142856961 1.5230000000000003e-05 2.5000000000000004 0.00066142526728009898 0.5608909090411297 0.010886526482993203 0.0027834122154714066 0.06750430980738302 0.002836180381618556 0.0030333171080266937
decision_type=2 2 2 2 2 2 2 2 2 2 2 2 2 2 2 2 2 2 2 2 2 2 2 2 2 2 2 2 2 2
left_child=-1 2 23 4 9 17 7 12 -6 -3 11 27 13 -7 15 -15 -16 25 -19 -9 -17 -11 -23 24 -2 26 -5 28 29 -10
right_child=1 3 -4 5 8 6 -8 19 10 21 -12 -13 -14 14 16 20 -18 18 -20 -21 -22 22 -24 -25 -26 -27 -28 -29 -30 -31
leaf_value=-0.050268358503959755 -0.024617571155583138 0.054903313239786283 -0.013924976740423759 0.024146037576963292 -0.0083589323958466379 0.0087540872977020946 -0.0020738798936088486 0.072332860929385345 0.018798295485608022 -0.0071585607888451685 -0.045021661116234665 0.096709536799753415 -0.015247265522866323 0.14746974946786096 -0.0021218417273166311 0.085211495138488455 0.063719093394482937 0.043345240530634162 -0.033467767030457625 -0.00015435203862404175 0.022973988303892794 0.0040860546408591067 0.035902001564906576 0.019469606938103956 2.8238566830806559e-05 0.029395171862282712 -0.016062836883395853 -0.00072285034431058409 -0.015381771644491374 0.064401348799265387
leaf_weight=26.145260850898921 54.82474709674716 27.516774844378233 275.69234041497111 18.507792055606842 181.87477187439799 43.794230856001377 557.95583560597152 6.0646769721060982 58.523624988272786 41.047122142743319 9.7674073129892331 5.9766876213252536 16.303941190242767 6.6839657574892035 18.529578667134047 14.897845011204483 14.27128119021654 20.976124785840515 8.1012919768691045 161.20485532842577 16.723818942904472 47.661738431546837 76.371699712239206 71.127417298965156 742.94845622358844 16.028441026806831 320.73074124194682 79.883121070452034 18.032072408124804 25.610568324103951
leaf_count=5242 1350 304 7360 258 2799 501 6133 52 718 504 103 55 141 45 183 107 80 130 57 1537 105 598 899 926 13250 157 4128 884 193 254
internal_value=-0.00020312 0.000239453 -0.00330498 0.00247709 0.00906212 -0.000560027 0.00338714 0.0135958 0.00271914 0.0215661 0.0129056 0.0159148 0.0277748 0.0338795 0.0493541 0.0689027 0.0265248 -0.00935545 0.0219443 0.00247381 0.0522958 0.0160092 0.0236762 6.46225e-05 -0.00166548 -0.0119172 -0.0138692 0.0132623 0.0241972 0.0326799
internal_weight=2983.78 2957.63 1144.59 1813.04 572.266 1240.77 856.43 298.474 379.668 192.597 197.793 188.026 131.205 114.901 71.1065 38.3056 32.8009 384.344 29.0774 167.27 31.6217 165.081 124.033 868.901 797.773 355.267 339.239 182.049 102.166 84.1342
internal_count=49053 43811 22886 20925 7311 13614 8884 2751 5006 2305 2207 2104 1162 1021 520 257 263 4730 187 1589 212 2001 1497 15526 14600 4543 4386 2049 1165 972
is_linear=0
shrinkage=0.05


Tree=60
num_leaves=31
num_cat=0
split_feature=18 18 21 18 59 19 1 10 48 46 59 13 56 59 4 19 6 7 54 52 26 58 11 37 59 27 21 63 4 7
split_gain=25.1424 9.31949 24.2862 16.9251 14.8878 13.1415 19.607 14.159 20.6332 15.8056 20.6573 17.5017 16.5702 13.4281 16.5561 15.3594 15.2198 13.5046 13.2179 12.5985 11.7448 11.3721 11.2852 11.2865 11.1174 19.5617 17.69 13.9188 11.5833 10.9079
threshold=0.0014882296037690304 0.0095486293315562108 -0.0090013026499342532 0.0070057750180436661 0.021715369853913535 0.003987088280865689 0.005479571462180405 1.0000000180025095e-35 0.00016951745338784197 -0.0003120130916051855 -0.0021589811654689731 0.16644445349407735 0.21445490686230656 0.0041285513528214711 243.05714285714205 0.00038525519147394909 21.500000000000004 4.5000000000000009 0.0049171009144950454 0.29120783925436566 0.58507306376832247 0.010034567511446752 0.17932113562312516 0.0050658777014612024 -0.0041171328632727206 0.66051737330961291 -0.0019246011785025109 0.033250246342733603 419.59642857142643 4.5000000000000009
decision_type=2 2 2 2 2 2 2 2 2 2 2 2 2 2 2 2 2 2 2 2 2 2 2 2 2 2 2 2 2 2
left_child=-1 2 3 -2 5 6 13 -8 9 10 -9 -12 -13 15 20 24 -17 -18 -19 -3 22 -16 23 -15 26 27 -4 28 29 -26
right_child=1 19 4 -5 -6 -7 7 8 -10 -11 11 12 -14 14 21 16 17 18 -20 -21 -22 -23 -24 -25 25 -27 -28 -29 -30 -31
leaf_value=-0.050255233356171852 -0.0060924929002068714 -0.031248770677725975 0.0031289649694189268 0.11050383952148637 0.019546685903995435 -0.011528787399457095 0.0022901437674920683 -0.032889373233172363 0.16155692215384276 -0.025631856616926841 0.013825311943789468 0.1734039773665933 0.057400952958378437 0.065776809819010892 -0.0014545608819864033 -0.014108294394346854 8.3278663547959876e-05 0.021887607211870736 0.13831935001364945 0.017208928783198917 0.079909764551411425 0.028956418120162988 -0.0012879362199227646 0.017331621774442984 0.0083673300167539984 0.068980547731200187 -0.015937970073141919 0.082314070866543021 -0.015303569000284949 -0.006393098133653935
leaf_weight=24.87647372437641 4.9118754118680945 49.420964647084475 261.19509774073958 8.495943430811165 97.467993848025799 239.56326914392412 29.444932071492076 5.0900262091308859 3.6650388650596133 7.782660003751519 6.4287658911198404 6.1785043925046903 6.1353394873440266 12.971975319087504 530.22668460197747 364.41852232767269 22.712010775692761 5.9443492759019119 4.1319737615995109 18.409829761832952 6.8726437175646415 32.63299660757184 84.948955530300736 164.27709425892681 486.20912521053106 11.382137246429918 227.69464902533218 5.4812376275658599 82.587967349216342 168.55773876421154
leaf_count=5242 69 623 4308 101 627 2496 437 125 50 117 89 64 60 105 5146 8165 519 114 65 149 63 257 886 1668 7797 143 4938 38 1084 3508
internal_value=-0.000198953 0.000222408 0.000652765 0.0677895 0.000339559 -0.000334692 0.000722354 0.0278884 0.0492527 0.0362337 0.0564362 0.0806948 0.115606 1.11256e-05 0.00518543 -0.00261316 -0.0111725 0.0214567 0.0696325 -0.018097 0.0153871 0.000308581 0.0136959 0.0208771 0.000121779 0.00392871 -0.00575124 0.00293195 0.00234185 0.00456753
internal_weight=2980.12 2955.24 2887.41 13.4078 2874 2776.53 2536.97 64.7253 35.2803 31.6153 23.8326 18.7426 12.3138 2472.25 831.93 1640.31 397.207 32.7883 10.0763 67.8308 269.071 562.86 262.198 177.249 1243.11 754.218 488.89 742.836 737.355 654.767
internal_count=49053 43811 43039 170 42869 42242 39746 942 505 455 338 213 124 38804 8125 30679 8863 698 179 772 2722 5403 2659 1773 21816 12570 9246 12427 12389 11305
is_linear=0
shrinkage=0.05


Tree=61
num_leaves=31
num_cat=0
split_feature=18 63 56 21 12 56 13 60 21 59 48 4 53 59 21 59 20 14 47 0 5 45 15 9 7 63 59 1 7 32
split_gain=23.9032 9.06632 12.0261 9.7404 18.7973 9.19825 9.97248 8.82674 9.43151 8.9818 8.72175 8.48491 11.2283 10.8779 10.9626 15.1935 12.1963 10.7001 12.2615 10.4017 11.4614 12.139 12.1758 11.4127 15.044 16.0975 14.9779 16.9221 15.6522 20.0533
threshold=0.0014882296037690304 -0.0095205915255822688 0.20346842457604983 -0.0066585600466068234 0.83335985491718345 0.60345360350939159 0.097069299856346394 0.0015741243249390747 -0.0019246011785025109 0.0096044588085479107 -0.00046035013452995309 882.58214285714314 -0.017136455494672694 0.03274357926043283 0.0042985165828397917 0.012606232387165401 0.0076993238308109922 0.50560550301069396 -0.00055676094507699236 0.0054953735861524656 0.004031159372003032 -0.00060782702446673877 0.069116344626702006 1.0000000180025095e-35 5.5000000000000009 0.0085843851486314769 -0.010762150084317985 -0.012227296063644167 2.5000000000000004 23.500000000000004
decision_type=2 2 2 2 2 2 2 2 2 2 2 2 2 2 2 2 2 2 2 2 2 2 2 2 2 2 2 2 2 2
left_child=-1 2 3 4 -2 10 -7 8 -3 -10 -4 13 -13 14 15 16 19 18 -16 20 23 -22 -23 24 25 26 -9 -28 -29 -30
right_child=1 7 5 -5 -6 6 -8 11 9 -11 -12 12 -14 -15 17 -17 -18 -19 -20 -21 21 22 -24 -25 -26 -27 27 28 29 -31
leaf_value=-0.050242748019141852 -0.035234968200117456 0.053525022586627016 0.0012987425603117741 -0.031846944307186521 0.11287761085537901 0.056242312304251058 -0.016842214145691842 -0.02767254001698502 -0.017618384896979592 0.049048891495839145 0.076507725260807916 0.054652978462577197 -0.029419245013236107 0.038066755011482566 0.071092654890934137 0.015891747716197346 -0.028467914616321158 -0.025638793918023067 -0.0045123771495529409 0.02862832606544265 0.065727944890289533 -0.021124273588212113 0.018434973580693351 0.006024780261478126 0.010824009340818654 0.013938436578437734 0.072298642228163221 0.00072981560040476852 -0.012254728093936129 0.10841654010747324
leaf_weight=23.668965181801468 5.3874184582382423 5.2707576192915431 7.9244132153689861 68.004216712899506 3.55618791654706 5.3637544587254515 35.962101982906461 73.797524809837341 118.28520992491394 5.2775873616337767 7.5062124375253898 4.4314096830785266 38.260918641462922 20.489745147526264 5.7084201984107485 190.54949493333697 34.137094197794795 70.963211437687278 88.547684643417597 35.155100552365184 10.954773692414163 24.069248704239726 101.37561043724418 610.73298891540617 194.51358938915655 112.4625848941505 7.146174404770135 572.56859463546425 491.6843273928389 3.4671247471123925
leaf_count=5242 110 72 138 1607 52 96 492 1395 2666 32 125 38 471 117 57 1217 434 760 1004 391 127 325 1374 8808 3142 1213 38 8965 8508 37
internal_value=-0.000196102 0.000204958 -0.012517 -0.0253956 0.0236581 0.00494329 -0.00735645 0.000808174 -0.0119768 -0.0147709 0.0378841 0.00142026 -0.0206927 0.00177673 0.00149377 0.00233026 0.00119291 -0.0109742 6.64806e-05 0.00164535 0.00121472 0.0152526 0.0108447 0.00028809 -0.00211881 -0.00411509 -0.00588266 -0.00438663 -0.00489987 -0.0114098
internal_weight=2977.22 2953.55 133.704 76.9478 8.94361 56.7565 41.3259 2819.85 128.834 123.563 15.4306 2691.02 42.6923 2648.32 2627.83 2462.61 2272.06 165.219 94.2561 2237.93 2202.77 136.4 125.445 2066.37 1455.64 1261.13 1148.66 1074.87 1067.72 495.151
internal_count=49053 43811 2620 1769 162 851 588 41191 2770 2698 263 38421 509 37912 37795 35974 34757 1821 1061 34323 33932 1826 1699 32106 23298 20156 18943 17548 17510 8545
is_linear=0
shrinkage=0.05


Tree=62
num_leaves=31
num_cat=0
split_feature=18 58 63 42 12 4 38 17 3 44 21 59 59 60 64 11 13 56 42 2 37 37 58 64 17 21 53 59 21 41
split_gain=22.7267 8.52139 14.554 16.0116 14.3354 13.4377 15.333 13.4937 17.1834 12.4905 11.9919 17.172 16.6356 13.2023 13.1944 11.973 13.2035 11.8481 13.6924 12.7698 12.7339 11.8386 12.004 11.5752 11.4064 11.7384 10.7111 10.6596 13.2775 13.4319
threshold=0.0014882296037690304 0.0019395445756655607 0.0069141893434967973 4.8640000000000002e-05 0.89338026809136684 397.28214285714324 0.32498936567260905 0.86236294712720885 0.0038910560574761687 7.0449999999863428e-06 -0.00060927298392133623 0.0049647353640902307 -0.003727005241700184 0.88855935201567138 0.99981132352869106 -1.0120881517922997 0.026612614326361677 1.236204380476168 0.00036300500000000007 -0.01584783638481849 1.0000000180025095e-35 0.20545761561974649 0.0037780578126414134 0.53703629085563931 1.2141105986971377 -0.0015093669620072079 -0.0032954397583146691 0.026721717344316647 0.0015784575513397867 -9.5389999999999979e-05
decision_type=2 2 2 2 2 2 2 2 2 2 2 2 2 2 2 2 2 2 2 2 2 2 2 2 2 2 2 2 2 2
left_child=-1 2 17 4 9 6 10 21 -9 -4 12 14 13 -3 -12 16 -13 18 19 -2 26 -8 -23 -5 -7 -26 -21 28 -22 -30
right_child=1 5 3 23 -6 24 7 8 -10 -11 11 15 -14 -15 -16 -17 -18 -19 -20 20 27 22 -24 -25 25 -27 -28 -29 29 -31
leaf_value=-0.05023087920036199 0.023388785493947559 -0.012218244891291684 0.032085926411823222 -0.026734536395586157 0.0064066398147500639 -0.011304227677176823 0.10733089942655086 -0.020795698108859041 0.057420773187102286 0.094551699484851648 -0.0055066484557286018 -0.001505462200081496 0.041758880927465235 0.063667811882209047 0.072882301344333184 0.0089152791767942614 0.086915593334878111 0.0062101087285363014 0.073720095168852598 0.095974848281237424 -0.0056555157347081813 0.090877446590939659 -0.024329358117048588 0.014907523077221541 0.054979582945376505 0.0024782336634779673 0.012434693002326839 0.039206738891082157 0.06058649178610076 -0.023313246093104686
leaf_weight=22.519802134484053 37.204318035393953 37.080152767710388 25.778335709124804 30.350895776413381 33.407515990547836 224.96252741850913 9.3457307517528552 16.272124827839438 12.352227117866276 11.605551056563852 373.72898342087865 7.0664695203304317 49.711423734202981 6.7793659828603259 5.4463236927986136 320.59720852784812 10.48852828145027 273.49814230576158 5.4758697198703876 4.2906731460243455 1110.894169436302 4.0974838193505985 5.0448486674576998 37.070866353809834 12.495246540755032 71.956594292074442 36.281432258430868 12.267307355999945 4.9162212386727324 160.85686970222741
leaf_count=5242 432 683 225 360 280 2894 114 205 115 97 6870 58 589 115 83 2766 87 3485 69 72 19890 51 88 343 114 619 774 75 57 2201
internal_value=-0.00019225 0.000189565 -0.00198387 0.0136 0.0302081 0.00351071 0.00673209 0.0344623 0.0129569 0.051478 0.00512099 0.00292494 0.0219562 -0.000488537 -0.0043807 0.0111169 0.0513232 -0.00329268 -0.00518673 -0.00550288 -0.00631137 0.0677581 0.027305 -0.00383826 -0.00542224 0.0102462 0.0212694 -0.00717954 -0.00762526 -0.0208251
internal_weight=2973.84 2951.32 1783.9 138.213 70.7914 1167.43 858.011 47.1124 28.6244 37.3839 810.898 717.328 93.5709 43.8595 379.175 338.152 17.555 1645.69 1372.19 1366.71 1329.51 18.4881 9.14233 67.4218 309.414 84.4518 40.5721 1288.93 1276.67 165.773
internal_count=49053 43811 28360 1305 602 15451 11824 573 320 322 11251 9864 1387 798 6953 2911 145 27055 23570 23501 23069 253 139 703 3627 733 846 22223 22148 2258
is_linear=0
shrinkage=0.05


Tree=63
num_leaves=31
num_cat=0
split_feature=5 59 19 19 20 16 13 6 6 32 7 6 7 6 13 27 7 43 43 63 60 59 15 43 59 54 6 58 54 12
split_gain=13.5323 9.80104 13.8941 10.5031 12.4463 11.279 9.75852 9.65949 18.9744 11.2516 11.2288 20.1204 12.8187 12.5441 17.5947 11.9564 11.6384 12.8079 15.2495 12.4402 13.5285 11.5518 11.5149 11.2664 10.7728 10.6759 13.0903 10.6574 10.6551 11.133
threshold=0.0013085766683720362 0.0021892439541186539 0.00087789053734283948 -0.0010977665645512623 -0.0005568063797673472 0.89325258288988663 0.21388260193350409 1.5000000000000002 6.5000000000000009 21.500000000000004 5.5000000000000009 14.500000000000002 4.5000000000000009 10.500000000000002 0.04526955737428668 0.65776618133087672 2.5000000000000004 2.8423750000000004e-05 2.7227499999999986e-05 0.018325532202513078 0.25825512054524685 0.0073979957845853586 0.040305175214635745 5.3090000000000002e-05 0.0078419213334092394 -0.013701144339757448 19.500000000000004 0.014480532343498885 -0.0055557252971547887 0.82328342963126311
decision_type=2 2 2 2 2 2 2 2 2 2 2 2 2 2 2 2 2 2 2 2 2 2 2 2 2 2 2 2 2 2
left_child=1 3 6 4 -1 -5 -3 -2 -9 10 11 12 13 14 28 -15 17 18 -13 20 23 25 -12 -18 -23 26 -22 -19 -10 -30
right_child=7 2 -4 5 -6 -7 -8 8 9 -11 22 16 -14 15 -16 -17 19 27 -20 -21 21 24 -24 -25 -26 -27 -28 -29 29 -31
leaf_value=-0.0037423615752526073 0.010800827381861361 0.010528039080712065 -0.012666195565309641 -0.026197340090257887 0.1393736934756572 0.1381705174718777 0.068867922340211232 -0.0091904617030563584 -0.029187303069546089 0.060220430552601747 -0.01378966353827025 0.0084920936320383323 -0.022576396687396496 0.012263252369736001 -0.0069085351675936607 0.064830716390778781 -0.017119629178337207 -0.0061368498114350994 0.092189399119770504 0.027602657538043276 -0.017803317064449112 0.062140697131082445 0.018361088526359235 0.016742027127740162 -0.0081833650452205042 -0.030006489664207055 0.064987982461955682 0.056764930379864131 0.0164807056266499 0.064432838463003794
leaf_weight=63.103872571606189 230.95799414580688 53.312081509735435 86.963426514994353 131.11135606653988 1.5566376522183407 1.0520747886039306 8.2813636050559563 447.4841723581776 9.9338969737291318 8.3280456550419313 33.304448890499771 186.11272867862135 35.775893012993038 417.16877665929496 225.75403142347932 11.104936631396411 41.760391730815172 364.41838469356298 5.6060955226421347 20.070968981832266 16.43482813611627 5.842571046203374 170.02810839377344 59.655727447941899 80.185353808104992 164.5581914819777 6.7293029483407727 6.8606376312673083 62.081278028897941 15.035718169063328
leaf_count=2088 3126 1077 1919 7674 41 58 105 7322 132 81 424 2354 567 4578 3098 116 676 5124 66 140 173 60 2187 893 691 3132 66 64 847 174
internal_value=-0.000188491 -0.00949245 0.000202591 -0.01681 -0.000296984 -0.0248889 0.018372 0.00103558 9.35778e-05 0.00222763 0.00197847 0.000675741 0.00665563 0.00806682 0.000455121 0.0136263 -0.00417224 0.000444712 0.0109395 -0.0107489 -0.0128007 -0.0185797 0.013095 0.00279872 -0.00340732 -0.0255328 0.00624799 -0.00497453 0.0195517 0.0258301
internal_weight=2970.57 345.381 148.557 196.824 64.6605 132.163 61.5934 2625.19 2394.23 1946.75 1938.42 1735.09 776.855 741.079 312.805 428.274 958.235 562.998 191.719 395.237 375.166 273.75 203.333 101.416 86.0279 187.722 23.1641 371.279 87.0509 77.117
internal_count=49053 12962 3101 9861 2129 7732 1182 36091 32965 25643 25562 22951 9512 8945 4251 4694 13439 7608 2420 5831 5691 4122 2611 1569 751 3371 239 5188 1153 1021
is_linear=0
shrinkage=0.05


Tree=64
num_leaves=31
num_cat=0
split_feature=18 18 21 18 59 19 1 6 18 54 59 4 14 23 60 52 21 59 32 63 12 31 38 58 53 26 63 12 60 49
split_gain=21.2446 8.42673 19.726 12.9188 12.4972 12.4932 16.6395 12.4522 12.5526 11.7531 11.292 14.6205 15.2512 14.5086 12.9179 11.0339 10.8192 10.579 10.5126 12.7302 12.0661 10.3975 10.3317 13.784 10.054 10.8924 9.98137 14.461 9.47281 9.46211
threshold=0.0014882296037690304 0.0095486293315562108 -0.0090013026499342532 0.0070057750180436661 0.021715369853913535 0.003987088280865689 0.005479571462180405 21.500000000000004 0.0033596586796136832 0.0050070251195583598 0.0041285513528214711 232.75357142857243 0.95867485855944545 0.00021140687386498951 0.93657678361957963 0.29120783925436566 0.0014535679550193726 0.01852754674717744 10.500000000000002 0.02271896200263487 0.20477385561583203 0.17650622958159845 0.1719647879289925 0.0062233775445435157 0.0061611960050162477 0.58507306376832247 0.0043198156270852972 0.31411650716817829 0.46955271235260548 0.0069805830053195584
decision_type=2 2 2 2 2 2 2 2 2 2 2 2 2 2 2 2 2 2 2 2 2 2 2 2 2 2 2 2 2 2
left_child=-1 2 3 -2 5 6 10 8 -8 -10 13 14 17 26 24 28 -16 -13 20 -20 -15 -22 -6 -24 25 -12 29 -28 -3 -4
right_child=1 15 4 -5 22 -7 7 -9 9 -11 11 12 -14 18 16 -17 -18 -19 19 -21 21 -23 23 -25 -26 -27 27 -29 -30 -31
leaf_value=-0.050217092101849659 -0.0062668884130739318 0.029082938597507459 -0.0025726032212127097 0.093818493621054169 0.0017925915487617139 -0.011289888871767434 -0.011692826519227232 -0.047711411465439085 -0.0041377716059544656 0.056570708381717599 0.011645537843477889 -0.0014979486495933932 0.079264587523838803 0.090444584660036811 0.017733038332707778 0.015092766810062797 0.088833143508658827 0.035257730721012813 0.00038776574877759444 0.10767340328747073 -0.026566206444312731 0.013016173282631452 0.017808970007712144 0.077481898022368323 -0.044303618661137273 0.078541671203985933 0.10133954753836952 0.0092899481686644445 -0.038499779196872794 0.032177938157329188
leaf_weight=21.066841040970758 4.9259165134280911 5.9162573255598536 1299.7215592171997 9.3330381065607053 49.725006587803364 237.87287961505353 12.995903197675942 5.3465483728796235 10.111850539222358 37.682709842920303 202.41637041419744 569.18758935108781 6.0953118130564681 2.431646190583705 11.01027460023761 18.761857507750392 10.408590802922843 20.273771900683641 15.893234686926009 3.3473203592002383 137.66649153968319 18.864030267111957 35.185797274112701 13.348909601569174 7.7602862417697898 6.27359256427735 4.4141936618834725 127.71773512056097 41.948237219825387 19.888402689248323
leaf_count=5242 69 53 24774 101 340 2496 183 83 146 530 2075 5538 61 54 98 149 95 120 353 21 3023 423 206 81 82 56 72 1631 570 328
internal_value=-0.000185104 0.00017261 0.000579315 0.0592429 0.000287415 -0.000334768 0.000695443 0.0254449 0.031879 0.0437267 3.09659e-05 0.00476514 0.000579854 -0.00238972 0.0152439 -0.017407 0.0522844 -0.000233784 -0.015854 0.0190525 -0.0200791 -0.021796 0.0178105 0.0342213 0.0115785 0.0136566 -0.000736961 0.0123651 -0.0301463 -0.00204886
internal_weight=2967.59 2946.53 2879.9 14.259 2865.64 2767.38 2529.51 66.137 60.7905 47.7946 2463.37 833.426 595.557 1629.94 237.869 66.6264 21.4189 589.461 178.203 19.2406 158.962 156.531 98.2597 48.5347 216.45 208.69 1451.74 132.132 47.8645 1319.61
internal_count=49053 43811 43039 170 42869 42242 39746 942 859 676 38804 8125 5719 30679 2406 772 193 5658 3874 374 3500 3446 627 287 2213 2131 26805 1703 623 25102
is_linear=0
shrinkage=0.05


Tree=65
num_leaves=31
num_cat=0
split_feature=5 41 59 2 63 47 21 16 58 1 0 46 4 63 1 54 5 32 59 35 21 58 43 54 41 47 60 6 41 38
split_gain=12.1276 9.5836 9.96307 11.2032 12.6016 11.1762 11.9083 16.1184 14.9417 14.6309 10.8861 10.2149 10.1492 9.36562 11.6224 14.9301 10.6419 10.0671 11.8709 12.0672 12.1175 13.7819 15.6233 15.5679 12.7795 11.8006 14.0874 13.4913 14.6686 15.7892
threshold=0.0013085766683720362 -5.8399999999999991e-06 0.007558543080844588 0.0016311884615419199 0.017274106938078924 -0.00045170274550217703 -0.0021987815304257436 0.4791724559358585 0.0029596827869785894 -0.0014566464485738402 -0.0022306924122421187 -0.00047932329856354398 183.73571428571609 -0.0074789747326192693 -0.0019276416274162571 0.0026058400822409357 0.0016302563181910723 2.5000000000000004 -0.0093969255485101336 0.68053809355371608 0.00095829888498038347 -0.0023997187755474378 -5.3875000000000081e-06 0.0041617634022195144 6.1000000000000009e-07 -0.00053023848588312219 0.15995285137032042 22.500000000000004 8.8060000000000007e-05 0.24064493399628775
decision_type=2 2 2 2 2 2 2 2 2 2 2 2 2 2 2 2 2 2 2 2 2 2 2 2 2 2 2 2 2 2
left_child=1 -1 3 4 5 6 -3 8 10 -9 -8 -10 -11 14 15 16 -2 -15 -19 20 21 24 23 -23 -20 26 -24 -27 -29 -30
right_child=13 2 -4 -5 -6 -7 7 9 11 12 -12 -13 -14 17 -16 -17 -18 18 19 -21 -22 22 25 -25 -26 27 -28 28 29 -31
leaf_value=-0.031607705032342573 0.061148629318260643 0.13056085644721646 0.028283790166408793 -0.025367271033867544 0.097926416368122826 -0.010746755142358981 0.10180328538355998 0.18527586162604032 0.0031554325235404559 -0.025822189660044039 -0.020372227203364436 0.1676880613081192 0.086437313503881397 -0.0014596527525665721 -0.02632490769703244 0.097771213041297766 -0.0091414999902372212 -0.01455225759081452 0.019712960704081919 0.023650073990315285 -0.0013356078544719367 -0.032453160825896631 0.1324439271909866 0.05153276594020828 -0.0070551791106257854 0.01442099095326484 0.032961292461258652 -0.00091411844333964603 0.17871270416891991 0.032231854559202119
leaf_weight=41.369610046502203 5.9019842017441979 2.1792200896888962 19.861806801054627 71.970205895369872 3.0786300415638825 153.5393034957815 1.9288647947832931 2.0813647832255802 1.7708299807272854 3.6112690235022438 33.296425410779193 2.018786930711939 4.5503201987594366 1258.7411463349126 68.515642918646336 3.8892564158886662 61.450174652040005 73.658632565289736 60.278879542835057 90.765468016266823 470.04723703255877 28.32145346654579 4.6610602252185371 6.8527525663375846 171.29129632515833 291.99255163641647 15.044973427429793 4.6920645479112846 4.0418740026652813 3.3764837868511677
leaf_count=1745 93 49 188 2318 44 6433 42 63 53 251 1630 56 90 16668 1647 54 910 1561 757 871 5716 482 62 110 2504 4258 207 84 57 50
internal_value=-0.000181348 -0.00904808 -0.00593597 -0.00836313 -0.00248107 -0.00398914 0.0161823 0.0111221 -0.00353309 0.0669429 -0.0136821 0.0908045 0.0367657 0.000971999 -0.011622 0.00251832 -0.00298207 0.00168064 0.00490737 0.0061523 0.00465485 0.00942291 0.0155577 -0.0160908 -8.72979e-05 0.0189955 0.0564919 0.0165658 0.068278 0.112042
internal_weight=2964.78 341.257 299.887 280.025 208.055 204.976 51.4371 49.2579 39.0149 10.243 35.2253 3.78962 8.16159 2623.52 139.757 71.2414 67.3522 2483.77 1225.02 1151.37 1060.6 590.553 358.983 35.1742 231.57 323.809 19.706 304.103 12.1104 7.41836
internal_count=49053 12962 11217 11029 8711 8667 2234 2185 1781 404 1672 109 341 36091 2704 1057 1003 33387 16719 15158 14287 8571 5310 592 3261 4718 269 4449 191 107
is_linear=0
shrinkage=0.05


Tree=66
num_leaves=31
num_cat=0
split_feature=18 17 37 19 63 47 58 11 21 59 59 55 11 53 18 56 31 7 17 53 43 38 2 12 15 12 59 48 18 16
split_gain=19.899 7.73796 13.007 16.0999 11.4006 11.8162 16.2544 11.4543 10.9548 23.5807 12.6736 14.5372 15.3257 14.9846 12.9115 11.2893 10.9696 10.9417 16.0322 11.4867 10.9994 13.693 10.796 10.6616 9.99187 9.85899 9.7957 9.41349 9.39414 11.277
threshold=0.0014882296037690304 0.80772714718287697 0.051675702833744723 -0.0023170943857163781 -0.0095205915255822688 -0.00057983344145075613 0.010460908124314322 -0.54629713590020146 -0.0018247746415994647 -0.0041171328632727206 -0.0076965161478502438 1.0000000180025095e-35 0.3211958912340877 1.0000000180025095e-35 0.0025731801276642 0.21938112899889731 1.2457861088909701 3.5000000000000004 0.46696898945491949 0.00071663761549705936 4.3112500000000004e-05 0.25947303786385556 -0.0062496211238086928 1.3709671035340805 0.48084416399037228 0.63278243021549407 0.03274357926043283 -0.00063118284601469785 0.0058441864485323201 0.29448518341393343
decision_type=2 2 2 2 2 2 2 2 2 2 2 2 2 2 2 2 2 2 2 2 2 2 2 2 2 2 2 2 2 2
left_child=-1 2 3 -2 -4 6 7 -6 10 16 28 13 -13 14 15 -12 -10 18 -5 -20 -19 -22 -16 -15 -21 -23 -11 -9 -3 -30
right_child=1 8 4 17 5 -7 -8 27 9 26 11 12 -14 23 22 -17 -18 20 19 24 21 25 -24 -25 -26 -27 -28 -29 29 -31
leaf_value=-0.050204160083029116 0.12922288477762181 -0.00842885273611183 -0.032401513610329849 0.12337705955645024 -0.012842691192819245 -0.0050011542479194279 0.12847621180211352 0.0029994501788888398 -0.019557318044845073 0.0018513353134638384 0.14109035391783328 0.12069881427446749 0.011599027887472914 -0.011947692330239039 0.046850496707637419 0.037611424133390504 0.055064081569934746 -0.04130132759763476 -0.0016882731340224452 0.065952087315781296 -0.017146231261852198 0.0072790724290069456 0.0077326456301156149 0.025987503829558278 -0.021292566208669303 0.10980931910574235 0.035929245641431712 0.10815704069265596 0.030712785936627837 -0.0099361925242853685
leaf_weight=19.746240708976984 2.9445274956524363 112.93543763831258 36.7643968667835 3.8696510400623074 14.985968816559765 879.24899852555245 3.5366620272397986 3.9507429376244545 165.42439388576895 1343.0975818946026 4.540138350799678 6.9531006887555105 5.99375044927001 57.300897536799312 28.443352587521076 6.2837167605757713 5.076105721294879 16.020605482626706 30.104072124231607 15.482950410805644 15.402822758536788 4.605220125988124 46.429787347093225 27.367760170251131 4.1644856985658398 4.776296878233552 21.424083635210991 4.6132455561310053 43.395724987611175 28.116987120360136
leaf_count=5242 40 1789 966 60 234 14444 26 54 3483 17744 63 75 51 827 200 80 46 396 500 215 330 96 588 278 62 81 117 64 551 351
internal_value=-0.000178667 0.000156953 -0.00331001 0.0140884 -0.00510631 -0.00399911 0.0285278 0.0135179 0.00205274 0.000195781 0.00980363 0.0191142 0.070191 0.0152327 0.0299721 0.0810164 -0.0173357 0.0104981 0.0253456 0.0177208 -0.00901285 0.0118584 0.022593 0.00031424 0.0474596 0.059479 0.00238639 0.0596457 0.000550353 0.0147306
internal_weight=2963 2943.25 1040.47 97.3706 943.1 906.336 27.0866 23.55 1902.78 1535.02 367.761 183.313 12.9469 170.366 85.697 10.8239 170.5 94.4261 53.6212 49.7515 40.8049 24.7843 74.8731 84.6687 19.6474 9.38152 1364.52 8.56399 184.448 71.5127
internal_count=49053 43811 17568 1780 15788 14822 378 352 26243 21390 4853 2162 126 2036 931 143 3529 1740 837 777 903 507 788 1105 277 177 17861 118 2691 902
is_linear=0
shrinkage=0.05


Tree=67
num_leaves=31
num_cat=0
split_feature=18 18 21 59 19 1 59 0 18 32 48 59 3 59 19 14 53 4 54 27 0 21 58 38 2 41 42 38 37 20
split_gain=18.9208 7.87114 17.0117 10.781 11.5366 14.8841 15.7833 11.5571 10.3617 9.95224 11.1755 10.7849 10.3089 9.80093 14.7071 21.1905 13.5871 11.2385 10.1072 9.97643 14.4015 9.68067 9.73998 9.55187 9.23523 8.98506 16.8083 17.636 8.7922 11.5916
threshold=0.0014882296037690304 0.0095486293315562108 -0.0090013026499342532 0.021715369853913535 0.003987088280865689 0.0032530379461017415 0.011294299539410612 0.0060131338881546049 0.0070057750180436661 2.5000000000000004 0.00037736957703595608 0.01852754674717744 0.012935421432790065 -0.0091213094159296165 -0.0021136144275348098 0.36996108968876529 0.0018476365433317693 469.05357142857201 -0.010507561404356533 0.66433391456653501 -0.00047537371607818765 0.0042985165828397917 0.010034567511446752 0.10643470569410106 0.014912933219553472 8.1730000000000005e-05 4.7610000000000007e-05 0.21433946963759001 0.8691931898086287 -0.0037755608472252594
decision_type=2 2 2 2 2 2 2 2 2 2 2 2 2 2 2 2 2 2 2 2 2 2 2 2 2 2 2 2 2 2
left_child=-1 2 8 4 5 9 7 -7 -2 10 12 13 28 17 15 16 -15 -11 -16 23 -21 -5 24 -20 -23 26 27 -19 29 -4
right_child=1 -3 3 21 -6 6 -8 -9 -10 11 -12 -13 -14 14 18 -17 -18 25 19 20 -22 22 -24 -25 -26 -27 -28 -29 -30 -31
leaf_value=-0.050194184319854278 -0.0057250259800724511 -0.016966603263474257 0.0080039457404581637 0.036710667706100104 -0.010890035627549777 0.0059674295970612813 0.048027653473694594 0.074687623921206286 0.083253506595129562 -0.030768802168251893 -0.028905463541897283 0.04584179671426325 0.035866372500460909 0.069730013833426127 -0.033053323121124155 0.0080440477965463761 -0.021002943401952773 -0.035761029506712248 0.082024526218117677 0.12059335094607573 0.010602182771500041 -0.036230093908245373 0.037883229393237308 0.00063627184706844685 0.010057224466156384 -0.022393556724971463 0.13827540981353748 0.087349942153483573 -0.017094115554897905 -0.0055459498673412185
leaf_weight=18.786844306625426 4.8770409598946562 65.712947862222791 210.38598970603198 36.995499040931463 236.21438501030207 244.43524235021323 26.843370456248522 6.2752292398363343 9.9414185695350152 46.637946566566825 44.315877961926162 14.080760683864353 16.572950545698404 25.410304855555299 21.557612504810095 115.5992723768577 4.9259280711412421 8.0642846301198023 3.6185956709086886 4.2170037180185309 10.112551504746078 17.25728565454483 16.083194255828857 959.20082333264872 28.693597346544266 12.536888929083942 3.1191044375300399 4.5505422521382561 111.64145477488637 631.93695158418268
leaf_count=5242 69 772 2651 189 2496 3913 185 77 101 1116 683 81 125 288 306 1322 62 160 54 36 152 148 101 15553 189 258 60 84 1585 10995
internal_value=-0.000175716 0.000143709 0.000534644 0.00025791 -0.000323216 0.000664906 0.0115889 0.00768748 0.053969 -0.000683561 -0.00435112 0.00233357 -0.00322994 0.00183123 0.00297789 0.0178044 0.054997 -0.0156903 0.000811383 0.0015585 0.0429712 0.0164674 0.00439481 0.000942156 -0.00732641 0.00918447 0.034346 0.00864875 -0.00390914 -0.00216161
internal_weight=2960.6 2941.81 2876.1 2861.28 2762.25 2526.04 277.554 250.71 14.8185 2248.48 1014.85 1233.63 970.537 1219.55 1144.64 145.936 30.3362 74.9088 998.707 977.149 14.3296 99.0296 62.0341 962.819 45.9509 28.2708 15.7339 12.6148 953.964 842.323
internal_count=49053 43811 43039 42869 42242 39746 4175 3990 170 35571 16039 19532 15356 19451 17773 1672 350 1678 16101 15795 188 627 438 15607 337 562 304 244 15231 13646
is_linear=0
shrinkage=0.05


Tree=68
num_leaves=31
num_cat=0
split_feature=18 60 37 21 59 43 19 6 6 47 7 20 38 5 5 37 58 43 32 6 17 32 14 11 19 63 7 47 47 5
split_gain=17.9916 7.63147 9.24086 19.4268 19.3658 16.7522 17.3019 16.1254 16.9242 17.5733 16.3132 15.8648 14.2454 13.5625 13.7194 13.4933 15.0981 20.086 14.9556 13.44 13.1722 12.7648 14.1961 12.668 16.5453 12.6646 13.2853 12.375 19.3407 13.9226
threshold=0.0014882296037690304 0.0015741243249390747 0.21710497326066078 -0.0044904314100943045 0.00053301595747259 0.00036908500000000006 -0.0003768512408791191 10.500000000000002 14.500000000000002 -0.00024731645062883782 5.5000000000000009 0.00084777504003587711 0.15229585835182607 0.0016712984453427949 0.002836180381618556 0.89572664167821536 -0.0009401072710488956 3.7147500000000003e-05 20.500000000000004 1.5000000000000002 1.7109010705566274 2.5000000000000004 0.1836165268389893 0.11002710177286042 -0.00052335718672781085 0.0015074563129713564 3.5000000000000004 0.00075255412080416984 -0.00038142657520768951 0.0020904214122554024
decision_type=2 2 2 2 2 2 2 2 2 2 2 2 2 2 2 2 2 2 2 2 2 2 2 2 2 2 2 2 2 2
left_child=-1 -2 3 -3 5 6 -5 19 9 12 15 21 -9 -13 27 16 17 25 -18 -4 -17 -6 -23 24 -14 26 -10 28 -15 -30
right_child=1 2 7 4 11 -7 -8 8 10 -11 -12 13 23 14 -16 20 18 -19 -20 -21 -22 22 -24 -25 -26 -27 -28 -29 29 -31
leaf_value=-0.050184696720992565 -0.011713061436568967 0.12852014398617256 0.0045345610735817252 0.0014639645793559214 0.0060648127370156232 0.12410712128871962 -0.025112803456606953 0.058534773776665272 0.0082697124210600742 -0.010808426014178911 0.013504208989011009 -0.0059812399029471712 0.058710233546998725 0.0072261956303441375 -0.017922559274357121 -0.021401230532997677 0.0037736150053803773 -0.023224395593073731 0.089962817299874751 -0.011901367295329968 0.02528912592310897 -0.0080287510872360576 0.04508747973691507 0.0058344069915305993 0.013977788378513465 0.059534971312462631 -0.033614733092637454 -0.04579149883119861 0.021531583762511158 0.069045853446497579
leaf_weight=17.873892330331728 129.96988877700642 3.1862673535943022 168.18284944444895 213.04239373700693 56.632295429706573 2.487933885306119 85.943552265875041 19.178916338831186 92.352451981976628 71.503872056491673 157.58452643686906 151.68085652543232 30.817147655412555 78.320934906601906 27.530617723241448 150.84951550886035 432.4191430080682 141.54704218171537 5.0924056060612193 477.56954210810363 16.786800423637033 15.074320528656243 75.997608042322099 171.45017909631133 62.787876178510487 9.5663700513541681 23.81435296498239 6.70943809300661 31.681141061708331 30.032451331615448
leaf_count=5242 2858 32 2362 4181 662 34 2459 204 1356 830 2197 2212 436 886 291 2103 5658 2368 47 7738 144 163 778 1768 824 71 420 73 376 280
internal_value=-0.000172167 0.000131908 0.000679804 0.00531231 0.00480586 -0.00510036 -0.00617553 -0.00109503 0.00194591 0.0113483 -0.00130141 0.0111109 0.0169222 0.00495107 0.0144661 -0.00397572 -0.000943095 -0.010306 0.00477681 -0.00762072 -0.0167257 0.0247046 0.0362956 0.0139112 0.0287048 0.00423714 -0.000316656 0.0205425 0.0237207 0.044654
internal_weight=2957.67 2939.79 2809.82 778.32 775.134 301.474 298.986 2031.5 1385.75 355.738 1030.01 473.66 284.234 325.955 174.275 872.428 704.792 267.28 437.512 645.752 167.636 147.704 91.0719 265.055 93.605 125.733 116.167 146.744 140.035 61.7136
internal_count=49053 43811 40953 12427 12395 6674 6640 28526 18426 4062 14364 5721 3232 4118 1906 12167 9920 4215 5705 10100 2247 1603 941 3028 1260 1847 1776 1615 1542 656
is_linear=0
shrinkage=0.05


Tree=69
num_leaves=31
num_cat=0
split_feature=18 26 63 56 3 20 54 2 59 37 5 56 60 14 1 6 47 32 6 37 59 62 50 59 20 48 63 7 42 37
split_gain=17.1073 7.43832 7.92311 9.30516 11.2395 9.03944 8.51626 7.53446 17.1953 15.619 15.0059 12.865 11.7134 13.4209 11.5641 11.6338 10.1183 9.3825 12.8626 11.5955 13.8507 14.1704 11.7232 12.2282 15.9544 11.8666 10.0384 9.64111 11.592 13.9311
threshold=0.0014882296037690304 1.5446269652961153 -0.0095205915255822688 0.20346842457604983 0.002343628433267732 -0.0096886891254885244 0.0014665145957017919 -0.0097081318085432845 -0.0081528322801396619 0.35706787540081608 0.0031763978787849607 0.0087966907698789048 0.37732057233514071 0.55600421017251789 -0.0012627433111547103 16.500000000000004 -0.00052645651446517349 2.5000000000000004 11.500000000000002 0.14617501349515391 0.011294299539410612 -0.012039121148742152 0.0014884102308550266 -0.003727005241700184 -0.0037755608472252594 -0.00052578343067463988 0.02709302147913677 5.5000000000000009 6.2900000000000008e-06 0.27165829739506109
decision_type=2 2 2 2 2 2 2 2 2 2 2 2 2 2 2 2 2 2 2 2 2 2 2 2 2 2 2 2 2 2
left_child=-1 2 3 5 -5 6 -2 9 -9 11 16 -4 13 -12 -14 -16 -11 18 19 20 21 -10 23 -23 -25 -26 -21 28 29 -20
right_child=1 -3 7 4 -6 -7 -8 8 17 10 12 -13 14 -15 15 -17 -18 -19 27 26 -22 22 -24 24 25 -27 -28 -29 -30 -31
leaf_value=-0.050175673394781975 -0.0093977119585420352 0.063453233139311491 0.10318941276612613 0.0788675650173839 -0.0034102145681115404 -0.032037431920429772 0.084274329132111775 -0.017845598896203817 0.065335474135275531 0.041600308749306605 0.10915832978284608 0.025757185973963745 0.00078272596514596517 0.0088505037851990993 0.10384835055575468 -0.0058028805520251425 -0.027884057963976722 0.0037852198204999781 0.081036427380859713 -0.014900240713088778 0.058524198085428095 -0.035958937483613285 -0.020150801494257471 0.10055777985488906 0.048696200965382734 -0.00034923919031343851 0.033891060303181612 0.017173221611369891 -0.0022557346285445676 0.010703519148140316
leaf_weight=17.005152603844181 9.6921096500009281 4.6286583673208943 6.7839908320456734 4.5107489619404069 52.004122631624341 60.033453936222941 3.236765455454587 129.62177303107455 7.6393898054957381 5.984910996630787 6.607657438144086 25.630961306393147 70.216371426358819 6.7321533896028996 5.8289402499794942 4.135035052895546 42.054735004901886 1295.4760206257924 8.6610663807950896 342.48658779030666 10.199123982340096 14.81141012534499 69.811488774605095 4.9235723651945582 14.877879180945454 72.102976088877767 10.876670077443121 94.251523377839476 516.18881753506139 37.630384761840105
leaf_count=5242 159 35 72 92 755 1548 62 3056 78 71 67 211 684 63 77 74 470 18741 117 5448 65 369 1271 44 253 1303 74 1294 6836 422
internal_value=-0.000170296 0.000119171 1.92218e-05 -0.0120733 0.00315681 -0.0238702 0.0140532 0.000577698 -8.90239e-05 0.0106549 0.00348596 0.0419627 0.0151535 0.0585363 0.00793575 0.0583433 -0.0192275 0.000831655 -0.0023451 -0.00800292 0.00180627 -0.00133476 -0.00421998 0.00620167 0.0129963 0.00803987 -0.0133984 0.00237366 -0.000106218 0.0238627
internal_weight=2954.64 2937.64 2933.01 129.477 56.5149 72.9623 12.9289 2803.53 2629.56 173.975 141.56 32.415 93.5202 13.3398 80.1803 9.96398 48.0396 2499.94 1204.46 547.729 194.366 184.167 176.527 106.716 91.9044 86.9809 353.363 656.732 562.48 46.2915
internal_count=49053 43811 43776 2616 847 1769 221 41160 39371 1789 1506 283 965 130 835 151 541 36315 17574 8905 3383 3318 3240 1969 1600 1556 5522 8669 7375 539
is_linear=0
shrinkage=0.05


Tree=70
num_leaves=31
num_cat=0
split_feature=18 4 53 63 62 58 37 21 63 21 38 13 59 43 4 59 59 47 4 47 13 21 58 37 38 58 53 15 0 18
split_gain=16.2674 7.13018 9.43463 8.70765 8.44562 9.32858 12.8958 12.0496 14.5132 11.809 13.1362 14.1507 13.3418 11.8862 13.0287 11.7688 19.0739 17.1418 15.0465 13.9171 12.001 11.6693 16.2713 11.5008 11.2598 12.5061 12.1858 10.9141 11.49 10.8956
threshold=0.0014882296037690304 882.58214285714314 -0.017136455494672694 0.031215529652027212 0.011799809179099069 0.0019395445756655607 1.0000000180025095e-35 0.0020788460637229367 0.004521736718015177 -0.00040447547971032084 0.32498936567260905 0.058523808933675016 0.0048745165709282107 0.00027830250000000003 725.05714285714373 -0.0011247267927705035 0.001794068395644894 -0.00045458396695812164 292.32964285714405 -0.00052441690261635361 0.041506393362362254 0.0032807740432119962 0.0096060326684295309 0.20545761561974649 0.17846600665784032 0.0071357769215385841 -0.0059383017177757598 0.29470121591736992 0.00056563512209852648 0.0032210615369522382
decision_type=2 2 2 2 2 2 2 2 2 2 2 2 2 2 2 2 2 2 2 2 2 2 2 2 2 2 2 2 2 2
left_child=-1 3 -3 4 5 6 -2 8 -8 13 12 23 -11 14 15 19 17 -17 20 -7 -19 -14 -23 -12 25 26 -21 -24 -29 -10
right_child=1 2 -4 -5 -6 9 7 -9 29 10 11 -13 21 -15 -16 16 -18 18 -20 24 -22 22 27 -25 -26 -27 -28 28 -30 -31
leaf_value=-0.050167091787405249 0.024181837133256598 0.043411787195161783 -0.027828073216890389 0.019513399406833765 -0.015610751380415087 0.060776806499914987 -0.0025262941976012922 -0.015824361274681266 0.0023290015550701208 -0.0065097925274726284 0.093921054495765849 0.007331886034624333 0.012738777506226866 -0.056540654906604405 0.11437681637535579 0.12566987078098815 0.010792733433400051 0.011992975063367509 -0.035571031468808217 0.097924364950471354 0.12551477197712138 -0.012226847167833229 -0.00073587043608425899 0.0096640234819686879 -0.011011025226876962 0.12716971581827027 -0.0097629950734083645 0.009655408271228072 0.07999002994248762 0.033856707235541739
leaf_weight=16.178498963359743 46.543258983176202 5.2571022957563391 40.078744834288955 58.485112722963095 83.83669290645048 10.323364911600946 1395.5830895919353 154.01351239625365 62.071758416015655 373.21855381922796 11.10925184749067 32.213477251119912 275.85900878533721 5.3034028932452193 3.5423956941813222 8.7031077267602104 32.374866530299187 4.3072454798966628 4.7910921536386004 3.4209740757942209 5.0665861181914806 138.51825997792184 26.744179956614971 6.3735375814139834 61.793047365732491 3.0034928265959016 11.319494437426329 11.206688560545446 12.050243221223353 49.064688321202993
leaf_count=5242 923 43 533 389 1209 165 23650 1835 788 7069 121 377 2270 80 33 92 232 60 61 32 54 1481 234 94 1140 44 229 93 97 383
internal_value=-0.000167416 0.000108086 -0.0195672 0.000416644 2.23167e-05 0.000499164 -0.00177568 -0.00250316 -0.0011415 0.00422913 0.00201116 0.0269874 0.000529269 0.0170125 0.0196368 0.0173239 0.035485 0.0704425 0.0365102 0.00615905 0.0733519 0.00618653 -0.00340133 0.0632043 -0.000929969 0.0341771 0.0152291 0.021048 0.0460983 0.0162479
internal_weight=2952.35 2936.18 45.3358 2890.84 2832.36 2748.52 1707.28 1660.73 1506.72 1041.24 887.293 49.6963 837.597 153.949 148.646 145.103 55.2429 22.868 14.1649 89.8604 9.37383 464.378 188.519 17.4828 79.537 17.744 14.7405 50.0011 23.2569 111.136
internal_count=49053 43811 576 43235 42846 41637 27579 26656 24821 14058 11836 592 11244 2222 2142 2109 499 267 175 1610 114 4175 1905 215 1445 305 261 424 190 1171
is_linear=0
shrinkage=0.05


Tree=71
num_leaves=31
num_cat=0
split_feature=18 60 6 37 5 59 59 54 18 4 37 7 6 6 41 52 4 55 38 21 38 6 6 60 38 58 21 58 15 17
split_gain=15.4693 7.11247 8.84417 9.71925 13.7048 9.87398 10.3715 16.9122 17.7967 7.68666 7.68505 16.651 13.7325 15.391 15.8235 17.155 15.1951 28.7598 27.7709 13.3402 13.094 12.1064 11.6599 22.3197 11.8092 13.9533 10.1242 23.7566 9.83487 15.3118
threshold=0.0014882296037690304 0.0015741243249390747 3.5000000000000004 0.032706528244605272 0.0026152561560640708 0.005915582260234668 0.00019611493084777167 -0.0011771001927866397 0.0019351896063163328 108.13214285714277 0.21710497326066078 4.5000000000000009 10.500000000000002 14.500000000000002 5.2590000000000003e-05 0.76840511559403624 170.42857142857301 1.0000000180025095e-35 0.23642164140721886 -0.00055202625897309151 0.15350312317440304 1.5000000000000002 16.500000000000004 0.32628882674928322 0.27795949594753316 0.000599583952419318 0.0016105724012928748 0.0026151804985685145 0.23111098987979864 0.69340350820998553
decision_type=2 2 2 2 2 2 2 2 2 2 2 2 2 2 2 2 2 2 2 2 2 2 2 2 2 2 2 2 2 2
left_child=-1 2 -2 5 9 6 7 -4 -9 -5 11 -3 21 14 15 20 17 18 -15 -16 -14 -12 -13 24 -24 -26 27 28 -22 -30
right_child=1 10 3 4 -6 -7 -8 8 -10 -11 12 22 13 16 19 -17 -18 -19 -20 -21 26 -23 23 -25 25 -27 -28 -29 29 -31
leaf_value=-0.05015893076027618 0.062970837312348024 0.0082420269290376137 -0.026357146002854451 0.057074796487740609 0.055241165779533009 0.085990108790748976 -0.0263075229296304 -0.011076940043208486 0.16171114346587101 -0.029242884284707955 0.0044571277903519375 -0.018210583123884683 0.10838714940872481 0.17829402599885899 0.018353036161328808 0.0025145376264157897 -0.0022636990456177905 -0.0041963251399558575 3.5908358566165558e-05 -0.0087688028840874673 0.010579678253072888 -0.011181299318339973 -0.017939962221722065 0.15345519482318165 -0.02263387163929002 0.11612531119063746 0.0021620884194472781 0.13587525762411323 0.11767973557909261 0.032981487317151496
leaf_weight=15.391904976218937 3.8784547238610676 641.50439589517191 5.7879400183446705 2.6598375937901428 5.4286693669855586 3.7814387939870349 16.08960359217599 2.4868644936941617 3.7184620592743158 85.029618456959724 167.9305131547153 110.53123463736847 5.8130831662565461 5.5263631897978485 71.448792318813503 65.586562018841505 1003.5593304089271 15.360894424375147 3.6135424505919218 124.06212255265564 29.538130532950163 470.47081499872729 18.658886597491808 2.7328024804592124 3.1685370546765617 4.2309129647910595 22.824519531801343 5.9738805405795565 6.7163752745836964 25.963790029287338
leaf_count=5242 100 9649 180 80 54 37 384 111 88 1824 2362 2218 67 95 886 619 13915 275 79 1421 388 7738 391 34 75 60 219 52 85 325
internal_value=-0.000164412 9.78552e-05 -0.0113881 -0.0136956 -0.021852 0.01014 -7.34004e-05 0.0351211 0.0924641 -0.0266247 0.000625476 0.00483933 -0.00099985 0.00179504 0.0107247 0.0222591 -0.0013139 0.0375901 0.107818 0.00114278 0.0356329 -0.00706763 -0.0108282 0.0175131 0.00325654 0.0567069 0.0309862 0.0406339 0.0314893 0.0503885
internal_weight=2949.47 2934.08 128.861 124.982 93.1181 31.8643 28.0829 11.9933 6.20533 87.6895 2805.22 780.827 2024.39 1385.99 357.927 162.416 1028.06 24.5008 9.13991 195.511 96.8298 638.401 139.322 28.7911 26.0583 7.39945 91.0167 68.1922 62.2183 32.6802
internal_count=49053 43811 2858 2758 1958 800 763 379 199 1904 40953 12427 28526 18426 4062 1755 14364 449 174 2307 1136 10100 2778 560 526 135 1069 850 798 410
is_linear=0
shrinkage=0.05


Tree=72
num_leaves=31
num_cat=0
split_feature=18 59 20 59 3 20 59 12 15 58 7 6 63 20 39 20 1 12 59 7 0 63 45 32 16 47 47 19 63 6
split_gain=14.7096 6.70379 20.7034 11.4098 10.2132 9.53465 15.8901 10.6184 12.752 10.2388 14.3181 10.8181 10.3866 12.4283 13.1865 12.3094 15.6032 13.0563 12.3293 10.1149 11.9622 9.73518 20.1626 22.26 12.4842 10.0404 9.52474 10.139 9.62974 9.46091
threshold=0.0014882296037690304 -0.024660633804338413 -0.0144570081636746 -0.011508317009568387 0.0053120087324452945 -0.0036805496527768816 -0.0024746295888892294 0.31967073880802743 0.65310524554947424 -0.0045535937765455352 4.5000000000000009 20.500000000000004 -0.00023419551229800215 -0.0019762751188415364 1.0000000180025095e-35 0.0021904800684680414 0.0073344434569747432 0.20477385561583203 0.0076929383145660458 2.5000000000000004 0.0060131338881546049 0.0016174490892762201 -0.00042805029423893581 4.5000000000000009 0.22059534719956911 -0.00049123038392007775 -0.00035717680045050819 -0.0023170943857163781 0.0093329035840909996 5.5000000000000009
decision_type=2 2 2 2 2 2 2 2 2 2 2 2 2 2 2 2 2 2 2 2 2 2 2 2 2 2 2 2 2 2
left_child=-1 -2 -3 4 -4 7 19 -5 26 10 11 29 13 14 -11 16 -14 -17 -19 21 -21 25 23 24 -23 -7 -9 28 -28 -8
right_child=1 2 3 5 -6 6 9 8 -10 12 -12 -13 15 -15 -16 17 -18 18 -20 20 -22 22 -24 -25 -26 -27 27 -29 -30 -31
leaf_value=-0.050151168846510566 -0.020271303766453867 0.034895155886825971 -0.034416386455099049 -0.035802883991730386 -0.0034291522386932548 -0.038507466374633814 -0.017209812089314394 0.013327003731049603 0.058775560069133176 0.062111310988980512 -0.040007912860130217 -0.028835491708709533 0.0069410315995133412 -0.020030439878453009 -0.027236224807457174 0.065363935517567751 0.11299927286971552 -0.0081219633331562815 0.0035670634080014426 -0.023597055134042116 0.10352538101514486 -0.054398272113296134 -0.020096371832935816 0.17314373763853802 0.084919552111171082 -0.00057977886758380187 -0.0010809565167929495 -0.036228838446645623 0.073397861358814515 0.0085466514723857943
leaf_weight=14.643441985594107 39.888325771316886 42.773424249142408 44.493037035688758 13.37670445255935 66.088130667805672 21.88081920100376 50.230917120352387 238.16097086668015 12.699647158384321 10.285064343363048 32.105905969627202 36.637162875384092 824.7757296175696 93.392136191483587 6.9000248778611413 7.3510032929480067 3.4825377017259589 400.52238160930574 516.50834509171546 132.95127487741411 1.8766953647136677 2.9407028444111365 10.393713630735872 3.8823487479239702 3.548200361430645 86.156918046064675 81.919382815249264 20.519480403512716 4.5827845633029929 122.85346982441843
leaf_count=5242 590 374 1250 247 994 602 758 2904 168 121 516 527 12245 1886 105 92 39 6541 4219 4010 29 56 220 57 60 2460 958 360 30 1393
internal_value=-0.000162919 8.66395e-05 0.000367304 -0.000150804 -0.0158971 0.000484701 -0.000683018 0.00793488 0.00956968 0.000766246 -0.00891305 -0.00415279 0.00202252 -0.0128399 0.0262372 0.00296022 0.00738697 -0.00100621 -0.00153824 -0.0122551 -0.0218276 -0.00223486 0.0291198 0.0784425 0.0217822 -0.00826125 0.00775934 -0.00463067 0.00286484 0.00107185
internal_weight=2947.82 2933.18 2893.29 2850.52 110.581 2739.93 2368.68 371.259 357.882 2105.04 241.827 209.722 1863.22 110.577 17.1851 1752.64 828.258 924.382 917.031 263.631 134.828 128.803 20.765 10.3713 6.4889 108.038 345.183 107.022 86.5022 173.084
internal_count=49053 43811 43221 42847 2244 40603 35936 4667 4420 28442 3194 2678 25248 2112 226 23136 12284 10852 10760 7494 4039 3455 393 173 116 3062 4252 1348 988 2151
is_linear=0
shrinkage=0.05


Tree=73
num_leaves=31
num_cat=0
split_feature=18 18 21 59 19 1 59 16 59 0 1 56 13 60 19 59 14 60 27 19 59 19 4 53 16 34 54 12 5 11
split_gain=13.9878 6.69599 14.3606 9.79992 10.3596 13.5681 13.5986 9.449 9.2844 12.6248 8.97407 10.8764 16.5931 17.6037 10.5499 12.7412 9.67159 10.1616 8.90639 8.85109 10.3787 11.9359 10.4517 11.6039 12.368 10.6179 9.80851 12.1795 14.648 12.4459
threshold=0.0014882296037690304 0.0095486293315562108 -0.0090013026499342532 0.021715369853913535 0.003987088280865689 0.0032530379461017415 0.011294299539410612 0.20465635851005937 -0.011508317009568387 0.0060131338881546049 0.006382447393375003 0.44667196696670014 0.12451439353472421 0.5722597409598803 0.0028182305785389148 0.006596975687003675 0.46561911349000579 0.42691333031758921 0.23016693427459634 0.0022437963893238376 0.0041285513528214711 0.00049624360404819942 243.05714285714205 0.00071663761549705936 0.37866969841380521 0.54591759689024955 0.00049705856089949101 0.25820456223660065 0.0013787735166993379 -0.59787751350670071
decision_type=2 2 2 2 2 2 2 2 2 2 2 2 2 2 2 2 2 2 2 2 2 2 2 2 2 2 2 2 2 2
left_child=-1 2 7 4 5 19 8 -2 -7 10 14 12 -12 -14 15 -10 -17 -18 -16 20 21 26 23 -22 -25 -24 -4 -28 -29 -30
right_child=1 -3 3 -5 -6 6 -8 -9 9 -11 11 -13 13 -15 18 16 17 -19 -20 -21 22 -23 25 24 -26 -27 27 28 29 -31
leaf_value=-0.050143785105264752 0.092074834104753159 -0.015900503385071926 -0.0024388064800716196 0.015651378165733362 -0.010448439403405462 -0.052157360982001882 0.044485140988611449 0.013235601894722324 0.0042646140111046232 0.081213669175185035 0.00030816201539417753 -0.019448337425330045 0.037057755193521065 0.15620422261850261 -0.01872431839199434 0.014345215260102637 0.11811276234502935 0.027850293321625991 0.027832233663001305 -0.011528173232033789 0.0056630418492889349 -0.011819671404927767 -0.00089663559095703906 0.017841907447104139 0.062591542338501158 0.039834779587502867 -0.040700152438111509 -0.012381201115551759 0.030626959524329561 0.0064626852140197534
leaf_weight=13.931272144895045 6.8998484909534445 64.14344691298902 950.96107327006757 98.736328709870577 233.82081189006567 6.3938229233026496 27.291571386158466 8.4607842843979579 106.09844909328967 5.8865687642246476 9.4491057340055757 7.4327878076583138 7.2729905601590854 5.403328251093626 64.486749168485403 13.858850687742235 6.5286173783242685 5.9688282795250416 12.219067282974718 175.24407934304327 121.67256608232856 256.47118464624509 350.20894221030176 54.223891033791006 21.587571674957871 16.765990819782019 12.289696835447101 57.390056305099279 87.650619804859161 135.91636250913143
leaf_count=5242 72 772 16092 627 2496 186 185 98 2047 59 151 93 93 73 914 126 46 55 147 2206 1133 6008 3238 546 188 102 294 1649 1761 2354
internal_value=-0.000161073 7.65208e-05 0.000434026 0.000174272 -0.000380917 0.000553701 0.0109662 0.0486494 0.00732163 0.00887637 0.0070926 0.0328809 0.0504603 0.0878444 0.00344825 0.0119937 0.0431075 0.0750031 -0.011308 -0.000739695 0.000175797 -0.0019981 0.00595536 0.0152301 0.0305845 0.000964261 2.64395e-05 0.00802091 0.0101521 0.0159364
internal_weight=2944.67 2930.73 2866.59 2851.23 2752.49 2518.67 278.291 15.3606 250.999 244.605 238.719 29.5582 22.1254 12.6763 209.161 132.455 26.3563 12.4974 76.7058 2240.38 2065.14 1500.68 564.459 197.484 75.8115 366.975 1244.21 293.247 280.957 223.567
internal_count=49053 43811 43039 42869 42242 39746 4175 170 3990 3804 3745 410 317 166 3335 2274 227 101 1061 35571 33365 28158 5207 1867 734 3340 22150 6058 5764 4115
is_linear=0
shrinkage=0.05


Tree=74
num_leaves=31
num_cat=0
split_feature=18 20 4 59 59 20 59 54 20 63 32 12 20 63 4 4 21 0 63 26 32 37 64 60 59 0 13 34 18 21
split_gain=13.3022 6.47702 11.8725 11.3079 10.5803 17.6148 9.49679 13.0087 14.5454 14.8773 11.9357 17.7549 11.2126 12.9347 12.1406 16.1694 15.9517 13.3148 11.6232 10.7491 10.1933 10.5867 14.6137 13.6201 12.2671 11.5419 10.52 13.1511 11.9413 13.8133
threshold=0.0014882296037690304 -0.021894926875658242 882.58214285714314 -0.024660633804338413 -0.016678661354529875 -0.01087055887449364 -0.0028455106967918303 0.018403650307028094 9.3575772123556048e-05 0.0016174490892762201 2.5000000000000004 0.60784740317381603 -0.0022765408005580045 -0.00041806404992081276 307.71750000000071 246.79642857142767 -0.0022745674596315163 -0.0011390179421110647 -0.0012142082766862202 0.049820653218507885 3.5000000000000004 0.53246372695900845 0.046329940950010924 0.93657678361957963 0.017149476301002154 1.7943365314610726e-05 0.16071165168587101 1.0431878122496863 0.0020368462126867811 0.0013127229769995914
decision_type=2 2 2 2 2 2 2 2 2 2 2 2 2 2 2 2 2 2 2 2 2 2 2 2 2 2 2 2 2 2
left_child=-1 3 4 -2 -3 -6 7 8 9 -7 19 -12 14 -14 15 17 -17 -8 -19 -11 -15 22 25 26 -23 -22 27 -24 -28 -30
right_child=1 2 -4 -5 5 6 12 -9 -10 10 11 -13 13 20 -16 16 -18 18 -20 -21 21 24 23 -25 -26 -27 28 -29 29 -31
leaf_value=-0.050136764164241399 0.0021400445909847197 -0.018412054236506287 -0.028353756889850857 0.079892854850692224 0.028082081877047443 -0.0071848718671268137 -0.014319821368220935 0.079813415963550002 -0.035216108714789904 -0.012868989041927846 0.12944110451293361 0.023162506506875034 -0.015729107069372989 -0.0018008632179487745 0.0016468799979944019 -0.0077715829190775944 0.0621797009499939 0.094864601762400066 0.016242191081654905 0.080427282401031225 0.022550567358946678 -0.0085117474364011427 0.00044913782609412801 0.031908850493353749 0.024039542528144314 0.16211983872617453 -0.033383949950263649 0.056550990393388789 0.040900984803335788 0.0032161001199357067
leaf_weight=13.253645030083133 14.294155389070513 74.155849155038595 36.797031082212925 6.9497065097093573 57.619929799810052 417.24225513217971 33.079553512856364 4.376167243346571 41.249748815782368 21.857167274225507 5.394794778898361 14.470978832338004 118.22973030852154 1088.7642173250206 135.24688262306154 10.530484631657599 36.052072579041123 5.8682578671723631 23.628919595852494 3.5951665141619733 3.1942771440371862 188.711087343283 374.96322802500799 55.981160582974553 34.186445593833923 2.7621802948415279 9.6879507722333056 10.745328883640466 56.812320400029421 42.512573743239045
leaf_count=5242 151 1277 497 44 488 9149 356 82 1360 301 97 189 2417 14864 1348 121 336 79 318 45 55 2414 5536 647 209 54 211 138 593 435
internal_value=-0.000158166 6.79887e-05 -0.000132986 0.0275761 0.000228724 0.000722982 0.000147463 -0.00602112 -0.00676669 -0.00422965 0.0229789 0.0520238 0.00155259 0.000309272 0.0116584 0.0240625 0.0463665 0.00745936 0.0318836 0.000309199 0.0013242 0.00568881 0.00937591 0.00853337 -0.00351926 0.0872728 0.00588827 0.00201206 0.019603 0.0247713
internal_weight=2942.21 2928.96 2907.72 21.2439 2870.92 2796.76 2739.14 508.186 503.81 462.56 45.3181 19.8658 2230.96 1986.55 244.406 109.159 46.5826 62.5767 29.4972 25.4523 1868.32 779.557 556.659 550.703 222.898 5.95646 494.721 385.709 109.013 99.3249
internal_count=49053 43811 43616 195 43119 41842 41354 11223 11141 9781 632 286 30131 27573 2558 1210 457 753 397 346 25156 10292 7669 7560 2623 109 6913 5674 1239 1028
is_linear=0
shrinkage=0.05


Tree=75
num_leaves=31
num_cat=0
split_feature=18 6 6 32 1 59 19 47 53 3 59 5 48 16 59 20 21 6 21 6 39 38 11 59 21 59 42 38 63 4
split_gain=12.6501 6.55251 20.4486 10.201 8.23013 10.5111 11.7869 15.4447 10.7508 10.2411 14.545 8.94771 18.782 8.19602 8.07763 15.6883 11.8512 8.20668 15.4747 12.432 19.5332 13.6939 15.2006 12.1001 12.0293 14.1054 13.8942 11.3764 14.5041 14.2155
threshold=0.0014882296037690304 1.5000000000000002 5.5000000000000009 24.500000000000004 -0.012227296063644167 -0.0070109487086862064 -0.002164563716335216 -0.00051756939429493411 0.00027618206623546165 0.0028168118095761034 -0.0030568610856423332 0.00098758131849018232 -0.00045820985475522331 0.78262814031265904 -0.015943980570770767 -0.016022840779575758 -0.010957888437366134 15.500000000000002 -0.0066585600466068234 11.500000000000002 1.0000000180025095e-35 0.24886542057032562 -1.1717311686621408 0.0025335167692304979 -0.0017023652438701757 0.001794068395644894 9.793000000000002e-05 0.1954401926539511 -0.013079537081406458 232.75357142857243
decision_type=2 2 2 2 2 2 2 2 2 2 2 2 2 2 2 2 2 2 2 2 2 2 2 2 2 2 2 2 2 2
left_child=-1 13 4 14 -3 -6 7 -7 -8 10 -9 12 -10 -2 16 -16 -4 18 -17 20 21 22 23 -20 -23 -26 -27 29 -29 -19
right_child=1 2 3 -5 5 6 8 9 11 -11 -12 -13 -14 -15 15 17 -18 27 19 -21 -22 24 -24 -25 25 26 -28 28 -30 -31
leaf_value=-0.050130085337405199 0.0065617313914371192 0.058045743071864234 0.044995153504132038 0.075596621445420842 -0.037727936990370109 0.090212445206665229 -0.021523358730031365 -0.0095346528076766524 0.20037597612016605 -0.017393540895979925 0.12477496949915486 -0.0050033830125110921 -0.051593091367336891 0.077767137887680554 0.060764883286674704 0.086925282485237912 -0.019403718451759602 0.03088026948633852 0.11802427151751507 0.0090514159081993301 -0.015929637835818983 0.075437025459176937 -0.0045980926062534578 0.0061739322234306108 -0.0029621780604081526 0.0093626602456453167 0.05084086235459781 -0.049121942002644844 -0.0045803859875878138 0.0012237338450620599
leaf_weight=12.608894291799514 251.60640006000176 4.268363779410719 7.8334239795804015 4.5955007690936318 35.497049249708652 6.2150992825627318 157.89373517502099 4.5813034325838089 1.5811981498263779 18.917543375864625 3.5995841585099715 171.32953125191852 1.3895027972757805 4.1072347909212104 11.158629082143305 5.6128108818083993 81.179394826292992 47.603532546199858 4.5877846265211684 568.09215741232038 164.9273937009275 7.9812478162348262 278.29766251100227 5.1125628016889095 76.396842675283551 47.953894522041082 34.8717090934515 18.819888895377517 633.40596376406029 267.30388525873423
leaf_count=5242 3667 32 98 48 848 61 2927 93 48 242 48 2940 55 67 65 57 1368 835 92 6906 2656 99 4467 60 1729 487 349 428 9428 3611
internal_value=-0.000156042 5.92561e-05 -0.000672763 0.0011775 -0.0110169 -0.011752 -0.00922934 0.0191242 -0.0120727 0.00281986 0.0495615 -0.00351165 0.0825211 0.00770542 0.00102625 0.00163122 -0.0137364 0.00132587 0.0040992 0.00370795 -0.00118713 0.00415434 -0.0024535 0.0590736 0.0155359 0.0125333 0.0268261 -0.00209753 -0.00586563 0.00570682
internal_weight=2939.33 2926.72 2671.01 2265.73 405.273 401.005 365.507 33.3135 332.194 27.0984 8.18089 174.3 2.9707 255.714 2261.14 2172.13 89.0128 2160.97 1193.83 1188.22 620.129 455.202 287.998 9.70035 167.204 159.222 82.8256 967.133 652.226 314.907
internal_count=49053 43811 40077 32783 7294 7262 6414 444 5970 383 141 3043 103 3734 32735 31269 1466 31204 16902 16845 9939 7283 4619 152 2664 2565 836 14302 9856 4446
is_linear=0
shrinkage=0.05


Tree=76
num_leaves=31
num_cat=0
split_feature=5 43 16 1 38 5 58 54 54 6 6 34 13 20 42 5 63 62 38 13 32 32 58 64 64 6 21 47 56 20
split_gain=8.37726 9.21095 8.8546 9.4003 10.5874 11.8666 11.6133 9.89721 9.7505 7.74946 12.0331 10.1844 9.71143 12.4635 10.3393 12.8512 9.43631 10.81 13.0866 12.8669 9.06057 8.55144 7.7684 7.56529 10.9851 7.53234 21.1246 9.862 19.3666 10.0032
threshold=0.0013264448170366044 -5.8525000000000028e-06 0.66981378275608427 0.00038883016538222246 0.27079563887819053 0.0012503835437583418 -0.00085881254621947289 -1.0000000180025095e-35 -0.0022275922666145352 1.5000000000000002 5.5000000000000009 3.0526484385508308 0.22898853922971796 -0.0079470147657480974 0.00015035000000000002 0.0022453410726996311 -0.00065501514540675413 -0.0097927913509914515 0.17780713595737282 0.16860820316313049 1.0000000180025095e-35 24.500000000000004 -0.0061799365104130951 0.11588329685718703 0.2634423215628115 11.500000000000002 -0.0021987815304257436 -0.00049865419507288207 1.0565329111521222 0.0012935965104611288
decision_type=2 2 2 2 2 2 2 2 2 2 2 2 2 2 2 2 2 2 2 2 2 2 2 2 2 2 2 2 2 2
left_child=1 -1 25 4 5 6 -4 8 -8 11 -11 12 14 20 16 -16 -2 -18 19 -19 -14 -12 -20 -24 -25 27 -27 28 29 -3
right_child=9 2 3 -5 -6 -7 7 -9 -10 10 21 -13 13 -15 15 -17 17 18 22 -21 -22 -23 23 24 -26 26 -28 -29 -30 -31
leaf_value=-0.029611748791804282 -0.017415924543942713 -0.040302106046499933 0.20057331673865383 -0.016989435186911189 -0.034505051107857183 -0.029557698706319177 0.034985111785866392 -0.052717922623727792 0.19259246754119508 -0.0085647222577201945 0.0013246127210901784 0.087092039201505433 0.077278217418005737 -0.022154872347149464 0.11698144582980037 0.0045384893841472372 0.063178913363300185 -0.032065040489368007 -0.028486412458880679 0.069375369589788044 -0.006848720358095535 0.077073572236684151 -0.046011306025745928 0.090901036455420955 0.022542138976063233 0.13639159293131928 -0.00070314830171787129 -0.017677621100284563 0.12794644199720259 0.067378857061053815
leaf_weight=41.22489679348655 24.703732085879892 7.2054751520045084 2.3331704013980925 7.2140542881097636 2.5984019592870018 1.9859922521281985 2.1800633159000427 1.307189187733458 1.7846770910546186 351.46706141438335 1999.287043497432 4.1576680019497863 6.1914395093917829 44.588879441609606 5.2903264947235566 4.8897624127566814 11.223160602152346 23.66925382218324 7.4667657893151036 3.6016890835016957 6.6254825741052628 3.7328116074204436 3.6408725176006547 6.3433492332696906 79.935967758530751 2.8738429713994256 126.24031262425706 146.64474163274281 3.5103405066765836 3.0781079132575542
leaf_count=1784 479 413 72 272 89 42 97 70 62 5959 26619 34 48 512 74 65 93 359 127 46 65 30 49 60 1086 44 4257 5986 93 67
internal_value=-0.000154372 -0.00741218 -0.00445003 0.0282486 0.0550216 0.079276 0.107697 0.0665929 0.10593 0.000828129 -3.15294e-05 0.00954017 0.00812704 -0.00966407 0.0141079 0.0629722 0.0110102 0.0161781 0.0119466 -0.0186677 0.0337903 0.00146578 0.0205194 0.0245887 0.027568 -0.00664124 0.00234833 -0.0138757 0.0265435 -0.00807077
internal_weight=2937 350.181 308.956 19.4035 12.1895 9.59109 7.6051 5.27193 3.96474 2586.82 2354.49 232.328 228.171 57.4058 170.765 10.1801 160.585 135.881 124.658 27.2709 12.8169 2003.02 97.387 89.9202 86.2793 289.553 129.114 160.439 13.7939 10.2836
internal_count=49053 13348 11564 704 432 343 301 229 159 35705 32608 3097 3063 625 2438 139 2299 1820 1727 405 113 26649 1322 1195 1146 10860 4301 6559 573 480
is_linear=0
shrinkage=0.05


Tree=77
num_leaves=31
num_cat=0
split_feature=18 60 6 37 5 59 59 54 0 18 58 4 5 38 60 38 21 59 21 11 21 59 60 6 6 19 63 42 6 18
split_gain=11.9025 6.33935 7.37124 9.06002 12.3552 8.18178 9.43754 13.7275 16.7404 20.5042 7.03897 13.5904 12.1056 15.4036 14.2065 11.647 11.0223 12.1159 15.2188 12.832 10.5638 11.7213 14.297 10.4662 18.1593 15.0268 10.7393 13.2581 11.426 10.9321
threshold=0.0014882296037690304 0.0015741243249390747 3.5000000000000004 0.032706528244605272 0.0026152561560640708 0.005915582260234668 0.00019611493084777167 -0.0011771001927866397 0.00075097790069350025 0.0019351896063163328 0.0019395445756655607 397.28214285714324 0.0021120040089095738 0.32498936567260905 0.0063076330137050909 0.34834269957983005 0.0032807740432119962 0.0076929383145660458 0.0022016788446764381 1.3699871935389012 -0.00070654294048865657 -0.00046162741798140859 0.88855935201567138 4.5000000000000009 2.5000000000000004 0.0016807835930678649 0.00052424222659203394 0.00036300500000000007 15.500000000000002 0.0051698590599561292
decision_type=2 2 2 2 2 2 2 2 2 2 2 2 2 2 2 2 2 2 2 2 2 2 2 2 2 2 2 2 2 2
left_child=-1 2 -2 5 -5 6 7 -4 9 -9 23 12 14 -14 -12 -15 17 20 -19 -20 21 22 -16 24 25 -3 27 28 29 -25
right_child=1 10 3 4 -6 -7 -8 8 -10 -11 11 -13 13 15 16 -17 -18 18 19 -21 -22 -23 -24 26 -26 -27 -28 -29 -30 -31
leaf_value=-0.05012250646809846 0.054544556730967121 0.006692205793708739 -0.025092181383194429 -0.025849551166968788 0.050821647450408902 0.07687142683507299 -0.025456553699888453 0.0005852164076080588 -0.052281645520483033 0.20914487589966232 0.076335395650463531 -0.0054176617351418023 0.012622664249203931 0.12246377866484377 -0.014271827458738288 0.023178162619624913 -0.024350274094539388 0.0054415859081912302 0.073413066627688345 -0.001494949963802433 -0.003180545897006894 0.058628323448098311 0.07363111552749986 3.8554017427629432e-05 -0.025414546496258617 -0.025938920080120709 0.013689871178133263 0.075095590479264784 -0.0070478472869188631 0.017186473574753055
leaf_weight=11.868283467832951 4.1646562195383003 157.39512868784368 5.5346621642820537 85.36331866402179 5.5990766659378997 3.9845577776432028 15.64030310185626 1.9274487257935158 1.7364658704027531 3.0327893048524857 6.3945175851695231 302.7262418884784 292.16556842625141 5.6775711458176357 22.267927252687517 6.1570263877511024 38.559617483988404 52.90988402813673 19.371623056009415 8.1108725816011411 340.60229425970465 15.081683646887539 5.8385373800992957 589.69900188781321 116.14482412207872 45.474457416683435 136.98756809020415 5.6867192965000859 519.15931211318821 110.33417760953307
leaf_count=5242 100 2738 180 1904 54 37 384 88 51 60 99 3593 3500 51 457 66 476 287 131 62 5608 120 93 9377 2292 723 1429 60 8647 1144
internal_value=-0.000151747 5.10987e-05 -0.0108753 -0.0130936 -0.0211302 0.00985392 0.000273039 0.0331736 0.0813288 0.128103 0.0005472 0.00362586 0.00699271 0.0148879 0.00227859 0.0708098 0.00133664 0.00347045 0.0211204 0.0513056 -0.000226669 0.023069 0.00398819 -0.00149658 -0.00964849 -0.00062226 0.000412981 -0.00107187 -0.00142715 0.00274129
internal_weight=2935.6 2923.73 126.983 122.819 90.9624 31.8562 27.8717 12.2314 6.6967 4.96024 2796.74 1115.86 813.137 304 509.137 11.8346 502.742 464.183 80.3924 27.4825 383.79 43.1881 28.1065 1680.88 319.014 202.87 1361.87 1224.88 1219.19 700.033
internal_count=49053 43811 2858 2758 1958 800 763 379 199 148 40953 14543 10950 3617 7333 117 7234 6758 480 193 6278 670 550 26410 5753 3461 20657 19228 19168 10521
is_linear=0
shrinkage=0.05


Tree=78
num_leaves=31
num_cat=0
split_feature=18 63 20 59 59 58 59 31 58 2 32 6 20 32 16 38 5 37 59 6 28 50 18 5 4 18 1 54 7 20
split_gain=11.3193 6.17801 6.96597 16.9351 12.2518 10.4993 16.2893 10.0824 11.7779 9.7849 8.18599 10.8108 10.4877 12.877 11.0544 10.8863 15.7036 10.3697 12.1489 13.3409 12.8229 11.0582 11.2724 16.454 11.2127 15.4608 9.27981 10.6646 10.3396 15.9971
threshold=0.0014882296037690304 -0.023639040058348111 -0.01087055887449364 -0.011508317009568387 -0.024660633804338413 -0.0072600856619906432 -0.020508045326491867 0.16037882901716857 -0.0024571388048944165 -0.0078379149995986396 2.5000000000000004 11.500000000000002 -0.0055434713660601686 6.5000000000000009 0.28418441224825303 0.21014940601758553 0.0029738515224194562 0.14617501349515391 0.011294299539410612 9.5000000000000018 2.3576570938489563 0.0014884102308550266 0.0033753058674053081 0.0024309035943623036 117.27500000000043 0.0017684473284154663 -0.0014566464485738402 -0.013701144339757448 5.5000000000000009 0.0015076891029637814
decision_type=2 2 2 2 2 2 2 2 2 2 2 2 2 2 2 2 2 2 2 2 2 2 2 2 2 2 2 2 2 2
left_child=-1 -2 4 -4 -3 6 -6 -7 -9 -8 11 17 13 14 15 -12 -17 18 19 20 21 24 -23 -24 25 -5 27 -13 -28 -30
right_child=1 2 3 10 5 7 9 8 -10 -11 12 26 -14 -15 -16 16 -18 -19 -20 -21 -22 22 23 -25 -26 -27 28 -29 29 -31
leaf_value=-0.050116525411178316 -0.018765577865838302 -0.015635179704564631 -0.024180708487961489 0.0017413974264319715 0.11746961024635137 -0.010199524106777182 0.042449648227657934 0.00053442490714940261 0.073023324223120939 -0.027367653326233806 0.026751835047962864 0.017391875300316179 0.0021666395390558678 -0.0032453825414979105 0.0036213189190267242 0.14482414736413557 0.034414810603965999 -0.01238915692495045 0.054276724490259047 -0.029517942119776992 0.10965094442911638 -0.023759489544538822 0.11062610385271457 -0.027195304938187684 0.0097568225242099845 0.21139196133119459 0.0026411024930281615 -0.011026345218318068 0.056492461851694611 0.0063872381785427066
leaf_weight=11.290773863089269 43.014904463663697 29.935759963467717 71.646999196149409 1.8670458057895296 6.0175268091261378 32.530914604663849 22.921976797282696 12.412026736885311 10.215548532083629 6.4251622669398811 11.96948439627886 39.522915601730347 1315.0626637269743 27.494971288368106 12.58878951333463 6.8512730598449689 6.0772345755249262 376.63980663614348 10.380914185196159 34.355923571623862 2.8642210960388175 49.223002927843481 4.1106103174388391 4.5767852254211903 96.74324678722769 1.6623701052740214 412.55837222188711 200.44213204737753 24.016352597624063 47.311487833969295
leaf_count=5242 806 416 1722 70 78 348 180 112 84 91 179 339 19727 326 172 70 61 6121 65 628 39 973 41 71 1704 33 5624 2734 416 581
internal_value=-0.000149778 4.33337e-05 0.000324412 -0.000189641 0.0120939 0.0212639 0.0425302 0.00762905 0.0332606 0.0271641 0.000450226 -0.00238675 0.00313556 0.0227439 0.0418059 0.0611127 0.0929246 -0.00745768 0.00156825 -0.00123192 0.00480228 0.00290379 -0.014492 0.0380176 0.0129504 0.100488 0.00169341 -0.00634578 0.00568014 0.0232579
internal_weight=2932.73 2921.44 2878.43 2757.97 120.459 90.5232 35.3647 55.1585 22.6276 29.3471 2686.32 1306.28 1380.04 64.9818 37.4868 24.898 12.9285 582.424 205.784 195.403 161.047 158.183 57.9104 8.6874 100.273 3.52942 723.851 239.965 483.886 71.3278
internal_count=49053 43811 43005 41696 1309 893 349 544 196 271 39974 19439 20535 808 482 310 131 9745 3624 3559 2931 2892 1085 112 1807 103 9694 3073 6621 997
is_linear=0
shrinkage=0.05


Tree=79
num_leaves=31
num_cat=0
split_feature=60 59 58 4 5 38 60 58 21 59 21 60 23 59 21 7 45 4 15 62 11 13 3 6 50 62 38 7 21 0
split_gain=7.22407 6.91173 6.76653 12.1212 10.929 13.1249 12.0283 19.9942 9.95992 10.8566 13.3592 12.6602 10.0178 12.6366 15.6682 13.4822 17.3853 29.1201 25.3045 15.4622 12.9934 12.3043 10.5504 10.2529 9.97472 11.2756 10.438 13.9879 17.1666 16.106
threshold=0.0015741243249390747 0.01852754674717744 0.0019395445756655607 397.28214285714324 0.0021120040089095738 0.32498936567260905 0.0063076330137050909 0.0040898642458957754 0.0032807740432119962 0.0076929383145660458 0.0022016788446764381 0.38843940536210458 0.00024935621552492441 -0.0013639540657373152 -0.00042304240740015294 1.5000000000000002 -0.00035441676987592162 253.12142857142734 0.17714526512301645 0.0032454144161929688 0.67719630353160531 0.056969243387225039 0.0036273201284187117 2.5000000000000004 0.0004377205829625779 0.003412650339802386 0.33999741058389937 5.5000000000000009 0.00081138936838609282 0.0003635113178735857
decision_type=2 2 2 2 2 2 2 2 2 2 2 2 2 2 2 2 2 2 2 2 2 2 2 2 2 2 2 2 2 2
left_child=1 -1 -2 4 6 -6 7 -4 9 12 -11 -12 13 15 20 16 19 18 -18 -8 -15 23 -23 -14 -16 26 27 28 -26 -29
right_child=2 -3 3 -5 5 -7 8 -9 -10 10 11 -13 21 14 24 -17 17 -19 -20 -21 -22 22 -24 -25 25 -27 -28 29 -30 -31
leaf_value=-0.013280954640391314 -0.0016166468042344024 0.072537467283505602 -0.0043435601097917284 -0.0051674126536074838 0.011910220617599519 0.064668359792712612 -0.030480497956347288 0.16966649796380565 -0.023501342407161063 0.0050523591435252171 0.012232816831166953 0.079507015668709699 0.090903075044987264 0.063242851758814458 -0.0036725991442216875 -0.025190273889537696 0.039237401670259714 -0.011733648926515747 0.25463105881831183 0.10074652342398707 -0.01929937072413768 -0.036438199792513344 0.0042432180187939933 0.0024844515191834384 -0.015371581214618187 -0.024948938284875488 0.10151538974695451 0.010624344017349123 0.051714107949965317 0.15560209634197855
leaf_weight=127.04657636384945 1683.4491757492069 2.3903452008962622 3.9611653038300565 301.44212200585753 294.4231044575572 12.280158350244163 16.953782539698302 2.8303311981726438 37.787143476307392 53.020170588977635 13.258731715381147 14.799076681956647 4.0224822964519289 22.456036385963674 106.44218098197598 59.032316827448085 2.6990576359676179 5.9742308966815472 2.7557335806777701 2.5873000175924963 6.0528152737533665 51.686078107450157 23.042662683175877 17.730931668309495 23.378923108102754 10.830741663346997 4.7829454181483007 3.6959523595869532 16.10502261435613 3.977127481601201
leaf_count=4760 29249 12 80 3593 3500 117 400 36 476 293 90 103 52 240 1569 1550 64 127 63 58 53 878 325 274 455 202 57 58 262 57
internal_value=-0.000147673 -0.0116961 0.000385905 0.00340126 0.00656446 0.0140226 0.00207807 0.0681745 0.00118577 0.00319068 0.0198167 0.0477166 -0.000317864 0.00435744 0.0114271 -0.0111735 0.0155441 0.0645287 0.148053 -0.0131056 0.045718 -0.0142603 -0.0238941 0.0188342 0.00564975 0.0214579 0.0311349 0.0239965 0.0119919 0.0857695
internal_weight=2930.89 129.437 2801.46 1118.01 816.566 306.703 509.863 6.7915 503.071 465.284 81.078 28.0578 384.206 287.724 197.722 90.0024 30.9701 11.429 5.45479 19.5411 28.5089 96.4822 74.7287 21.7534 169.213 62.7707 51.94 47.157 39.4839 7.67308
internal_count=49053 4772 44281 15032 11439 3617 7822 116 7706 7230 486 193 6744 5215 2953 2262 712 254 127 458 293 1529 1203 326 2660 1091 889 832 717 115
is_linear=0
shrinkage=0.05


Tree=80
num_leaves=31
num_cat=0
split_feature=5 41 6 37 59 7 13 63 58 19 60 52 14 6 21 43 62 64 5 6 6 34 13 20 38 32 13 41 19 58
split_gain=6.91627 9.01864 8.18371 13.2492 12.8442 16.3941 15.7187 16.139 13.1676 10.3016 10.2358 10.1279 9.1069 8.53577 14.7298 13.1428 7.18573 9.19532 10.0331 8.62062 9.73296 9.34711 9.11551 10.8376 10.7493 14.4042 9.6017 8.87175 9.05362 9.14112
threshold=0.0013264448170366044 -5.8399999999999991e-06 5.5000000000000009 0.047486562698531604 -0.0024226649129499987 1.0000000180025095e-35 0.19010579178979267 -0.0050514506093711151 -0.0015730992063802652 -0.00084795015678416268 0.31196069523811559 0.29120783925436566 0.23383749776565124 11.500000000000002 -0.0021987815304257436 -2.9625000000000064e-06 0.015852829219329654 0.98218394778495066 0.0021788516412725831 1.5000000000000002 6.5000000000000009 3.0526484385508308 0.21098908400292934 -0.0079470147657480974 0.19366458969442513 9.5000000000000018 0.17869116698990398 0.00014744500000000004 -0.0027472799154432529 -0.0021480335428247237
decision_type=2 2 2 2 2 2 2 2 2 2 2 2 2 2 2 2 2 2 2 2 2 2 2 2 2 2 2 2 2 2
left_child=1 -1 -3 4 -4 -6 7 -7 10 11 12 -10 -9 -5 -15 -16 19 -18 -19 21 -21 22 24 -24 25 26 -2 28 -26 -30
right_child=16 2 3 13 5 6 -8 8 9 -11 -12 -13 -14 14 15 -17 17 18 -20 20 -22 -23 23 -25 27 -27 -28 -29 29 -31
leaf_value=-0.029330731059077936 -0.019401506365671325 -0.019606762813498203 -0.043157626965949554 -0.018492469879724308 0.23361321615916741 0.23496589887322283 0.15558263993199598 0.18169175721753369 0.0069688669137477656 -0.010954551320017431 0.18513132265811449 0.16411004694933082 -0.005012648373999549 0.10535685429529762 0.13481672989492921 -0.0019750445492523381 -0.033364826140616276 0.074287013779382835 -0.010831778769030478 -0.0067136573902432497 0.0017313189436221664 0.084591012001064267 0.03218453844439944 -0.018657823286743449 0.064264944504853955 0.085217076368101274 0.064729012038205747 0.081673362950192036 -0.0070227480119175942 0.026365038923686787
leaf_weight=39.335567597532645 40.982296513859183 65.208428412443027 5.8512712205993003 74.184203020180576 1.0264397398568679 0.86747358005959441 2.3623204134637481 0.85552366496994681 2.3915308829164124 22.915517542278401 1.797927829204127 1.7949371966533361 2.7608507531695068 3.4150243252515784 1.7823350871913124 118.51668229699135 33.319368845783174 4.6387410573661354 13.646985767409204 416.25221012323163 1891.8463514111936 4.1749245449900618 13.462305173277853 47.336544913705438 10.617490440607069 4.1245254557579747 3.6973850633949032 6.286284524947404 30.329120527021587 63.260215926915407
leaf_count=1790 645 2769 395 2606 14 54 96 40 88 1555 41 70 133 47 34 3616 455 50 140 7121 24961 33 122 563 116 65 46 84 489 815
internal_value=-0.000146592 -0.00679529 -0.00389585 0.000363564 0.0256496 0.0365983 0.0309411 0.0221211 0.0164428 0.0022214 0.08763 0.0743427 0.0391559 -0.00508261 0.00295851 5.16451e-05 0.00074128 -0.0177292 0.0107612 0.00111767 0.000208316 0.0104764 0.00907053 -0.00740012 0.0153569 -0.00418632 -0.0124394 0.023989 0.0205092 0.0155452
internal_weight=2929.04 345.066 305.73 240.522 42.6238 36.7725 35.7461 33.3838 32.5163 27.102 5.4143 4.18647 3.61637 197.898 123.714 120.299 2583.97 51.6051 18.2857 2532.37 2308.1 224.271 220.096 60.7989 159.297 48.8042 44.6797 110.493 104.207 93.5893
internal_count=49053 13348 11558 8789 2486 2091 2077 1981 1927 1713 214 158 173 6303 3697 3650 35705 645 190 35060 32082 2978 2945 685 2260 756 691 1504 1420 1304
is_linear=0
shrinkage=0.05


Tree=81
num_leaves=31
num_cat=0
split_feature=18 26 63 56 3 52 58 20 12 13 5 36 44 50 12 59 2 59 6 58 34 4 59 21 59 54 4 26 58 7
split_gain=10.6198 6.13787 5.89368 8.06387 9.1831 9.72801 9.85596 8.30982 8.9435 8.24092 6.80476 6.28047 6.57031 5.89723 10.3118 9.03774 13.2098 9.97474 9.56441 8.35199 8.24662 7.84384 8.13488 8.7131 12.0786 11.952 14.5682 10.6684 10.1978 10.4599
threshold=0.0014882296037690304 1.5446269652961153 -0.0095205915255822688 0.20346842457604983 0.0023710852374645044 0.048916905323958329 -0.0041518603969802692 -0.0096886891254885244 0.83335985491718345 0.007752177783681557 0.0036853387290187176 0.61938017234926179 3.7937088829317617e-06 -0.016173611568662042 1.3450556681732848 -0.024660633804338413 -0.017609155503196919 -0.011508317009568387 13.500000000000002 -0.0020210456522170204 0.39638964586716613 882.58214285714314 0.03274357926043283 0.0056371885857604874 0.016264930442758192 -0.004323101285812138 511.73928571428411 0.12695485232339551 0.0096060326684295309 1.0000000180025095e-35
decision_type=2 2 2 2 2 2 2 2 2 2 2 2 2 2 2 2 2 2 2 2 2 2 2 2 2 2 2 2 2 2
left_child=-1 2 3 7 -5 6 -6 8 -2 -9 -10 -7 -13 14 19 -15 18 20 -17 -4 -18 22 23 24 -19 -26 27 -27 -25 -30
right_child=1 -3 13 4 5 11 -8 9 10 -11 -12 12 -14 15 -16 16 17 21 -20 -21 -22 -23 -24 28 25 26 -28 -29 29 -31
leaf_value=-0.050109731660049742 -0.035215486522469121 0.0565968058742519 0.076747903905910048 0.065695484314780311 0.10093938325153334 -0.045900671344898149 -0.0038161455892836422 0.088501379694876536 -0.0010565869745970044 -0.033540480940259951 0.09445080723822441 0.011206696686121634 -0.043072530140953039 -0.036326164009375092 0.005025632540114764 0.096626872314168999 -0.023921062500896931 0.0002284955921198342 0.015830850987222513 -0.0015968668975250453 0.026421491435662987 -0.027231234062991695 0.03164805838486507 -0.02854863537944265 0.063520696432852894 0.029442621041468983 -0.013753276031465814 -0.027082375443258921 0.049963193908337568 -0.012299237181758852
leaf_weight=10.59614482114557 5.3500754591077548 4.7888137362897387 10.232058899477122 5.3520512692630282 4.1153226289898157 10.950725398957728 4.9414602071046811 1.4191783294081677 3.5274524167180061 54.624803409446031 3.9572303276509047 23.298391418531541 7.3289535511285058 16.989520911127329 63.74914101883769 5.8543019779026499 67.125247010029852 2334.0444364123978 9.7849940005689842 5.096083713695406 9.2565645277500135 25.229996489360929 21.173723831772804 53.292788149788976 11.880578704178332 73.184452023357153 40.041738525032997 9.4222482889890653 9.883970847353341 21.243480525910854
leaf_count=5242 115 35 95 99 69 192 106 43 56 1505 50 282 99 320 495 47 1559 36241 101 59 161 291 117 588 66 400 264 57 80 219
internal_value=-0.000144509 3.69835e-05 -5.60185e-05 -0.0106834 0.00341012 -0.00317338 0.0437838 -0.0221391 0.0141515 -0.0304501 0.0494392 -0.0134019 -0.00178202 0.000420036 0.0138792 2.70688e-05 0.000256548 -1.12529e-05 0.0460755 0.0507009 -0.0178201 0.000512051 0.000783969 0.000527992 0.00106816 0.0156362 0.0109978 0.0229953 -0.0152674 0.0074711
internal_weight=2927.74 2917.14 2912.35 124.866 55.9869 50.6349 9.05678 68.8787 12.8348 56.044 7.48468 41.5781 30.6273 2787.49 79.0773 2708.41 2691.42 2675.78 15.6393 15.3281 76.3818 2599.4 2574.17 2552.99 2468.57 134.529 122.648 82.6067 84.4202 31.1275
internal_count=49053 43811 43776 2616 847 748 175 1769 221 1548 106 573 381 41160 649 40511 40191 40043 148 154 1720 38323 38032 37915 37028 787 721 457 887 299
is_linear=0
shrinkage=0.05


Tree=82
num_leaves=31
num_cat=0
split_feature=18 47 63 3 21 59 21 59 13 15 12 6 18 59 21 50 7 13 21 1 59 45 32 47 37 7 1 5 6 59
split_gain=10.1004 5.93081 6.63581 8.17578 7.47226 15.2258 7.66352 11.159 10.623 10.429 13.0094 9.7778 10.7248 8.93274 11.8371 11.4547 9.98837 12.0962 17.9221 14.3531 12.9741 14.9419 16.0318 11.0231 9.86514 9.48621 14.0868 14.9018 13.6081 28.9357
threshold=0.0014882296037690304 0.00091555468571187569 0.031215529652027212 0.0024784637568761475 0.010593227361031226 0.03274357926043283 0.0030861382753403 0.006596975687003675 0.073228853840654487 0.28775401146927232 0.80284378799258693 20.500000000000004 0.004876918553577002 0.0036586544531139885 0.0013127229769995914 -0.0072087235112627086 2.5000000000000004 0.013970734303612059 -0.00055202625897309151 7.7407370913912485e-05 0.0019698929277255487 -0.00044846976762269127 4.5000000000000009 0.00081876047335647639 0.31288679534333658 5.5000000000000009 0.0036871925870917161 0.0030837846531107751 21.500000000000004 -0.00019262481387795065
decision_type=2 2 2 2 2 2 2 2 2 2 2 2 2 2 2 2 2 2 2 2 2 2 2 2 2 2 2 2 2 2
left_child=-1 2 4 -4 5 6 13 -8 9 10 -9 -10 -13 14 16 24 17 18 -2 20 21 -20 -23 -19 -16 -18 28 -28 -27 -30
right_child=1 -3 3 -5 -6 -7 7 8 11 -11 -12 12 -14 -15 15 -17 25 23 19 -21 -22 22 -24 -25 -26 26 27 -29 29 -31
leaf_value=-0.0501043750496874 -0.017237558629218438 -0.021624636841081044 0.056934340564235492 0.0082817206214665651 -0.039206424718805644 0.05589216808201293 -0.029432589929009392 -0.019050551758917511 -0.013837275060480851 0.040287430222258273 0.065917528225172578 0.057010313128960516 -0.010095309519302865 0.0045778912908719703 0.077533522168599975 -0.019470483577887988 -0.0072437168836573312 0.0021787200544241461 -0.021529281018044702 0.014515719014632032 0.19359065489380975 0.039111220650682926 0.19043829731545539 0.088530893458416249 -0.0042874727834376451 -0.0033012041124506029 0.018384575691340256 0.13404999497596992 -0.00078800825482522514 0.12948217677468826
leaf_weight=10.080415150499901 11.796442586928604 31.275425132364035 10.407063756138085 50.708218432962894 12.154059894382952 12.168024949729441 49.82243094407022 24.841760154813532 155.50281337089837 24.353455398231745 5.5028137303888789 10.927150145173075 13.082445550709961 939.51795656606555 5.769182611256837 136.98458782536909 573.2452316773124 637.74241633713245 3.1786517016589615 10.28570789657533 2.5977245140820733 3.7856399393640503 3.2551533570513129 3.7172299493104211 10.192322108894585 140.1379922456108 8.2714445265009982 4.1979150790721169 13.19885706715286 6.2960789389908305
leaf_count=5242 234 384 64 339 116 66 1117 245 1608 218 44 104 123 9222 71 3018 11690 11143 76 233 40 85 55 46 135 2867 151 58 204 55
internal_value=-0.000141194 3.15898e-05 0.000266469 0.0165666 -8.64719e-05 8.27108e-05 -0.000159977 -0.00794496 -0.003374 0.0159169 -0.00364208 -0.00925199 0.0204455 0.000719513 -0.00158259 -0.0147997 -0.000160709 0.00423879 0.0329058 0.0585093 0.0938138 0.0684512 0.109074 0.00267913 0.0252862 -0.00415299 0.00614171 0.0573243 0.0021437 0.041284
internal_weight=2925 2914.92 2883.64 61.1153 2822.53 2810.37 2798.2 284.033 234.21 54.698 30.3446 179.512 24.0096 2514.17 1574.65 152.946 1421.71 676.359 34.8993 23.1029 12.8172 10.2194 7.04079 641.46 15.9615 745.348 172.102 12.4694 159.633 19.4949
internal_count=49053 43811 43427 403 43024 42908 42842 3459 2342 507 289 1835 227 39383 30161 3224 26937 11912 723 489 256 216 140 11189 206 15025 3335 209 3126 259
is_linear=0
shrinkage=0.05


Tree=83
num_leaves=31
num_cat=0
split_feature=18 18 52 60 59 19 1 6 37 17 13 47 15 59 18 0 20 42 18 18 59 20 59 20 58 4 59 5 37 59
split_gain=9.6057 5.61066 9.34145 9.17217 7.80121 10.6351 13.1037 11.7006 11.071 12.213 12.9208 11.5843 9.64117 11.1879 9.44234 8.27737 11.678 8.02538 8.45816 8.07619 7.83898 7.91986 15.6807 12.8333 13.7645 12.4081 12.2925 11.2391 11.8822 11.0749
threshold=0.0014882296037690304 0.0095486293315562108 0.29120783925436566 0.46955271235260548 0.021715369853913535 0.003987088280865689 0.005479571462180405 21.500000000000004 0.61024263361602082 0.91321167734998376 0.12034613967328543 -0.00046373826479500531 0.3917190400162377 0.0022525674493104717 0.0033596586796136832 0.0060131338881546049 -0.0018770271563322283 8.8060000000000007e-05 0.004876918553577002 0.0075161752096882051 0.01852754674717744 -0.01087055887449364 -0.0076965161478502438 -0.0036805496527768816 -0.0045535937765455352 566.53214285714228 -0.003727005241700184 0.0014891823752405341 0.19151087866047883 -0.024660633804338413
decision_type=2 2 2 2 2 2 2 2 2 2 2 2 2 2 2 2 2 2 2 2 2 2 2 2 2 2 2 2 2 2
left_child=-1 4 3 -3 5 6 15 8 12 10 -10 -12 13 -8 -15 20 -17 -6 -19 -20 21 29 -23 27 -25 26 -26 28 -24 -2
right_child=1 2 -4 -5 17 -7 7 -9 9 -11 11 -13 -14 14 -16 16 -18 18 19 -21 -22 22 23 24 25 -27 -28 -29 -30 -31
leaf_value=-0.050099279981844116 -0.019143786020819238 0.031557987210507531 0.014913904721720231 -0.036312145180032035 0.0033349302288394438 -0.010384087397631334 -0.022926960308618322 -0.048261979716535119 0.00478765888993345 0.018016011076968846 0.040960473360599763 0.14670077209074317 -0.034300782846522625 -0.0051751201522611404 0.075213618663450971 -0.0087555142701065975 0.083749164328730627 0.077676570337912365 0.0012855993402826735 0.05874229715119747 0.030516056200132868 -0.015345730321209847 -0.0028403230134499613 -0.013871402168269828 -0.014855082728746674 -0.028257107161430258 0.0020988273903950307 0.0068894512111832493 0.062340093628872897 0.020218393344141942
leaf_weight=9.5897381033282709 22.18293503113091 5.7279222924262276 18.550946343690157 38.021898485720158 62.71314898878336 232.27796956896782 8.1474575027823466 5.4430496562272301 4.0455712852999595 15.026686917990444 4.0289733204990616 7.2531506959348908 9.4828698169440013 5.4533700700849321 11.063457693904637 6.6089870389550924 7.0525341592729074 8.1689119935035688 18.934616260230545 9.0339893698692304 20.823952067643404 174.36518138786778 10.839360291138293 191.95475305430591 114.97108071390539 37.289872884750366 1525.8291028751992 226.19726596400142 19.699258512817323 91.909952744841576
leaf_count=5242 325 53 149 570 407 2496 171 84 72 180 58 89 125 69 105 78 71 39 126 55 122 3941 177 3137 3422 499 23561 2465 268 897
internal_value=-0.000139861 2.46024e-05 -0.0148189 -0.0274263 0.000348989 -0.000146732 0.000797008 0.0221361 0.0280768 0.0500475 0.08145 0.10894 0.00854638 0.0250202 0.0486716 0.000187732 0.0389985 0.0141496 0.0329174 0.0198444 -2.992e-05 -0.000293284 -0.000930822 0.000250991 -0.00118812 0.000262705 0.000910865 0.0107334 0.039205 0.0125653
internal_weight=2922.69 2913.1 62.3008 43.7498 2850.8 2751.95 2519.67 69.9446 64.5015 30.3544 15.3277 11.2821 34.1472 24.6643 16.5168 2449.72 13.6615 98.8507 36.1375 27.9686 2436.06 2415.24 2301.15 2126.78 1870.04 1678.09 1640.8 256.736 30.5386 114.093
internal_count=49053 43811 772 623 43039 42412 39916 953 869 399 219 147 470 345 174 38963 149 627 220 181 38814 38692 37470 33529 30619 27482 26983 2910 445 1222
is_linear=0
shrinkage=0.05


Tree=84
num_leaves=31
num_cat=0
split_feature=18 63 21 59 20 16 48 59 20 12 20 15 42 14 5 18 59 60 49 58 20 54 5 58 41 41 5 14 54 5
split_gain=9.13576 5.44097 5.84817 7.22474 5.76082 10.4875 10.8216 8.96103 11.8322 11.291 10.7765 10.2326 13.1939 9.98195 10.1453 9.52079 9.26202 9.16261 21.7504 11.5423 8.77694 10.1123 9.56541 10.3359 10.8078 9.3971 9.1006 27.4981 10.7583 9.83682
threshold=0.0014882296037690304 -0.023639040058348111 -0.0066585600466068234 -0.013137175804676925 -0.016022840779575758 0.24741987745461902 -0.00061146127465176411 -0.0076965161478502438 -0.0036805496527768816 0.33594586503804841 -0.0050387346395528347 0.4600797543392352 1.3320000000000003e-05 0.091090708628269165 0.0014891823752405341 0.0022189527801780755 -0.0024746295888892294 0.34521897876513591 0.0011973884070339527 0.0034260291878487402 9.3575772123556048e-05 0.015757980543001818 0.0013180544728576035 -0.00066940055640342248 2.3880000000000005e-05 2.7705000000000003e-05 0.0016995123608795916 0.1324384345071512 0.0024939104008274791 0.0020230286744722932
decision_type=2 2 2 2 2 2 2 2 2 2 2 2 2 2 2 2 2 2 2 2 2 2 2 2 2 2 2 2 2 2
left_child=-1 2 3 -2 5 -3 -7 10 9 -9 17 13 -13 -11 15 -15 20 18 19 -6 22 -22 -10 -24 -25 -26 27 -27 -29 -28
right_child=1 4 -4 -5 7 6 -8 8 16 11 -12 12 -14 14 -16 -17 -18 -19 -20 -21 21 -23 23 24 25 26 29 28 -30 -31
leaf_value=-0.050094433793959919 -0.019644833431114138 0.038100541471332405 -0.030665549930916604 0.055839376695444823 -0.010177951062875524 0.047428848476032431 -0.032003351443554061 -0.037582310180801194 -0.029325926089976903 0.058530551120999079 -0.026566577448768548 0.10925045706499691 0.024750539261462968 0.0040364006974760551 0.0027893590059304548 0.065355966952620456 0.000712210323788609 -0.010086392853570377 0.078371179974990809 0.085078673812834682 -0.036528334618018798 0.08587800368784354 -0.016544108114268215 -0.019402971610655274 0.11290263105772845 0.16922116198653697 -0.02931175145317504 0.0022738678436457996 0.10195401248043456 0.021085254899197488
leaf_weight=9.1229012864641827 8.2415243349969369 26.945926019921899 28.518176389858127 5.1512562446296206 36.354738686233759 6.0252270083874491 14.870038721710442 11.615035938099025 33.831575746648014 9.7053027972578985 65.392637816723436 5.4702000431716433 29.707519797608256 11.990684377960863 192.59767339378595 13.409197907894848 2085.4245556476526 123.92334277741611 10.725420942530034 3.4849547669291487 38.489278201013803 1.7646200247108925 56.874337331391871 22.466477297246456 2.6499428972601882 3.5895263645797995 15.11029541492462 16.406035928055648 3.2417323458939782 26.954497132450342
leaf_count=5242 138 253 605 63 537 57 161 203 1383 101 1913 47 339 220 1939 138 28224 2161 176 48 1339 40 1560 554 41 79 386 411 87 608
internal_value=-0.000137419 1.91473e-05 -0.0178661 0.00938861 0.000280417 0.0174856 -0.00909878 -1.13464e-05 0.000847692 0.0106611 -0.00925523 0.0127927 0.0378904 0.00891535 0.00670647 0.0364084 -0.000320047 -0.0027675 0.0151694 -0.00184543 -0.0100441 -0.0311624 -0.00535068 0.000156177 0.0106609 0.0206006 0.016855 0.0419686 0.0187203 0.00298191
internal_weight=2920.05 2910.93 41.911 13.3928 2869.02 47.8412 20.8953 2821.18 2581.3 274.496 239.881 262.881 35.1777 227.703 217.998 25.3999 2306.8 174.488 50.5651 39.8397 221.378 40.2539 181.124 147.293 90.4185 67.952 65.3021 23.2373 19.6478 42.0648
internal_count=49053 43811 806 201 43005 471 218 42534 37699 2987 4835 2784 386 2398 2297 358 34712 2922 761 585 6488 1379 5109 3726 2166 1612 1571 577 498 994
is_linear=0
shrinkage=0.05


Tree=85
num_leaves=31
num_cat=0
split_feature=18 37 7 54 4 59 15 16 47 58 58 60 6 5 4 18 58 4 5 38 18 7 32 13 17 45 20 59 41 47
split_gain=8.68856 5.48751 10.3653 12.258 15.3772 10.8217 11.5234 10.0428 9.58052 9.3426 10.4004 7.71375 8.346 8.83008 9.19544 10.7949 7.61312 10.8571 11.0044 10.5045 9.8397 14.1942 24.0642 11.4495 19.6402 13.2973 12.0305 11.4827 14.0247 15.6367
threshold=0.0014882296037690304 0.0050658777014612024 2.5000000000000004 0.00013496187409027755 149.00357142857166 0.0017353933577907599 0.23111098987979864 0.68894834840315811 -0.00029019454133371388 0.0072896247939463832 0.0019810760136002798 0.0015741243249390747 3.5000000000000004 0.0026152561560640708 108.13214285714277 0.0016786063329369131 0.0019395445756655607 397.28214285714324 0.0021120040089095738 0.32498936567260905 0.0036173315121411313 5.5000000000000009 3.5000000000000004 0.16428615994831883 0.92113814446199271 -0.0004578642929462231 0.0014337316948816058 -0.0018406667795325736 5.5195000000000009e-05 -0.00042458699320714963
decision_type=2 2 2 2 2 2 2 2 2 2 2 2 2 2 2 2 2 2 2 2 2 2 2 2 2 2 2 2 2 2
left_child=-1 2 3 5 -5 8 -7 9 -2 10 -4 12 -3 14 15 -14 -13 18 -18 20 21 23 -23 26 -25 -26 27 28 -20 -30
right_child=1 11 7 4 -6 6 -8 -9 -10 -11 -12 16 13 -15 -16 -17 17 -19 19 -21 -22 22 -24 24 25 -27 -28 -29 29 -31
leaf_value=-0.050089824350844137 0.0002853000995870259 0.056653567971987707 0.00025269632562257237 0.10587807456591923 -0.011878786156181534 0.14345532733386615 0.042040592758897738 0.089101224206882157 0.1107989069061695 0.065454090793814618 -0.0517159751876764 -0.002041510805142646 -0.024041082719460656 0.043150922109857923 -0.022869168792346718 0.15384052511474477 0.0018044652068671093 -0.0047596566391923554 -0.03707967326602301 0.058475245742744167 0.0040231348985874773 0.0041657846598596995 0.15767662344974093 0.11651844550730589 0.081060458850463118 0.0053271457535975682 0.0250262928011806 -0.039147375230859371 0.16763787526689514 0.015085785305710728
leaf_weight=8.6787505708634836 10.080882731825112 4.0718327262438825 31.974682786967605 3.1857475992292192 21.363696840591729 5.2504939427599293 6.0041018109768629 2.7488403348252168 2.4347327500581768 3.875959236174821 13.774810385424642 1622.2531054983847 1.7923549455590539 5.8831882644444695 93.755112602375448 1.6272150278091428 483.45749795576558 297.11956642474979 6.026049640029667 12.716311106458305 163.88718906790018 5.2241478450596315 4.9927023984491825 6.8272194657474747 7.5805174205452195 24.6211639624089 38.779259273782372 20.649390185251832 2.4955869317054713 5.1383935622870958
leaf_count=5242 197 92 721 45 328 49 56 53 50 63 273 25527 78 56 2187 34 6913 3579 125 116 1836 71 50 84 65 238 512 234 59 120
internal_value=-0.000136019 1.29841e-05 0.0114815 0.028183 0.00340236 0.0537761 0.0893526 -0.00392703 0.0217841 -0.00908003 -0.0153947 -0.000398142 -0.0135566 -0.0163306 -0.0199317 0.0606045 0.000123612 0.00337727 0.00646732 0.0140083 0.0120327 0.0227629 0.0791824 0.0176217 0.0394871 0.0231553 0.00594564 -0.0156208 0.0199434 0.0649558
internal_weight=2918.27 2909.59 100.694 48.3197 24.5494 23.7702 11.2546 52.3743 12.5156 49.6255 45.7495 2808.9 107.13 103.058 97.1747 3.41957 2701.77 1079.51 782.395 298.938 286.222 122.334 10.2169 112.118 39.0289 32.2017 73.0887 34.3094 13.66 7.63398
internal_count=49053 43811 1835 725 373 352 105 1110 247 1057 994 41976 2447 2355 2299 112 39529 14002 10423 3510 3394 1558 121 1437 387 303 1050 538 304 179
is_linear=0
shrinkage=0.05


Tree=86
num_leaves=31
num_cat=0
split_feature=60 21 52 28 63 63 60 58 13 32 20 47 20 37 58 59 58 54 47 47 47 20 37 12 21 45 7 4 12 58
split_gain=5.74117 10.415 9.40597 9.43947 9.25788 13.7364 8.17981 11.6273 11.711 8.16155 10.0664 17.372 12.2638 14.7616 11.6629 6.66646 6.63094 6.58903 6.48941 6.16622 11.8196 10.8268 9.60673 13.7313 18.0176 9.82672 17.8523 11.7467 13.4096 11.8975
threshold=0.018111491998649018 -0.0019246011785025109 0.73728515024996588 1.7255606318393244 0.0071557608011686381 0.0091818403057541357 0.021926587607160153 -0.00066940055640342248 0.066762536483842796 4.5000000000000009 0.00017929556237097016 0.0006944107283385813 -3.259934277295978e-05 0.074631036495396097 -0.0017527210085536782 0.012606232387165401 0.0030547014202346036 -0.0056730175452918445 -0.00038773758158786503 -0.00035717680045050819 -0.00029808877305857181 0.02081074310479537 0.21406101855351203 0.34127913017268513 7.73472305094163e-05 5.3271986837570359e-05 2.5000000000000004 183.73571428571609 1.3709671035340805 0.00581873645317118
decision_type=2 2 2 2 2 2 2 2 2 2 2 2 2 2 2 2 2 2 2 2 2 2 2 2 2 2 2 2 2 2
left_child=1 -1 3 4 9 -6 7 -2 -9 15 12 17 14 -14 -11 -3 -16 -12 -7 21 -21 -8 23 24 -22 26 27 -25 29 -29
right_child=6 2 -4 -5 5 18 19 8 -10 10 11 -13 13 -15 16 -17 -18 -19 -20 20 22 -23 -24 25 -26 -27 -28 28 -30 -31
leaf_value=0.046428848553297292 -0.054571815987827489 -0.02472487763976329 -0.03578053397224415 0.12272590647883326 0.10879395115348429 -0.041903382440111069 0.0023347801347364952 0.14970355134442595 0.024799972451191213 0.11259171440304527 0.074529521220937409 0.1499486715431704 0.25095311301575313 0.017975344888114114 -0.019106646362095865 0.064744842980903577 0.059423094871195896 -0.033920712664449869 0.042307247028871842 -0.01212080007761137 -0.021589375979901022 -0.045480073891648973 -0.0031855152445810055 -0.0031109596212411817 0.13115927784186146 -0.0054025426743206147 -0.0057202719754233418 0.082972232434523799 0.0011776431520424074 0.0075325389504243825
leaf_weight=8.0863292254507524 2.2630935272900388 70.045935939648189 32.523950653267093 1.4140363566111762 4.0797091682907185 4.7678959985496467 1755.5277326564537 3.0983914467506093 4.7593317518476397 2.6489142145728755 1.4965052836341843 1.4752745965961356 1.3059608993353315 1.4182664757827295 11.719556921627371 2.1457921341061583 3.4881905307993284 21.844392451923341 4.3980795567622399 257.86796990199946 3.1109020656440389 11.919327922165392 515.34399729827419 13.843118064105509 5.0881237571593374 85.162692678393796 44.852804019465111 24.204694084823135 10.459868384525178 6.6655382569879285
leaf_count=105 88 3041 1084 55 53 67 27822 79 153 66 27 34 68 58 627 12 67 787 61 4124 75 78 7466 212 97 1237 857 341 111 101
internal_value=-0.000134318 -0.00897243 -0.0116913 -0.00576701 -0.00715573 0.032473 0.000422406 0.0452899 0.0740509 -0.0116197 0.0049916 -0.0164501 0.0308457 0.129662 0.0157702 -0.0220655 -0.00109433 -0.0269674 -0.00149688 0.000256317 -0.00295458 0.00201233 0.000380496 0.00988328 0.0732029 0.00707988 0.0177075 0.0367529 0.050105 0.0666832
internal_weight=2917.03 172.859 164.772 132.249 130.834 13.2457 2744.17 10.1208 7.85772 117.589 45.3971 24.8162 20.5809 2.72423 17.8567 72.1917 15.2077 23.3409 9.16598 2734.05 966.6 1767.45 708.732 193.388 8.19903 185.189 100.026 55.1732 41.3301 30.8702
internal_count=49053 6212 6107 5023 4968 181 42841 320 232 4787 1734 848 886 126 760 3053 694 814 128 42521 14621 27900 10497 3031 172 2859 1622 765 553 442
is_linear=0
shrinkage=0.05


Tree=87
num_leaves=31
num_cat=0
split_feature=18 18 21 52 42 59 20 53 15 60 20 59 19 0 59 37 62 54 20 59 63 21 37 20 58 42 5 64 19 42
split_gain=8.20507 5.04284 10.7942 8.69159 8.94971 7.68533 11.6405 7.33516 8.6327 16.734 7.4088 7.31055 9.72506 11.8936 9.12017 9.54542 12.3451 12.2602 11.79 18.3142 13.4761 16.35 13.4997 9.55785 13.5768 15.0276 12.8109 9.55528 14.4511 10.7297
threshold=0.0014882296037690304 0.0095486293315562108 -0.0090013026499342532 1.2087118891332136 7.2335000000000018e-05 -0.016678661354529875 -0.016022840779575758 -0.0050792754523565102 0.39839303198864479 0.37732057233514071 -0.012409115078305976 0.021715369853913535 0.0032532956960862843 0.0054953735861524656 0.01852754674717744 0.8691931898086287 0.0053660056280627824 0.015757980543001818 -0.0073085932535110901 -0.0041171328632727206 0.0016174490892762201 0.00093562108211545992 0.59973700396945473 -0.0029377539312590586 -0.0045535937765455352 4.6340000000000007e-05 0.0020002594305537015 0.42425090578171176 0.00091765175639619894 1.7500000000000002e-05
decision_type=2 2 2 2 2 2 2 2 2 2 2 2 2 2 2 2 2 2 2 2 2 2 2 2 2 2 2 2 2 2
left_child=-1 2 -2 4 -3 7 -7 10 -9 -10 -4 12 13 14 15 18 17 -17 -8 20 -20 22 -22 26 25 27 -21 28 -25 -29
right_child=1 3 5 -5 -6 6 11 8 9 -11 -12 -13 -14 -15 -16 16 -18 -19 19 23 21 -23 -24 24 -26 -27 -28 29 -30 -31
leaf_value=-0.050085010391299825 0.041131663869603707 -0.002656454730061378 0.017026274112475617 0.029538360550086042 -0.044309915235397276 0.054628752998917222 0.018001605402604981 -0.046623435589225465 0.1158780552547571 -0.029256679713484654 -0.037050605831393892 0.013646562307407654 -0.0081630076442272201 0.042322186443885905 0.036287678265215575 -0.0077145113168204564 -0.049793788649348657 0.086959325705980556 -0.016062480199494904 0.02864513292383912 0.019509460479734442 -0.042955144776914062 0.11061818748909763 -0.0095972628875464986 0.0027456765036012721 -0.027721902145695945 0.0017237546466087569 -0.022424128810299745 0.14398424142151595 0.017634425477613045
leaf_weight=8.1977007396053505 16.10504724085331 27.376259075477719 22.073604369536046 9.5931109488010389 24.380201580002904 9.8935460448265058 101.81285866349936 26.660794463939965 2.6371113229542962 8.045010404661296 8.882572038099168 98.862241949886084 335.08956763427705 17.241981294006109 17.803336773067713 196.75189213547856 17.558380341157317 3.480097508057951 229.28226759377867 77.725445379503071 20.123996721580628 8.3088194774463755 5.0952212531119576 3.2303557246923438 1366.9474389213137 81.109931459650397 102.41985099576414 32.684521451592445 2.9127054298296571 34.215540579520166
leaf_count=5242 170 332 237 65 375 55 1119 555 46 175 173 627 3760 186 100 3007 257 52 5948 864 315 162 72 61 21669 1366 1061 456 43 503
internal_value=-0.000132893 7.90786e-06 0.000313543 -0.0141752 -0.0222776 8.13236e-05 0.000490957 -0.0164875 -0.0314064 0.00657295 0.00150944 0.000296376 -0.000200961 0.000949681 0.000639729 0.000361818 -0.00959416 -0.00606905 0.00141141 0.000551405 -0.0117329 0.0178754 0.0379168 0.00244909 0.00115936 -0.0129072 0.0133392 0.00354353 0.0632227 -0.00193648
internal_weight=2916.5 2908.3 2846.95 61.3496 51.7565 2830.85 2762.55 68.2991 37.3429 10.6821 30.9562 2752.66 2653.79 2318.7 2301.46 2283.66 217.79 200.232 2065.87 1964.06 262.81 33.528 25.2192 1701.25 1521.1 154.153 180.145 73.0431 6.14306 66.9001
internal_count=49053 43811 43039 772 707 42869 41683 1186 776 221 410 41628 41001 37241 37055 36955 3316 3059 33639 32520 6497 549 387 26023 24098 2429 1925 1063 104 959
is_linear=0
shrinkage=0.05


Tree=88
num_leaves=31
num_cat=0
split_feature=18 26 63 64 21 64 4 1 0 54 7 41 41 45 37 48 59 21 21 58 7 21 59 16 6 38 6 4 54 61
split_gain=7.80362 5.47277 5.09797 7.82392 8.80411 17.0151 9.03728 12.2369 11.4936 6.60882 6.51768 7.35201 5.77683 10.9582 9.78666 5.65373 11.1856 15.8647 8.94749 10.8362 17.2842 12.1261 17.6896 12.7919 11.0882 13.3288 18.4009 13.0693 10.3645 10.0857
threshold=0.0014882296037690304 1.5446269652961153 -0.0095205915255822688 0.29105408727316529 -0.0066585600466068234 0.65110006511357477 330.73214285714187 -0.0022729943111950038 -0.00098256823402590636 -0.0036681790802039565 1.0000000180025095e-35 5.2590000000000003e-05 8.0250000000000013e-05 -0.00025877863377207912 0.1761379785214415 -0.00044951311904649376 0.03274357926043283 0.010593227361031226 0.0056371885857604874 0.0067928661492355881 1.5000000000000002 0.00048513210236471831 0.00393587571001895 0.36652731229344709 1.5000000000000002 0.16873271015889954 16.500000000000004 224.25357142857271 -0.0019920268866304683 -1.0000000180025095e-35
decision_type=2 2 2 2 2 2 2 2 2 2 2 2 2 2 2 2 2 2 2 2 2 2 2 2 2 2 2 2 2 2
left_child=-1 2 3 -2 5 -5 7 8 -6 -7 11 -8 -9 14 -14 18 -17 -18 19 21 28 29 -23 -24 -22 26 -26 -27 -21 -4
right_child=1 -3 15 4 6 9 10 12 -10 -11 -12 -13 13 -15 -16 16 17 -19 -20 20 24 22 23 -25 25 27 -28 -29 -30 -31
leaf_value=-0.050080861037333883 -0.033657687474727624 0.05284457981346672 0.023818066023042858 0.1296461431524672 0.0124190696408916 -0.033737233787603259 0.091459474295779969 -0.033273186492140137 0.10778368437094753 0.044746531080313671 -0.033249761393599829 -0.019613213633646886 0.14503714489137806 -0.040794645873539752 0.0026845109357666237 -0.0023538277217726392 0.075121100077287506 -0.013767558471475462 -0.021470768916984101 -0.046604531242446894 0.098991828432007573 -0.01826573756660679 -0.003450348794453364 0.020027904546296257 0.016157067128739447 0.071718609018246962 0.16189514412531145 0.0044827963794659177 0.011383054093961707 0.0041113768962821066
leaf_weight=7.7985239233821622 27.310379133559763 4.8916579950600854 71.728248797357082 3.447815364226698 9.145821560174225 5.8768940139561883 2.3620823845267287 14.504618094302716 4.8270755354315034 4.9343903074041 37.063956102356315 4.0343701830133796 2.2583955246955156 4.2839992856606823 2.5943794976919889 1416.381557780318 11.134825609624386 9.1402732245624065 37.262996941804886 11.870264363475142 6.2003203965723506 152.03848170116544 223.27369947079569 78.382038096897304 4.5708057060837728 8.9907438163645548 4.1164679657667875 36.854621367529035 21.964198901318014 684.60408513480797
leaf_count=5242 635 35 993 47 130 74 45 383 75 89 804 94 52 123 65 21061 56 70 354 169 64 3222 2174 784 71 100 58 429 283 11272
internal_value=-0.000131515 2.52671e-06 -8.65706e-05 -0.0100628 -0.00330353 0.0329279 -0.00967577 0.00826812 0.0453637 0.00208363 -0.0252059 0.0214037 -0.0136567 0.0174845 0.0689329 0.000353782 -0.00182597 0.035049 0.00268753 0.00337756 0.019678 0.00210364 -0.00435897 0.00265023 0.0356328 0.0284289 0.0852151 0.0176684 -0.00896094 0.0059803
internal_weight=2913.85 2906.05 2901.16 122.644 95.3338 14.2591 81.0747 37.6143 13.9729 10.8113 43.4604 6.39645 23.6414 9.13677 4.85278 2778.51 1436.66 20.2751 1341.86 1304.59 94.5674 1210.03 453.694 301.656 60.733 54.5326 8.68727 45.8454 33.8345 756.332
internal_count=49053 43811 43776 2616 1981 210 1771 828 205 163 943 139 623 240 117 41160 21187 126 19973 19619 1174 18445 6180 2958 722 658 129 529 452 12265
is_linear=0
shrinkage=0.05


Tree=89
num_leaves=31
num_cat=0
split_feature=18 47 63 64 41 59 62 21 59 47 64 64 58 47 37 3 18 21 2 59 58 21 60 6 19 59 41 32 17 60
split_gain=7.422 5.28082 5.94131 7.06311 11.6539 7.41535 6.73147 6.5113 12.0055 7.10067 9.93161 9.58397 9.8053 8.63014 23.0276 11.7463 12.336 13.5975 13.6823 11.4831 11.323 9.8868 9.16555 9.03671 8.38237 12.5632 16.2919 12.9793 11.0592 10.9015
threshold=0.0014882296037690304 0.00091555468571187569 0.031215529652027212 0.7307907157644894 7.6365000000000018e-05 0.008705694615118208 0.015397581022628544 0.010593227361031226 0.03274357926043283 0.00011734115436806828 0.063198131830794771 0.95192015257742912 0.014480532343498885 -0.00035717680045050819 0.19151087866047883 0.00085359064170483347 0.0033255488587585662 0.00077151675765461329 6.4874361334230023e-05 0.010925312022743534 -0.0016683914687559602 -0.0066585600466068234 0.0015741243249390747 14.500000000000002 0.0022437963893238376 0.005070974216084068 -2.2274999999999996e-05 3.5000000000000004 0.93364586720998854 0.026926880727233472
decision_type=2 2 2 2 2 2 2 2 2 2 2 2 2 2 2 2 2 2 2 2 2 2 2 2 2 2 2 2 2 2
left_child=-1 2 6 4 5 -4 7 8 9 13 -11 12 -12 22 15 -15 -17 -18 -19 -20 21 23 -2 -16 25 -24 27 28 -27 -28
right_child=1 -3 3 -5 -6 -7 -8 -9 -10 10 11 -13 -14 14 20 16 17 18 19 -21 -22 -23 24 -25 -26 26 29 -29 -30 -31
leaf_value=-0.050076914818344698 -0.01525433220459008 -0.020679801487867668 0.024922652760518204 -0.00059897296906468182 -0.013024518811028299 0.085948738471897004 -0.019812930177374538 -0.037418619588498021 0.049241617758449693 0.092618473503632948 0.0040386629870754562 0.068490686446500221 0.080697951144517083 0.10557274641321834 0.051751969492144126 0.0010719995454906888 0.0038647247289821138 0.12758427127491584 -0.0068765434723778787 0.089397178403654257 -0.0067406803202664876 -0.028763200988386348 0.0011958441957391076 -0.035531113239896626 -0.0048254280939317076 -0.029105714447368949 0.069768916649529722 0.080534022539467176 0.06342144701634049 0.0072753363019833223
leaf_weight=7.4187552774092174 82.135762565769255 30.552462950348854 10.111946199089294 31.922181289643049 9.2210905998945218 9.8041482493281347 42.723018866963685 11.463401118293403 12.495392225682734 3.4181913826614609 248.23742758762091 6.1518126036971799 4.2425906453281632 3.1266862531192592 7.6795969456434232 141.94409456569701 19.23316059447825 5.794202987104657 7.1597043611109239 5.4587762355804443 350.51769555080682 114.65531994681805 1086.4593371222727 4.830872556194663 371.3872454254888 7.1797870229929703 7.1800172813236705 15.160426179878412 5.8695176914334297 248.54607509355992
leaf_count=5242 1999 384 72 210 69 52 634 116 66 66 3613 79 48 74 76 2545 219 67 105 34 5106 1966 19380 74 4301 75 58 123 46 2154
internal_value=-0.00012971 -2.14091e-06 0.000217668 0.0156479 0.0334477 0.0549641 -0.000117257 0.000186483 0.000342736 0.000120257 0.00794827 0.00682924 0.00532682 -0.000705455 -0.00560295 0.0094934 0.00782065 0.0332665 0.0639784 0.0347716 -0.0113774 -0.024158 0.00106782 0.0180479 0.00183751 0.00364322 0.0130079 0.0490685 0.0125126 0.00902997
internal_weight=2912.08 2904.66 2874.11 61.0594 29.1372 19.9161 2813.05 2770.33 2758.86 2746.37 262.05 258.632 252.48 2484.32 660.4 182.717 179.59 37.6458 18.4127 12.6185 477.683 127.166 1823.92 12.5105 1741.78 1370.4 283.936 28.2097 13.0493 255.726
internal_count=49053 43811 43427 403 193 124 43024 42390 42274 42208 3806 3740 3661 38402 10266 3044 2970 425 206 139 7222 2116 28136 150 26137 21836 2456 244 121 2212
is_linear=0
shrinkage=0.05


Tree=90
num_leaves=31
num_cat=0
split_feature=18 59 20 1 56 4 15 59 3 21 32 58 35 39 20 59 54 58 7 62 41 43 62 20 54 59 5 51 5 47
split_gain=7.05928 4.97237 11.7769 8.45339 7.98145 7.68613 7.6753 6.73464 9.94105 8.56484 9.79625 10.6649 13.5903 8.31963 7.96461 10.7371 11.3322 9.06808 13.2909 11.8215 11.7056 12.3885 9.25594 8.88626 11.1737 11.4916 11.6987 11.3459 15.9421 10.7194
threshold=0.0014882296037690304 -0.024660633804338413 -0.0144570081636746 -0.014144284071498569 1.1318534968805947 882.58214285714314 0.39839303198864479 -0.011508317009568387 0.0053120087324452945 -0.0014109390012139523 6.5000000000000009 -0.00062956227021090689 0.41962865852349612 1.0000000180025095e-35 -0.0041743642450246142 -0.0041171328632727206 0.015757980543001818 -0.0045535937765455352 4.5000000000000009 -0.0091482616760727217 -9.2749999999999967e-06 -1.1589999999999997e-05 0.0021620116089898565 0.00017929556237097016 -0.0093965786462734575 0.001904637262854349 0.0022327643167117171 1.0000000180025095e-35 0.0023281631566151335 -0.00049507369797114795
decision_type=2 2 2 2 2 2 2 2 2 2 2 2 2 2 2 2 2 2 2 2 2 2 2 2 2 2 2 2 2 2
left_child=-1 3 6 4 -2 7 -3 8 -4 10 11 13 -13 -10 -9 16 -16 18 19 -17 21 -21 -22 -19 -25 26 -26 28 -28 -30
right_child=1 2 5 -5 -6 -7 -8 14 9 -11 -12 12 -14 -15 15 17 -18 23 -20 20 22 -23 -24 24 25 -27 27 -29 29 -31
leaf_value=-0.050073161166119311 0.057675382069345041 0.016139963186340315 -0.032090299803783244 -0.037884792046986027 -0.017018553555226561 -0.026343041710343441 0.070680739141956522 0.0081562066501596944 0.043948309036815764 -0.036138550748746848 0.072496012050229972 -0.010075000436958281 0.1026299895713009 -0.023924535786652903 -0.014500396855561841 0.027910461464845816 0.078038574207113909 0.0068577811761032607 -0.038261474790408763 0.0069280668713057924 -0.016455693730355766 0.099755032386555031 0.055560285856409368 -0.029421128699618167 -0.017618086716863695 0.0022336997279727953 0.14460397198813604 -0.0060661527412601939 0.10471579805810478 0.0019129387650621236
leaf_weight=7.0574539735680437 5.6450990848243228 37.657555496320128 39.680076893419027 22.128795935772359 9.759631581604479 27.78677580319345 7.7838068008422843 305.92607641406357 5.4161263164132825 12.959974574856458 5.4922381341457358 5.483711848035453 5.2216974385082722 27.134808631613851 163.82202675566077 25.575910642743111 3.3764975387603036 577.34015386132523 32.590426664799452 31.886855509132147 149.24049126449972 4.0508881546556941 4.5992245972156516 32.659388078376651 157.75094724493101 1132.2968838019297 3.0051017124205854 49.067947069182992 3.0755161307752177 14.447139738127586
leaf_count=5242 57 306 1244 443 90 384 68 3721 69 217 94 84 48 422 4756 296 68 9093 594 420 2123 47 56 395 4370 12851 55 1083 47 310
internal_value=-0.000127362 -5.93391e-06 0.000230909 -0.0180867 0.0103532 -0.000176009 0.0254824 8.44033e-05 -0.0125659 -1.12317e-05 0.00959334 0.00160661 0.0448983 -0.0126312 0.000561079 -0.000413243 -0.0126316 0.000507981 -0.00850367 -0.00400029 -0.00830083 0.0173915 -0.0143027 0.00164239 -0.000520251 0.000173964 -0.0100845 0.00699163 0.0382039 0.0199565
internal_weight=2909.92 2902.86 2865.33 37.5335 15.4047 2819.89 45.4414 2792.1 101.389 61.7086 48.7486 43.2563 10.7054 32.5509 2690.71 2384.79 167.199 2217.59 247.944 215.353 189.777 35.9377 153.84 1969.64 1392.3 1359.64 227.347 69.5957 20.5278 17.5227
internal_count=49053 43811 43221 590 147 42847 374 42463 2178 934 717 623 132 491 40285 36564 4824 31740 3536 2942 2646 467 2179 28204 19111 18716 5865 1495 412 357
is_linear=0
shrinkage=0.05


Tree=91
num_leaves=31
num_cat=0
split_feature=18 63 21 6 6 7 4 18 16 20 5 17 48 21 59 62 63 53 52 59 32 32 6 51 58 60 2 50 35 45
split_gain=6.71407 4.93605 5.15452 5.07303 15.0011 9.09257 11.0616 9.14247 15.6525 13.5674 11.5152 20.9817 12.4646 8.95748 8.04877 9.02039 13.8104 8.70884 8.0221 9.63259 8.87943 7.71212 7.3714 12.193 21.3615 15.1834 13.3134 10.6371 7.47144 7.34722
threshold=0.0014882296037690304 -0.023639040058348111 -0.0047152345552628179 1.5000000000000002 5.5000000000000009 4.5000000000000009 158.52500000000097 0.0028040249566511689 0.43331756543674832 -0.0007138737152743562 0.0024456340218015726 0.68723401827455721 -0.00051076517579324318 0.00037355221757939247 0.0017353933577907599 0.0061278224722919631 0.011151575703822176 -0.0056116707160075744 1.6281629842830194 0.0027456073984877647 4.5000000000000009 24.500000000000004 2.5000000000000004 1.0000000180025095e-35 0.0044875382502630639 0.99422755899132798 0.0052021288738493187 -0.00027324782020427186 2.1410018877974655 -0.00060034499457570949
decision_type=2 2 2 2 2 2 2 2 2 2 2 2 2 2 2 2 2 2 2 2 2 2 2 2 2 2 2 2 2 2
left_child=-1 2 -2 5 22 6 -3 8 -8 -10 11 -9 13 -13 15 16 17 -12 19 -14 -21 -6 23 24 -5 -25 -27 -26 29 -24
right_child=1 3 -4 4 21 -7 7 10 9 -11 14 12 18 -15 -16 -17 -18 -19 -20 20 -22 -23 28 25 27 26 -28 -29 -30 -31
leaf_value=-0.050069590505475894 0.00030324966950230853 0.080097257095613383 -0.035169427436686738 0.0043340726387364574 0.0010274794333418108 -0.013212614551241925 -0.021785533101914254 0.11176337438054436 0.11693841025666413 0.0052423789046934337 0.057307533051250172 0.030091810233372429 -0.025718447027293385 0.11263591887286911 -0.012409022462136841 -0.054758208089901783 0.096244373266430372 -0.0051178221609457968 0.06296838382121947 -0.0025146895594820584 0.063971852905119267 0.063546074158374516 0.038432277562038958 -0.025551921827717983 0.040070855660027022 0.10973840434410903 -0.010004215704470583 0.14909023912130942 0.062716371470367072 -0.015831236835557216
leaf_weight=6.7137245545163742 20.703964651562274 5.7185599375516167 20.264591778628528 39.742485943250358 2218.1790417656302 45.341551838442683 43.287123400717974 7.2580687422305337 4.0608242005109778 8.225831479765473 7.8531619887799016 8.1033890247344953 18.281411000527442 5.5292648784816256 40.083407497033477 3.6425181403756133 6.0803566519170991 19.361171976663176 5.9813411086797705 12.619940072298052 8.3407815843820554 4.9438134245574465 6.3843745114281765 47.201824018266052 4.9311138149350882 4.2361830305308086 5.1352520454674959 4.0959959477186185 3.1611478328704825 272.12992245750502
leaf_count=5242 344 73 462 764 32173 853 747 97 75 132 79 98 290 56 397 64 52 338 59 116 64 48 98 830 70 83 61 51 38 5199
internal_value=-0.000126063 -1.04749e-05 -0.0172429 0.000236381 -0.000415044 0.00704393 0.0115368 0.00956372 -0.00764828 0.0421587 0.0162465 0.0315535 0.0216621 0.0635709 0.00310702 0.0199447 0.0281173 0.0128961 0.00902863 0.000807054 0.0239419 0.00116651 -0.00949985 0.00178383 0.020105 -0.0140101 0.0441232 0.0895377 -0.0137198 -0.0145874
internal_weight=2907.59 2900.88 40.9686 2859.91 2610.14 249.769 204.427 198.709 55.5738 12.2867 143.135 66.1142 58.8561 13.6327 77.0206 36.9372 33.2947 27.2143 45.2235 39.2421 20.9607 2223.12 387.018 105.343 48.7696 56.5733 9.37144 9.02711 281.675 278.514
internal_count=49053 43811 806 43005 39415 3590 2737 2664 954 207 1710 780 683 154 930 533 469 417 529 470 180 32221 7194 1859 885 974 144 121 5335 5297
is_linear=0
shrinkage=0.05


Tree=92
num_leaves=31
num_cat=0
split_feature=18 59 21 58 15 59 21 35 63 59 58 18 47 19 5 4 37 32 42 18 2 48 48 38 48 47 58 60 21 19
split_gain=6.38587 4.85936 13.373 9.33387 11.5933 10.1697 9.25105 12.6505 11.1519 11.4625 10.0402 9.62318 8.59301 8.463 11.1062 19.3098 16.9696 14.3241 15.1779 16.566 9.98024 8.9115 8.51984 8.366 8.59996 10.4114 10.1485 12.4108 8.80795 9.60942
threshold=0.0014882296037690304 0.0064530211313289692 0.0038361221866507959 0.0084443228413062978 0.25446429064012704 0.01204919805394793 0.0052258092195484199 0.91352201917427578 0.017847909021788882 0.016264930442758192 0.0017936772050057184 0.0019612678270092571 0.00072380630714494046 0.001240021780238133 0.0029738515224194562 537.35035714285641 0.33900208522519609 6.5000000000000009 9.7750000000000021e-06 0.0049244024806784515 0.0072102079105946819 -0.0004084312617584965 -0.00045057555324363243 0.23281639236790011 2.039185837338104e-05 -0.00036518556717822975 -0.011469234998899501 0.74137562553313152 0.0014535679550193726 0.0015473992991185417
decision_type=2 2 2 2 2 2 2 2 2 2 2 2 2 2 2 2 2 2 2 2 2 2 2 2 2 2 2 2 2 2
left_child=-1 2 13 6 -5 -6 8 -8 11 10 -10 -3 23 -2 20 16 -16 18 -18 22 -15 -21 -20 -13 25 26 -25 -28 29 -29
right_child=1 3 -4 4 5 -7 7 -9 9 -11 -12 12 -14 14 15 -17 17 -19 19 21 -22 -23 -24 24 -26 -27 27 28 -30 -31
leaf_value=-0.050066194799041355 0.00067185097158848728 0.032989264671762601 -0.034673535685072115 8.0266781589963181e-05 0.053175382431842777 0.011245045622325735 -0.023531727190504434 0.048519029249687422 0.05232413607275993 0.069520487273130774 -0.0061080147906481877 -0.0037880356644502708 -0.030633495917614457 -0.0091222840372991651 -0.026923365302830144 -0.02253583460876421 -0.035609587297295707 -0.018979927056058214 -0.036749014075771191 0.16282552518760038 -0.044307835761376778 0.073051711095304381 0.072622210734892598 -0.033802844011537179 0.038524001596059392 -0.011648953775498405 0.0068410952095168094 0.025167129451838344 0.0078664731705178469 0.086584591338056183
leaf_weight=6.3867145748808971 1644.7807218143716 22.884015737101436 29.661328521557152 54.852826964110136 28.859587371349335 28.983662098646164 61.653187854215503 6.7601265348494044 10.68095190823078 11.648414880037306 23.58424424380064 351.75544986501336 22.115849915891886 281.80106006376445 8.3531777262687665 24.15641175955534 2.8276202417910161 5.32417357712984 2.8712468128651381 6.8171294759959027 21.705924089066684 4.6498517598956761 4.6875918358564403 11.021702121943234 21.47999019920826 63.601168980821967 102.67673351801932 12.178775794804098 13.940141757950185 13.349918801337479
leaf_count=5242 28755 238 667 430 211 215 615 41 56 63 181 3360 222 5428 159 484 59 98 57 99 424 74 89 99 149 503 743 72 122 98
internal_value=-0.000124484 -1.44843e-05 -0.0013458 0.00313246 0.0165484 0.0321652 0.00111475 -0.0164122 0.00287572 0.0266723 0.0121061 0.00115512 -3.49958e-05 -0.000853496 -0.00776126 0.0119551 0.0354045 0.0545613 0.0724783 0.0885423 -0.0116387 0.126422 0.0310772 0.00111197 0.00834644 0.00535609 0.0124173 0.0160011 0.0398305 0.0572846
internal_weight=2906.05 2899.66 2037.64 862.027 112.696 57.8432 749.331 68.4133 680.917 45.9136 34.2652 635.004 612.12 2007.97 363.194 59.6872 35.5308 27.1776 21.8534 19.0258 303.507 11.467 7.55884 590.004 238.248 216.768 153.167 142.146 39.4688 25.5287
internal_count=49053 43811 36393 7418 856 426 6562 656 5906 300 237 5606 5368 35726 6971 1119 635 476 378 319 5852 173 146 5146 1786 1637 1134 1035 292 170
is_linear=0
shrinkage=0.05


Tree=93
num_leaves=31
num_cat=0
split_feature=18 26 37 54 7 38 43 4 32 4 21 43 60 6 3 38 60 6 5 4 18 43 64 53 18 13 56 19 63 64
split_gain=6.0738 4.75836 4.83557 9.18395 9.86553 10.0904 14.2018 11.4691 9.67627 7.90208 7.35891 9.50698 9.34158 8.72255 7.72025 6.19437 6.19193 7.39084 7.6375 8.31323 8.44051 6.0289 12.432 10.2725 9.56875 16.6794 6.8414 5.51703 5.50802 10.0932
threshold=0.0014882296037690304 1.3299132608803419 0.0050658777014612024 0.0047390840574869772 2.5000000000000004 0.24747526425908259 -1.0550000000000166e-06 139.70357142857134 12.500000000000002 229.12857142857169 0.00034556654552092314 8.148374999999999e-05 0.34521897876513591 8.5000000000000018 0.0018932740717961924 0.19182857204298284 0.0015741243249390747 3.5000000000000004 0.0026152561560640708 108.13214285714277 0.0016786063329369131 7.4675000000000013e-05 0.45909833380675052 -0.00048096331094090751 0.0017244628137603202 0.030356689859699772 2.4954358357267039 -0.0023170943857163781 0.030247327686553905 0.55854711800380408
decision_type=2 2 2 2 2 2 2 2 2 2 2 2 2 2 2 2 2 2 2 2 2 2 2 2 2 2 2 2 2 2
left_child=-1 2 3 4 8 9 -7 -8 10 -6 12 -12 13 -2 -13 -11 17 -4 19 20 -19 26 23 -23 25 -24 -21 -26 -18 -30
right_child=1 -3 16 -5 5 6 7 -9 -10 15 11 14 -14 -15 -16 -17 28 18 -20 21 -22 22 24 -25 27 -27 -28 -29 29 -31
leaf_value=-0.050062964423488343 -0.0068530961791909333 0.03855492051372951 0.052289472509078498 -0.024147271755713365 -0.037956891844879825 0.13168305713195014 0.092265107612477915 -0.012137063211538604 0.11548551812937269 0.071891332734378574 0.012176302827397584 0.12594995577157642 -0.038190378798084054 0.098748153016852622 0.042544913387841214 -0.016974182959698138 -0.00040630117351316155 -0.022558150317387532 0.039440633817487428 -0.036754220110190548 0.13295096839575557 0.12390931943232507 0.18999904571204806 -0.013698313269719887 0.034765430008380296 -0.028610859266161671 0.058476790649346147 -0.03464564929237892 0.04334033797332016 0.00090843414316948198
leaf_weight=6.0756129637011318 4.4856845224276167 7.9732347959652534 4.225998366251587 16.004521836526692 17.819228407926861 2.8465712284669307 3.3485802318900815 12.268257260322569 3.4065858367830506 3.489112962037324 10.65304599236697 4.818951197899878 7.6578054111450911 3.4666675059124827 6.5398108940571547 4.4773486359044909 2619.3752414179035 1.7059368509799235 6.0068292506039134 48.724289154168218 1.7861610427498815 3.0526452218182385 1.4488382623530918 2.4404905834235242 3.1971222814172533 2.1935579543933272 1.9618784575723101 27.375157749280334 20.518155969679356 44.216281706467271
leaf_count=5242 88 69 92 255 449 69 64 249 51 64 178 56 128 49 65 70 39013 78 56 1189 34 62 67 60 44 103 39 623 137 310
internal_value=-0.000122743 -1.80254e-05 -0.000124463 0.0106075 0.0171301 0.000754294 0.0289709 0.010249 0.0347914 -0.0194497 0.0274847 0.0461069 0.00122559 0.0391816 0.0779295 0.0219467 -0.0005143 -0.0124777 -0.0152177 -0.0187147 0.0569827 -0.0216391 -0.00705005 0.062773 -0.0182601 0.0583457 -0.0330682 -0.0273869 -5.02304e-05 0.0143576
internal_weight=2903.56 2897.48 2889.51 101.282 85.2777 44.2491 18.4634 15.6168 41.0286 25.7857 37.622 22.0118 15.6102 7.95235 11.3588 7.96646 2788.23 104.119 99.8929 93.8861 3.4921 90.394 39.7078 5.49314 34.2147 3.6424 50.6862 30.5723 2684.11 64.7344
internal_count=49053 43811 43742 1835 1580 965 382 313 615 583 564 299 265 137 121 134 41907 2447 2355 2299 112 2187 959 122 837 170 1228 667 39460 447
is_linear=0
shrinkage=0.05


Tree=94
num_leaves=31
num_cat=0
split_feature=5 53 59 20 16 16 52 38 19 50 1 3 12 13 50 32 53 2 64 53 32 5 37 60 13 48 52 38 42 42
split_gain=5.03883 9.85807 8.44171 18.924 9.64377 8.81666 7.9519 11.161 9.80832 7.86167 9.15595 9.18882 7.33638 7.19902 8.3032 20.4183 10.6338 9.43226 8.11784 7.05617 6.8152 10.3864 13.0941 11.279 13.2039 13.625 13.8765 8.88558 9.75002 14.2331
threshold=0.0013787735166993379 0.0061611960050162477 0.00057892158955501975 0.00015018722522201005 0.5589965513199292 0.38204185260016349 0.63781429602403683 0.32498936567260905 -0.0012971112267715235 -0.0034815298962553843 -0.00073908681632823116 0.0018139152036596468 0.22996161068322299 0.10291117703751293 0.0027754012213488657 7.5000000000000009 -0.0014657294487593093 -0.00050275951810903178 0.78561149815888931 0.0056502381260634359 3.5000000000000004 0.0017789129261234606 0.97822085965747074 0.97149249667164506 0.29272134674958145 -0.00054807977142865602 0.48823703762309728 0.18438267695842167 1.8580000000000005e-05 2.7690000000000004e-05
decision_type=2 2 2 2 2 2 2 2 2 2 2 2 2 2 2 2 2 2 2 2 2 2 2 2 2 2 2 2 2 2
left_child=1 2 12 4 5 6 7 8 -4 -10 -11 -12 -1 -14 17 16 -16 18 -15 -5 -2 22 23 24 27 -26 -27 -22 -29 -30
right_child=20 -3 3 19 -6 -7 -8 -9 9 10 11 -13 13 14 15 -17 -18 -19 -20 -21 21 -23 -24 -25 25 26 -28 28 29 -31
leaf_value=0.10725180426646325 -0.0013813484543847463 -0.05715597304194342 0.10274539473147104 -0.0071211790071519301 0.083036101728843847 -0.025335675900908652 -0.016489974947687152 0.10789794301211574 0.085042174337719045 -0.036696328559059459 -0.0095196968640909596 0.07833109330734353 -0.023208792704035353 -0.0027346544402007899 0.16622771594547878 0.23716254502864109 -0.019879530849211582 -0.051761760245935109 0.10384943318408102 0.084555513784358882 -0.020773786195785963 0.00096010450188626197 -0.050816155015389441 0.051968649455789884 -0.034842002682304883 0.10986213145219731 0.029474137753332241 -0.016354935936233689 0.07609761838892018 0.01224788918297734
leaf_weight=1.2593944141408417 1518.252610989497 8.962246435985433 3.7522147662239105 176.30624823557446 6.8148193909437387 8.9428253059159015 7.6029945089248931 5.1422868130030102 3.489878640160895 8.2619114929693769 6.334780410688845 5.6146863643079996 90.21066458162386 50.434666155138984 0.91729073377791781 1.2070538851548915 4.7014965514536007 10.089650659007019 1.8520727036520828 2.1241858685971229 24.873454608139582 730.80067203612998 7.8401768319308749 18.858618063852191 4.5407348759472397 8.655838983133437 14.134299678727983 26.990121256676503 9.3353116288781148 134.19153716473375
leaf_count=81 20817 221 37 4880 122 182 118 69 67 190 225 79 5403 1841 37 48 240 585 36 45 450 10040 123 233 64 113 145 462 134 1966
internal_value=-0.000120825 -0.00530148 -0.00412512 0.00192632 0.0272962 0.0195664 0.0295555 0.0402957 0.0276332 0.015742 0.00377597 0.0317587 -0.0129529 -0.0139025 -0.00177103 0.0505848 0.0105033 -0.00750032 0.00104071 -0.00602978 0.000716924 0.00396691 0.0127769 0.0148407 0.0116969 0.044248 0.060006 0.00714375 0.0112161 0.0164008
internal_weight=2902.49 404.021 395.059 234.387 55.9564 49.1416 40.1988 32.5958 27.4535 23.7013 20.2114 11.9495 160.672 159.413 69.2022 6.82584 5.61879 62.3764 52.2867 178.43 2498.47 980.221 249.42 241.58 222.721 27.3309 22.7901 195.39 170.517 143.527
internal_count=49053 14506 14285 6014 1089 967 785 667 598 561 494 304 8271 8190 2787 325 277 2462 1877 4925 34547 13730 3690 3567 3334 322 258 3012 2562 2100
is_linear=0
shrinkage=0.05


Tree=95
num_leaves=31
num_cat=0
split_feature=18 7 7 48 37 3 36 21 43 15 47 37 48 38 59 2 3 45 6 43 21 21 54 8 4 17 54 1 45 6
split_gain=5.70557 4.83212 14.3854 13.6817 11.2686 11.9942 11.1888 11.8054 18.9265 13.4883 15.7865 13.3093 17.1476 17.4398 13.9961 12.924 12.4195 12.6055 12.4184 11.0407 14.7171 15.2782 11.1294 14.5721 9.78632 9.61141 9.26981 12.0027 14.9139 8.87757
threshold=0.0014882296037690304 5.5000000000000009 4.5000000000000009 -0.00050504895567305601 0.81857222775313443 0.0060034517716838235 1.712954320657474 -0.0021407396625195067 2.0891249999999994e-05 0.10238659868158113 -0.00038663682398917587 0.3061756326990383 -0.00044281135129715709 0.21315085495632632 0.008705694615118208 -0.0044920113284953938 0.0021499068017072072 -0.0004027287667090472 21.500000000000004 0.00027830250000000003 0.0010219320037871003 -0.00042304240740015294 -0.0024835478724213661 1.0000000180025095e-35 704.14428571428562 2.357333274605772 -0.0030098687895498276 -0.00036474697928993603 -0.00042004108633350817 22.500000000000004
decision_type=2 2 2 2 2 2 2 2 2 2 2 2 2 2 2 2 2 2 2 2 2 2 2 2 2 2 2 2 2 2
left_child=-1 2 4 -3 -2 -6 7 9 18 -5 15 19 13 -13 -14 -11 17 -15 -9 20 21 -10 -23 -24 26 -26 -7 28 -28 -4
right_child=1 3 29 6 5 24 -8 8 11 10 -12 12 14 16 -16 -17 -18 -19 -20 -21 -22 22 23 -25 25 -27 27 -29 -30 -31
leaf_value=-0.050059340219821315 0.0018523586132769337 -0.010810048138974893 -0.015241498752747702 -0.022651156293068898 -0.015831895337541931 -0.0058802272407657398 -0.017363077768568047 -0.030555204183546566 -0.021875908806745448 0.0606703717554887 0.0091264218890785617 0.0019639172407374924 -0.010590901072723577 0.18995008963403551 0.037443586140661442 0.17620228581205197 0.039709626769770114 0.061512387298208474 0.056690591677153193 0.12981337906559071 -0.027184158655890103 0.14278820783145166 0.10461729435007126 -0.012819397172716025 -0.021910466990337878 0.056713139251613302 0.14130555893490185 0.014968235279914838 0.011643186183609544 0.033076760122569382
leaf_weight=5.7081172419711939 2003.5431036539376 89.290880096610636 207.90084264753386 4.5700726537033942 201.61712756566703 44.0923832943663 27.973204140085727 32.321280437521636 4.5087624997831961 5.262714609503746 5.7123214323073599 13.246568394824864 63.216521104797721 3.8231808226555613 19.950950764119625 4.4824075531214476 9.28585362061858 3.8182453927583992 4.6676709558814755 3.7781675290316334 6.4691711366176596 5.1557624670676949 6.0591795942746032 4.6831831163726747 46.395981981419027 4.242495283484458 4.5424384400248528 50.64590335637331 4.3333103656768781 9.9618034758605045
leaf_count=5242 29138 1444 4596 74 3232 432 343 632 118 58 95 217 1147 55 172 55 128 76 55 36 102 81 90 113 563 27 46 446 58 182
internal_value=-0.000119713 -2.12649e-05 -0.000739051 0.00579109 0.000396064 -0.00780286 0.0122646 0.0163876 0.0123568 0.0528132 0.0751246 0.0205517 0.0126463 0.0449341 0.000932038 0.113811 0.0785608 0.125773 -0.0195456 0.0497813 0.0385305 0.0593627 0.0824023 0.0534202 0.00269156 -0.0153234 0.0114959 0.0243677 0.0780019 -0.0130321
internal_weight=2901.26 2895.55 2577.28 318.276 2359.41 355.87 228.985 201.012 180.984 20.0275 15.4574 143.996 113.341 30.1738 83.1675 9.74512 16.9273 7.64143 36.989 30.6542 26.8761 20.4069 15.8981 10.7424 154.253 50.6385 103.614 59.5217 8.87575 217.863
internal_count=49053 43811 38720 5091 33942 4804 3647 3304 3022 282 208 2335 1795 476 1319 113 259 131 687 540 504 402 284 203 1572 590 982 550 104 4778
is_linear=0
shrinkage=0.05


Tree=96
num_leaves=31
num_cat=0
split_feature=18 59 20 50 4 21 63 9 19 18 17 52 56 26 5 59 48 21 59 54 4 14 6 14 32 48 4 59 19 1
split_gain=5.4265 4.58694 11.1588 8.13987 7.36307 7.94674 8.21726 7.56241 8.21125 6.38623 10.2023 10.0721 7.53537 5.98037 5.79611 5.68263 7.00033 6.49476 10.3475 10.6701 12.2842 9.31007 11.842 13.2845 8.5458 8.2976 7.93591 7.91399 7.33428 10.9102
threshold=0.0014882296037690304 -0.024660633804338413 -0.021894926875658242 -0.020904041647811948 882.58214285714314 -0.0072358242474633849 -0.019950392212472207 1.0000000180025095e-35 -0.005312703164630085 0.0045134359354730346 0.99977435019725569 0.048916905323958329 1.3355366097247761 1.5446269652961153 0.0052568224313785895 0.03274357926043283 -0.00037978628736102816 0.0052258092195484199 0.016264930442758192 -0.0039827744619680373 511.73928571428411 0.39716192454441968 17.500000000000004 0.27014340517779639 3.5000000000000004 -0.00035315733108817369 397.28214285714324 0.023801984047257588 0.003987088280865689 0.0038540586308836514
decision_type=2 2 2 2 2 2 2 2 2 2 2 2 2 2 2 2 2 2 2 2 2 2 2 2 2 2 2 2 2 2
left_child=-1 3 -3 14 5 7 9 8 -4 10 -7 -12 -13 15 -2 17 -17 18 28 -20 24 22 -19 26 27 -26 -24 -21 29 -8
right_child=1 2 4 -5 -6 6 13 -9 -10 -11 11 12 -14 -15 -16 16 -18 21 19 20 -22 -23 23 -25 25 -27 -28 -29 -30 -31
leaf_value=-0.050056444914728972 -0.019267839178169724 0.061403881174316513 0.04431116325475648 -0.035069709431542591 -0.02435611967400049 -0.046041201166157494 -0.00046753607358454986 0.074911437906030817 -0.020196602572329476 -0.046065592478516597 0.088708307870532521 -0.054487876606022882 0.047208036193236255 0.057362961273847116 0.046889676138428538 -0.0048350363582196102 0.052265972925164106 -0.018631810220802302 0.05908163001344538 0.0003657464994020422 -0.013713975699012582 -0.026177755537766575 0.057498083436534231 0.099662109200883378 0.073190058663557073 0.013455908702195641 -0.021539107551134671 0.047023596504389052 -0.010689053832432089 0.012238856966491202
leaf_weight=5.4300352229620321 6.6096577346324903 7.4280866198241702 9.9764469582587516 23.70686109457165 30.594044413417578 8.4325727513059991 2165.7919250819832 6.4131200686097136 9.7585924752056599 16.866470485925674 4.1440408388152701 4.0497267190366983 3.3106303829699755 4.5939073432236901 6.633126363158226 9.9980919137597102 11.589123509824274 23.865584971383214 12.102042973041533 43.09681499376893 37.664945937693119 55.087080908939242 5.0380574651062515 5.5118785966187707 12.90191236883402 10.581803739070891 8.5927537977695447 11.517138592898844 155.49548639263958 183.23102656705305
leaf_count=5242 66 44 98 465 428 276 35043 59 164 349 85 85 43 31 59 57 60 267 68 252 259 597 49 65 66 50 112 56 1864 2694
internal_value=-0.00011955 -2.58722e-05 0.000200457 -0.0175298 4.0951e-05 0.00030567 4.8856e-05 0.0277417 0.0124133 -0.0234209 -0.00426382 0.0263585 -0.00874586 0.000362195 0.0138695 0.000267046 0.0258197 6.50264e-05 0.000535767 0.0144097 0.00973961 -0.0125673 0.00486569 0.0341605 0.0210508 0.0462737 0.00767367 0.0102051 -0.000172547 0.000523602
internal_weight=2900.01 2894.58 2857.63 36.9496 2850.21 2819.61 2793.46 26.1482 19.735 36.8034 19.937 11.5044 7.36036 2756.66 13.2428 2752.07 21.5872 2730.48 2632.38 127.865 115.763 98.0954 43.0083 19.1427 78.0977 23.4837 13.6308 54.614 2504.52 2349.02
internal_count=49053 43811 43221 590 43177 42749 42428 321 262 838 489 213 128 41590 125 41559 117 41442 40352 751 683 1090 493 226 424 116 161 308 39601 37737
is_linear=0
shrinkage=0.05


Tree=97
num_leaves=31
num_cat=0
split_feature=18 47 58 63 42 12 62 20 6 50 60 42 37 26 41 18 53 5 4 45 53 15 20 17 14 12 13 1 5 17
split_gain=5.16169 4.78876 5.12329 14.7887 14.1207 14.7324 12.3456 9.40598 10.3805 9.18894 8.57975 12.9614 11.7811 11.969 11.6374 10.4706 12.0376 11.8708 9.92129 9.43824 8.22544 10.6234 11.8715 17.0742 9.24245 10.5105 9.3561 10.8354 10.5168 10.9781
threshold=0.0014882296037690304 0.00091555468571187569 0.000599583952419318 0.0069141893434967973 5.933000000000001e-05 0.74086869516842535 -0.0043933401318752121 0.0019807496664513563 4.5000000000000009 -0.0034028957643105913 0.21286678017022112 0.00014502000000000002 0.083158634870150891 0.3246393785483464 9.9950000000000017e-06 0.0054209411371115837 -0.0020274503755622463 0.0034514857386142915 604.29285714285618 -0.00026751568208088712 0.0015628945316051004 1.0000000180025095e-35 0.00073227806017082226 0.86907914186638224 0.66985350502708541 0.20477385561583203 0.33231280751897063 0.009529592710558565 0.0016302563181910723 1.0039778926794185
decision_type=2 2 2 2 2 2 2 2 2 2 2 2 2 2 2 2 2 2 2 2 2 2 2 2 2 2 2 2 2 2
left_child=-1 2 3 7 5 -5 -4 -2 -9 -7 -10 12 14 15 -12 -14 18 -18 -17 -19 24 22 -22 -24 25 -8 -27 28 29 -28
right_child=1 -3 6 4 -6 9 20 8 10 -11 11 -13 13 -15 -16 16 17 19 -20 -21 21 -23 23 -25 -26 26 27 -29 -30 -31
leaf_value=-0.050053690636598917 -0.0012012926977260302 -0.019924317461282835 -0.023056178664249305 0.060771877111563705 -0.0063779396008391918 0.061314298359319612 0.059312385921123638 -0.03282422001321296 -0.026264734791157474 -0.00038442753502517527 0.095517877713873794 0.082310367899735587 -0.02181186966590621 0.05051917175754498 0.0099053548550824856 0.10861003336085573 0.059709413023106853 -0.029688693236560218 0.014554508996437347 0.044431562638939319 -0.018477089803986838 0.0069687023562048497 0.15733223653059544 0.021879360347760307 -0.0092848212072517214 -0.00016549328064805185 0.10110051283785178 0.070179586889247803 0.0015246894220163024 0.02096126539122304
leaf_weight=5.1654863360454319 1025.3738847170025 29.928006860427558 46.580533366650343 25.013421889394522 42.379070500377566 7.4801389724016181 8.1703032813966256 47.542802227195352 47.052422031760216 31.22854530159384 5.135080790147188 4.4120503310114136 99.787051513791084 7.9638139624148598 17.485643667634577 4.494718808680771 5.6512788571417323 28.686684020794925 7.4525932800024748 5.0511994939297464 4.1616978980600825 498.97266127029434 4.2373361792415363 5.1591162318363786 199.1953469379805 583.10891278134659 5.6444951146841076 8.5521468296647054 68.829954924061894 17.592911060899496
leaf_count=5242 18151 384 547 199 432 44 135 905 783 260 65 47 1453 97 230 61 58 310 80 55 88 6406 56 68 2942 8895 64 61 705 230
internal_value=-0.000116662 -2.74776e-05 0.000180555 -0.00196306 0.015989 0.0308644 0.00226798 -0.00342142 -0.0115309 0.0115384 -0.0071893 -0.0023669 -0.00442295 -0.00922373 0.0293401 -0.012372 0.00597699 -0.00735743 0.0499393 -0.0185915 0.00310839 0.0081553 0.051825 0.0829619 0.000205554 0.0029378 0.00226415 0.0163444 0.0113436 0.0404275
internal_weight=2897.49 2892.32 2862.4 1412.19 106.101 63.7221 1450.21 1306.09 280.715 38.7087 233.173 186.12 181.708 159.087 22.6207 151.124 51.3365 39.3892 11.9473 33.7379 1403.62 512.531 13.5582 9.39645 891.094 691.899 683.728 100.62 92.0674 23.2374
internal_count=49053 43811 43427 23230 935 503 20197 22295 4144 304 3239 2456 2409 2114 295 2017 564 423 141 365 19650 6618 212 124 13032 10090 9955 1060 999 294
is_linear=0
shrinkage=0.05


Tree=98
num_leaves=31
num_cat=0
split_feature=18 58 15 60 16 59 9 38 54 59 7 7 37 17 48 37 0 21 21 21 58 63 0 21 41 6 42 14 58 4
split_gain=5.08589 13.2722 11.7931 14.7236 10.4228 16.279 9.56186 21.347 11.4555 8.30159 7.96163 12.4106 10.2881 10.3849 10.0339 11.2989 12.7297 11.7324 20.2547 10.7859 15.9875 15.5525 15.0115 14.0341 16.8266 15.7701 15.5579 13.9424 11.0476 10.0077
threshold=0.0017825544612160469 -0.0051428851549399678 0.0010428896703497364 0.94354384698665028 0.021957700032627103 0.00033131893278383687 1.0000000180025095e-35 0.19419486005184367 -0.0035866214425464556 0.011656889383407506 5.5000000000000009 4.5000000000000009 0.81857222775313443 0.88007410720968404 -0.00050504895567305601 0.31575810046749803 -0.00020064765339034818 0.0012632035972866456 7.73472305094163e-05 -0.0021987815304257436 -3.3846911532050132e-05 0.0037167972209388171 -0.0019431636264716308 -0.00047890494467729244 7.9360000000000013e-05 17.500000000000004 2.8000000000000006e-05 0.55600421017251789 -0.0025758392872894287 217.11428571428459
decision_type=2 2 2 2 2 2 2 2 2 2 2 2 2 2 2 2 2 2 2 2 2 2 2 2 2 2 2 2 2 2
left_child=1 -1 3 4 5 -3 -6 8 -8 -4 11 12 -2 -14 -12 16 -16 18 -18 22 21 -21 -17 25 26 -22 -25 -28 -24 -20
right_child=10 2 9 -5 6 -7 7 -9 -10 -11 14 -13 13 -15 15 19 17 -19 29 20 23 -23 28 24 -26 -27 27 -29 -30 -31
leaf_value=0.19208926011692404 0.0018017176955836716 -0.051385870077420348 -0.019607661116465554 0.22915104283685006 -0.037270309182863767 0.27705242871923058 0.35109889098151292 -0.013108368276340846 0.075998073455088813 0.1097165377436331 -0.0068833050695264672 -0.013188318113046566 -0.017496206104004361 -0.00012927537577893115 0.0045452035884370632 -0.020176562749284557 0.0058533032211924201 -0.012301426997366641 0.087987568086903722 -0.029649281142905222 0.0033744030459642383 0.066661674067776261 0.039601537906847985 -0.026568347116818488 -0.011838289315967395 0.12040666365528302 0.016505043306584463 0.080857838532248497 0.12885824864491321 0.18763651801132439
leaf_weight=0.80324370687594537 1953.9960430329666 0.6489442251622648 98.196665359311737 0.8764674706617378 6.7650095821591076 0.90121304255444556 0.74204341875156388 3.5828927442780696 0.77221894112881251 1.2567954605910916 80.837567570619285 181.72557447105646 149.2061034431681 203.45457817614079 15.386559148319064 7.2882699184119728 5.7302916236221852 4.0378657914698115 7.5629078764468414 43.16589134093374 5.3354258537292463 4.6424989998340598 11.803800687193874 9.2285648481920344 49.21071500889957 6.2507793083786964 17.94958702661097 15.847986750304697 4.9083867836743567 3.778310215100646
leaf_count=23 27608 89 7679 18 576 82 36 315 81 10 1196 3471 2507 2294 234 83 116 51 96 770 80 45 163 133 692 67 245 184 63 46
internal_value=-0.000115339 -0.0104406 -0.0118709 0.0306043 0.0176297 0.139558 0.00169597 0.0534125 0.210807 -0.0179734 0.000309891 -0.000608005 0.000383112 -0.007477 0.00810629 0.0138185 0.039133 0.0643439 0.0824726 0.00855821 0.00362862 -0.0202969 0.0397027 0.0146458 0.00813053 0.0665135 0.0309697 0.0466806 0.0658163 0.121185
internal_weight=2895.89 114.545 113.742 14.2888 13.4123 1.55016 11.8622 5.09716 1.51426 99.4535 2781.35 2488.38 2306.66 352.661 292.965 212.128 36.4959 21.1094 17.0715 175.632 151.631 47.8084 24.0005 103.823 92.2369 11.5862 43.0261 33.7976 16.7122 11.3412
internal_count=49053 8909 8886 1197 1179 171 1008 432 117 7689 40144 35880 32409 4801 4264 3068 543 309 258 2525 2216 815 309 1401 1254 147 562 429 226 142
is_linear=0
shrinkage=0.05


Tree=99
num_leaves=31
num_cat=0
split_feature=18 37 54 38 43 63 4 38 42 59 18 5 58 6 6 37 6 38 5 18 42 50 59 45 57 21 38 41 38 37
split_gain=4.8453 4.29862 8.25535 7.53474 10.3393 10.8636 7.9831 5.48308 7.3703 6.17618 5.5028 6.82737 10.3187 5.46773 12.5583 12.5771 11.8947 10.3373 10.1162 16.0633 10.1914 9.92776 10.3344 14.8011 13.8805 9.68353 9.71468 21.6325 9.37892 13.833
threshold=0.0014882296037690304 0.0050658777014612024 0.0047390840574869772 0.24747526425908259 -1.0550000000000166e-06 0.012181201881601647 312.99535714285651 0.20947185728543835 2.4725000000000001e-05 0.0046945351988532374 0.00290155403050456 0.0013354062841793219 0.0014577262053352077 10.500000000000002 2.5000000000000004 0.12433282370046578 14.500000000000002 0.10643470569410106 0.002900410388724592 0.0034150738628658528 1.5435000000000004e-05 0.0033682631217082826 0.00033131893278383687 -0.00053572298246811541 -1.0000000180025095e-35 -0.0032791002620172348 0.35867669480340014 4.8400000000000004e-05 0.25747728847000423 0.60504272736617459
decision_type=2 2 2 2 2 2 2 2 2 2 2 2 2 2 2 2 2 2 2 2 2 2 2 2 2 2 2 2 2 2
left_child=-1 2 3 6 -5 -6 7 8 -2 10 11 12 -10 14 -3 18 25 -18 19 21 -21 22 23 24 -16 -15 -27 -28 -17 -30
right_child=1 13 -4 4 5 -7 -8 -9 9 -11 -12 -13 -14 16 15 28 17 -19 -20 20 -22 -23 -24 -25 -26 26 27 -29 29 -31
leaf_value=-0.050050617206848828 -0.043533395764975322 0.0046130733144085275 -0.023253499779265923 0.10242503654282915 0.012217828531682719 0.10665443845054007 0.057979896789986267 -0.024466092689557403 0.1186606613083997 0.068306265139355463 0.072627745717087092 -0.028596156109444028 -0.034039390132784876 0.031831276071529815 -0.016175472677752628 -0.014666915921090349 0.070028139277888715 -0.001861862252872348 -0.047532937560430866 -0.017631600539535268 0.061215482954826664 -0.025055116427569319 0.016322315117615057 -0.018487610806549357 0.13839533895743991 0.0045416519934568366 0.11721659081901006 -0.01823276722575793 -0.0052040269958502378 0.046524430004466349
leaf_weight=4.8498142107273443 5.0562409879639771 350.441666059196 15.711313116364179 4.795470990240573 26.039226246997718 3.4486465454101554 6.0656882319599381 18.077004018239677 2.3404735964722994 5.6875027604401103 2.7507956568151704 9.5303590875118953 2.0980849587358534 37.687033692374825 2.7530514243990183 405.37370447255671 5.0224503539502612 1141.0557111995295 9.3937709182500821 5.2443810719996717 18.753331758081913 31.515786377713084 91.891783099155873 54.222353767603636 3.0743273706175378 507.8699600524269 5.9797336589544994 5.8136733234860003 97.26109526026994 14.904543329030274
leaf_count=5242 122 5360 255 87 487 20 68 369 76 47 48 209 47 378 85 6984 61 16831 139 54 202 583 1312 1395 56 6422 51 87 1715 261
internal_value=-0.00011579 -3.1989e-05 0.0100702 0.0161659 0.0343354 0.0232623 0.00409541 -0.00308165 0.010994 0.0232983 0.007988 -0.00474103 0.0464801 -0.0004001 -0.00317462 -0.00689082 0.00136686 -0.00154682 0.00321776 0.0055158 0.0439845 0.000483785 0.00578108 -0.0103498 0.0653708 0.00735824 0.00558341 0.0504455 -0.0111263 0.00166964
internal_weight=2894.71 2889.86 101.601 85.8895 34.2833 29.4879 51.6061 45.5405 27.4635 22.4072 16.7197 13.9689 4.43856 2788.26 1084.83 734.388 1703.43 1146.08 216.849 207.455 23.9977 183.457 151.942 60.0497 5.82738 557.35 519.663 11.7934 517.539 112.166
internal_count=49053 43811 1835 1580 594 507 986 918 549 427 380 332 123 41976 18146 12786 23830 16892 3826 3687 256 3431 2848 1536 141 6938 6560 138 8960 1976
is_linear=0
shrinkage=0.05


Tree=100
num_leaves=31
num_cat=0
split_feature=18 58 15 60 16 17 9 5 59 7 7 48 38 37 3 19 3 21 58 38 60 38 18 12 20 59 20 59 20 5
split_gain=4.61662 10.018 10.4524 10.5495 8.26348 12.0947 8.34691 15.6982 7.34047 7.22536 11.3821 9.39558 10.4612 9.36527 10.4435 9.19874 12.2818 8.88795 14.7101 12.9673 9.97662 8.60974 8.43056 7.83445 7.62002 10.2149 11.6056 15.5164 11.6547 11.5797
threshold=0.0017825544612160469 -0.0051428851549399678 0.0010428896703497364 0.94354384698665028 0.021957700032627103 0.88340091818413169 1.0000000180025095e-35 0.001096510919344376 0.011656889383407506 5.5000000000000009 4.5000000000000009 -0.00055995841670192746 0.20362905829868158 0.81857222775313443 0.0060034517716838235 -0.0013605473628657977 0.0055458916434535255 0.0042985165828397917 0.0047871828133763611 0.24555911827028185 0.63797269969632497 0.35342510683416645 0.0095486293315562108 2.4685472327756797 -0.021894926875658242 -0.016678661354529875 -0.0073085932535110901 -0.0055390842160431613 -0.0017762059209727552 0.0023433143548366605
decision_type=2 2 2 2 2 2 2 2 2 2 2 2 2 2 2 2 2 2 2 2 2 2 2 2 2 2 2 2 2 2
left_child=1 -1 3 4 5 -3 -6 -8 -4 10 13 12 15 24 -15 16 -11 18 -13 20 -20 -12 -16 -24 -2 -26 -27 -28 29 -29
right_child=9 2 8 -5 6 -7 7 -9 -10 11 21 17 -14 14 22 -17 -18 -19 19 -21 -22 -23 23 -25 25 26 27 28 -30 -31
leaf_value=0.15168271631443619 0.05019206490475403 0.22135569730351415 -0.018901645603954943 0.18064044511617303 -0.036661007290549615 -0.051475674778839575 -0.024108635182798637 0.14934337157550859 0.10044834110082579 0.11016265130428127 -0.014968860464598978 0.009001227038763342 -0.040091849657440143 -0.014791058617457248 0.0082426957534033306 -0.031204603027748919 -0.0088039401861708649 -0.034791725992871163 0.10761005841952197 -0.016267411128739993 0.03164730158241906 0.040132203102656708 -0.034258615146592307 0.032069722945406019 -0.025180227423620166 0.018332567009396096 -0.014335970013671206 0.018873189676398148 0.00046071181963777295 -0.0010931653774187021
leaf_weight=0.94986588368192215 8.0699236877262575 1.0758546757278953 96.228205328865442 1.0502091600792471 6.5265138162649219 0.65261053107678879 3.162031396816019 2.2205035802908242 1.3057876583188761 4.1778256297111493 172.4402302512899 225.97949727345258 20.145663203671575 196.93817748129368 124.75002165138721 6.2347332164645186 4.5129230059683323 10.184582002460955 9.279026057571178 5.4350886326283208 8.0916218776255828 7.393368784338235 23.495705386623744 5.4927070029079905 35.212572054937482 102.87342721223831 149.93544650729746 190.0566381001845 1351.5798713946715 117.519820548594
leaf_count=23 61 76 7679 18 576 95 352 80 10 64 3355 3384 295 3229 1193 108 38 121 111 73 70 116 342 37 654 1073 3616 2478 18378 1348
internal_value=-0.000114395 -0.0100135 -0.0113822 0.0279403 0.0161811 0.118344 0.00135331 0.047447 -0.0173038 0.000288621 -0.000588112 0.00770033 -0.0165869 0.00035674 -0.00716737 0.015139 0.0483858 0.0109894 0.0128636 0.0511354 0.072225 -0.0127035 0.00259854 -0.0216908 0.0017062 0.00150525 0.00199672 0.00106779 0.0024598 0.0112444
internal_weight=2892.97 113.172 112.222 14.6877 13.6375 1.72847 11.909 5.38253 97.534 2779.8 2485.76 294.041 35.0711 2305.92 350.677 14.9255 8.69075 258.97 248.785 22.8057 17.3706 179.834 153.738 28.9884 1955.25 1947.18 1911.97 1809.09 1659.16 307.576
internal_count=49053 8909 8886 1197 1179 171 1008 432 7689 40144 35880 4264 505 32409 4801 210 102 3759 3638 254 181 3471 1572 379 27608 27547 26893 25820 22204 3826
is_linear=0
shrinkage=0.05


Tree=101
num_leaves=31
num_cat=0
split_feature=59 20 12 38 6 38 12 59 18 63 62 59 21 63 37 18 37 7 19 50 37 5 59 58 5 12 15 16 62 17
split_gain=4.60694 12.3461 14.736 10.9418 13.5367 9.73948 13.3808 11.0399 10.1064 12.737 9.69125 9.34944 11.9979 9.64251 10.3271 13.994 9.57723 16.1037 12.7524 10.5229 9.57205 11.7512 9.68183 9.20781 9.86147 11.8671 14.1864 9.94426 8.98827 9.22618
threshold=0.0027456073984877647 0.0030386279635756354 0.25820456223660065 0.19182857204298284 15.500000000000002 0.29037028244761098 0.26634822048971379 -0.0060206331918570104 0.0019749762891991232 -0.015118481107092853 0.017522093090772312 0.026721717344316647 0.0033810010684722502 0.018325532202513078 0.058310586965923207 0.0022573028203677049 0.46244070757471556 5.5000000000000009 0.00091765175639619894 0.0030612456537777045 0.55521296823211552 0.0037762918371032385 0.017149476301002154 0.0096060326684295309 0.0045677097574313994 0.8541281052005093 0.30000000000001986 0.38535269561273194 -0.0043933401318752121 0.82519249401866446
decision_type=2 2 2 2 2 2 2 2 2 2 2 2 2 2 2 2 2 2 2 2 2 2 2 2 2 2 2 2 2 2
left_child=1 5 -3 23 10 8 -7 -8 9 -1 28 12 13 14 15 -6 17 18 19 -16 21 -18 -22 -2 25 26 27 -25 29 -5
right_child=3 2 -4 4 11 6 7 -9 -10 -11 -12 -13 -14 -15 16 -17 20 -19 -20 -21 22 -23 -24 24 -26 -27 -28 -29 -30 -31
leaf_value=0.14593247875777945 -0.0071273022520965054 0.069997287643006584 -0.028472669020153819 -0.041122861922363634 -0.025029709245372581 0.093009099477715712 -0.048231212157330547 -0.0086104516027550732 0.0022978516694960017 -0.015122297483024065 -0.048402331686749345 0.05895633729962349 -0.030868276989144672 0.035674470802484266 -0.010389643035584638 0.09142257131474496 0.013086625623002383 0.063700444430184452 -0.037845724604888636 0.066876179625125404 -0.0082331147746022484 0.092927070285144922 0.033319022427964258 -0.031424240683571365 -0.01825797011030213 -0.0012712706565304991 0.095909316993468358 0.064568196791033997 0.011540373730776944 0.0063812652098189787
leaf_weight=1.2411090161185701 401.26597474137088 4.0350420372560611 65.050861413241364 16.766529020562302 4.2904799237730895 3.0715421631466588 19.26662613771623 201.03602394665359 1052.5465954234824 112.83699370257091 7.2079212199896565 5.9667681045830241 37.451461493968964 17.039492518291809 37.361638893606141 6.4702776484191418 27.036827030824497 5.830599106848239 54.531391709519085 4.9957938161678603 121.59399239753839 5.5556702986359587 15.8456734418869 5.726641774177553 16.213646020740271 18.403494600206614 10.231085631996391 5.1013772115111351 580.91661288589239 26.182212322892155
leaf_count=36 4879 100 1667 215 95 81 482 4559 18726 7854 75 37 409 95 395 54 276 79 724 46 1286 50 94 60 146 153 79 43 5987 271
internal_value=-0.000113689 -0.002091 -0.0227214 0.00190105 0.00489306 -0.00106563 -0.0106305 -0.0120755 0.000765764 -0.0133701 0.00924251 -0.00308676 -0.00418201 -0.000856657 -0.00305223 0.0449913 -0.00494767 -0.0170021 -0.0218586 -0.00127662 0.00233461 0.0266961 -0.00344249 -0.00448346 0.0145711 0.0280593 0.0536912 0.0138004 0.00990852 -0.0121636
internal_weight=2891.07 1459.08 69.0859 1431.99 975.043 1390 223.374 220.303 1166.62 114.078 631.073 343.97 338.003 300.552 283.512 10.7608 272.752 102.719 96.8888 42.3574 170.032 32.5925 137.44 456.942 55.6762 39.4626 21.0591 10.828 623.865 42.9487
internal_count=49053 33505 1767 15548 10188 31738 5122 5041 26616 7890 6548 3640 3603 3194 3099 149 2950 1244 1165 441 1706 326 1380 5360 481 335 182 103 6473 486
is_linear=0
shrinkage=0.05


Tree=102
num_leaves=31
num_cat=0
split_feature=18 59 20 50 4 21 63 42 15 18 17 52 56 1 50 26 32 63 12 62 18 58 6 13 4 15 0 42 58 20
split_gain=4.48302 4.23263 9.51199 7.32309 6.34909 6.88691 7.70179 7.13871 8.96734 6.01414 9.23222 8.18761 6.83642 5.50933 5.26215 5.12411 5.33626 7.10598 7.24427 9.50317 9.40124 11.8586 18.0081 16.9964 16.8079 14.1682 16.4624 12.4228 12.2732 10.678
threshold=0.0014882296037690304 -0.024660633804338413 -0.021894926875658242 -0.020904041647811948 882.58214285714314 -0.0072358242474633849 -0.019950392212472207 3.3145000000000002e-05 0.26937103154812719 0.0045134359354730346 0.99977435019725569 0.048916905323958329 1.3355366097247761 -0.0027354647694658473 0.019690546447394461 1.5446269652961153 2.5000000000000004 0.022138799367465791 0.6615675624050158 0.0041010703966188168 0.0025086640513863972 0.00055307264865484321 1.5000000000000002 0.20537545771922325 224.25357142857271 0.10834547472984235 -1.0000000180025095e-35 3.1550000000000003e-06 0.0010938563780800697 0.0010322469954016243
decision_type=2 2 2 2 2 2 2 2 2 2 2 2 2 2 2 2 2 2 2 2 2 2 2 2 2 2 2 2 2 2
left_child=-1 3 -3 -2 5 7 9 8 -4 10 -7 -12 -13 -9 -6 16 -8 18 -18 20 -20 29 23 -23 25 26 -24 -26 -29 -22
right_child=1 2 4 -5 14 6 15 13 -10 -11 11 12 -14 -15 -16 -17 17 -19 19 -21 21 22 24 -25 27 -27 -28 28 -30 -31
leaf_value=-0.050047184298016127 0.012201858253499811 0.05621245438824455 0.014990957046840239 -0.034278275440492161 -0.032337627918415844 -0.045715556963067255 -0.0019942162924434965 0.027746020932848239 0.097431785330790069 -0.045539751867511212 0.076802363602716306 -0.054333510692035104 0.042266125211658269 -0.03746293232371041 0.024803999584688045 0.052441047149971588 -0.0028382031924707868 0.018372725460196027 -0.0030351617528332317 -0.014235034364430616 0.0089905375948408014 0.087610346523943269 0.020134070958334794 -0.0019887784350568266 0.088333226999869119 0.02306228924269552 0.14303693988207078 0.051150849019695833 0.0022608717211314096 -0.012680299112702421
leaf_weight=4.487829929275903 13.486579567193983 7.5543249659240237 7.4811275508254784 22.801251287572086 24.72740973811597 8.0809321599081176 1350.8244786323048 7.480147959664464 5.8998231180012226 16.192106136120856 4.490237155929206 3.8931241910904646 3.4587281011044979 5.712958134710787 4.8132630102336398 4.7100201770663253 540.44806552538648 66.448681650683284 197.06370830535889 61.208703428506851 187.54606918059289 16.310283698141578 4.6781976204365492 7.8355688918381921 4.6593222785741082 22.831874711439013 6.5247182399034482 13.814714550971983 181.3456238200888 81.564965437166393
leaf_count=5242 125 44 88 465 382 276 20385 70 60 349 85 85 43 103 46 31 9442 466 3775 945 2638 153 52 79 49 259 64 182 2074 996
internal_value=-0.00011282 -3.51131e-05 0.000181122 -0.0170037 3.20829e-05 0.000274454 3.26355e-05 0.0256077 0.0513401 -0.022907 -0.00451255 0.023604 -0.00888757 -0.000491152 -0.0230272 0.000334136 0.000244666 0.00241688 0.0016172 0.00468311 0.00628211 0.00976543 0.0174248 0.0585345 0.0131801 0.0456598 0.0917142 0.00764793 0.00572162 0.00242232
internal_weight=2888.37 2883.89 2847.6 36.2878 2840.04 2810.5 2783.93 26.5741 13.381 36.1151 19.923 11.8421 7.35185 13.1931 29.5407 2747.81 2743.1 1392.28 1325.83 785.384 724.175 527.111 258 24.1459 233.854 34.0348 11.2029 199.82 195.16 269.111
internal_count=49053 43811 43221 590 43177 42749 42428 321 148 838 489 213 128 173 428 41590 41559 21174 20708 11266 10321 6546 2912 232 2680 375 116 2305 2256 3634
is_linear=0
shrinkage=0.05


end of trees

feature_importances:
btc_1h_return_3=425
dist_ema_slow=180
stop_distance=176
trend_strength=166
btc_4h_return_3=162
btc_1h_trend_strength=141
hour_of_day=137
dist_ema_fast=113
volatility_lookback=111
atr_proxy=108
range_compression=105
atr_percentile=94
btc_1h_atr_percentile=85
day_of_week=60
atr_normalized_range=59
volume_percentile=58
mark_premium_mean_4=55
relative_volume=52
log_return_6=48
fvg_age_candles=45
funding_rate_abs=43
range_1=40
sol_return_3=39
btc_4h_trend_strength=38
log_return_3=36
funding_rate=36
funding_rate_mean_4=35
eth_return_3=33
btc_4h_atr_percentile=32
upper_wick_ratio=30
futures_pressure=30
sol_return_1=29
log_return_1=26
lower_wick_ratio=26
sol_volume_block=26
volume_zscore=24
mark_basis=22
body_ratio=18
rejection_volume_confirmation=16
eth_volume_block=16
sweep_depth_atr=15
session_london=12
ema_slow_slope=12
breakout_volume_confirmation=11
eth_return_1=10
fvg_size_atr=6
eth_trend=6
session_newyork=5
sweep_rejection_ratio=5
high_volatility_flag=5
sol_trend=5
volume_block_strength=4
sweep_volume_zscore=3
market_regime=3
mark_premium=3
btc_1h_trend_direction=3
session_asia=2
funding_rate_std_4=2
btc_4h_trend_direction=2
bullish_fvg_present=1

parameters:
[boosting: gbdt]
[objective: binary]
[metric: binary_logloss]
[tree_learner: serial]
[device_type: cpu]
[data_sample_strategy: bagging]
[data: ]
[valid: ]
[num_iterations: 500]
[learning_rate: 0.05]
[num_leaves: 31]
[num_threads: 2]
[seed: 42]
[deterministic: 0]
[force_col_wise: 0]
[force_row_wise: 0]
[histogram_pool_size: -1]
[max_depth: -1]
[min_data_in_leaf: 50]
[min_sum_hessian_in_leaf: 0.001]
[bagging_fraction: 0.9]
[pos_bagging_fraction: 1]
[neg_bagging_fraction: 1]
[bagging_freq: 0]
[bagging_seed: 400]
[bagging_by_query: 0]
[feature_fraction: 0.9]
[feature_fraction_bynode: 1]
[feature_fraction_seed: 30056]
[extra_trees: 0]
[extra_seed: 12879]
[early_stopping_round: 0]
[early_stopping_min_delta: 0]
[first_metric_only: 0]
[max_delta_step: 0]
[lambda_l1: 0]
[lambda_l2: 0]
[linear_lambda: 0]
[min_gain_to_split: 0]
[drop_rate: 0.1]
[max_drop: 50]
[skip_drop: 0.5]
[xgboost_dart_mode: 0]
[uniform_drop: 0]
[drop_seed: 17869]
[top_rate: 0.2]
[other_rate: 0.1]
[min_data_per_group: 100]
[max_cat_threshold: 32]
[cat_l2: 10]
[cat_smooth: 10]
[max_cat_to_onehot: 4]
[top_k: 20]
[monotone_constraints: ]
[monotone_constraints_method: basic]
[monotone_penalty: 0]
[feature_contri: ]
[forcedsplits_filename: ]
[refit_decay_rate: 0.9]
[cegb_tradeoff: 1]
[cegb_penalty_split: 0]
[cegb_penalty_feature_lazy: ]
[cegb_penalty_feature_coupled: ]
[path_smooth: 0]
[interaction_constraints: ]
[verbosity: -1]
[saved_feature_importance_type: 0]
[use_quantized_grad: 0]
[num_grad_quant_bins: 4]
[quant_train_renew_leaf: 0]
[stochastic_rounding: 1]
[linear_tree: 0]
[max_bin: 255]
[max_bin_by_feature: ]
[min_data_in_bin: 3]
[bin_construct_sample_cnt: 200000]
[data_random_seed: 175]
[is_enable_sparse: 1]
[enable_bundle: 1]
[use_missing: 1]
[zero_as_missing: 0]
[feature_pre_filter: 1]
[pre_partition: 0]
[two_round: 0]
[header: 0]
[label_column: ]
[weight_column: ]
[group_column: ]
[ignore_column: ]
[categorical_feature: ]
[forcedbins_filename: ]
[precise_float_parser: 0]
[parser_config_file: ]
[objective_seed: 16083]
[num_class: 1]
[is_unbalance: 0]
[scale_pos_weight: 1]
[sigmoid: 1]
[boost_from_average: 1]
[reg_sqrt: 0]
[alpha: 0.9]
[fair_c: 1]
[poisson_max_delta_step: 0.7]
[tweedie_variance_power: 1.5]
[lambdarank_truncation_level: 30]
[lambdarank_norm: 1]
[label_gain: ]
[lambdarank_position_bias_regularization: 0]
[eval_at: ]
[multi_error_top_k: 1]
[auc_mu_weights: ]
[num_machines: 1]
[local_listen_port: 12400]
[time_out: 120]
[machine_list_filename: ]
[machines: ]
[gpu_platform_id: -1]
[gpu_device_id: -1]
[gpu_device_id_list: ]
[gpu_use_dp: 0]
[num_gpu: 1]

end of parameters

pandas_categorical:[]
