tree
version=v4
num_class=1
num_tree_per_iteration=1
label_index=0
max_feature_idx=64
objective=binary sigmoid:1
feature_names=log_return_1 log_return_3 log_return_6 range_1 atr_proxy volatility_lookback hour_of_day day_of_week session_asia session_london session_newyork volume_zscore relative_volume volume_percentile body_ratio upper_wick_ratio lower_wick_ratio atr_normalized_range stop_distance dist_ema_fast dist_ema_slow trend_strength trend_direction ema_slow_slope sweep_high_detected sweep_low_detected sweep_depth_atr sweep_rejection_ratio sweep_volume_zscore bullish_fvg_present bearish_fvg_present fvg_size_atr fvg_age_candles price_inside_fvg breakout_volume_confirmation rejection_volume_confirmation volume_block_strength atr_percentile range_compression high_volatility_flag market_regime funding_rate funding_rate_abs funding_rate_mean_4 funding_rate_std_4 mark_basis mark_premium mark_premium_mean_4 futures_pressure btc_return_1 btc_return_3 btc_trend btc_volume_block eth_return_1 eth_return_3 eth_trend eth_volume_block btc_1h_trend_direction btc_1h_trend_strength btc_1h_return_3 btc_1h_atr_percentile btc_4h_trend_direction btc_4h_trend_strength btc_4h_return_3 btc_4h_atr_percentile
feature_infos=[-0.061285913393805867:0.096476662990186007] [-0.16848398472608775:0.13430291005597131] [-0.15791777552631686:0.21791796400464847] [0.00083375020843750474:0.22179743223965767] [0:11.583571428571432] [0:0.033661787607931919] [0:23] [0:6] [0:1] [0:1] [0:1] [-2.3508725175431771:4.2387609802192934] [0.090446948233763272:92730.399999999994] [0:1] [0:1] [0:0.98550724637682474] [0:1] [0:8.1632503660321998] [0:0.061366663639390931] [-0.11765806072988561:0.092662534929126752] [-0.1604500645783585:0.13237262304583472] [-0.045541621547653635:0.051394847415047906] [-1:1] [-0.013826537606050076:0.015256851796278399] [0:1] [0:1] [0:3.254777070063692] [0:0.98596491228069472] [-1.7731015701273372:8.2422932639867401] [0:1] [0:1] [0:4.5809086268504373] [0:999] [-1:1] [0:4.2269150523957961] [0:4.1195208523247207] [0:4.5316027421448242] [0:1] [0:0.53045112781954784] [0:1] [-1:1] [-0.0050000000000000001:0.0013873100000000001] [0:0.0050000000000000001] [-0.0050000000000000001:0.0013873100000000001] [0:0.0029020222605681953] [-0.028114236064420733:0.0028910020547618441] [-0.028114236064420733:0.0028910020547618441] [-0.01321735960116086:0.0025247530996766084] [-0.028140686064420734:0.0041732545133279396] [-0.047965858971904363:0.031568184591943091] [-0.078009406844934195:0.063346432335985012] [-1:1] [0:4.309937392268882] [-0.099789740127447749:0.093010238747904317] [-0.13729346134722348:0.10986901874042833] [-1:1] [0:4.5524963345642142] [-1:1] [-0.045485637974321438:0.027153173533924255] [-0.075982633830520577:0.10077106503998827] [0:1] [-1:1] [-0.058533161656173976:0.039273273349937049] [-0.12497771883709037:0.091067112082388726] [0:1]
tree_sizes=3412 3505 3493 3508 3502 3502 3509 3525 3529 3493 3502 3510 3535 3514 3523 3525 3519 3560 3507 3543 3519 3554 3527 3534 3533 3542 3531 3559 3501 3528 3521 3514 3550 3483 3548 3536 3544 3507 3520 3520 3539 3534 3553 3535 3537 3514 3534 3514 3540 3542 3543 3504 3515 3554 3496 3525 3521 3531 3519 3525 3507 3558 3523 3539 3550 3526 3533 3512 3525 3514 3538 3528 3504 3499 3512 3528 3515 3489 3514 3513 3497 3517 3532 3494 3537 3547 3513 3526 3496 3524 3554 3514 3520 3482 3495 3512 3539 3490 3488

Tree=0
num_leaves=31
num_cat=0
split_feature=36 63 21 63 58 52 19 54 17 21 58 37 21 48 37 54 63 17 10 38 63 43 58 0 58 32 43 6 15 62
split_gain=207.091 141.093 72.1491 60.9393 47.4253 56.5451 40.6561 35.9732 32.5171 32.2263 31.1301 29.8642 37.5198 35.8583 29.4284 27.9268 27.6424 32.2305 27.6136 30.8779 26.9709 27.7012 26.7326 25.9234 24.9911 23.0225 21.9007 21.4709 21.3252 20.1763
threshold=0.054188206549203831 0.0046436482666342132 -0.0039696899979757899 0.0071557608011686381 0.0017058559757860481 0.61938017234926179 0.00020708943733081176 -0.011861003953306982 0.69268560854931327 0.0058752727055030882 0.0025252702840340732 0.15915394440291883 0.0017965554603122087 -0.0004089081482452707 0.19496033488021439 0.024578880264538919 0.02271896200263487 1.1646008380317003 1.0000000180025095e-35 0.35085609094455145 0.02271896200263487 3.750000000000136e-06 -0.010171515760915106 -0.00085526325537538955 -0.0028659384871458902 3.5000000000000004 -0.0001579787499999999 15.500000000000002 0.12146194926568622 0.00041425718126154469
decision_type=2 2 2 2 2 2 2 2 2 2 2 2 2 2 2 2 2 2 2 2 2 2 2 2 2 2 2 2 2 2
left_child=1 2 -1 4 7 6 -6 22 -4 16 11 -3 13 23 20 18 28 -18 -7 27 21 -12 -2 -13 -10 -22 -9 -20 -5 -26
right_child=3 10 8 9 5 15 -8 26 24 -11 14 12 -14 -15 -16 -17 17 -19 19 -21 25 -23 -24 -25 29 -27 -28 -29 -30 -31
leaf_value=-1.9432206043907989 -1.8269797221208344 -1.9042597971214104 -1.9306891481701953 -1.8370514083114982 -1.9266953489629699 -1.89359473314647 -1.8912516839058131 -1.8736679685922193 -1.9314597748590601 -1.9217393727654077 -1.8184380152191228 -1.744037667421372 -1.8901219915407625 -1.8860148103276007 -1.9200424884989542 -1.7668634051923324 -1.8975190839268679 -1.7702773273690466 -1.8529655552650692 -1.7496718685167356 -1.7458839028085533 -1.9213658850150777 -1.8941502373459935 -1.8342697693328078 -1.9144169523421297 -1.8837658545863905 -1.9146254031553855 -1.9049784625522117 -1.8886867348091301 -1.9338114656402272
leaf_weight=514.34073981642723 17.786032542586327 56.602090984582901 885.27460089325905 29.755249410867691 144.18991161882877 128.19366851449013 184.34831213951111 33.670413807034492 332.11780263483524 25.280775815248489 8.7252235114574415 13.311558946967123 48.771762192249298 17.786032542586327 115.77700428664684 5.8168156743049613 7.2710195928812054 15.772519424557684 79.86935368180275 6.0405393540859214 6.5998485535383207 26.06380869448185 88.594577193260193 19.799545660614967 1368.6296110600233 5.5930919945240021 1065.148439437151 26.39939421415329 60.964702740311623 148.66438521444798
leaf_count=4598 159 506 7914 266 1289 1146 1648 301 2969 226 78 119 436 159 1035 52 65 141 714 54 59 233 792 177 12235 50 9522 236 545 1329
internal_value=-1.9158 -1.92292 -1.92604 -1.90256 -1.90505 -1.89323 -1.90681 -1.91068 -1.92281 -1.87068 -1.89119 -1.87525 -1.85878 -1.82875 -1.9065 -1.87512 -1.85933 -1.81043 -1.87774 -1.85964 -1.87312 -1.89555 -1.88292 -1.79799 -1.91904 -1.80913 -1.91337 -1.86589 -1.87175 -1.91632
internal_weight=5487.16 3568.06 3249.03 1919.1 1780.06 574.858 328.538 1205.2 2734.69 139.044 319.03 156.271 99.6689 50.8971 162.759 246.32 113.763 23.0435 240.503 112.309 46.982 34.789 106.381 33.1111 1849.41 12.1929 1098.82 106.269 90.72 1517.29
internal_count=49053 31897 29045 17156 15913 5139 2937 10774 24447 1243 2852 1397 891 455 1455 2202 1017 206 2150 1004 420 311 951 296 16533 109 9823 950 811 13564
is_linear=0
shrinkage=1


Tree=1
num_leaves=31
num_cat=0
split_feature=36 63 21 63 52 58 21 17 21 58 37 58 37 21 48 58 6 38 63 17 54 10 38 54 50 15 64 63 18 1
split_gain=185.9 126.294 67.3964 52.0119 41.904 45.1316 34.0419 29.9157 27.0083 26.5092 25.6417 25.3676 24.7171 29.6342 27.0103 22.8953 22.4937 21.4293 21.2157 23.7135 20.0908 19.515 22.209 19.3943 18.8482 20.1769 19.3594 18.6969 31.2451 18.6102
threshold=0.054188206549203831 0.0046436482666342132 -0.0039696899979757899 0.0071557608011686381 0.74125121039953901 0.0017058559757860481 0.0015612117177034434 0.69268560854931327 0.0058752727055030882 0.0025252702840340732 0.0622626832726638 -0.0093874811741136051 0.15915394440291883 0.0017965554603122087 -0.0004089081482452707 -0.0028659384871458902 2.5000000000000004 0.28978534418949303 0.02271896200263487 1.1646008380317003 0.024578880264538919 1.0000000180025095e-35 0.35085609094455145 0.0004020668098901155 -0.0009625829736455892 0.081081081081083792 0.53398515311945249 0.031215529652027212 0.0070170751510038902 0.00033179601631695216
decision_type=2 2 2 2 2 2 2 2 2 2 2 2 2 2 2 2 2 2 2 2 2 2 2 2 2 2 2 2 2 2
left_child=1 2 -1 4 6 11 16 -4 18 12 -11 -6 -3 14 -14 29 -2 -8 24 -20 21 23 -23 -7 26 -26 -5 -12 -29 -9
right_child=3 9 7 8 5 20 17 15 -10 10 27 -13 13 -15 -16 -17 -18 -19 19 -21 -22 22 -24 -25 25 -27 -28 28 -30 -31
leaf_value=-0.026601765680125913 0.019330404873378785 0.010867859133454956 -0.0143059891301901 0.035466263847176473 0.05728330045058231 -0.0016180340109874557 0.011950695827818408 -0.0031862798728713158 -0.0056674270842886161 0.060015632585468173 -0.006963290486646641 0.0081854938106018845 0.10239415388858319 0.023923204575746204 0.027663486548739475 -0.00049155474545118651 -0.0065720272436219571 0.052090793119157465 0.017127567039783541 0.12401660076845378 0.12599331269779215 0.0445664473108889 0.13947209976348704 0.039082899571439157 0.076893939810057224 0.0096847720468813559 0.11566537744187821 0.11819900250224141 -0.001390269025467268 -0.026996600320088323
leaf_weight=503.92130771279335 97.764219850301743 57.088902741670609 875.50947234034538 16.096805974841121 27.830405227839947 52.764831900596619 329.99452444165945 164.63023000955582 25.169321343302727 21.225600302219391 118.99783950299025 481.06760782003403 36.093087263405323 49.707966387271881 18.18240675330162 1516.7198284044862 587.39730617403984 36.975497849285603 7.3702264204621342 17.531278900802135 6.2318220734596244 102.1411407738924 6.5602345466613761 65.728605255484581 14.459626227617262 49.040800511837006 14.130248725414274 8.5343078225851077 15.171003028750418 163.63515138626099
leaf_count=4598 872 506 7914 139 241 464 2926 1489 226 183 1062 4285 296 436 159 13564 5237 328 65 141 50 880 52 578 122 428 122 75 135 1480
internal_value=-1.09332e-05 -0.00681146 -0.00980578 0.0124425 0.0101239 0.0192203 0.00370598 -0.00669464 0.0413763 0.022896 0.00874103 0.0108705 0.037302 0.0518148 0.0773592 -0.00308279 -0.00287607 0.0159952 0.0513575 0.0923801 0.0374237 0.0349943 0.0502941 0.0209589 0.0404586 0.0249889 0.072957 0.00111447 0.0416639 -0.0150554
internal_weight=5487.67 3549.42 3224.42 1938.25 1794.46 742.325 1052.13 2720.49 143.798 325.001 163.929 508.898 161.072 103.983 54.2755 1844.99 685.162 366.97 118.629 24.9015 233.427 227.195 108.701 118.493 93.7275 63.5004 30.2271 142.703 23.7053 328.265
internal_count=49053 31897 29045 17156 15913 6550 9363 24447 1243 2852 1455 4526 1397 891 455 16533 6109 3254 1017 206 2024 1974 932 1042 811 550 261 1272 210 2969
is_linear=0
shrinkage=0.05


Tree=2
num_leaves=31
num_cat=0
split_feature=59 17 12 59 4 50 21 51 11 21 19 50 59 63 21 63 63 59 59 5 6 6 17 58 21 6 60 4 47 5
split_gain=466.578 131.291 92.0423 85.1492 125.024 78.9252 66.9451 62.3343 83.9762 54.3531 52.9964 39.9025 50.4637 39.805 37.9523 35.0159 34.8125 34.2475 30.8978 44.4685 30.2039 30.4687 31.7534 29.4562 28.9146 35.0934 31.2809 28.3759 28.3014 27.0299
threshold=0.0028031250996612711 0.69268560854931327 0.8887673825627741 0.011294299539410612 0.96357142857143241 0.0011357463414998303 0.0018372879064171479 1.0000000180025095e-35 -0.076611005386632569 -0.0038890526023711274 0.0030441902453224199 -0.0048206049839715397 -0.0066482548875867924 0.0048463444555535183 0.0024447552858232963 0.003413223854456388 0.018664359187491427 -0.0024226649129499987 0.01852754674717744 0.0065060941951526436 15.500000000000002 12.500000000000002 1.017629386155954 -0.0011431522049325396 0.0046149308952147935 14.500000000000002 0.024390034410514145 0.96785714285714486 -0.00038841848660567602 0.0062774191902462409
decision_type=2 2 2 2 2 2 2 2 2 2 2 2 2 2 2 2 2 2 2 2 2 2 2 2 2 2 2 2 2 2
left_child=2 -2 9 5 14 7 13 8 -3 -1 -10 17 -13 18 -5 -11 20 29 -6 -20 21 -9 -23 -7 25 26 -25 -24 -18 -4
right_child=1 3 11 4 6 23 -8 16 10 15 -12 12 -14 -15 -16 -17 28 -19 19 -21 -22 22 27 24 -26 -27 -28 -29 -30 -31
leaf_value=-0.034187800645476614 -0.0027729872718068979 0.039879991930712157 -0.00017347550867556914 0.18257376431925426 0.043194699336013886 -0.0080490752138887428 0.019306029709763379 0.027122218995940053 0.17264727563539289 -0.015494236547018682 0.0083377659911373758 -0.02630539628499113 -0.00052970666390693194 0.19746328898602789 0.093639437133980652 0.00881486203066883 0.15337256848835587 0.062798175069981615 0.22465820833357505 0.032495905774980932 0.0048056711234818056 0.017014284161058196 0.14665451417164593 -0.0087439648623456722 -0.0088364188092489703 0.00032361384321072921 0.044429325427229195 0.05361791692637681 0.016291145212501763 0.037122880054838124
leaf_weight=374.69703011214733 421.51158966124058 59.20072416216135 189.10728406906128 16.853833466768265 33.298520095646381 160.3332769498229 150.15238401293755 216.35336311906576 25.420773901045326 1537.05396912992 6.0815527737140647 226.71436646580696 1169.0296830907464 6.8394364640116683 41.620101384818554 163.93831725418568 9.9213895201683027 34.055141031742096 6.5565792322158796 5.5667190849781036 116.50357755273581 18.131910100579262 16.160181567072868 32.802712179720402 83.084177985787392 102.02914470434189 176.37761906534433 16.628987103700638 6.0681025832891455 65.372712187469006
leaf_count=3478 3827 536 1662 146 297 1441 1313 1917 225 13882 54 2021 10363 56 360 1427 82 298 58 50 1036 161 142 289 728 901 1540 145 52 566
internal_value=-1.95068e-05 0.02149 -0.00990191 0.0293209 0.054874 0.0229421 0.0362702 0.0375536 0.074975 -0.0169488 0.140927 -0.0012174 -0.00471652 0.0850102 0.119273 -0.0131514 0.0290631 0.0157091 0.0680775 0.136422 0.0260514 0.0353122 0.07011 0.0100208 0.0173687 0.0243647 0.0360909 0.0994711 0.101349 0.00940749
internal_weight=5487.47 1727.5 3759.97 1305.99 260.888 1045.1 202.414 490.471 90.7031 2075.69 31.5023 1684.28 1395.74 52.2613 58.4739 1700.99 399.768 288.535 45.4218 12.1233 383.778 267.274 50.9211 554.627 394.294 311.209 209.18 32.7892 15.9895 254.48
internal_count=49053 15356 33697 11529 2280 9249 1774 4350 815 18787 279 14910 12384 461 506 15309 3535 2526 405 108 3401 2365 448 4899 3458 2730 1829 287 134 2228
is_linear=0
shrinkage=0.05


Tree=3
num_leaves=31
num_cat=0
split_feature=59 17 12 59 18 21 54 58 21 59 19 54 59 47 6 38 6 51 12 58 2 58 42 38 50 59 63 43 12 53
split_gain=416.575 113.95 84.8722 71.7294 66.845 51.6517 48.8844 49.36 62.6183 54.8103 47.9157 47.5358 45.6305 42.0039 41.639 36.4956 35.5809 48.8754 37.9293 33.1896 31.4795 27.1952 26.8289 26.4712 25.164 24.8868 27.4922 24.1019 26.6233 23.629
threshold=0.0028031250996612711 0.69268560854931327 0.8887673825627741 0.006596975687003675 0.0038721514162434003 -0.0027736360833274304 -0.0097992245868864097 -0.0017527210085536782 0.0038456613153714657 0.01536043669547585 -0.00060652133869665986 -0.0090017932853699318 -0.00030104361721224477 0.0005946769492625577 17.500000000000004 0.273809523809522 15.500000000000002 1.0000000180025095e-35 0.77072573555938373 -0.0011431522049325396 -0.007613518360924971 0.000599583952419318 0.00010376500000000001 0.33099008834302823 0.0089020157314631202 -0.0071845546946504883 0.0093329035840909996 -7.8824999999998657e-06 0.61724056534866556 -0.00042384350778285187
decision_type=2 2 2 2 2 2 2 2 2 2 2 2 2 2 2 2 2 2 2 2 2 2 2 2 2 2 2 2 2 2
left_child=2 23 5 10 21 -1 -6 15 9 14 16 -4 -13 24 27 -8 17 18 -3 -12 22 -5 -14 -2 29 -7 -27 -9 -29 -11
right_child=1 3 11 4 6 25 7 8 -10 13 19 12 20 -15 -16 -17 -18 -19 -20 -21 -22 -23 -24 -25 -26 26 -28 28 -30 -31
leaf_value=-0.029818332061530967 -0.005150597194713673 0.036462634212342804 0.019887530325891221 0.05749306459354523 0.13659591454640871 -0.034062319518048424 -0.0065512282271049608 0.10121208751857723 0.023413685364967574 0.083070103727521258 -0.012218269960100864 -0.010674200337969002 0.031682070729413349 -0.0045687608334232964 0.0075405145007505121 0.052693376529951812 0.0065652530332182008 0.034647318956907668 0.14928919557959094 0.016264887506163474 0.0038750275292638008 0.15776768423659698 0.1403825926877425 0.060024102965709383 0.073263526811404842 -0.011443592214498421 0.020346596161560891 -0.0055979899826892228 0.062112046989481723 0.19364722337075499
leaf_weight=526.30967146903276 404.43445830792189 11.713616408407686 231.34339654445648 11.723048590123655 11.819533988833426 114.53671853989363 105.9309179931879 31.080925047397614 228.32158420234919 6.7132908403873435 137.24303245544434 979.11792565882206 42.054916404187679 6.5418835505843154 46.01866389811039 34.447788335382938 53.029512830078602 75.717300720512867 20.459335319697857 401.3988075107336 423.70481403917074 15.976532325148581 6.5622480362653723 16.203748390078545 11.73222468793392 1336.9561068788171 71.653332374989986 17.299031615257263 90.293049536645412 17.232539147138599
leaf_count=4949 3680 104 2005 102 100 1042 935 262 1957 55 1225 8731 372 55 401 302 467 651 167 3472 3745 133 57 147 93 12180 616 151 760 137
internal_value=-3.51024e-05 0.0200527 -0.0094827 0.0272044 0.0393694 -0.0163149 0.0359055 0.0339074 0.0419003 0.0605019 0.0161599 -0.00116175 -0.00451677 0.111899 0.0487527 0.00798691 0.0401009 0.0565841 0.108211 0.00900753 0.00824751 0.115329 0.0463543 -0.00263995 0.133254 -0.011649 -0.00982648 0.062429 0.0512254 0.162647
internal_weight=5487.57 1755.33 3732.24 1334.69 635.131 2049.46 607.431 595.612 455.233 226.912 699.562 1682.78 1451.44 42.2199 184.692 140.379 160.92 107.89 32.173 538.642 472.322 27.6996 48.6172 420.638 35.6781 1523.15 1408.61 138.673 107.592 23.9458
internal_count=49053 15356 33697 11529 5443 18787 5208 5108 3871 1914 6086 14910 12905 340 1574 1237 1389 922 271 4697 4174 235 429 3827 285 13838 12796 1173 911 192
is_linear=0
shrinkage=0.05


Tree=4
num_leaves=31
num_cat=0
split_feature=59 17 12 59 18 50 51 11 21 54 59 21 2 34 20 63 63 50 7 41 38 34 59 20 5 62 51 64 19 6
split_gain=372.456 99.2965 78.204 63.191 90.3694 65.4437 49.8817 51.1235 49.5915 42.4467 43.5739 40.3219 34.2241 32.6676 31.1862 30.5128 27.3446 26.6776 26.001 26.0411 34.7519 25.6794 25.2499 24.083 23.7221 23.7784 23.2444 29.5246 22.8043 22.5553
threshold=0.0028031250996612711 0.69268560854931327 0.8887673825627741 0.011294299539410612 0.0060794618351543385 0.0019687912249701611 1.0000000180025095e-35 -0.076611005386632569 -0.0038890526023711274 -0.0090017932853699318 -0.0066482548875867924 0.0018372879064171479 -0.0077662290638070104 0.49863792959967906 0.011870351649802409 0.003413223854456388 0.0038118163628775305 -0.0035642770380600306 1.5000000000000002 -3.0834999999999992e-05 0.16773537388609178 0.31345226184331426 0.0062841889570895825 0.0012359338772994363 0.0031474771077017812 0.0035615928592654341 1.0000000180025095e-35 0.2288982921320839 0.0036595187257095342 15.500000000000002
decision_type=2 2 2 2 2 2 2 2 2 2 2 2 2 2 2 2 2 2 2 2 2 2 2 2 2 2 2 2 2 2
left_child=2 24 8 5 14 6 7 -3 -1 -4 -11 28 -9 16 21 -10 29 -12 -13 20 -20 -5 -15 -18 25 -2 27 -17 -6 -8
right_child=1 3 9 4 11 -7 13 12 15 10 17 18 -14 22 -16 26 23 -19 19 -21 -22 -23 -24 -25 -26 -27 -28 -29 -30 -31
leaf_value=-0.032614516611790823 0.011364093226367798 0.033837939233052207 0.018613379181724336 0.093129691389169683 0.099938782116081773 0.0049071333806715509 0.021558012220934716 0.17662140143879621 -0.014319165011549648 -0.022504946623647541 0.023799512720447929 -0.006294132003117338 0.075937717886154027 0.03400069988048434 0.046542388746751845 0.14568164987922866 0.086323601531160324 -0.0025313548808727901 0.18410185122767017 0.018081604776421428 0.0441221813594843 0.17147614891464391 0.10373019836227833 0.02650720568277461 -0.0092006982531914663 0.099864312402716524 -0.0017865744147208336 0.023770752380322696 0.035529591685453658 -0.0045075036177644823
leaf_weight=356.88323854655027 92.619291536509991 76.528485797345638 234.73034477978945 33.852996647357941 26.444487452507019 437.80362114310265 270.12249188125134 11.213159799575804 1502.5549678355455 268.05073335021734 105.67020410299301 68.584187477827072 34.130279324948788 35.860168479382992 22.796591117978096 5.9044832065701476 25.180711060762405 1072.8813864141703 5.9860741123557117 61.081878110766411 17.100011311471462 15.134822256863115 20.350370220839977 50.722904570400715 318.93111395090818 8.2673504874110204 127.7939466163516 31.258109234273434 28.610038481652737 119.80633920431137
leaf_count=3478 843 668 2005 265 211 3771 2309 83 13882 2440 927 577 271 302 181 52 203 9538 50 514 142 112 166 420 2910 74 1106 269 228 1056
internal_value=-4.75705e-05 0.0187428 -0.009079 0.0252988 0.046488 0.0198221 0.0299629 0.0587652 -0.0156985 -0.00110881 -0.004309 0.0297808 0.100836 0.0232389 0.0948533 -0.0120781 0.0188941 -0.000170501 0.0165583 0.0351796 0.080418 0.117335 0.0592455 0.046351 -0.00251595 0.0186164 0.00833486 0.0431403 0.0664674 0.0135493
internal_weight=5486.85 1781.13 3705.73 1361.31 279.591 1081.72 643.915 121.872 2024.39 1681.33 1446.6 207.807 45.3434 522.043 71.7844 1667.51 465.832 1178.55 152.752 84.168 23.0861 48.9878 56.2105 75.9036 419.818 100.887 164.957 37.1626 55.0545 389.929
internal_count=49053 15356 33697 11529 2280 9249 5478 1022 18787 14910 12905 1722 354 4456 558 15309 3988 10465 1283 706 192 377 468 623 3827 917 1427 321 439 3365
is_linear=0
shrinkage=0.05


Tree=5
num_leaves=31
num_cat=0
split_feature=59 17 54 59 59 21 50 63 58 52 51 12 59 51 62 4 64 50 4 59 21 6 37 0 4 59 54 1 58 19
split_gain=335.45 104.462 63.908 58.4662 56.3314 54.8998 46.1495 43.142 41.9302 37.8312 36.8867 45.4366 36.6317 31.5794 39.7564 31.3304 30.5849 28.1966 28.1055 27.6803 49.5 45.018 28.7991 28.7545 25.7071 25.3291 24.7956 23.9567 23.7861 23.7447
threshold=0.0014959679796962119 0.91661463429307199 -0.0090017932853699318 -0.0066482548875867924 0.011294299539410612 0.0038456613153714657 0.0016893087603568324 0.0026429310381564661 -0.0011431522049325396 0.0032113156674652955 1.0000000180025095e-35 0.97856836393058944 0.0051794183008830527 1.0000000180025095e-35 0.0025447935243963376 1.0957142857142876 0.43535830214069543 0.00043939252980098052 0.75642857142857023 0.0072787511613084796 0.0060138355817592999 16.500000000000004 0.069552072036546619 -0.0016430427806786334 0.84071428571429163 -0.010375813110932755 0.0081713487190494781 -0.0025471331819778551 -0.010171515760915106 -0.016647246366172628
decision_type=2 2 2 2 2 2 2 2 2 2 2 2 2 2 2 2 2 2 2 2 2 2 2 2 2 2 2 2 2 2
left_child=2 8 25 -4 6 15 10 9 -2 -5 11 -3 -12 14 16 26 -9 -11 -14 22 21 -21 23 -10 -7 28 -6 -18 -1 -27
right_child=1 4 3 7 5 24 -8 13 19 17 12 -13 18 -15 -16 -17 27 -19 -20 20 -22 -23 -24 -25 -26 29 -28 -29 -30 -31
leaf_value=0.041815830577429276 -0.0095889309717030607 0.021199596321426036 -0.027122357626507554 -0.015784602330038162 0.13869717318718269 0.090101138099221378 0.0073479932589575088 0.12834955430714906 0.10568330312943047 0.0055485436142592099 0.01194924778764042 0.082742628963540024 0.079957610646675281 -0.00073395731369223791 -0.001655416053566925 0.054030410165035618 0.1123243066332883 -0.016476694261420337 0.029889972088249308 0.062067558893528718 -0.0066290173855084334 0.010002543623117579 -0.0012474515245071414 0.019335368869853757 0.015879520459207142 0.10946429387044943 0.046111751312381578 0.00011205370273735716 -0.012678779927967593 0.022503470747220908
leaf_weight=24.49309991300106 377.29329028725624 55.809512332081795 560.50715832412243 1488.3807281777263 27.034279860556126 13.3690989613533 391.79772061109543 15.56186708062887 11.0253439694643 455.92190697789192 268.71128966659307 64.827994041144848 38.239660941064358 156.10331315547228 31.188346862792969 53.43512998521328 7.0393067300319681 213.28820366412401 104.97991190850735 97.361365035176277 86.374801881611347 72.384708642959595 429.52498570084572 76.811546817421913 91.593079641461372 8.3556678071618062 9.8722841814160329 14.667171791195869 109.75020325183868 129.66071771085262
leaf_count=205 3411 489 5316 13831 185 100 3354 132 97 4113 2308 507 308 1350 270 414 59 1929 871 823 760 633 3816 682 751 70 71 126 946 1126
internal_value=-5.78257e-05 0.0146555 -0.0104487 -0.012593 0.0255284 0.0499271 0.0203733 -0.00917431 0.00407652 -0.0113451 0.0299557 0.0542715 0.0228346 0.0116828 0.0399969 0.0785012 0.0748541 -0.00147126 0.043258 0.0107423 0.0241856 0.0398655 0.0040872 0.0301738 0.0253332 0.0127274 0.113931 0.0365019 -0.00273607 0.0277682
internal_weight=5485.36 2270.45 3214.92 2942.66 1119.67 195.304 924.366 2382.15 1150.78 2157.59 532.568 120.638 411.931 224.56 68.4567 90.3417 37.2683 669.21 143.22 773.483 256.121 169.746 517.362 87.8369 104.962 272.26 36.9066 21.7065 134.243 138.016
internal_count=49053 19580 29473 27126 9358 1521 7837 21810 10222 19873 4483 996 3487 1937 587 670 317 6042 1179 6811 2216 1456 4595 779 851 2347 256 185 1151 1196
is_linear=0
shrinkage=0.05


Tree=6
num_leaves=31
num_cat=0
split_feature=59 17 12 59 4 59 63 20 19 54 54 59 58 58 59 20 37 55 58 59 38 59 38 51 4 37 60 47 11 43
split_gain=302.612 90.155 66.8085 60.7546 62.4832 44.1249 40.2328 39.6948 37.9817 37.7057 35.672 32.7489 31.9869 31.3223 30.1715 30.6732 28.3531 25.4704 31.1516 26.5825 25.241 25.2196 24.8669 24.7852 21.2514 23.5537 24.5488 20.9795 20.928 20.8468
threshold=0.0020834252699766845 0.69268560854931327 0.8887673825627741 0.006596975687003675 0.864999999999993 0.013687506501497375 0.003413223854456388 0.0060288169143455214 -0.00060652133869665986 -0.0078761162731471965 -0.0097992245868864097 -0.0066482548875867924 0.0056688708052233154 -0.0011431522049325396 -0.0024226649129499987 -0.016094449959863543 0.21818181818181859 1.0000000180025095e-35 -0.0024571388048944165 0.01536043669547585 0.24620339134016955 0.026721717344316647 0.22416031525408278 1.0000000180025095e-35 1.393571428571422 0.24531431478089047 0.35649065290006926 -0.00026201023671539053 0.81571510047980145 9.2841250000000018e-05
decision_type=2 2 2 2 2 2 2 2 2 2 2 2 2 2 2 2 2 2 2 2 2 2 2 2 2 2 2 2 2 2
left_child=2 -2 6 8 5 7 11 16 12 -4 -6 -1 -3 -10 -11 -16 -5 19 -19 -12 -13 24 -23 -15 -20 26 -26 -22 29 -18
right_child=1 3 9 4 10 -7 -8 -9 13 14 17 20 -14 23 15 -17 28 18 21 -21 27 22 -24 -25 25 -27 -28 -29 -30 -31
leaf_value=-0.033186071324501257 -0.0041330283793137744 0.036107719037748225 0.014794306892971188 0.10004659572356261 0.10341202858420254 0.11754497187495572 0.0085621432113969862 0.020556380831891815 -0.012176182627030406 -0.013444887670931141 0.030827948969742926 -0.020255425589494142 -0.023163352889017053 0.041109155248035774 0.1131316402144216 0.00089238349775948777 -0.0054355414354146413 -0.019509027744647182 0.02602390146087042 0.095830947795635446 -0.011035404558605884 0.036766280870213046 0.1404552305933276 0.0083102999235474938 -0.022325154626850186 -0.014175032581285283 0.087858348823051866 0.014391783478425567 0.11703166276718227 0.098162344815466332
leaf_weight=292.75760470330715 477.01248616725206 209.04365584254265 284.39846082776785 41.763977147638798 13.457442343235014 26.27293635904789 155.89925738424063 71.714408583939075 171.25461765378714 605.18682431429625 85.742805428802967 835.32934024184942 25.544359408318996 66.010700076818466 6.1426419392228118 673.0397082939744 20.745119698345665 55.983137898147106 200.66066937893629 19.260901391506195 450.66264831274748 20.913968764245514 7.9918155893683425 452.01528857648373 8.2821132540702838 81.442890055477619 12.974491149187086 98.929699383676052 6.7816667780280104 6.3400509655475608
leaf_count=2909 4358 1734 2405 325 98 178 1342 567 1526 5544 707 7965 210 554 53 5991 170 479 1611 144 4252 166 60 3835 67 668 105 932 50 48
internal_value=-6.70139e-05 0.014951 -0.00925353 0.0206257 0.0319648 0.0578514 -0.0157343 0.0472075 0.0122758 -0.0016788 0.0230951 -0.0179921 0.0296537 0.00636141 -0.00532645 0.00190749 0.0724785 0.0209038 0.014995 0.0427515 -0.0147802 0.0208085 0.065434 0.0124898 0.0165563 -0.00194195 0.0449281 -0.00645837 0.038482 0.0188145
internal_weight=5483.56 2081.21 3402.35 1604.2 680.328 173.618 1833.58 147.345 923.869 1568.77 506.71 1677.68 234.588 689.281 1284.37 679.182 75.6308 493.253 388.249 105.004 1384.92 332.266 28.9058 518.026 303.36 102.699 21.2566 549.592 33.8668 27.0852
internal_count=49053 17660 31393 13302 5443 1338 17400 1160 7859 13993 4105 16058 1944 5915 11588 6044 593 4007 3156 851 13149 2677 226 4389 2451 840 172 5184 268 218
is_linear=0
shrinkage=0.05


Tree=7
num_leaves=31
num_cat=0
split_feature=59 17 17 59 21 63 63 4 59 63 49 59 50 64 4 21 59 64 45 19 21 19 59 57 21 64 63 54 60 21
split_gain=273.048 83.2566 58.9983 43.129 56.6143 37.4646 31.5717 30.0578 50.8337 29.6754 29.5548 28.383 26.8552 25.8112 25.6241 27.4835 27.0186 24.9556 23.7818 22.6918 22.5903 22.5607 22.4182 24.4688 30.4649 29.9774 25.6281 21.9397 20.0877 19.5823
threshold=0.0014959679796962119 0.91661463429307199 1.102600467300612 0.0073979957845853586 0.0038456613153714657 0.020846523110225709 0.0099538090200770035 0.93357142857142927 0.0080378432040989073 0.00025164638960737453 -0.0034535732049443342 -0.0066482548875867924 0.0012321956988896297 1.0000000180025095e-35 0.864999999999993 -0.00032839971672525401 0.017149476301002154 0.027366463714018952 -0.00017758224563499715 0.0017355865916682536 -0.0014066886398135126 -0.0018079560856315948 0.0068234327726805566 1.0000000180025095e-35 0.0060138355817592999 0.57997255579889651 0.0096997225987419198 -0.0086760859309994772 0.76533575984799873 0.0076199472215635273
decision_type=2 2 2 2 2 2 2 2 2 2 2 2 2 2 2 2 2 2 2 2 2 2 2 2 2 2 2 2 2 2
left_child=2 7 6 5 14 12 11 8 13 10 -4 -1 17 -2 15 -5 21 -3 -18 -9 -15 -16 -21 26 25 -25 -24 -13 -8 -19
right_child=1 3 9 4 -6 -7 28 19 -10 -11 -12 27 -14 20 16 -17 18 29 -20 22 -22 -23 23 24 -26 -27 -28 -29 -30 -31
leaf_value=-0.027440376047266041 0.10681979592318505 0.10753745625801857 0.017037778686985399 0.16404548038095487 0.014330318024166797 0.086661737533988314 0.033711560819076329 0.0074291024528002902 0.056209495767360278 0.024482957052469528 -0.0067321411201927851 0.024612003218821517 0.0034105737329567678 0.034557764701997173 0.075771996982052087 0.066500111949601204 0.12361959137753105 0.02278885174776861 0.031266200877564404 -0.023435759182721984 0.00034951058686371272 0.021078000830713574 -0.027928648745821651 0.024505276739899495 -0.0096379875551110463 0.12240254040921866 0.081750569951613519 -0.013671282040690675 -0.017957577940872334 -0.036971331667783991
leaf_weight=414.48054637014866 6.3693725094199172 8.4420119971036893 155.65879507362843 8.2224046513438207 170.13149463385344 18.096004240214825 53.982963100075722 301.53293046355247 60.512791991233826 109.85040647536516 817.90243078768253 38.351688280701637 337.50132843852043 56.509481765329838 23.183130949735641 59.292257711291313 16.72823049873114 386.66548548638821 11.950676038861273 186.17880627512932 330.65029403567314 100.97830133885145 79.897454239428043 54.951195754110813 67.857521712779999 9.1171559318900091 5.7064886912703505 1547.4238381162286 28.871160142123699 14.212044939398764
leaf_count=4090 54 70 1344 58 1348 135 458 2672 494 941 7441 340 2875 505 170 420 112 3180 84 1685 2915 787 719 457 600 74 47 14610 249 119
internal_value=-7.4371e-05 0.0129782 -0.00961565 0.0224769 0.0359973 0.0155747 -0.0145376 0.00351138 0.0135454 -0.000152012 -0.00293166 -0.0157904 0.0138522 0.00698495 0.052726 0.0783799 0.0413938 0.0224618 0.0851354 -0.00294863 0.00534252 0.0312903 -0.0106998 0.000200562 0.0137088 0.0384364 -0.0206173 -0.0127454 0.015707 0.0206702
internal_weight=5481.21 2314.69 3166.52 1155.4 390.486 764.917 2083.11 1159.28 454.042 1083.41 973.561 2000.26 746.821 393.529 220.355 67.5147 152.84 409.32 28.6789 705.242 387.16 124.161 403.709 217.53 131.926 64.0684 85.6039 1585.78 82.8541 400.878
internal_count=49053 19580 29473 9358 2979 6379 19747 10222 3968 9726 8785 19040 6244 3474 1631 478 1153 3369 196 6254 3420 957 3582 1897 1131 531 766 14950 707 3299
is_linear=0
shrinkage=0.05


Tree=8
num_leaves=31
num_cat=0
split_feature=59 17 12 21 58 21 59 19 6 54 59 59 13 63 50 20 38 63 21 38 59 63 37 59 63 59 58 2 4 18
split_gain=247.519 67.5934 61.2529 44.6784 42.1742 47.1663 54.8129 44.2671 44.0932 30.9957 35.6374 28.8013 28.7842 31.1237 28.1611 28.0724 27.5482 27.2224 29.8246 26.8242 32.4308 26.1445 25.214 23.4813 23.5733 23.0179 25.8446 22.2663 22.0197 21.1683
threshold=0.0028031250996612711 1.1810004636268789 0.8887673825627741 -0.0038890526023711274 -0.00031868469779193135 0.0060138355817592999 0.021715369853913535 0.0041381717481234438 15.500000000000002 -0.011861003953306982 -0.0066482548875867924 0.0054009441165753808 0.077392580873094405 -1.0000000180025095e-35 -0.0035642770380600306 -0.0018080505277018354 0.34723998114097115 0.017847909021788882 -0.0038890526023711274 0.28237871772474199 0.0072787511613084796 0.0099538090200770035 0.035640480429709749 -0.0071845546946504883 0.003413223854456388 -0.010375813110932755 -0.013708640470839275 -0.0084375425851818484 1.1071428571428605 0.0082288007414887034
decision_type=2 2 2 2 2 2 2 2 2 2 2 2 2 2 2 2 2 2 2 2 2 2 2 2 2 2 2 2 2 2
left_child=2 4 3 -1 7 6 8 12 11 25 -11 -6 -2 -14 -12 -3 22 18 -10 20 -17 -9 -13 -5 -25 26 -4 -15 -22 -8
right_child=1 15 9 23 5 -7 29 21 17 10 14 16 13 27 -16 19 -18 -19 -20 -21 28 -23 -24 24 -26 -27 -28 -29 -30 -31
leaf_value=-0.030393764696204729 -0.0045575672965135136 0.061159426675661648 0.081657496583351682 -0.03042678339374711 0.015178262932119347 -0.0073632207965723569 0.15406178850859495 -0.029689962470519422 0.096759140898851848 -0.018343130457605761 0.022476715069817906 0.089996236093088433 -0.030712179891488351 0.093964958892391551 -0.0017483204348043451 0.0046999557463242823 0.12339125672719338 0.072802466012299435 -0.0052776266708623584 0.053198057586660852 0.050651564959903528 0.061394177337587709 0.031991152513513109 -0.0106142096836696 0.010188323560784349 0.042991013819541124 -0.0053163027197142545 0.026384874747784892 0.015927329826476776 0.049451873355862645
leaf_weight=333.450424708426 212.17004772275686 64.98086379468441 9.5697315409779531 132.83940926939249 196.87885378301144 174.41060139983892 10.233090944588186 145.60417552292347 7.4055994078516951 298.40407355874777 134.93968964368105 20.763484306633472 22.033724159002304 13.662455588579176 1081.1666778996587 173.33941331505775 9.802179738879202 12.890491560101507 217.22672262787819 74.521677501499653 100.23823750764132 8.3289929032325727 191.7513774484396 1328.8705854490399 151.734743475914 65.995743468403816 79.494247913360596 112.98105864226818 83.841051615774632 9.1690365597605687
leaf_count=3478 1873 471 72 1325 1640 1505 73 1296 62 2820 1149 160 189 105 9675 1412 72 101 1851 571 718 67 1513 12701 1283 532 662 958 649 70
internal_value=-8.03293e-05 0.0147299 -0.00770656 -0.0137325 0.00898296 0.0158196 0.0217998 -0.0023127 0.0193528 -0.00067972 -0.0028596 0.0291052 0.00726374 0.0241333 0.0009397 0.0305197 0.0414385 0.00214117 -0.00191371 0.0259103 0.0202208 -0.0247616 0.0376585 -0.0102891 -0.00848233 0.0206117 0.00402884 0.0336755 0.034836 0.104625
internal_weight=5478.7 1862.23 3616.47 1946.9 1365.31 850.531 676.121 514.78 656.719 1669.57 1514.51 419.196 360.847 148.677 1216.11 496.921 222.317 237.523 224.632 431.94 357.419 153.933 212.515 1613.44 1480.61 155.06 89.064 126.644 184.079 19.4021
internal_count=49053 15356 33697 18787 11535 7047 5542 4488 5399 14910 13644 3385 3125 1252 10824 3821 1745 2014 1913 3350 2779 1363 1673 15309 13984 1266 734 1063 1367 143
is_linear=0
shrinkage=0.05


Tree=9
num_leaves=31
num_cat=0
split_feature=59 59 4 3 2 5 59 59 6 37 54 12 20 6 63 54 58 50 34 59 63 37 58 58 51 37 59 20 47 1
split_gain=225.248 69.8293 72.1336 53.0475 52.7438 47.5759 38.3289 36.5934 36.9759 35.0629 33.9061 31.917 34.9141 30.3723 30.1691 31.2881 29.5052 29.4151 32.9325 24.42 24.2207 25.181 23.3372 21.4963 37.1354 20.9666 20.8274 44.306 23.5155 25.1818
threshold=0.00063429491028951692 0.0064530211313289692 1.1235714285714289 0.010769558805375664 -0.0071716913623868133 0.003124985421102506 -0.0071845546946504883 0.013687506501497375 1.5000000000000002 0.38318878504672943 -0.0074405648403547036 0.36443412717159912 0.00054500723735812493 14.500000000000002 0.017274106938078924 0.00071865899735299148 0.004874720351048762 0.0019687912249701611 0.44861360725389993 0.019822108650261881 0.019353714228317064 0.36885245901639269 0.00038519764171473099 -0.0011737749070203573 1.0000000180025095e-35 0.94670116850567987 0.026721717344316647 0.014114161399173987 -0.00051040308990549352 0.020493586439342508
decision_type=2 2 2 2 2 2 2 2 2 2 2 2 2 2 2 2 2 2 2 2 2 2 2 2 2 2 2 2 2 2
left_child=3 4 7 6 16 14 -1 8 9 22 -8 -4 19 -5 23 -16 -2 18 -10 -13 -7 -22 -3 -6 -25 -9 -14 -28 -29 -30
right_child=1 2 11 13 5 20 10 25 17 -11 -12 12 26 -15 15 -17 -18 -19 -20 -21 21 -23 -24 24 -26 -27 27 28 29 -31
leaf_value=-0.026000082463450227 0.043067731481875156 0.04290356936087078 -0.031817562861065685 0.02106844928193706 -0.008540766070631171 -0.0082213991175722131 0.017707492516190953 0.074207867412089623 0.031668136965711066 -0.014182349456537253 -0.011265263412816851 0.032511343525789174 0.0011655665230326934 -0.0082558803007983829 0.14314023220143438 0.015241285592454221 -0.021726756110113397 0.0092731412734984413 0.10560804431829561 0.12942780841167972 0.08107385658583488 -0.015820701846106264 0.15650916181597718 0.039786264685093171 0.0074254943233369661 -0.0036339081286939634 0.12897349901479047 -0.053241307734800986 -0.0023746773964571353 0.11532460773400906
leaf_weight=441.28016595542431 120.49950156360865 6.8294180631637635 45.287928327918053 197.62515384703875 141.1269957497716 796.78632511943579 106.6890058144927 75.65202509611845 149.89029309153557 6.6610898599028578 1887.3167073950171 82.828131623566151 326.38631998747587 159.61916227638721 8.6302525997161883 10.723004832863806 20.568640977144241 164.09781578928232 16.741356045007706 7.0531178116798392 15.665190033614637 11.723164066672323 13.371128320693968 107.52039111405611 505.1904150173068 9.7674032971262914 10.261362485587595 10.16038007289171 12.485567092895513 7.1450386941432944
leaf_count=4445 996 52 414 1752 1266 7074 928 513 1184 51 17836 653 2696 1440 65 82 173 1278 112 48 121 96 95 932 4363 73 72 86 103 54
internal_value=-8.61965e-05 0.0102597 0.0212025 -0.0100265 0.00431376 0.00172561 -0.012666 0.0359048 0.0288813 0.0852979 -0.00971508 0.00821765 0.012191 0.00796614 0.0106346 0.0722756 0.0336203 0.0242992 0.0390968 0.0401165 -0.00663225 0.0395996 0.118101 0.00905207 0.0131043 0.0653069 0.00534132 0.0393695 0.00850585 0.0404649
internal_weight=5475.58 2683.05 944.618 2792.53 1738.43 1597.37 2435.29 443.011 357.591 26.8616 1994.01 501.608 456.32 357.244 773.191 19.3533 141.068 330.729 166.632 89.8812 824.175 27.3884 20.2005 753.838 612.711 85.4194 366.439 40.0523 29.791 19.6306
internal_count=49053 22652 7484 26401 15168 13999 23209 3358 2772 198 18764 4126 3712 3192 6708 147 1169 2574 1296 701 7291 217 147 6561 5295 586 3011 315 243 157
is_linear=0
shrinkage=0.05


Tree=10
num_leaves=31
num_cat=0
split_feature=59 17 17 59 4 51 58 63 59 21 63 59 4 58 63 43 4 19 63 37 50 18 55 19 59 38 12 53 60 13
split_gain=203.683 67.3964 49.6859 41.5503 38.7583 37.2585 37.2762 27.9169 27.0584 27.6214 25.7856 24.5817 22.8369 22.3839 26.8099 21.6193 22.2013 21.5873 21.235 31.0636 20.3496 22.1105 19.8679 19.8533 19.6956 20.7022 19.2629 18.8046 19.6315 18.7708
threshold=0.0014959679796962119 0.69268560854931327 1.102600467300612 0.0064530211313289692 0.95500000000000351 1.0000000180025095e-35 -0.0009401072710488956 0.003413223854456388 0.013687506501497375 0.0024866063067639625 0.00025164638960737453 -0.0027955663373371376 1.4982142857142855 0.0020259388890200027 0.011991674399584864 -8.2662499999999983e-05 1.6335714285714322 -0.0038461733508434099 0.018664359187491427 0.069552072036546619 -0.0013592084278787888 0.0036279378444656384 1.0000000180025095e-35 -0.0029377174578435502 0.026721717344316647 0.22416031525408278 1.4448297060481525 0.0015681523625966014 0.011241046038365756 0.19741927349128699
decision_type=2 2 2 2 2 2 2 2 2 2 2 2 2 2 2 2 2 2 2 2 2 2 2 2 2 2 2 2 2 2
left_child=2 -2 7 5 8 6 17 11 9 20 12 -1 -4 14 -12 -8 27 -3 -7 -20 -5 -22 26 -16 -24 -26 -6 28 -17 -13
right_child=1 3 10 4 22 18 15 -9 -10 -11 13 29 -14 -15 23 16 -18 -19 19 -21 21 -23 24 -25 25 -27 -28 -29 -30 -31
leaf_value=-0.021207555761559596 -0.0048503481495423689 0.050733449140352528 -0.0059931998093020085 0.11625508237031297 0.024492907498034889 0.0022070873789673423 0.12396851892322887 0.0061997047174698347 0.073932101698366406 0.014814440679386665 0.025437022589344344 -0.012115940297675008 0.014317398754910277 -0.0038047179989294053 0.16597988201932898 0.0043236193606511208 -0.027247988427997822 0.00072871972666731255 0.13624099716501314 0.01713619408582685 0.098384972121394895 0.032646752627555342 0.0069325461817854794 0.044432941786638501 0.020926379570414544 0.10394541524210306 0.076985912702510373 0.018517242522976898 0.075064456273359906 0.0091873937771688313
leaf_weight=844.80445098131895 525.16655370593071 25.751458846032619 798.78763349354267 10.662862837314604 89.785361923277378 782.05044559389353 8.1695941239595395 171.00236413627863 48.13215559720993 108.92843320965767 52.179223924875259 893.48958488553762 167.40312078595161 46.097012862563133 6.6561080068349838 11.894904293119906 11.15507000684738 133.34264221787453 7.0981736034154919 23.929962299764156 15.281338810920714 78.487296365201473 337.94039914011955 6.7834060639142972 24.827699109911919 10.765420794486998 21.700656950473785 37.487059444189072 55.883888520300388 116.93401578068733
leaf_count=8500 4797 195 7309 71 691 6615 62 1474 289 801 446 8691 1476 390 51 96 91 1169 49 175 102 570 2659 54 189 68 150 300 441 1082
internal_value=-9.1735e-05 0.0109513 -0.00851755 0.0154534 0.0245525 0.00926008 0.0248619 -0.0131314 0.0400687 0.0324294 0.000155457 -0.0149132 -0.00247417 0.0228982 0.0416569 0.0453429 0.0398255 0.00882264 0.00381659 0.0443833 0.0508029 0.04336 0.0161872 0.104631 0.0106586 0.0460361 0.0347106 0.0469334 0.0626497 -0.00965055
internal_weight=5472.58 2368.44 3104.14 1843.27 746.512 1096.76 283.685 2026.23 261.492 213.36 1077.91 1855.23 966.191 111.716 65.6187 124.591 116.421 159.094 813.079 31.0281 104.431 93.7686 485.02 13.4395 373.534 35.5931 111.486 105.266 67.7788 1010.42
internal_count=49053 19580 29473 14783 5590 9193 2354 19747 1833 1544 9726 18273 8785 941 551 990 928 1364 6839 224 743 672 3757 105 2916 257 841 837 537 9773
is_linear=0
shrinkage=0.05


Tree=11
num_leaves=31
num_cat=0
split_feature=59 59 4 2 3 59 38 3 63 37 4 12 20 17 50 59 9 57 20 63 51 57 21 6 37 52 41 12 38 51
split_gain=185.685 59.1269 57.4023 49.3169 48.1455 31.6753 30.6678 30.4842 30.3658 34.7254 29.8105 28.0702 29.7358 27.1172 26.1955 25.6938 25.0873 24.6041 29.9779 27.0832 23.3618 23.4449 22.3943 22.8623 43.1392 22.3939 22.0986 21.1955 20.3635 19.9721
threshold=0.00023855883094769576 0.0064530211313289692 1.1235714285714289 -0.0077662290638070104 0.010769558805375664 -0.0071845546946504883 0.2908104621158803 0.0045493394258927858 0.018325532202513078 0.079377090721082164 0.55142857142857449 0.36443412717159912 0.0024748075807317655 0.69588918941553068 2.5356300362421867e-05 0.01852754674717744 1.0000000180025095e-35 1.0000000180025095e-35 0.006229879424001745 0.0013509393973778351 1.0000000180025095e-35 1.0000000180025095e-35 0.0015236743638308021 1.5000000000000002 0.38318878504672943 1.0000000180025095e-35 -7.2514999999999979e-05 1.6495378369303104 0.18696355517527344 1.0000000180025095e-35
decision_type=2 2 2 2 2 2 2 2 2 2 2 2 2 2 2 2 2 2 2 2 2 2 2 2 2 2 2 2 2 2
left_child=4 3 6 29 5 -1 17 -7 10 -10 -5 -4 15 -12 25 27 -6 18 19 -3 21 -15 -19 24 -24 28 -8 -13 -9 -2
right_child=1 2 11 8 16 7 26 14 9 -11 13 12 -14 20 -16 -17 -18 22 -20 -21 -22 -23 23 -25 -26 -27 -28 -29 -30 -31
leaf_value=-0.024759559672997606 0.052657870572033583 0.017996405645786303 -0.030962559885721226 0.0168856421676566 0.00020646019042376169 -0.016408283726648154 0.13035012478004981 -0.032012043611050499 0.10712426600099208 0.014873055598296426 -0.014534784957261746 0.016828332598240441 0.0032329592790546718 0.0030017735901911786 -0.014305622366230911 0.095196057550795479 0.032219368666615074 0.062299990105468377 -0.022431371037583216 0.12150045239566108 -0.0033387143365802823 0.031026115675643996 0.14699504863807367 0.022402584868510444 0.0030812278562290774 0.013437617743867578 0.050790334275445326 0.09653376852777093 7.8869501741758797e-05 0.014694543223000496
leaf_weight=427.31323885172606 64.1905867010355 59.054932117462158 44.189357742667198 229.81589144468307 273.52322807163 864.79640974104404 10.666241072118281 60.985808029770851 13.656279243528841 40.317461133003235 354.39438829571009 97.396209806203842 343.1059410572052 222.64026961475611 348.64367739111185 14.226257063448427 78.838586091995239 57.525195844471455 49.321958631277084 7.0775595009326926 798.09590893238783 112.26133421063423 10.755551196634771 208.10951682925224 10.094334825873373 274.53687196969986 48.032543390989304 9.1220012009143812 260.98682449758053 75.267786979675293
leaf_count=4445 507 471 414 2005 2444 8392 73 597 94 308 3355 768 2793 1978 3350 92 685 392 394 48 6905 930 69 1509 71 2463 331 59 2489 622
internal_value=-9.4923e-05 0.00864244 0.0187052 0.0035407 -0.0098097 -0.0125153 0.0314877 -0.00962456 0.00128662 0.0382142 0.000125947 0.00711541 0.010743 -0.00246358 -0.00341758 0.0320833 0.00736913 0.0265574 0.0070707 0.0290735 0.00131221 0.0123957 0.0344107 0.0274036 0.0773201 0.00294618 0.0652473 0.0236541 -0.00599957 0.0321685
internal_weight=5468.94 2879.32 968.678 1910.64 2589.62 2237.26 460.638 1809.95 1771.18 53.9737 1717.21 508.04 463.85 1487.39 945.153 120.744 352.362 401.939 115.454 66.1325 1133 334.902 286.485 228.959 20.8499 596.51 58.6988 106.518 321.973 139.458
internal_count=49053 24188 7484 16704 24865 21736 3358 17291 15575 402 15173 4126 3712 13168 8899 919 3129 2954 913 519 9813 2908 2041 1649 140 5549 404 827 3086 1129
is_linear=0
shrinkage=0.05


Tree=12
num_leaves=31
num_cat=0
split_feature=59 17 12 58 19 59 6 37 54 59 63 63 2 6 50 13 63 63 38 41 47 59 13 3 59 5 54 43 5 41
split_gain=168.469 51.4137 47.4305 34.7603 37.2098 34.2508 31.1253 26.9742 26.6158 27.6375 26.0071 25.8423 24.8343 22.878 22.3942 21.921 25.9813 21.916 21.8215 21.1343 20.8396 19.6067 23.9836 19.234 19.2247 23.475 23.3906 45.7225 19.2086 31.8416
threshold=0.0026711989739723143 1.1810004636268789 0.8887673825627741 -0.00031868469779193135 0.0018212570570928395 -0.0071845546946504883 15.500000000000002 0.36885245901639269 -0.011861003953306982 -0.0066482548875867924 0.003413223854456388 0.0099538090200770035 -0.0056591772505749502 11.500000000000002 -0.0074217108322987765 0.071252487134735462 -1.0000000180025095e-35 0.01048476217882721 0.24620339134016955 -5.2304999999999988e-05 -0.00019547682308396932 -0.0021043308739422993 0.24887741542666333 0.0052458575383485875 0.0051794183008830527 0.0020997751491405093 -0.0013567563843102208 7.0500000000013608e-07 0.0065060941951526436 9.318500000000001e-05
decision_type=2 2 2 2 2 2 2 2 2 2 2 2 2 2 2 2 2 2 2 2 2 2 2 2 2 2 2 2 2 2
left_child=2 3 5 4 15 -1 7 24 -4 -10 18 -6 17 -9 -3 -2 -17 -11 21 -15 28 -7 -23 -13 26 -26 27 -5 -20 -30
right_child=1 14 8 6 11 10 -8 13 9 12 -12 23 -14 19 -16 16 -18 -19 20 -21 -22 22 -24 -25 25 -27 -28 -29 29 -31
leaf_value=-0.029261013187767939 -0.0024359043507512852 0.10683683791509913 0.019053910108672911 0.13983877495770661 -0.01923450869396752 -0.026694643146713701 0.0010078744427386439 -0.0047707246605427842 -0.016490906168785614 0.0090788254240850262 0.0099038515715132915 -0.02152597278140498 -0.0040237849200610238 0.11195684694136115 0.023577464278405996 -0.030410964609122088 0.038233675323208594 0.070946335862963991 -0.0098479599092692206 0.020634367321789918 0.019050232485931157 -0.01249460759815442 0.060268062053259422 0.088296719433120785 0.10618854134024568 0.035222891432307002 0.0044681080470684691 0.015140929790331922 -0.0034587500436391557 0.13768743724311622
leaf_weight=252.56426943838596 134.47037146240473 8.2022618353366834 157.63503246754408 10.300851397216318 273.12044163793325 307.31442389637232 350.05982101708651 147.65898222476244 286.94607479870319 353.63537573814392 156.5977985560894 6.5936738848686245 826.51851227879524 6.9864651784300795 525.67949388176203 16.239122629165649 91.189394809305668 14.918392412364481 474.58009197562933 67.979978539049625 83.841675624251366 555.05994711816311 11.560851395130156 10.08401410281658 12.522948406636713 167.81351440399885 111.25687311589718 25.670729212462902 12.271756634116175 5.924914024770259
leaf_count=2805 1167 51 1266 81 2447 3162 2927 1207 2820 3142 1319 51 7420 53 3851 138 718 112 4662 526 808 5502 114 74 87 1244 913 205 122 59
internal_value=-9.86033e-05 0.0116139 -0.00667829 0.00667651 -0.00346022 -0.0121441 0.0126634 0.0200792 -0.000478864 -0.00255647 -0.0094542 -0.0155449 0.000789297 0.00665003 0.0248566 0.0110174 0.0278572 0.0115831 -0.011544 0.0291451 -0.00399415 -0.0165254 -0.01101 0.0448773 0.0292062 0.0401509 0.0158002 0.0508495 -0.00791495 0.0424991
internal_weight=5465.2 1965.83 3499.37 1431.95 531.697 1859.72 900.25 550.19 1639.65 1482.02 1607.15 289.798 1195.07 222.625 533.882 241.899 107.429 368.554 1450.55 74.9664 576.618 873.935 566.621 16.6777 327.565 180.336 147.228 35.9716 492.777 18.1967
internal_count=49053 15740 33313 11838 4595 18553 7243 4316 14760 13494 15748 2572 10674 1786 3902 2023 856 3254 14429 579 5651 8778 5616 125 2530 1331 1199 286 4843 181
is_linear=0
shrinkage=0.05


Tree=13
num_leaves=31
num_cat=0
split_feature=59 59 18 3 19 58 21 12 59 51 19 50 6 58 6 37 21 38 38 62 58 2 12 60 13 59 5 6 6 13
split_gain=155.629 53.3921 47.9733 45.3062 41.2668 47.0652 39.2029 54.2005 36.6424 34.831 31.9526 31.1773 31.1342 26.9749 24.5486 25.8075 42.673 30.9368 23.6571 26.0386 22.3006 22.2217 21.3838 21.2501 22.1726 21.0933 20.372 27.4545 20.191 20.1759
threshold=-0.00019262481387795065 0.0072787511613084796 0.0039415349383212263 0.0072754827434974986 -0.0031954640490540359 -0.00031868469779193135 0.0017965554603122087 0.42934576129449642 0.019822108650261881 -1.0000000180025095e-35 0.0039867917800616983 0.0023594304891767621 14.500000000000002 0.0051601941911822375 16.500000000000004 0.042803098874778532 0.0015612117177034434 0.35903255479123336 0.28432962761861863 -0.00229294590087049 -0.001617576991325337 -0.029733557643359654 2.8488207484779231 0.23391485807374932 0.062992062956359687 -0.0064634917019011891 0.0046122687728768303 1.5000000000000002 7.5000000000000009 0.071252487134735462
decision_type=2 2 2 2 2 2 2 2 2 2 2 2 2 2 2 2 2 2 2 2 2 2 2 2 2 2 2 2 2 2
left_child=3 4 11 -1 13 -6 7 -4 10 -7 -9 -3 21 -2 15 16 -11 -17 19 -18 -12 -5 26 24 -21 -23 27 -8 -27 -19
right_child=1 2 6 12 5 9 22 8 -10 14 20 -13 -14 -15 -16 17 18 29 -20 23 -22 25 -24 -25 -26 28 -28 -29 -30 -31
leaf_value=-0.014577248851563755 0.030069087573884452 0.12828848454613853 -0.021408276825500464 0.050010313511702792 -0.0089773822574709602 0.025228478059113831 0.065931688797107896 0.048947070093072476 0.10144265076614423 -0.0013769276890988518 -0.024688421079947041 0.031034476416748114 -0.011474166811222351 -0.02059569864633921 -0.0094937692194136877 0.0020034058081726384 -0.038893320145154286 0.00091332112208674244 0.14518717814095022 0.14669677483043864 0.031016126733904859 -0.0068095644478492054 0.045636505751644421 0.024362176467084856 0.049909788306940372 0.00045862707952983679 -0.0061155112074495217 0.0094332433344033358 0.029985504335404863 0.10404041548125159
leaf_weight=1590.8401199430227 198.97846677899361 15.651983886957167 41.414578899741173 30.380324669182301 746.22180734574795 214.12258581072092 23.459729447960854 131.35458569228649 22.437182635068893 56.477389022707939 30.74786813557148 17.403591461479664 332.15346175432205 30.268050454556942 282.83914854377508 642.32481192052364 7.4153173416852942 7.6404442787170437 7.0925837308168402 10.929903678596022 43.224357262253761 186.24598170816898 34.981268607079983 19.957796096801758 12.902476921677588 111.54444360733032 221.97076272219419 257.67542192339897 120.38464710861444 12.505189098417757
leaf_count=15849 1597 98 370 250 6791 1835 159 922 135 484 250 107 3180 249 2545 5460 59 66 56 87 298 1772 236 169 105 1010 1832 1925 1061 96
internal_value=-0.000101608 0.00729266 0.0180466 -0.00973593 0.00327575 0.000994668 0.0156291 0.0312076 0.0407749 0.00683466 0.0341454 0.0770847 0.000129168 0.0233797 0.00311936 0.00770927 0.0295981 0.00391695 0.0596058 0.0477517 0.00786154 0.00872139 0.00783593 0.062424 0.0942978 0.00572176 0.00520763 0.0141478 0.0157848 0.0649284
internal_weight=5461.55 3090 840.321 2371.55 2249.68 2020.43 807.266 269.179 227.764 1274.21 205.327 33.0556 780.709 229.247 1060.09 777.246 114.775 662.47 58.2981 51.2055 73.9722 448.555 538.087 43.7902 23.8324 418.175 503.106 281.135 231.929 20.1456
internal_count=49053 25931 6332 23122 19599 17753 6127 1975 1605 10962 1470 205 7273 1846 9127 6582 960 5622 476 420 548 4093 4152 361 192 3843 3916 2084 2071 162
is_linear=0
shrinkage=0.05


Tree=14
num_leaves=31
num_cat=0
split_feature=59 17 49 58 51 50 19 63 59 38 59 63 18 41 59 59 3 51 62 62 63 2 20 59 56 32 43 7 5 4
split_gain=140.692 50.1494 42.6126 41.5179 40.8065 38.1701 29.0924 27.469 27.4673 25.4285 25.0849 36.4086 36.3329 26.7614 24.829 23.7718 30.2399 23.5669 25.3112 22.8728 22.4919 21.6663 20.6633 25.0954 20.1128 24.397 20.078 19.9703 21.3216 19.7887
threshold=-0.00019262481387795065 1.1871345029239964 -0.0034535732049443342 -0.0011737749070203573 -1.0000000180025095e-35 -0.0035642770380600306 0.0042975744418444874 0.00025164638960737453 0.006596975687003675 0.32878201294952264 0.0073979957845853586 0.017274106938078924 0.0039415349383212263 -1.9299999999999997e-06 0.006596975687003675 -0.0066482548875867924 0.0072754827434974986 1.0000000180025095e-35 0.0083201270165056563 0.0030563748628680961 0.0063055483775656214 -0.0084375425851818484 0.022196149412277617 0.01852754674717744 0.83184790149118981 10.500000000000002 -9.3224999999999722e-06 1.5000000000000002 0.0041131305401134978 0.82642857142857207
decision_type=2 2 2 2 2 2 2 2 2 2 2 2 2 2 2 2 2 2 2 2 2 2 2 2 2 2 2 2 2 2
left_child=2 3 -1 6 20 29 14 15 -7 10 11 -6 -12 -13 21 -4 -17 18 24 -15 -5 26 23 -14 25 -9 -2 28 -25 -3
right_child=1 5 7 4 9 8 -8 17 -10 -11 12 13 22 19 -16 16 -18 -19 -20 -21 -22 -23 -24 27 -26 -27 -28 -29 -30 -31
leaf_value=0.011362532701930769 0.083525743312345968 0.12604112448810367 -0.022995303150860097 0.02236011264227802 -0.0048020174463725453 0.007468611867165395 -0.027680538046874294 0.014574670451811751 0.027330886982116876 0.029593208642226337 0.090435777022115166 -0.020974708537682688 0.0070020976263903689 0.10634965438277183 0.018090667252412158 -0.013897454627177728 0.003993073809183411 -0.0099163239976457502 -0.028433589758711672 0.024014204501322425 0.093399582756913097 -0.011655964591662524 -0.030604076298734836 0.086662607727216193 0.089885427614060279 0.12162948517267778 0.0032877094128825261 0.070843119474770025 -0.012424515587722871 0.044434745590067014
leaf_weight=225.13448335975409 11.511884003877638 8.7841288149356824 483.26393064111471 247.72581592202187 851.61684218794107 486.55981285125017 140.60125789046288 59.638084828853607 271.00969526916742 90.192310146987438 14.506753638386725 12.796269796788691 281.49896462261677 16.373604580760002 118.25591531395912 1133.8814931958914 298.3438173532486 114.45696970075369 18.991586424410343 17.39755018055439 11.666850768029688 362.73547769337893 29.189849965274334 7.2801524624228504 14.139339625835417 5.8433015197515479 24.157083235681057 30.651223495602608 21.352185659110546 48.141130335628986
leaf_count=2006 88 61 5146 2134 7518 4006 1306 539 1812 731 86 96 2163 112 969 11322 2751 1019 172 135 84 3410 250 46 117 50 198 221 171 334
internal_value=-0.000104842 0.00688575 -0.0093239 0.0030951 0.0073677 0.0175411 -0.00751552 -0.0115119 0.0145741 0.00393126 0.00212681 -0.00244801 0.0128141 0.0406017 -0.00202792 -0.0134063 -0.0101707 0.00551864 0.0234336 0.0639337 0.0255553 -0.00799959 0.00977049 0.0132288 0.0358053 0.0241278 0.0291839 0.0427952 0.0127697 0.0570274
internal_weight=5457.7 3104 2353.69 2289.51 1632.25 814.495 657.262 2128.56 757.57 1372.86 1282.66 898.184 384.479 46.5674 516.66 1915.49 1432.23 213.069 98.6123 33.7712 259.393 398.404 369.972 340.783 79.6207 65.4814 35.669 59.2836 28.6323 56.9253
internal_count=49053 25931 23122 19718 13747 6213 5971 21116 5818 11529 10798 7861 2937 343 4665 19219 14073 1897 878 247 2218 3696 2851 2601 706 589 286 438 217 395
is_linear=0
shrinkage=0.05


Tree=15
num_leaves=31
num_cat=0
split_feature=59 17 12 21 6 6 38 20 37 58 63 62 21 19 21 59 54 59 50 45 7 20 37 18 50 60 5 51 5 41
split_gain=128.452 42.7144 40.504 39.645 36.9135 50.435 27.1563 25.5067 26.2288 25.4597 25.2904 25.1223 25.047 24.6907 24.0918 24.2106 23.1483 21.8818 26.712 21.8133 21.6122 23.0884 19.5483 27.2874 21.2193 18.9087 26.6432 17.3814 28.5663 23.872
threshold=0.0026711989739723143 0.6693891788825358 0.8887673825627741 -0.002609569246621896 15.500000000000002 12.500000000000002 0.35085609094455145 -0.0014310634213601933 0.66317358224174627 -0.00048789735364020587 -0.0055384525598681745 -0.0037173933517496058 0.0025359416114475995 0.00012711103735165772 0.006536977192154454 0.011294299539410612 -0.0078761162731471965 -0.0024226649129499987 -0.0009625829736455892 -0.00031331661711874701 5.5000000000000009 -0.0026600024388898857 0.3508130618720266 0.0066025074592295238 0.0018792932464729087 0.99994683678894059 0.0034570003112316039 1.0000000180025095e-35 0.0065060941951526436 3.5250000000000006e-06
decision_type=2 2 2 2 2 2 2 2 2 2 2 2 2 2 2 2 2 2 2 2 2 2 2 2 2 2 2 2 2 2
left_child=2 -2 3 -1 5 9 7 8 -7 13 -6 12 -12 -3 15 22 -4 -18 -19 -17 -13 -22 23 24 -11 -24 -27 28 -5 -30
right_child=1 4 16 27 10 6 -8 -9 -10 14 11 20 -14 -15 -16 19 17 18 -20 -21 21 -23 25 -25 -26 26 -28 -29 29 -31
leaf_value=-0.02351543127947443 -0.0050548243180020408 0.025096562894773133 0.012414347301453974 -0.0031887212952683968 -0.053521199138338804 0.098395854462608276 0.10193944845361376 0.026198296214549333 0.020225762707519961 0.029917103312547329 0.10577957402382082 -0.0023286425378143704 0.0075444615800668476 -0.0092104697999994215 -0.0091292975220637323 0.076922604686162049 -0.010431473191864613 0.016277371726337305 -0.0038416721234140038 0.017620949799521925 0.10909461044224769 0.017694956043495091 -0.0071738206131553572 0.064310057267505633 0.001958752689348143 0.12718877720561747 -0.0085897477701287698 -0.01187380256587728 0.12671008462925668 0.023022928278918751
leaf_weight=473.72761330753565 382.3552910014987 71.562702849507332 296.36294132471085 574.78073856979609 19.425535246729851 27.391505613923073 15.491533473134039 204.12409014999866 17.642643138766289 178.0275270268321 11.924428358674051 402.72723495215178 14.234688863158224 196.31963969022036 68.781522624194622 35.962570644915104 571.6022080257535 240.9675447717309 523.17867994308472 27.262661926448345 7.8718029037117949 56.518267676234245 100.43853212893009 38.058472655713558 109.67351695895195 6.6863318160176259 7.8602734953165054 736.2316473275423 6.8319853469729415 29.608653947710991
leaf_count=5219 3469 537 2441 5762 160 171 103 1479 119 1289 84 3174 111 1656 535 217 5544 2098 4677 174 54 448 767 274 809 50 60 7202 70 300
internal_value=-0.000107188 0.00997517 -0.00594745 -0.0110737 0.013527 0.0186706 0.0377062 0.0337125 0.0677718 0.0126778 0.00243831 0.00464203 0.0523242 -4.56105e-05 0.0186287 0.0224171 -0.000227352 -0.00303217 0.00250271 0.0513518 0.00197178 0.0288687 0.0182664 0.0245225 0.0192592 0.00054251 0.0538207 -0.00669955 -0.000467026 0.0424625
internal_weight=5453.63 2000.34 3453.29 1821.18 1617.99 1105.28 264.65 249.158 45.0341 840.634 512.702 493.276 26.1591 267.882 572.751 503.97 1632.11 1335.75 764.146 63.2252 467.117 64.3901 440.745 325.76 287.701 114.985 14.5466 1347.45 611.221 36.4406
internal_count=49053 15740 33313 18553 12271 8240 1872 1769 290 6368 4031 3871 195 2193 4175 3640 14760 12319 6775 391 3676 502 3249 2372 2098 877 110 13334 6132 370
is_linear=0
shrinkage=0.05


Tree=16
num_leaves=31
num_cat=0
split_feature=59 36 54 58 50 6 59 21 59 51 59 3 51 21 7 4 37 18 37 17 55 7 58 43 20 59 38 4 21 49
split_gain=118.733 41.3131 38.6121 32.3036 30.0437 29.4897 25.7993 32.8467 24.7352 24.7135 24.1338 25.2042 23.7696 21.4044 21.0103 20.1826 20.1556 28.9986 19.5177 19.501 19.3734 28.7663 19.3709 18.8302 18.3005 20.5252 18.9992 17.1979 17.027 16.8414
threshold=-0.00019262481387795065 0.16129007238060419 -0.0086760859309994772 -0.0011737749070203573 -0.0035642770380600306 15.500000000000002 0.0051794183008830527 0.0060138355817592999 0.010567303106569028 1.0000000180025095e-35 -0.0066482548875867924 0.011049140723572078 1.0000000180025095e-35 0.0024001345099292104 1.0000000180025095e-35 0.59428571428571086 0.016006902264920068 0.0039174307613561261 0.033407905291953664 2.0658677426825487 -1.0000000180025095e-35 5.5000000000000009 0.0010483788996201325 4.1880000000000006e-05 0.0065868384627668737 0.006596975687003675 0.273809523809522 1.2614285714285722 0.0043323126555877252 -0.0012806874576303819
decision_type=2 2 2 2 2 2 2 2 2 2 2 2 2 2 2 2 2 2 2 2 2 2 2 2 2 2 2 2 2 2
left_child=2 3 -1 24 28 6 12 18 9 -6 -4 -12 14 -10 -5 -11 17 -14 -8 -15 21 -7 -23 -19 25 -2 27 -27 -3 -28
right_child=1 4 10 5 8 20 7 -9 13 15 11 -13 16 19 -16 -17 -18 23 -20 -21 -22 22 -24 -25 -26 26 29 -29 -30 -31
leaf_value=0.0086571016528853816 -0.0089675873574994094 0.058390966391488212 -0.020964282815378904 0.077770081299914251 0.023860321325294354 0.0051307431867721074 0.073168619339144148 -0.010981550112978883 0.056155560524297259 0.022558094971948908 -0.0096156744496896426 0.018039412695886169 -0.0025625536592755647 0.011425018220901606 0.016759831164746147 -0.0015670671777219349 -0.0037419055667491348 0.12266140139153459 0.026708234066843431 0.068329361458613444 -0.0075935321189426232 0.017587146862601124 0.12414129049387433 0.032705875967057089 -0.027048989789253543 0.024375464930084703 0.11246958405961459 -0.01981509817978392 -0.004278423191235327 0.027475634073878819
leaf_weight=282.60615841299295 406.386574678123 56.005601979792118 472.83922119438648 15.803249806165693 187.76334200054407 107.30406264960766 25.109513849020004 56.04778116941452 50.485376730561256 106.63845200836658 1482.2302174568176 87.236829236149788 32.613756641745567 125.26997737586498 131.80493830144405 463.46122561395168 399.9439200758934 9.9095524773001689 226.61769641190767 17.112608835101128 441.24553533643484 7.9359202459454563 9.2216460257768613 14.088154613971708 98.45250853151083 43.84109128266573 7.480544187128543 44.228408724069595 13.439301289618014 26.387555249035358
leaf_count=2392 3829 365 5247 135 1474 923 166 471 291 835 14711 772 285 861 1146 3648 3550 81 1646 107 3839 69 74 114 929 355 53 383 98 204
internal_value=-0.000108896 0.00625735 -0.0086649 0.00225433 0.0145148 0.00628892 0.0118522 0.0236351 0.0121958 0.0081273 -0.0110618 -0.0080785 0.00584975 0.0281827 0.0232917 0.0029456 0.000210617 0.0281341 0.0313426 0.0182642 -0.00267931 0.0147428 0.0748566 0.0698519 -0.00725736 -0.00356921 0.0144222 0.00218301 0.0462629 0.0462485
internal_weight=5449.51 3124.6 2324.91 2104.42 1020.18 1477.65 911.939 307.775 950.731 757.863 2042.31 1569.47 604.164 192.868 147.608 570.1 456.555 56.6115 251.727 142.383 565.707 124.462 17.1576 23.9977 626.777 528.324 121.938 88.0695 69.4449 33.8681
internal_count=49053 25931 23122 18252 7679 12499 7594 2283 7216 5957 20730 15483 5311 1259 1281 4483 4030 480 1812 968 4905 1066 143 195 5753 4824 995 738 463 257
is_linear=0
shrinkage=0.05


Tree=17
num_leaves=31
num_cat=0
split_feature=59 52 17 59 50 63 51 52 4 50 59 21 37 63 38 59 59 5 59 3 21 63 56 63 19 20 62 49 1 53
split_gain=107.82 38.097 35.6004 29.3747 34.3241 31.4436 36.8968 33.5257 28.9559 25.4609 24.039 22.4658 21.451 18.8175 18.4473 18.362 17.9818 28.8826 26.2937 23.0098 17.197 17.1741 16.8176 16.7011 18.6618 15.8423 21.5785 15.1603 17.5048 19.7462
threshold=0.00023855883094769576 0.036007067817046157 0.69268560854931327 0.011294299539410612 0.0011986265920639315 0.018664359187491427 1.0000000180025095e-35 0.79038984366263942 1.1071428571428605 0.00043939252980098052 0.0029272087381537856 0.00067543972650053162 0.22095299166010954 0.0026429310381564661 0.32878201294952264 0.0019698929277255487 -0.0024226649129499987 0.0062774191902462409 -0.012042605746047022 0.0045959817209469895 -0.0035914613775847302 -0.0085918943306172741 2.105523570000011 -0.0010601135852202012 -0.0003603231486904842 -0.0061962719124820081 0.0021620116089898565 -0.0060608371280843733 -0.00073263066114039987 -0.0019400701000408937
decision_type=2 2 2 2 2 2 2 2 2 2 2 2 2 2 2 2 2 2 2 2 2 2 2 2 2 2 2 2 2 2
left_child=1 13 14 4 5 6 7 15 -5 16 -8 -10 -12 20 -2 -4 17 18 -3 -20 -1 -17 -14 -6 -25 26 -15 -21 -29 -30
right_child=2 9 3 8 23 -7 10 -9 11 -11 12 -13 22 25 -16 21 -18 -19 19 27 -22 -23 -24 24 -26 -27 -28 28 29 -31
leaf_value=-0.024282511124915269 -0.0062836417435277936 -0.027280253396811255 0.0047051319383161847 0.040968055267507436 -0.025436974030553214 0.056559453491960357 -0.0045082400271408982 0.069555269692938473 0.041734606381555239 -0.017059610815164595 0.026157323020002312 0.0023796294720422055 0.00082165194419341308 0.10100368311800356 0.031508879589059451 -0.022426031161828893 0.016960855053172207 0.025583414183219425 -0.022152003619811383 0.055832164513304229 -0.011291431620685485 0.036612853231160564 0.062148370608498697 0.022012179997801151 -0.0015408786958439674 -0.0019161851842765063 -0.0054994356786160882 -0.00064344210253619073 0.089466787666026421 0.013798126182173451
leaf_weight=335.64768628776073 592.22504895925522 106.13611580431461 117.02096477895975 133.05517477542162 63.062265418469906 39.276500009000301 348.04473128914833 38.295796997845173 46.649824589490891 176.80579271912575 182.9131508693099 162.86268828064203 240.66484912484884 9.3861401677131671 34.151445806026459 13.559704601764677 198.22289922833443 89.873473100364208 84.935133241117001 15.286926381289957 1056.851156912744 134.50827068835497 11.723594300448893 95.620997421443462 698.0506205484271 125.71678455173969 9.6410595998167974 240.05710362643003 11.622031286358832 33.396223120391369
leaf_count=3793 5529 1018 1036 781 547 255 3105 267 291 1729 1374 1208 1857 78 300 108 1784 758 865 124 10856 984 80 768 5698 1114 89 2214 112 331
internal_value=-0.000109882 -0.00776467 0.00635687 0.00920684 0.00687093 0.0126093 0.0110209 0.025825 0.0227268 7.08842e-05 0.00528731 0.0111424 0.0131193 -0.0126393 -0.00422311 0.0195076 0.00395627 -0.000478237 -0.0052444 0.000825718 -0.0144228 0.0312062 0.00367031 -0.000671034 0.00129678 0.00451914 0.0470387 0.00732326 0.00472201 0.0333329
internal_weight=5445.26 2493.58 2951.69 2325.31 1982.74 1126.01 1086.73 303.385 342.568 956.336 783.346 209.513 435.302 1537.24 626.376 265.089 779.53 581.307 491.434 385.297 1392.5 148.068 252.388 856.734 793.672 144.744 19.0272 300.362 285.075 45.0183
internal_count=49053 24865 24188 18359 16079 9066 8811 2395 2280 8935 6416 1499 3311 15930 5829 2128 7206 5422 4664 3646 14649 1092 1937 7013 6466 1281 167 2781 2657 443
is_linear=0
shrinkage=0.05


Tree=18
num_leaves=31
num_cat=0
split_feature=59 58 19 6 59 3 21 6 6 55 2 12 13 43 19 59 59 6 37 55 6 60 52 49 39 47 37 59 51 19
split_gain=97.7288 37.2858 52.8798 36.4871 37.1476 35.2038 32.1513 27.3968 25.9336 24.4179 23.8552 36.6901 23.7425 22.1017 21.6307 23.8807 21.4847 20.5981 22.519 20.4068 19.7533 23.3785 18.8004 25.5429 18.587 17.8856 20.829 17.8774 17.868 18.6956
threshold=-0.00019262481387795065 -0.0011431522049325396 -0.0048310129027664224 15.500000000000002 0.0058106958674734562 0.0072754827434974986 0.0043323126555877252 14.500000000000002 11.500000000000002 -1.0000000180025095e-35 -0.0021839362924353906 0.65178205336240191 0.25203622752551541 8.5225000000000289e-06 0.0042975744418444874 0.01852754674717744 0.01536043669547585 2.5000000000000004 0.3508130618720266 1.0000000180025095e-35 21.500000000000004 0.38101629562477685 0.74125121039953901 3.5832487424529204e-05 1.0000000180025095e-35 -0.00041203747461137291 0.25420178748983074 -0.0071845546946504883 1.0000000180025095e-35 -0.0033245091827552621
decision_type=2 2 2 2 2 2 2 2 2 2 2 2 2 2 2 2 2 2 2 2 2 2 2 2 2 2 2 2 2 2
left_child=5 2 13 4 8 27 28 -7 17 16 11 -10 22 -2 15 -4 20 19 -19 24 -5 -22 23 -13 -3 26 -23 -1 -6 -30
right_child=1 3 14 9 6 7 -8 -9 10 -11 -12 12 -14 -15 -16 -17 -18 18 -20 -21 21 25 -24 -25 -26 -27 -28 -29 29 -31
leaf_value=-0.02505173174804054 0.074393101139083789 0.028516221961319557 -0.0032881831010420984 0.0033898273906345618 0.076059444543027932 0.0087582211731032297 0.0080439075300643235 -0.010320046263986013 -0.030488160385112636 -0.0049731564085130657 0.01213190179274342 0.11619176950996402 0.024666699539798664 0.015072775885173129 -0.020843849733703138 0.075129169605649554 0.093443581518609042 0.0044132046088626066 -0.017923923623814706 0.0070962987906682748 0.1055873215843348 -0.010816954358964036 0.14967758443446239 0.014911887829140111 0.10017987759872922 -0.045054932693674873 0.11833661758717438 -0.010053596846751547 -0.015325483650405298 0.03380502165433015
leaf_weight=234.94626753777266 27.326996229588985 40.743029922246933 573.62638653814793 118.48263116180897 23.111712984740734 447.62095406651497 195.05680529028177 324.65826514363289 12.793244548141955 579.97137871384621 187.06571797281504 12.7782144472003 23.817223913967609 36.911385335028172 204.92388842254877 9.8758794218301755 8.7242851108312589 448.54802807420492 150.75515849143267 121.53487917780876 11.287281632423403 6.3808908760547656 9.448937922716139 12.139557361602781 11.630868613719938 7.5630101263523093 6.1118244826793671 1287.4188435077667 20.776500031352043 284.65893372893333
leaf_count=2757 186 338 5151 988 144 4093 1433 3180 113 4905 1509 99 167 274 1852 73 52 3802 1326 1020 96 56 66 98 94 64 46 13092 131 1848
internal_value=-0.000110721 0.00561236 -0.0033147 0.00893138 0.0132779 -0.00795728 0.0241239 0.000737913 0.00777095 -0.000219561 0.0214962 0.0461767 0.0630334 0.0403076 -0.00686891 -0.00196096 0.017169 0.00319042 -0.00120572 0.0183399 0.0127275 0.0480258 0.0896228 0.0668498 0.0444308 0.0156304 0.052369 -0.0123683 0.0336705 0.030463
internal_weight=5440.69 3146.04 852.665 2293.38 1554.86 2294.64 523.604 772.279 1031.25 738.521 258.043 70.9772 58.1839 64.2384 788.426 583.502 158.55 773.212 599.303 173.909 149.826 31.343 34.3667 24.9178 52.3739 20.0557 12.4927 1522.37 328.547 305.435
internal_count=49053 25931 7536 18395 12188 23122 3556 7273 8632 6207 2052 543 430 460 7076 5224 1302 6580 5128 1452 1250 262 263 197 432 166 102 15849 2123 1979
is_linear=0
shrinkage=0.05


Tree=19
num_leaves=31
num_cat=0
split_feature=59 38 12 21 4 59 41 42 59 20 12 20 51 59 5 50 60 19 16 59 49 62 47 2 13 59 3 42 12 59
split_gain=89.8572 35.4122 33.8674 35.8973 27.4316 32.8596 28.8869 27.5467 26.057 34.1085 24.712 23.9455 19.6399 24.8207 42.3697 23.2556 19.421 29.4128 19.2821 19.1525 26.9157 17.9628 17.5054 16.9812 16.7166 18.3483 16.7018 16.5768 17.1222 16.3006
threshold=0.0028031250996612711 0.2908104621158803 0.8887673825627741 -0.0038890526023711274 0.95500000000000351 0.008705694615118208 -3.8299999999999996e-05 0.00010301500000000002 0.026721717344316647 -0.0004059149202811177 0.68183300010107328 -0.0025717229729316682 -1.0000000180025095e-35 -0.0023478264657698753 0.0062105535574810437 -0.0009625829736455892 0.6138263154421294 0.0016521520284577664 0.33963890696161919 -0.012042605746047022 -0.0068020003511503552 -0.0082470769572234887 -0.00041753771665111584 -0.014608803195471958 0.31000516485572743 -0.0071845546946504883 0.0048413672934889173 4.3695000000000001e-05 0.55194233083367938 -0.0091213094159296165
decision_type=2 2 2 2 2 2 2 2 2 2 2 2 2 2 2 2 2 2 2 2 2 2 2 2 2 2 2 2 2 2
left_child=2 4 3 -1 5 11 7 8 9 -6 -8 -2 13 14 19 21 17 -9 29 -4 -21 -15 -18 -22 25 -5 -11 -7 -29 -16
right_child=1 -3 12 24 6 27 10 16 -10 26 -12 -13 -14 15 18 -17 22 -19 -20 20 23 -23 -24 -25 -26 -27 -28 28 -30 -31
leaf_value=-0.025810721870271655 0.03798748424071962 0.024011153934201959 -0.025423834279576708 -0.026510358696592875 0.089681946528693046 0.0074561528634617003 -0.015121895924776869 0.088114287784718831 0.11080314415520043 -0.034842289849260966 0.0030722084347295682 0.0037253431845919076 -0.0071502244978644313 0.11325667707311737 0.025512976720084381 0.0052093434368147354 -0.038422958893486792 -0.0057029881364019522 -0.0017053592282662297 0.090333720450147162 0.01782162873123859 0.026936119056821081 0.044865501847303813 -0.0084549752355955882 0.073072310100993923 -0.0054213699341883201 0.024274041146249432 0.089850176494687295 0.034969697313670077 0.076212180514820538
leaf_weight=291.17002099752426 56.664873294532299 305.25221467018127 113.63566360622644 111.39225149899721 17.40102419257164 46.282944276928902 313.17384296655655 12.003361292183397 10.360434673726557 15.229501061141489 461.8895897269249 509.72738394886255 586.09570099413395 6.3173547685146323 48.967268615961075 245.27870412170887 38.844204120337963 27.480974540114403 38.933449745178223 7.6831633299589148 73.830414593219757 131.02373813092709 7.5320463255047789 367.7097494751215 6.549175150692462 1392.1076654195786 55.447050541639328 16.608633458614349 98.502118289470673 23.444789439439774
leaf_count=3478 400 2236 1124 1309 120 294 2757 87 67 135 3493 4010 5185 47 422 2190 319 232 336 59 680 1085 57 3581 64 13936 434 123 592 201
internal_value=-0.000111716 0.00833985 -0.00500086 -0.00973614 0.00550447 0.0128244 -4.85507e-05 0.0177439 0.0357973 0.0269745 -0.00427934 0.00715311 0.000190672 0.0042618 -0.0015107 0.0144334 -0.00295405 0.0228178 0.0266709 -0.00708562 -0.00244678 0.0309067 -0.0248959 -0.00406124 -0.00663662 -0.00698382 0.0115356 0.0327272 0.0428881 0.0419278
internal_weight=5436.54 1992.4 3444.14 1801.22 1687.15 727.786 959.362 184.299 98.438 88.0776 775.063 566.392 1642.92 1056.82 674.204 382.62 85.8606 39.4843 111.346 562.859 449.223 137.341 46.3763 441.54 1510.05 1503.5 70.6766 161.394 115.111 72.4121
internal_count=49053 15356 33697 18787 13120 5419 7701 1451 756 689 6250 4410 14910 9725 6403 3322 695 319 959 5444 4320 1132 376 4261 15309 15245 569 1009 715 623
is_linear=0
shrinkage=0.05


Tree=20
num_leaves=31
num_cat=0
split_feature=59 58 51 19 54 63 62 64 59 4 4 19 59 21 59 59 3 37 59 12 63 41 62 63 4 46 47 41 2 2
split_gain=82.2157 35.3045 42.778 35.9101 31.4194 28.125 28.8505 26.5495 25.739 25.9237 24.4186 24.4095 24.0603 23.507 25.3651 23.3757 21.2662 20.5521 20.3336 20.3145 19.421 21.8108 26.11 19.1933 23.7622 20.1966 19.1346 18.7469 18.3137 17.712
threshold=0.00063429491028951692 -0.0011431522049325396 1.0000000180025095e-35 -0.0048310129027664224 -0.0074405648403547036 0.0069141893434967973 -0.0089190056791740562 0.89367547048096452 0.0064530211313289692 1.3842857142857132 0.59857142857142731 0.0042975744418444874 0.0076929383145660458 0.0024447552858232963 0.016264930442758192 -0.0066482548875867924 0.0045493394258927858 0.45655491883566129 0.01852754674717744 0.69002420082721094 0.019353714228317064 -1.9299999999999997e-06 0.0037181960161162589 0.018664359187491427 0.60357142857142687 -0.00038647571429578788 0.00088509646153253629 -8.2949999999999983e-05 0.031939512812352022 0.007975347818982079
decision_type=2 2 2 2 2 2 2 2 2 2 2 2 2 2 2 2 2 2 2 2 2 2 2 2 2 2 2 2 2 2
left_child=4 3 12 -2 -1 11 7 -7 10 13 -4 18 29 14 23 -6 -17 26 -5 -18 -12 -22 -23 24 25 -10 -11 -26 -19 -3
right_child=1 2 8 5 15 6 -8 -9 9 17 20 -13 -14 -15 -16 16 19 28 -20 -21 21 22 -24 -25 27 -27 -28 -29 -30 -31
leaf_value=0.0070953735541543191 0.034846936957359714 0.028737541539074641 0.016683189222459132 -0.0046332522670065367 -0.019361934545653409 0.14221176541647884 0.00073944969139356392 0.012465924154008511 0.030521028633567489 0.032292956298667623 -0.0042246216593209351 -0.02492998450238176 0.074706160288622203 0.011580990340086141 0.087186896056082777 -0.011944322171149237 -0.013357960779532092 -0.019521615142514225 0.071113588800508915 0.0031577602233931893 -0.034623415435600706 0.10053529059250166 0.008053810913321675 0.090107475586969854 0.083084667561484402 0.12404564895986431 -0.030728154719710622 0.0092392587420625279 0.041400072928922838 -0.006209799375305392
leaf_weight=365.96825684607029 56.739467635750771 213.70807433128357 206.63901126384735 472.33676057308912 418.57188141345978 9.07282602787018 26.275731585919857 6.9732860624790183 14.178554549813272 59.583017438650131 795.53464473038912 176.94241766631603 24.455070875585079 339.28400369733572 19.793479524552822 867.95807634294033 252.03259720653296 119.28665625303984 9.0291728451848012 712.66329120844603 9.5314907953143102 14.540260516107084 16.063456319272518 11.346051663160322 9.2432385310530645 9.7366268634796125 15.096016332507132 122.46422635763884 13.75877859443426 43.663515098392963
leaf_count=3183 384 1624 1700 4199 4900 66 202 55 79 451 6828 1637 149 2366 100 8952 2670 935 65 6696 69 87 117 61 59 55 109 805 101 349
internal_value=-0.000112527 0.00581818 0.00921494 -0.00341143 -0.00649209 -0.00650972 0.033 0.0858271 0.00634332 0.0135172 0.00129303 -0.00904976 0.027312 0.0194229 0.0336689 -0.00870093 -0.00626599 -0.00143851 -0.00321244 -0.00115707 -0.00251255 0.031423 0.0519931 0.0273245 0.0227472 0.0685979 0.0195535 0.0144217 -0.0132215 0.0228087
internal_weight=5432.47 2815.28 2057.91 757.37 2617.19 700.63 42.3218 16.0461 1776.08 733.771 1042.31 658.308 281.827 526.046 186.762 2251.23 1832.65 207.724 481.366 964.696 835.67 40.1352 30.6037 166.969 155.623 23.9152 74.679 131.707 133.045 257.372
internal_count=49053 22652 16044 6608 26401 6224 323 121 13922 5121 8801 5901 2122 3525 1159 23218 18318 1596 4264 9366 7101 273 204 1059 998 134 560 864 1036 1973
is_linear=0
shrinkage=0.05


Tree=21
num_leaves=31
num_cat=0
split_feature=59 49 17 63 21 59 20 18 63 2 58 51 51 62 59 59 3 19 41 20 37 7 6 20 12 19 58 18 59 59
split_gain=75.1603 31.701 30.5641 30.8029 31.0574 28.4043 42.3383 28.5413 24.4106 24.2785 22.6941 21.7665 20.6165 22.4425 20.0508 18.7321 22.598 18.3987 17.9475 24.8687 17.8669 17.8225 18.3339 24.4031 17.5018 18.5471 17.2054 18.6707 17.0903 16.9211
threshold=-0.00019262481387795065 -0.0034535732049443342 1.1871345029239964 0.0071557608011686381 -0.00018129602921297902 0.026721717344316647 0.010033699094368128 0.0081252430436856895 0.00025164638960737453 -0.007613518360924971 -0.00031868469779193135 -1.0000000180025095e-35 1.0000000180025095e-35 0.0083201270165056563 0.0054009441165753808 -0.0066482548875867924 0.0072754827434974986 0.004388103741648444 1.4945000000000002e-05 -0.020427893812351747 0.013708922122013916 1.0000000180025095e-35 18.500000000000004 0.0011610238765195201 0.40689390454586077 0.0032225508616884504 0.0025252702840340732 0.0040117178235942819 0.0069737218555964804 -0.015943980570770767
decision_type=2 2 2 2 2 2 2 2 2 2 2 2 2 2 2 2 2 2 2 2 2 2 2 2 2 2 2 2 2 2
left_child=1 29 3 5 -5 7 -7 10 15 -4 17 21 13 -10 -13 18 -17 -2 19 -3 -6 22 23 -12 -9 -26 28 -28 -22 -1
right_child=2 8 9 4 20 6 -8 24 12 -11 11 14 -14 -15 -16 16 -18 -19 -20 -21 26 -23 -24 -25 25 -27 27 -29 -30 -31
leaf_value=-0.01072845838054768 -0.0022765444871200246 0.042378646813937243 0.039740603352488447 0.061574295733133722 0.057393539018638209 0.15942586386595534 0.012416296514611186 -0.034853761672743164 0.035214291704608817 0.0102923850467892 0.14135909328387566 -0.0026287719500463608 -0.0076869600177073439 -0.026502991335129247 0.012783397182878051 -0.011389906484326343 0.004179487041612067 -0.027569274648069131 -0.027015456915670762 -0.014339781128101954 0.0086860684250738129 0.016115740246800028 -0.0071942858690159546 0.021369582099990063 0.0044791398645130827 -0.02110139735759459 0.066900705188233239 -0.012024616131182934 0.057328857246065713 0.019384615901505496
leaf_weight=65.69868478924036 528.86827159672976 22.723691090941429 76.940442599356174 35.779466740787029 19.108497485518456 6.8064760193228748 17.463260143995285 76.025716446340084 79.940702043473721 774.92694036662579 9.8580753207206779 557.16702000051737 110.09457821398973 18.056957341730595 339.68854396790266 1079.4603368714452 297.23318595439196 83.214598260819912 294.50670329481363 129.25616113096476 58.488859169185162 150.52776735275984 6.7866896465420714 7.4319345355033866 147.12576321512461 136.69516031444073 8.0843761712312681 102.47484717518091 26.12193538248539 160.90510648488998
leaf_count=589 4810 233 501 247 128 37 144 756 706 5712 70 5023 1019 172 2470 11322 2751 794 3392 1521 451 1218 55 57 1192 1233 55 794 184 1417
internal_value=-0.000112724 -0.00708408 0.00485337 0.0018767 0.0184518 -0.00012785 0.0536453 -0.000766524 -0.0090629 0.0129521 0.00196546 0.0063531 0.00716124 0.0238423 0.00320866 -0.0109147 -0.00802842 -0.00571517 -0.0198141 -0.00585937 0.0112513 0.0225045 0.0624471 0.0897828 -0.0135481 -0.00784108 0.00673366 -0.00625339 0.0237036 0.010654
internal_weight=5427.46 2257.88 3169.58 2317.72 250.058 2067.66 24.2697 2043.39 2031.27 851.867 1683.54 1071.46 208.092 97.9977 896.856 1823.18 1376.69 612.083 446.487 151.98 214.279 174.604 24.0767 17.29 359.847 283.821 195.17 110.559 84.6108 226.604
internal_count=49053 23122 25931 19718 1859 17859 181 17678 21116 6213 14497 8893 1897 878 7493 19219 14073 5604 5146 1754 1612 1400 182 127 3181 2425 1484 849 635 2006
is_linear=0
shrinkage=0.05


Tree=22
num_leaves=31
num_cat=0
split_feature=63 12 21 21 38 52 41 55 5 63 64 51 42 63 37 60 38 58 11 13 14 58 6 58 58 37 42 1 38 42
split_gain=51.2685 43.8445 32.5982 29.3553 20.6016 19.8843 18.1586 17.4676 17.4722 17.181 16.5572 16.1935 19.7653 15.9296 15.824 15.7337 18.3595 15.0993 15.5928 15.8992 15.0902 14.1187 13.9292 13.7416 13.5813 14.8022 13.3261 13.2865 13.1775 14.3435
threshold=0.0071557608011686381 0.8887673825627741 -0.0040376890425082969 0.0056027785958225381 0.24555812194073748 0.57657693635164009 0.00022099500000000003 1.0000000180025095e-35 0.0030743070373189388 -0.00073951426095914094 0.92156736757288982 1.0000000180025095e-35 2.5400000000000007e-06 0.040157915532896903 0.059501140053892308 0.050399242865506115 0.27840259393754702 0.00062859520055519747 -0.84771635816328761 0.074699728069720833 0.85294117647056689 -0.0034304585342020293 1.5000000000000002 -0.0032720307167973263 -0.00016221191135711748 0.48293476026437493 9.7305000000000018e-05 -0.0011252271817395766 0.13182695783627466 0.00012843000000000004
decision_type=2 2 2 2 2 2 2 2 2 2 2 2 2 2 2 2 2 2 2 2 2 2 2 2 2 2 2 2 2 2
left_child=1 2 14 6 21 22 7 8 -2 -6 24 12 -11 28 -1 -7 -17 -14 19 -19 -13 -4 -3 -23 -10 -26 -18 -22 -5 -30
right_child=3 5 4 13 9 15 -8 -9 10 11 -12 20 17 -15 -16 16 26 18 -20 -21 27 23 -24 -25 25 -27 -28 -29 29 -31
leaf_value=0.054857859677932157 0.012502324946848963 0.015269126956088503 -0.020698075760436464 0.040277069390376591 -0.018006709483620292 -0.0054038678549848838 -0.034386298421551942 0.017428380783478189 0.10656605305759788 0.10280096739744245 0.01119282595366354 -0.0037284913558949433 0.0039182315239141797 0.043100555559784245 -0.022362540269082368 0.0075446820731451189 0.011120203593892585 0.068967617319045355 0.012848625029092488 -0.026669523879244768 -0.011710991260984981 0.05397605871282618 -0.0022013771575130898 -0.0063840690360731818 0.080800660763152787 0.0091782342367350521 0.038251841330776221 0.061172415225615832 -0.033986057414305625 0.038233278710668762
leaf_weight=6.7730281427502623 32.229504980146885 125.56771796941757 187.24237678945065 8.4753088653087598 98.516762003302574 165.70260324329138 13.883922554552553 271.66642103344202 17.874012596905231 5.964038409292697 14.564101479947565 470.38772290199995 229.29711287468672 12.134686581790445 323.78645385056734 651.12430249154568 85.2782237008214 29.017604723572731 64.462760955095291 5.1111995652317992 9.822157099843027 9.5089734792709333 1248.3999788612127 1124.3036630749702 17.602328747510914 12.223226860165594 96.436746135354042 17.20832958817482 60.752509914338589 7.7525952085852614
leaf_count=77 240 1088 1912 65 996 1419 108 1983 118 60 110 4309 2289 93 3775 5207 683 287 631 55 90 98 10878 10805 129 94 737 153 500 64
internal_value=-0.00011295 -0.00160904 -0.00611855 0.0156845 -0.00396532 0.00329752 0.0217409 0.0238691 0.042386 0.00173654 0.0578547 0.00407638 0.0125947 -0.0101437 -0.0207803 0.00866692 0.0114665 0.0109539 0.0273169 0.0546448 -0.00164085 -0.00797842 -0.000604737 -0.00587785 0.0721019 0.0514481 0.0255191 0.0346885 -0.0185368 -0.0258131
internal_weight=5423.07 4953.91 2581.4 469.159 2250.84 2372.51 380.044 366.16 94.4932 929.788 62.2637 831.271 333.853 89.1151 330.559 998.542 832.839 327.889 98.5916 34.1288 497.418 1321.06 1373.97 1133.81 47.6996 29.8256 181.715 27.0305 76.9804 68.5051
internal_count=49053 45549 25537 3504 21685 20012 2782 2674 691 8870 451 7874 3322 722 3852 8046 6627 3262 973 342 4552 12815 11966 10903 341 223 1420 243 629 564
is_linear=0
shrinkage=0.05


Tree=23
num_leaves=31
num_cat=0
split_feature=59 38 63 51 13 38 45 47 10 4 59 41 50 43 58 12 59 5 50 62 37 2 61 62 6 21 20 59 5 60
split_gain=69.2444 29.2972 28.0037 26.6376 25.906 28.3753 26.1001 30.7065 26.482 22.2784 28.0048 24.8754 22.9787 22.2119 20.814 20.2555 19.7918 38.6649 26.9995 19.7498 18.8255 18.6509 20.3374 18.5093 19.5894 20.7968 18.217 23.9966 18.9561 17.4155
threshold=0.0028031250996612711 0.2908104621158803 0.010240134520285127 1.0000000180025095e-35 0.16328548575284019 0.26481799240993442 0.0002214044606656256 0.00067136634237111199 1.0000000180025095e-35 0.95500000000000351 0.013687506501497375 -3.8299999999999996e-05 -0.0034776699721532521 -0.00010536999999999999 0.003004222007613546 0.68183300010107328 -0.0023478264657698753 0.0062774191902462409 -0.001051694939742146 -0.0065473305762966992 0.064595832456735142 0.00018579158892038084 -1.0000000180025095e-35 -0.0043933401318752121 17.500000000000004 -0.0031735888469395109 -0.00034039035768674512 0.01852754674717744 0.0056988079704308045 0.51640070969667329
decision_type=2 2 2 2 2 2 2 2 2 2 2 2 2 2 2 2 2 2 2 2 2 2 2 2 2 2 2 2 2 2
left_child=2 9 4 14 5 -1 -7 8 -8 10 12 13 -2 29 21 -13 17 -6 19 -18 -5 22 -4 -14 25 -25 -15 -28 -29 -11
right_child=1 -3 3 20 16 6 7 -9 -10 11 -12 15 23 26 -16 -17 18 -19 -20 -21 -22 -23 -24 24 -26 -27 27 28 -30 -31
leaf_value=-0.012781832496165227 0.062058643533074109 0.021302782672910161 0.15986127888394586 0.048942470593442589 -0.011158010520902685 -0.0032216065487951613 0.11727310788047687 0.00059985652022989373 0.0069534597797218465 0.026033734585213547 0.045106388142252617 -0.014282877628638797 -0.026367268495786418 0.074176223015252937 -0.018662930571020253 0.0022502601540566988 0.10042186207193171 0.020178499168802072 -0.00096303520664006161 0.019243214528370245 -0.0037355002288113532 0.015613301373898915 0.053364921799400514 0.066176672211840731 -0.0070654831114945887 0.011747946294779163 0.0056185213001908908 0.12702970726102467 0.030745462100905403 -0.021735981517626141
leaf_weight=1417.824475236237 19.376371704041958 312.85837253928185 8.7351317778229731 20.478755466639996 530.26434322446585 604.84830851107836 14.654918536543846 31.459519423544407 8.6510273367166519 30.665813475847244 56.194524519145489 307.64117256551981 39.512930609285831 19.907929845154285 7.3928527459502211 465.67937165498734 7.8061067610979071 120.87508973479271 332.08375760912895 186.41531803458929 98.70769140869379 8.5894405469298345 9.2092476561665553 18.247079290449619 146.63661579787731 459.48318358510733 64.004388615489006 8.0873288959264773 13.894035235047339 50.499357230961323
leaf_count=14939 128 2236 56 151 5281 6002 143 311 87 239 299 2757 299 130 60 3493 62 1086 3011 1551 826 63 68 126 1197 3370 518 50 94 420
internal_value=-0.000111995 0.00724154 -0.00445484 0.0164425 -0.00543787 -0.00879609 -0.000228815 0.0328246 0.0763231 0.00465353 0.011177 -0.000369223 0.00838643 0.0159923 0.0555315 -0.00432693 0.000487249 -0.00534082 0.00769767 0.0225059 0.00531569 0.0762035 0.105206 0.00681992 0.00892017 0.0138269 0.0310766 0.0210979 0.0661701 -0.00368763
internal_weight=5420.68 2012.69 3408 153.113 3254.88 2077.44 659.614 54.7655 23.3059 1699.83 739.451 960.379 683.256 187.059 33.9267 773.321 1177.44 651.139 526.305 194.221 119.186 26.5338 17.9444 663.88 624.367 477.73 105.894 85.9858 21.9814 81.1652
internal_count=49053 15356 33697 1224 32473 21482 6543 541 230 13120 5419 7701 5120 1451 247 6250 10991 6367 4624 1613 977 187 124 4992 4693 3496 792 662 144 659
is_linear=0
shrinkage=0.05


Tree=24
num_leaves=31
num_cat=0
split_feature=59 63 17 52 50 51 63 60 59 18 63 4 16 21 52 64 1 60 52 18 6 59 19 59 50 42 60 19 38 6
split_gain=63.5416 28.5277 27.0481 25.7131 24.547 24.3091 24.178 22.4111 22.1293 23.26 22.2225 20.0395 23.4349 19.8205 18.6539 18.4434 21.2417 17.3135 16.59 17.1316 16.3303 16.3033 18.8759 15.8134 21.8482 19.4645 19.1866 18.2517 17.0034 15.8318
threshold=0.0014959679796962119 0.010240134520285127 0.66346665847465236 0.0032113156674652955 0.00043939252980098052 1.0000000180025095e-35 -0.009060312014716727 0.77673918231365591 0.011294299539410612 0.0056921161244693798 0.018664359187491427 0.59857142857142731 0.17048072894847613 0.0039232645292042829 0.81836542257508937 0.31929048148066663 0.00096051291839481686 0.97948196731936044 0.011517200280373481 0.0048911855820091337 1.5000000000000002 -0.0027955663373371376 -0.0092429361558531032 -0.0066482548875867924 -0.0051698342554071684 0.00010040000000000001 0.050399242865506115 0.0021682437977010058 0.17660183116015213 11.500000000000002
decision_type=2 2 2 2 2 2 2 2 2 2 2 2 2 2 2 2 2 2 2 2 2 2 2 2 2 2 2 2 2 2
left_child=1 3 -2 21 23 6 -4 13 10 17 11 12 -7 -3 15 -8 -17 -10 -12 -20 -13 -1 -23 24 25 -5 27 -25 -27 -28
right_child=2 7 5 4 -6 8 14 -9 9 -11 18 20 -14 -15 -16 16 -18 -19 19 -21 -22 22 -24 26 -26 28 29 -29 -30 -31
leaf_value=-0.016058719587514869 -0.0055259463355549704 0.043765647839415209 -0.022523481872931777 -0.0015705945130208101 -0.01412284745987267 0.034821922843021456 0.062261661408560078 -0.01309624351365599 0.028115930363303961 0.0093240088262066135 0.054844135344184225 0.017795796630029566 0.00040110949805913069 -0.016515966678098942 0.048682023400149821 0.028142370454038175 0.001886444933763893 0.084604319473798983 0.052901663121331571 -0.026630600705912867 -0.0038852698472687298 0.069424029943257901 -0.0066668710539496447 -0.011712102002702493 -0.021605528857262028 0.10761425754822658 0.0049518997773827129 0.053242473531049932 0.02085849684383112 0.025090718192049756
leaf_weight=673.01728568971157 439.33191127330065 70.725229993462563 32.540313974022865 149.28826321661472 243.31946858018637 87.492920659482479 21.765449412167072 39.816113896667957 65.947927080094814 259.10415188968182 34.300226613879204 95.710244067013264 113.72423607856035 16.892874389886856 57.305936768651009 149.77851372212172 158.60405543446541 17.077121332287788 10.874591946601869 17.943079702556133 938.24438366293907 8.2156321853399259 1027.6771264374256 133.39947580546141 121.65461545437574 7.5154752209782627 198.68162056803703 11.769059263169764 22.726604126393795 191.79754762351513
leaf_count=7720 4081 538 269 1340 2395 650 159 340 357 1776 210 730 872 146 370 1065 1290 87 61 117 7486 71 10476 1254 1358 61 1811 108 196 1659
internal_value=-0.000112194 -0.005126 0.0057375 -0.00618303 -0.00014444 0.00813915 0.0188725 0.0180084 0.00539111 0.0167039 0.00240995 0.000931202 0.0153679 0.0321433 0.0223491 0.0177783 0.0146387 0.0397348 0.0313479 0.00338157 -0.00187832 -0.00999984 -0.0060634 0.00391996 -0.00524617 0.00583937 0.0090739 -0.00644612 0.0424182 0.0148438
internal_weight=5416.24 2916.5 2499.75 2789.06 1080.15 2060.41 419.994 127.434 1640.42 342.129 1298.29 1235.17 201.217 87.6181 387.454 330.148 308.383 83.025 63.1179 28.8177 1033.95 1708.91 1035.89 836.833 301.185 179.53 535.648 145.169 30.2421 390.479
internal_count=49053 29473 19580 28449 10182 15499 3153 1024 12346 2220 10126 9738 1522 684 2884 2514 2355 444 388 178 8216 18267 10547 7787 2955 1597 4832 1362 257 3470
is_linear=0
shrinkage=0.05


Tree=25
num_leaves=31
num_cat=0
split_feature=59 58 19 6 6 49 6 37 38 55 32 5 63 19 55 63 63 63 56 59 51 62 6 63 59 3 41 20 43 47
split_gain=58.0468 26.3998 36.9796 28.44 29.445 26.0598 24.8662 25.293 24.7201 22.7013 27.4423 23.2549 22.416 22.2606 19.9982 18.5092 18.3578 17.9102 18.3258 17.8068 17.3972 18.9625 17.3225 20.1125 16.5902 19.0887 17.2359 21.5153 16.1428 15.5575
threshold=-0.00019262481387795065 -0.0011431522049325396 -0.0048310129027664224 15.500000000000002 12.500000000000002 -0.0034535732049443342 2.5000000000000004 0.32626361402779652 0.34116626794258464 1.0000000180025095e-35 9.5000000000000018 0.004732780312837608 0.017011481565778867 0.0042975744418444874 -1.0000000180025095e-35 0.00025164638960737453 0.020391383149555246 0.038119067064743939 3.408581226483876 0.0080378432040989073 1.0000000180025095e-35 0.0083201270165056563 21.500000000000004 0.0078607814960510013 -0.0066482548875867924 0.0072754827434974986 1.4945000000000002e-05 -0.020427893812351747 8.5225000000000289e-06 -0.00045241772221166936
decision_type=2 2 2 2 2 2 2 2 2 2 2 2 2 2 2 2 2 2 2 2 2 2 2 2 2 2 2 2 2 2
left_child=5 2 28 4 6 -1 9 16 29 10 11 -3 13 19 22 24 -8 18 -16 -4 21 -17 23 -5 26 -26 27 -7 -2 -6
right_child=1 3 12 14 8 15 7 -9 -10 -11 -12 -13 -14 -15 17 20 -18 -19 -20 -21 -22 -23 -24 -25 25 -27 -28 -29 -30 -31
leaf_value=0.0096581678928352958 0.059386429267302379 0.019989478621716805 -0.0063778761362069912 -0.0021553137837891645 0.032753000514358914 0.039562419964016514 0.0070127243854123007 -0.0084883397894558645 0.069183579462241976 0.012214295149465182 0.13497533663825917 0.10046323819560279 0.054465593412400454 -0.022276138960625844 -0.0077022885781777338 0.030874680424179343 0.04517031857329841 0.052112875366275971 0.08095277792181621 0.018248138334320325 -0.0078739564931837539 -0.02599679449256212 0.04567869055397189 0.054793475823431914 -0.010232153065220351 0.004110739241705008 -0.025587570557229385 -0.012763813635960217 0.010488787305335132 0.0099300001945973396
leaf_weight=229.17464061826468 29.978469863533974 50.709422990679741 485.43486837297678 109.89894279837608 132.19491151720285 23.307476304471493 649.50934860110283 303.28474117815495 27.723143145442009 207.20460747927427 7.5933498069643965 10.908456295728682 14.823376499116419 193.41955565661192 562.6160916313529 83.148805074393749 33.128715887665749 13.207887671887873 5.8900494053959838 86.485109083354473 110.33932108432055 17.793646574020386 34.76789964735508 18.050170138478279 1055.6291029602289 297.30994490534067 282.67375326901674 125.01046312600374 38.627184599637985 171.58355047553778
leaf_count=2006 186 392 4494 913 936 233 5113 2476 180 1554 52 70 97 1819 4773 706 195 92 40 666 1019 172 272 117 11322 2751 3392 1521 274 1220
internal_value=-0.000111668 0.00421461 -0.00333856 0.00695634 0.0107249 -0.00631024 0.00724228 0.00352652 0.0239866 0.0204957 0.0452884 0.0342361 -0.00643344 -0.00761295 -0.00111226 -0.00814441 0.00886453 -0.00544652 -0.00678377 -0.00265396 0.0058491 0.0208497 0.0143827 0.00587863 -0.00980175 -0.00708029 -0.0183448 -0.00454099 0.0318555 0.0198619
internal_weight=5411.43 3187.04 848.769 2338.27 1593.84 2224.39 1262.34 985.923 331.502 276.416 69.2112 61.6179 780.163 765.34 744.431 1995.21 682.638 581.714 568.506 571.92 211.282 100.942 162.717 127.949 1783.93 1352.94 430.992 148.318 68.6057 303.778
internal_count=49053 25931 7536 18395 12188 23122 9852 7784 2336 2068 514 462 7076 6979 6207 21116 5308 4905 4813 5160 1897 878 1302 1030 19219 14073 5146 1754 460 2156
is_linear=0
shrinkage=0.05


Tree=26
num_leaves=31
num_cat=0
split_feature=59 6 6 63 7 50 43 18 50 59 4 47 6 5 60 59 51 41 31 54 59 19 58 23 6 60 1 60 13 41
split_gain=54.1811 27.6164 81.0096 41.2757 41.0979 32.3946 29.6466 33.4412 29.5388 27.9273 26.5856 22.5347 24.8092 29.691 25.8929 21.535 20.1771 19.4041 19.3992 19.1606 19.1014 22.7715 24.3294 18.4471 18.2654 22.9263 34.546 23.2597 18.3842 21.5449
threshold=0.0064530211313289692 14.500000000000002 11.500000000000002 0.040157915532896903 5.5000000000000009 -0.0048206049839715397 -8.1006249999999858e-05 0.0046235110425081223 -7.9397305833797115e-05 -0.0063004197382335826 1.1235714285714289 -0.00025794655921232494 20.500000000000004 0.0028678711058023484 0.16790547786206481 0.0030059636624923517 1.0000000180025095e-35 -3.5299999999999997e-05 0.19006481291080393 -0.0097992245868864097 -0.0028455106967918303 -0.0037583351008344304 -0.0034304585342020293 -0.0020018948848901652 22.500000000000004 0.3693030991734802 -0.0085294503468178375 0.026926880727233472 0.12449835669289076 3.5250000000000006e-06
decision_type=2 2 2 2 2 2 2 2 2 2 2 2 2 2 2 2 2 2 2 2 2 2 2 2 2 2 2 2 2 2
left_child=1 2 5 4 24 17 7 -6 9 23 16 -8 14 -14 -13 -10 -2 -1 -11 -12 -7 -22 -23 -4 -3 27 -27 -26 29 -29
right_child=10 3 8 -5 6 20 11 -9 15 18 19 12 13 -15 -16 -17 -18 -19 -20 -21 21 22 -24 -25 25 26 -28 28 -30 -31
leaf_value=0.051562824062978491 0.052370949621819124 -0.014295433992408783 0.054486405565250175 0.12274316885333683 0.15151745107258008 -0.014063832598113536 -0.0040697637523099909 0.023933783429977831 -0.0050786718582965865 0.04051757939280607 0.052604560388262001 0.079000658042019681 0.003516223257448982 0.14175520268017816 -0.021724920974250925 0.024631189575716923 0.015321349329935358 0.0086364836209348924 -0.0043851299356384588 0.00048143136834989707 0.015906593427691306 -0.021760023068274563 -0.0023430995153494588 -0.0092379153490992228 -0.024655574689018859 0.074707365494123476 -0.021511134980711073 0.0043271336140193158 -0.0023502593280363819 0.10065597184821065
leaf_weight=34.378882363438606 39.822322949767113 1120.0533916354179 13.665984153747557 6.0085616484284392 7.4192413762211826 506.64941424876451 163.530512817204 16.689933694899082 185.6556669101119 214.3038178011775 18.255811020731926 9.1463736891746539 6.5440552681684521 9.5564134791493398 21.097411811351776 90.835784368216991 475.98654957860708 112.38932783156633 27.094689778983593 515.52050319314003 145.91412767767906 184.85129082202911 1267.7694595828652 67.212327972054482 14.116889528930185 10.523620739579199 82.155738070607185 8.2388725131750125 11.75861670821905 19.645763389766216
leaf_count=290 271 11201 112 44 68 5552 1568 163 1753 1789 108 82 59 92 200 666 3087 984 216 4018 1222 1849 11495 680 140 94 870 84 108 188
internal_value=-0.000111437 -0.00256801 0.000325701 -0.00804376 -0.00856749 -0.00402051 0.0106844 0.0631958 0.0166717 0.0269581 0.0100867 0.00465221 0.0354286 0.0855678 0.00873667 0.00468191 0.0181817 0.0186915 0.0354777 0.00226411 -0.00560393 -0.0029226 -0.00481397 0.00152956 -0.0121243 0.00448204 -0.0105856 0.0304578 0.0500836 0.0721944
internal_weight=5406.79 4357.21 2850.72 1506.49 1500.48 2251.95 233.984 24.1092 598.768 322.277 1049.59 209.875 46.3443 16.1005 30.2438 276.491 515.809 146.768 241.399 533.776 2105.18 1598.53 1452.62 80.8783 1266.49 146.44 92.6794 53.7601 39.6433 27.8846
internal_count=49053 41569 26608 14961 14917 21392 2232 231 5216 2797 7484 2001 433 151 282 2419 3358 1274 2005 4126 20118 14566 13344 792 12685 1484 964 520 380 272
is_linear=0
shrinkage=0.05


Tree=27
num_leaves=31
num_cat=0
split_feature=59 38 54 12 59 20 4 17 50 18 43 41 59 5 59 49 58 14 62 13 11 58 19 59 41 4 51 42 42 18
split_gain=49.5333 24.708 23.08 20.0447 19.8774 38.4547 22.1137 21.8928 21.4117 18.8479 18.6503 30.4985 16.2302 22.6313 19.6589 15.9541 18.5158 16.2745 15.266 14.6321 14.479 13.8318 25.3759 18.0095 21.4572 31.7737 20.9232 17.3024 23.8627 14.3179
threshold=0.0028031250996612711 0.2908104621158803 -0.00084347834763280746 0.43363198691238553 0.01852754674717744 0.014114161399173987 0.95500000000000351 0.57417605662129934 -0.0011069573677451783 0.0063988699619613298 -4.3678749999999962e-05 -9.7799999999999978e-05 -0.0029129703432650019 0.0062774191902462409 -0.011508317009568387 -0.0018285746826668776 -0.013708640470839275 0.72738957700400453 -0.0043933401318752121 0.018127105292970912 -1.0271336508161231 -0.0023997187755474378 -0.0045415308546047518 -0.0026825053483143925 -0.00021135999999999998 0.72785714285714376 -1.0000000180025095e-35 3.2060000000000008e-05 3.5095000000000009e-05 0.0045339894339758383
decision_type=2 2 2 2 2 2 2 2 2 2 2 2 2 2 2 2 2 2 2 2 2 2 2 2 2 2 2 2 2 2
left_child=2 4 3 20 6 -6 8 -8 9 19 11 -7 13 14 -5 16 -15 -17 -10 -2 -1 22 -4 29 25 -25 -26 -28 -29 -23
right_child=1 -3 21 12 5 10 7 -9 18 -11 -12 -13 -14 15 -16 17 -18 -19 -20 -21 -22 23 -24 24 26 -27 27 28 -30 -31
leaf_value=0.0016667881212157323 0.086569277363770167 0.01879845482629371 0.01671404799427231 -0.024286616514703076 0.046811142502340197 -0.032571766449307885 -0.025291865005933212 -0.00055433018559731607 -0.026843167725423441 0.099314241191386404 -0.023146206941287439 0.068398887002223449 0.0073291429382487108 0.08863856155101664 -0.0024319762983162469 -0.015921319273353437 0.020207271194430443 0.05890422095729414 0.0067683751425353976 0.016849592677587427 -0.030040818396539479 -0.033045652439069831 -0.021188545892842994 0.14782569885952287 0.0057324264015640013 -0.016078759208253125 -0.027097326969503861 0.09171557434549038 -0.0061968661081685536 -0.0094337110360095209
leaf_weight=60.922650299966335 8.2351134866476041 320.04983009397984 50.851400695741177 131.26785361021757 73.82057723402977 12.723594695329668 101.89723554998636 731.54212043434381 35.835496552288532 8.8030752018094045 47.490129612386227 18.142860040068626 752.80083752423525 11.755867473781107 476.13537210226059 47.021539129316807 62.110343754291534 8.5951891764998418 589.60405667871237 87.335085302591324 88.025188207626343 86.088902160525322 335.55818179994822 5.8400740399956685 411.07548943161964 5.9891326054930687 107.68721646815538 6.3068072795867911 467.07256331294775 252.5436257570982
leaf_count=674 66 2236 582 1398 467 100 1003 5751 269 56 374 116 6833 92 4854 456 533 83 4314 604 1002 951 3755 52 3959 55 1042 56 4487 2833
internal_value=-0.000112968 0.00604484 -0.00383488 0.000417012 0.00366538 0.020916 0.0019861 -0.00357877 0.00834113 0.0293058 -0.00348018 0.0267773 0.00216565 -0.00310937 -0.00715505 0.0158689 0.0310982 -0.00435754 0.00484255 0.0228572 -0.0170718 -0.00786452 -0.0162006 -0.00546535 -0.00210217 0.0648408 -0.00290032 -0.00900756 -0.00489238 -0.0154365
internal_weight=5403.13 2035.48 3367.65 1638.63 1715.43 152.177 1563.25 833.439 729.813 104.373 78.3566 30.8665 1489.69 736.886 607.403 129.483 73.8662 55.6167 625.44 95.5702 148.948 1729.01 386.41 1342.6 1003.97 11.8292 992.142 581.067 473.379 338.633
internal_count=49053 15356 33697 15925 13120 1057 12063 6754 5309 726 590 216 14249 7416 6252 1164 625 539 4583 670 1676 17772 4337 13435 9651 107 9544 5585 4543 3784
is_linear=0
shrinkage=0.05


Tree=28
num_leaves=31
num_cat=0
split_feature=59 6 6 63 7 50 50 37 43 4 4 47 37 3 37 31 19 51 42 59 6 60 1 60 32 54 59 50 58 41
split_gain=45.4861 24.8326 72.2471 34.8704 36.9891 28.5722 25.723 27.026 24.2541 23.9193 22.5942 19.6687 20.6228 27.4746 23.7534 17.4058 17.0272 17.0053 16.8413 16.7904 16.6871 20.032 29.9209 20.251 16.9351 16.6197 16.5357 19.5149 19.6939 16.5356
threshold=0.0064530211313289692 14.500000000000002 11.500000000000002 0.040157915532896903 5.5000000000000009 -0.0048206049839715397 5.2116151109604546e-05 0.39058524173028014 -8.1006249999999858e-05 0.75214285714285833 1.1235714285714289 -0.00025794655921232494 0.73470692181828356 0.0083396859422427191 0.96407516550209926 0.42926304464765552 0.0040677727911506301 1.0000000180025095e-35 4.0425000000000007e-05 0.0030059636624923517 22.500000000000004 0.3693030991734802 -0.0085294503468178375 0.024390034410514145 1.5000000000000002 -0.0097992245868864097 0.011294299539410612 0.0019687912249701611 0.0090145489497763746 -3.5299999999999997e-05
decision_type=2 2 2 2 2 2 2 2 2 2 2 2 2 2 2 2 2 2 2 2 2 2 2 2 2 2 2 2 2 2
left_child=1 2 5 4 20 29 7 15 9 -6 17 -10 -13 14 -14 16 -4 18 -2 -8 -3 23 -23 -22 -25 -12 27 -19 -29 -1
right_child=10 3 6 -5 8 -7 19 -9 11 -11 25 12 13 -15 -16 -17 -18 26 -20 -21 21 22 -24 24 -26 -27 -28 28 -30 -31
leaf_value=0.047078821610639969 0.0038391236437304598 -0.013628005548775688 0.036561812508565356 0.10813181801758438 0.11827576340375215 -0.005282679902522491 -0.0050607613848650352 0.0067891891611395576 -0.003783684335916851 0.018360281988327742 0.048148655738479373 0.0075077353104202778 0.18915982178015289 -0.0095552472773242046 0.044973723844487293 -0.023941308984292212 0.11727827254682395 0.018706255751181233 0.070820397213755396 0.021433895846585893 -0.025989220180931995 0.066871850607802374 -0.020629651976501431 -0.0043866617542239498 0.065555097813653124 0.00027460591881906465 0.026762231498514644 -0.012075031307965299 0.05095893835439811 0.0080347316352564098
leaf_weight=35.663144893944263 14.437605351209639 1105.149725265801 192.31506195664406 6.4804892465472212 9.632326081395151 2092.8587020263076 174.29678414016962 129.04601963609457 162.72788402438164 15.840427249670027 18.788050517439842 29.931985527276993 6.0799314901232737 6.1520356461405745 5.3874799385666847 11.507547184824942 6.7634662985801688 171.15965505689383 26.812811769545078 91.027680411934853 13.140288420021532 11.12022579461336 80.447342656552792 12.218720547854899 29.672002084553242 516.40943720936775 165.09270574897528 132.38441423326731 13.671119779348372 113.16716559976339
leaf_count=290 94 11201 1657 44 83 20118 1658 1095 1568 148 108 272 56 54 51 98 52 1132 177 656 132 94 870 112 276 4018 945 919 91 984
internal_value=-0.000112611 -0.00237913 0.000360619 -0.00759947 -0.00810367 -0.00377736 0.015694 0.0248069 0.0100644 0.0561426 0.00917953 0.00448261 0.0327711 0.0756885 0.12142 0.035848 0.0393041 0.0165644 0.047377 0.00402904 -0.0115254 0.00432525 -0.0100032 0.0281668 0.0451544 0.00195522 0.0139291 0.00725021 -0.00617491 0.0173906
internal_weight=5399.38 4340.63 2846.65 1493.98 1487.5 2241.69 604.957 339.632 235.752 25.4728 1058.76 210.279 47.5514 17.6194 11.4674 210.586 199.079 523.558 41.2504 265.324 1251.75 146.599 91.5676 55.031 41.8907 535.197 482.308 317.215 146.056 148.83
internal_count=49053 41569 26608 14961 14917 21392 5216 2902 2232 231 7484 2001 433 161 107 1807 1709 3358 271 2314 12685 1484 964 520 388 4126 3087 2142 1010 1274
is_linear=0
shrinkage=0.05


Tree=29
num_leaves=31
num_cat=0
split_feature=59 63 51 52 58 6 54 62 58 41 18 6 60 63 59 38 37 4 59 63 21 60 54 20 1 59 63 38 21 16
split_gain=43.7079 23.0469 28.2642 24.1961 22.8566 22.6301 21.6008 21.2917 20.7244 24.1606 38.9343 21.0452 20.6198 19.8847 19.8258 19.3467 21.3121 21.71 23.6694 20.9126 20.5096 20.9556 18.7187 20.0056 19.1007 18.5578 16.7855 17.3938 28.6079 16.77
threshold=-0.00019262481387795065 -0.0029839926588277992 -1.0000000180025095e-35 0.79038984366263942 -0.00031868469779193135 1.5000000000000002 -0.0090017932853699318 -0.0008704088979126645 -0.0041518603969802692 -3.8299999999999996e-05 0.0056486286366887748 3.5000000000000004 0.34521897876513591 0.024575330018445033 0.0012254960267705927 0.34116626794258464 0.033407905291953664 0.55142857142857449 0.026721717344316647 0.019353714228317064 0.0025359416114475995 0.015434499414925954 -0.0017630131675150196 -0.0004059149202811177 0.0037410146512222874 0.0016132779961232494 0.00025164638960737453 0.28024580271702015 0.005011700821901657 0.20120147207388947
decision_type=2 2 2 2 2 2 2 2 2 2 2 2 2 2 2 2 2 2 2 2 2 2 2 2 2 2 2 2 2 2
left_child=6 -2 3 7 13 22 -1 -3 -9 10 14 12 -11 -4 -10 16 19 20 -19 25 21 -18 -6 -24 -25 -7 27 -8 -29 -22
right_child=1 2 4 -5 5 15 26 8 9 11 -12 -13 -14 -15 -16 -17 17 18 -20 -21 29 -23 23 24 -26 -27 -28 28 -30 -31
leaf_value=0.0076230784517438629 -0.013687390892055021 0.050104948451825095 -0.0081800203879951218 0.036919693453174043 0.054468868353959546 -0.016379504565788097 -0.011728067654410264 -0.007964464772807156 -0.030295305209480622 0.08182713254452495 0.082178648939056048 0.0028085767404582357 0.014494822892358629 0.058654430441188656 0.038570721678885138 0.027355925250032911 -0.032756031839610532 -0.003132702149481496 0.034636350746750109 0.088392308594467839 0.098366453143661312 0.025097779292822871 0.073359204808800565 -0.018583819320110054 0.026147339783831214 0.025386543052032914 0.0058426645799827068 -0.0012152874041324042 0.1125064503408187 0.014717428551522166
leaf_weight=272.4541418030858 181.63980652391911 31.046210922300816 547.48630514740944 94.86508371680975 36.864615984261036 35.764132551848888 1336.7379453368485 156.04815528541803 18.609154902398586 17.38759695738554 30.869371466338634 297.2949161157012 32.856712594628334 11.359980821609495 23.839700281620026 78.133523374795914 21.37771912664175 1239.4032534137368 42.917976200580597 10.33487682789564 13.78153655678034 58.441937178373337 12.263117529451845 44.247100204229355 51.809794016182423 103.75277346372604 212.17185775190592 365.72674535959959 5.6150730550289145 10.600373573601244
leaf_count=2258 1588 234 4791 653 262 342 15055 1433 174 142 234 2456 261 70 187 559 180 9871 273 52 101 438 93 339 348 772 1919 3834 56 78
internal_value=-0.000112881 0.0036105 0.00465043 0.013434 0.00198786 0.00478553 -0.00555181 0.00976933 0.00759867 0.0133693 0.039452 0.00786675 0.0377959 -0.00682144 0.00838054 0.00308519 0.00185089 -8.5101e-05 -0.00186861 0.0197639 0.0218631 0.00960307 0.0236939 0.0132203 0.00554263 0.0146801 -0.00742113 -0.00906871 0.000504303 0.0619989
internal_weight=5395.7 3203 3021.36 702.817 2318.54 1759.69 2192.71 607.952 576.906 420.857 73.3182 347.539 50.2443 558.846 42.4489 1614.51 1536.37 1386.52 1282.32 149.852 104.202 79.8197 145.185 108.32 96.0569 139.517 1920.25 1708.08 371.342 24.3819
internal_count=49053 25931 24343 5774 18569 13708 23122 5121 4887 3454 595 2859 403 4861 361 12666 12107 10941 10144 1166 797 618 1042 780 687 1114 20864 18945 3890 179
is_linear=0
shrinkage=0.05


Tree=30
num_leaves=31
num_cat=0
split_feature=59 17 63 4 38 59 37 58 4 50 6 6 2 50 59 21 56 4 59 5 58 63 15 21 14 15 59 2 59 19
split_gain=39.7128 22.9438 21.2237 20.903 20.0887 19.0048 20.7287 38.0669 26.7811 24.4133 16.8245 45.2702 19.9253 19.2118 21.3825 19.3461 18.8102 17.9636 17.1264 16.9376 15.1564 14.9098 14.7552 14.5899 14.3158 15.0189 18.1452 15.6071 14.2262 17.0586
threshold=0.0064530211313289692 0.88960772017837864 0.040157915532896903 0.86071428571428521 0.24555812194073748 0.01536043669547585 0.2288467799301673 0.0084443228413062978 0.78785714285714403 0.0020844296563192108 14.500000000000002 11.500000000000002 -0.017377671842183372 7.7407370913912485e-05 -0.005173393328614855 -0.0046604728265777209 2.9688454491241418 0.76857142857142302 0.00033131893278383687 0.0019126816676089205 0.0052383545554672119 -0.0009436068398841576 0.039753913305236852 0.0046920815830121575 0.06666666666668418 0.013157894736834911 0.0031205366396740816 -0.00010869624591095628 -0.0024226649129499987 0.0020826844840340811
decision_type=2 2 2 2 2 2 2 2 2 2 2 2 2 2 2 2 2 2 2 2 2 2 2 2 2 2 2 2 2 2
left_child=1 2 4 5 28 6 7 9 -8 -2 11 12 -3 14 15 -13 -12 -18 19 -14 -10 -15 -16 -20 -23 -26 -27 -28 -1 -30
right_child=3 10 -4 -5 -6 -7 8 -9 20 -11 16 13 18 21 22 -17 17 -19 23 -21 -22 24 -24 -25 25 26 27 -29 29 -31
leaf_value=-0.019332978124987767 0.043166336484558587 0.024374895873147312 0.074193113313164277 0.0043897004402834536 -0.00030763681554815605 0.059318384705622895 -0.015288807998620561 0.12614521672172935 0.057465065782442981 -0.0022570979201222987 -0.0071308310906961388 0.040113074113884033 -0.03445638093686134 -0.031215560834861655 0.0016170263626817004 -0.010907820350422174 0.093483687755501643 0.010118344123748242 0.0062996911103876951 -0.005911109755138701 -0.0091429633429682671 0.072648416070170613 0.04077754995802034 -0.020896877230323605 0.070263261933180138 -0.010069395960061105 0.089722388702462505 0.014855854438475775 -0.002235149550862714 -0.018281785305536379
leaf_weight=350.22040108963847 64.110706947743893 71.09543077647686 8.1269894540309888 788.0996947735548 727.32110818475485 28.132131233811378 81.24668824672699 9.5134587883949262 25.709949970245361 54.921122804284096 708.94935804605484 26.90796934813261 57.133130922913551 24.956729233264923 28.324020437896252 60.028494574129581 8.5282590463757497 26.670221991837025 493.73749601840973 574.65585266053677 12.788706764578817 8.6988361328840238 159.55834431946278 54.785108484327793 8.8153104782104474 96.256885334849358 8.126870468258856 48.535102345049381 536.12829848378897 239.65575072914362
leaf_count=4374 376 569 58 5803 7234 135 526 52 162 348 6705 239 583 235 216 560 70 213 3942 5775 82 72 1220 462 72 871 52 335 5326 2386
internal_value=-0.000112452 -0.00224081 -0.00643113 0.00853918 -0.00678468 0.0203696 0.0159566 0.0299003 0.000988199 0.022208 0.000922551 0.00363791 -0.00133206 0.0168649 0.0253868 0.00488381 -0.00535954 0.030317 -0.00288051 -0.00849248 0.0353388 0.00487874 0.0348739 0.00358336 0.0101641 0.00680336 0.00314509 0.0255938 -0.0109684 -0.00719229
internal_weight=5391.74 4327.22 1861.45 1064.52 1853.33 276.423 248.291 128.545 119.745 119.032 2465.76 1721.62 1251.41 470.209 274.819 86.9365 744.148 35.1985 1180.31 631.789 38.4987 195.39 187.882 548.523 170.433 161.734 152.919 56.662 1126 775.784
internal_count=49053 41569 19378 7484 19320 1681 1546 776 770 724 22191 15203 11331 3872 2235 799 6988 283 10762 6358 244 1637 1436 4404 1402 1330 1258 387 12086 7712
is_linear=0
shrinkage=0.05


Tree=31
num_leaves=31
num_cat=0
split_feature=59 63 51 52 59 5 63 5 50 6 7 15 59 48 2 42 20 21 59 19 48 53 63 63 48 7 14 38 14 16
split_gain=36.3876 20.7342 26.187 21.6281 20.0407 26.5696 22.5707 22.7768 19.5728 22.557 21.0406 32.0813 20.8364 22.2391 27.7902 17.8159 20.9846 17.8027 21.394 16.5067 16.151 18.7201 15.8393 15.5254 15.2976 16.808 14.9558 17.7393 19.7292 14.9506
threshold=-0.00019262481387795065 -0.009060312014716727 -1.0000000180025095e-35 0.7220646846890324 0.0072787511613084796 0.0021697522082976422 0.019353714228317064 0.0033407581731248275 -0.0039479394038385756 1.5000000000000002 1.5000000000000002 0.28333333333332372 -0.0066482548875867924 -0.00079326676041445432 -0.0073148541134221909 9.7150000000000027e-06 -0.014900505326723089 0.0017965554603122087 0.019822108650261881 0.0036595187257095342 -0.00052255001983219339 -0.00031825790938219738 0.018325532202513078 0.0087120950308373964 0.00029319477327116936 5.5000000000000009 0.50463002657978462 0.26799152864337172 0.41964285714286714 0.30769230769232458
decision_type=2 2 2 2 2 2 2 2 2 2 2 2 2 2 2 2 2 2 2 2 2 2 2 2 2 2 2 2 2 2
left_child=8 -2 3 19 6 -6 7 -4 9 10 -1 -12 15 14 -14 16 -10 18 22 23 21 -8 -7 26 -9 -26 27 -3 -29 -30
right_child=1 2 4 -5 5 17 20 24 12 -11 11 -13 13 -15 -16 -17 -18 -19 -20 -21 -22 -23 -24 -25 25 -27 -28 28 29 -31
leaf_value=0.0027845379954063213 -0.01970648094215588 0.010518194846566402 0.001988593777684363 0.0327733675151161 0.069557727259604671 0.0099794949678211082 0.11439776898371719 -0.013123377055357583 0.10638596679399051 0.00071173099520692852 0.036178255380686988 0.17511817691411607 0.12294275795734158 -0.0056920795110830006 0.0056261410856892598 -0.022542520937323302 -0.0024229676449338822 0.0019727207488092918 0.065367231917597385 -0.0081591920203849498 0.0085755858051962449 0.023691027381394267 0.075215707233600423 0.064503082790585989 0.0042163493518170584 0.089549602144508939 0.0012323062099485992 0.02519137862404059 0.1281185127278755 0.036961171296477045
leaf_weight=19.388431094586849 95.280985631048679 205.97556836158037 878.22191894054413 108.16098374128342 17.070685312151909 172.44099554419518 9.3563514575362223 559.07935208082199 5.5496537834405926 405.61970821022987 14.699399150907995 5.791663169860839 7.4947668388485935 1383.0669049397111 15.461956448853014 295.69700191542506 21.984652549028397 572.41387293487787 22.314921170473099 119.5233733728528 46.077579155564308 14.508491091430185 9.8353380858898145 13.93066096305847 54.634828679263592 6.4520585015416136 222.04481109976768 67.287112973630428 9.316513843834402 8.6966934278607351
leaf_count=164 848 1768 7450 729 90 1141 53 4988 64 3793 123 54 73 14576 172 3818 285 4087 119 1068 301 87 50 80 479 58 1841 552 75 67
internal_value=-0.000111483 0.00326942 0.00397168 0.0120784 0.00138109 0.00785306 -0.0018958 -0.00319173 -0.00510588 0.00423952 0.0401212 0.0754487 -0.00751348 -0.00488193 0.0439269 -0.0189605 0.0195079 0.00649741 0.0191568 0.00861751 0.0258671 0.0592531 0.0134995 0.0124206 -0.0105276 0.0132293 0.0110072 0.0184588 0.0376331 0.0841082
internal_weight=5387.38 3212.62 3117.34 754.936 2362.41 794.076 1568.33 1498.39 2174.75 445.499 39.8795 20.4911 1729.25 1406.02 22.9567 323.231 27.5343 777.005 204.591 646.775 69.9424 23.8648 182.276 527.251 620.166 61.0869 513.321 291.276 85.3003 18.0132
internal_count=49053 25931 25083 6180 18903 5487 13416 12975 23122 4134 341 177 18988 14821 245 4167 349 5397 1310 5451 441 140 1191 4383 5525 537 4303 2462 694 142
is_linear=0
shrinkage=0.05


Tree=32
num_leaves=31
num_cat=0
split_feature=59 43 21 58 6 64 59 19 2 62 59 50 59 59 42 58 20 2 51 48 21 4 2 47 27 6 11 17 53 1
split_gain=33.5076 22.3137 21.5468 21.5971 25.9575 36.41 28.5197 23.7474 23.4833 20.6626 20.143 19.391 21.1354 20.5515 19.3726 19.3136 18.922 18.3913 17.9811 20.4989 23.3812 31.2587 26.4334 17.2554 17.2471 16.9463 16.9182 16.8988 15.2947 14.6644
threshold=0.0014959679796962119 -3.9834999999999994e-05 0.0061775188355552967 -0.0011431522049325396 14.500000000000002 0.018274742669084559 0.007558543080844588 0.000661636728676489 0.012967569736360098 -0.0043933401318752121 0.01852754674717744 -0.0035642770380600306 -0.0066482548875867924 -0.015943980570770767 9.7150000000000027e-06 -0.010806516223081968 -0.014900505326723089 -0.029733557643359654 -1.0000000180025095e-35 -0.00079326676041445432 -0.0017707192715204934 2.0460714285714268 -0.0040157685313444253 -0.00053236488163746411 0.43368162917155079 1.5000000000000002 -1.0271336508161231 0.98184674846494324 0.0023844943315146755 -0.0042369992695000238
decision_type=2 2 2 2 2 2 2 2 2 2 2 2 2 2 2 2 2 2 2 2 2 2 2 2 2 2 2 2 2 2
left_child=11 9 3 7 6 -6 -5 24 10 -2 -8 13 14 15 16 -1 -13 -15 19 -14 22 26 27 -11 -3 -19 -22 -21 -23 -27
right_child=1 2 -4 4 5 -7 8 -9 -10 23 -12 12 18 17 -16 -17 -18 25 -20 20 21 28 -24 -25 -26 29 -28 -29 -30 -31
leaf_value=0.025619159416820716 -0.01741905648751986 0.0047062043631221559 -0.012926847684355442 0.0062619244476870284 0.11777124738122989 -0.0044284654589245029 0.030055649606979668 -0.015176463468886126 -0.0056613156685830848 0.0078764530428673905 0.098073053835533469 0.10431252278409492 0.048566081359023738 0.0609102320789272 -0.022116377990871783 -0.024890987368816953 0.00074568645255982313 0.038428356835202557 -0.0096000497884564454 -0.010958281670979413 0.028063644948455709 0.039579627076837189 -0.01922132593815605 0.027261313719379756 0.07651640041251738 -0.00063406152883819264 0.00092594718021050655 0.015102989459570185 0.14091728014126934 0.024513549346600001
leaf_weight=23.997154891490936 49.203490078449249 170.6394279524684 223.70117942988873 640.50754907727242 6.1772413849830619 461.55795990675688 181.69655452668667 273.89222697168589 45.879241824150085 253.36745687574148 11.578496336936949 5.6020756885409382 21.340548031032085 16.852603234350681 274.61795613914728 89.545969374477863 20.73048310726881 40.240945413708687 832.05312452465296 114.79428434371948 64.245696179568768 11.392102040350439 278.44760072231293 209.90832728147507 8.7923334836959821 297.78735887631774 541.45681193470955 135.76994499564171 5.5312204137444487 71.984632950276136
leaf_count=199 377 1371 1881 4812 46 3608 1064 2538 283 1935 56 60 217 126 3627 872 269 351 8406 1294 689 109 3093 1555 54 2713 5385 1273 49 741
internal_value=-0.000110702 0.00406773 0.00170838 0.0035265 0.00670265 -0.00281461 0.0117632 -0.00591386 0.0264967 0.0133877 0.0341304 -0.00383481 -0.00583263 0.0046901 -0.0181881 -0.0142157 0.0227788 0.00971892 -0.00397809 9.8443e-06 -0.000889932 0.00567703 -0.00861899 0.0166597 0.00822497 0.00761482 0.00380439 0.0031632 0.0727008 0.0042615
internal_weight=5383.29 2536.9 2024.42 1800.72 1347.4 467.735 879.662 453.324 239.154 512.479 193.275 2846.39 2305.98 540.409 300.951 113.543 26.3326 426.866 2005.03 1172.98 1151.64 622.626 529.012 463.276 179.432 410.013 605.703 250.564 16.9233 369.772
internal_count=49053 19580 15713 13832 9869 3654 6215 3963 1403 3867 1120 29473 24471 5002 3956 1071 329 3931 20515 12109 11892 6232 5660 3490 1425 3805 6074 2567 158 3454
is_linear=0
shrinkage=0.05


Tree=33
num_leaves=31
num_cat=0
split_feature=59 6 6 7 63 6 59 21 50 18 6 60 38 1 2 37 60 59 59 38 58 4 63 59 58 18 60 54 18 59
split_gain=30.6988 19.9494 43.9527 28.8039 34.8352 24.8012 46.7971 22.2709 21.987 17.8797 17.3516 17.5456 27.4762 26.1131 17.0689 25.271 22.5379 25.6231 17.7972 17.0566 16.4927 32.1687 20.5228 17.5912 23.2215 16.8165 16.175 16.0736 19.9205 16.6978
threshold=0.0064530211313289692 15.500000000000002 11.500000000000002 5.5000000000000009 0.040157915532896903 20.500000000000004 -0.0025408045712124534 0.00053186010194571814 -0.0048206049839715397 0.0038721514162434003 22.500000000000004 0.3693030991734802 0.27124239826615715 -0.0085294503468178375 -0.0027619542561095724 0.39058524173028014 0.084669486459204732 -0.011149249180822158 -0.0021589811654689731 0.20789941538680837 0.0017058559757860481 0.73928571428571443 0.0037167972209388171 0.0011748410779729701 -0.00038562509407054807 0.01187954941382427 0.050399242865506115 -0.0097992245868864097 0.014822380001675817 0.026721717344316647
decision_type=2 2 2 2 2 2 2 2 2 2 2 2 2 2 2 2 2 2 2 2 2 2 2 2 2 2 2 2 2 2
left_child=1 2 8 4 10 20 -7 -8 -1 -2 -3 12 -12 -13 15 16 -4 -18 -16 -9 21 22 23 24 -5 -23 -14 -11 29 -29
right_child=9 3 14 5 -6 6 7 19 -10 27 11 13 26 -15 18 -17 17 -19 -20 -21 -22 25 -24 -25 -26 -27 -28 28 -30 -31
leaf_value=0.014950975585232043 0.035425003553630492 -0.013647125108406176 0.0096272957640592492 0.14669652610849182 0.1046980679586256 -0.017850841144658947 0.094972298132271482 0.075659801173028299 -0.0047049330126405046 0.048535427934813608 0.0030815015366198796 0.061284895039514953 0.014618003997703896 -0.01921328657201693 -0.01465929706139843 0.005378056659579189 -0.005837810144135697 0.059230974917198614 0.0093337641555396415 -0.013136983999245032 -0.031117741150102574 -0.018913713239695071 0.12852158462614127 -0.019768971317642166 0.01071197227225737 0.073557454419966542 0.114495161272574 0.0050081942290000772 -0.029766635965290628 0.036227256231330045
leaf_weight=152.77348912879825 54.234974823892117 935.52512181550264 64.359743129462004 5.4089689478278187 6.5279794782400122 28.646278295665979 25.410810306668282 9.7068203017115611 2069.7246837429702 21.700231410562992 38.069188736379147 11.57344565540552 6.3266450986266163 77.789323125034571 99.251796074211597 170.14174302667379 18.48341603577137 83.380676798522472 349.28122904151678 12.211486980319021 37.86688307672739 61.326849106699228 6.6316983699798575 10.344150595366953 7.482167765498164 5.345089264214038 11.28340359777212 914.01813913881779 39.485757231712341 44.936901494860649
leaf_count=1274 293 9821 569 54 40 308 220 83 20118 120 357 94 64 870 1040 1540 183 676 2836 105 352 595 50 89 79 53 99 6460 345 266
internal_value=-0.000110348 -0.00199733 0.000238346 -0.00717937 -0.0104567 0.00975528 0.0325889 0.063118 -0.0033538 0.00745053 -0.0111523 0.0049391 0.0269703 -0.0087879 0.0104098 0.0189242 0.0327897 0.0474241 0.00402456 0.0261879 -0.00315187 0.00781759 0.0509408 0.0287981 0.0677695 -0.0115003 0.078613 0.00596329 0.00503802 0.00647113
internal_weight=5379.25 4304.87 3007.4 1297.48 1087.1 210.381 75.9754 47.3291 2222.5 1074.38 1080.57 145.042 55.6792 89.3628 784.899 336.366 166.224 101.864 448.533 21.9183 134.406 96.5389 29.867 23.2353 12.8911 66.6719 17.61 1020.14 998.441 958.955
internal_count=49053 41569 28236 13333 11345 1988 716 408 21392 7484 11305 1484 520 964 6844 2968 1428 859 3876 188 1272 920 272 222 133 648 163 7191 7071 6726
is_linear=0
shrinkage=0.05


Tree=34
num_leaves=31
num_cat=0
split_feature=59 21 59 58 19 12 51 63 5 42 62 59 64 54 21 55 6 37 5 18 21 19 38 54 6 43 38 59 18 18
split_gain=29.4354 18.8237 29.1007 22.9013 34.4702 18.0859 19.9795 26.0161 26.2595 25.7067 24.5667 24.0125 20.4496 19.478 18.9608 17.8593 25.9153 17.6348 33.9629 19.656 19.0774 21.6353 21.1766 18.2647 18.2078 21.5836 19.6416 17.8292 17.7895 29.8427
threshold=-0.00019262481387795065 0.0061775188355552967 0.021715369853913535 -0.00019639405485263463 0.00069859404627238759 0.50044410961418195 1.0000000180025095e-35 0.0026429310381564661 0.0058880256316556972 4.8950000000000006e-06 0.006726934737787159 -0.011508317009568387 0.22079669531541787 -0.017939344897933734 -0.0027736360833274304 -1.0000000180025095e-35 16.500000000000004 0.028883933637807481 0.0017026571149845926 0.003206095540981111 0.0014818616353794096 -0.0013782603998886611 0.25130420437665985 -0.00048025760511507225 12.500000000000002 -3.9834999999999994e-05 0.3333333333333327 0.0073979957845853586 0.0066341338997072631 0.0087372147139138222
decision_type=2 2 2 2 2 2 2 2 2 2 2 2 2 2 2 2 2 2 2 2 2 2 2 2 2 2 2 2 2 2
left_child=5 2 3 4 -2 14 7 8 11 -10 12 -7 -9 -13 -1 -5 17 18 -17 -19 21 -20 23 -22 27 -26 -27 28 -21 -30
right_child=1 -3 -4 15 -6 6 -8 10 9 -11 -12 13 -14 -15 -16 16 -18 19 20 24 22 -23 -24 -25 25 26 -28 -29 29 -31
leaf_value=-0.033174672022900135 0.0078384242926341618 -0.0083719842145267079 0.039790125699307753 0.015730141020767609 -0.010059640927182029 -0.024445424777247197 -0.011318602875414613 0.10157268463743473 0.11743461129879357 0.012260562593441344 -0.025204053375596648 0.073290815223411049 0.029158131842575333 -0.0021419185891435569 -0.0076526979375378269 -0.040225361763820591 -0.0082372938571266697 0.037137833217709124 0.07525192323381158 -0.0094111050393943622 0.084096479308903294 -0.012406593217423371 0.10206490378897254 0.011500251391143098 0.053581017576494798 0.0038100081072758593 0.054901310437739097 0.014266635690363273 0.037179936719020458 -0.050276348187575495
leaf_weight=101.60134962946177 480.83121562004089 331.30927719920874 56.350421771407127 443.08344457298517 610.66069623082876 129.3599501773715 480.25471802055836 12.664414718747137 5.9860713332891455 197.41386422887444 15.631307795643805 8.6395629569888097 42.354364685714245 904.87863033637404 256.47485769540071 15.974329397082327 320.38016650080681 47.231128543615341 9.5305349901318532 390.57070669531822 13.114405587315558 26.926352433860302 17.784660749137402 25.531881675124168 33.058061458170414 163.01893707364798 21.265328340232372 152.80281745642424 48.664983883500099 12.19956389069557
leaf_count=1421 3976 2803 321 3311 5569 1507 4870 93 55 1929 148 65 325 9726 2983 131 2744 363 73 3137 87 207 111 188 214 1152 139 908 394 103
internal_value=-0.000110508 0.00291638 0.00421093 0.00350314 -0.00217507 -0.00463314 -0.00258867 0.000594947 -0.0010783 0.0153558 0.0301112 -0.00428356 0.0458268 -0.00142852 -0.0148944 0.00706273 0.00410415 0.0081484 0.0271191 0.00577137 0.0387006 0.010509 0.0569136 0.0361354 0.00396817 0.0163791 0.00970565 -0.00049601 -0.0054929 0.0196504
internal_weight=5375.55 3220.29 2888.98 2832.63 1091.49 2155.26 1797.18 1316.93 1246.28 203.4 70.6501 1042.88 55.0188 913.518 358.076 1741.14 1298.05 977.674 108.862 868.812 92.8878 36.4569 56.4309 38.6463 821.58 217.342 184.284 604.238 451.435 60.8645
internal_count=49053 25931 23128 22807 9545 23122 18718 13848 13282 1984 566 11298 418 9791 4404 13262 9951 7207 797 6410 666 280 386 275 6047 1505 1291 4542 3634 497
is_linear=0
shrinkage=0.05


Tree=35
num_leaves=31
num_cat=0
split_feature=59 63 38 23 7 51 63 58 38 21 11 11 58 63 62 58 6 47 54 49 23 49 43 12 62 59 38 4 59 41
split_gain=26.8847 22.3835 18.7827 20.4675 18.1984 17.7321 29.4797 27.7532 27.7391 30.5253 20.9644 18.3753 17.6741 27.3884 16.4737 17.4498 16.0619 16.2778 16.1486 15.3155 15.2636 20.6263 15.2127 14.998 14.6473 15.0288 20.0828 15.0106 15.0274 14.5863
threshold=0.0026711989739723143 -0.0021763771977010744 0.29185044250338538 -0.0002565126178903465 5.5000000000000009 -1.0000000180025095e-35 0.0024441415284972806 0.003004222007613546 0.25593566611364182 0.0048993609791289109 -0.17291755378788062 -0.93325885365251038 -0.0028659384871458902 0.013269512569120285 0.006842917132200566 -0.001617576991325337 1.5000000000000002 2.0438266088550387e-05 -0.0025399753839864046 -0.0023940157555694488 0.00018481880323491861 -0.0017554649144962185 -0.00010310499999999998 0.50044410961418195 -0.0080835130760679493 0.026721717344316647 0.23876297485286149 0.84071428571429163 0.013687506501497375 -7.9734999999999981e-05
decision_type=2 2 2 2 2 2 2 2 2 2 2 2 2 2 2 2 2 2 2 2 2 2 2 2 2 2 2 2 2 2
left_child=5 -2 3 4 -3 6 8 14 10 20 11 -1 13 19 15 -8 17 18 -14 -5 -10 -22 -20 -13 -18 27 -27 28 -26 -24
right_child=1 2 -4 12 -6 -7 7 -9 9 -11 -12 23 16 -15 -16 -17 24 -19 22 -21 21 -23 29 -25 25 26 -28 -29 -30 -31
leaf_value=0.0052319903136264431 -0.018162490314197321 0.013294381813449333 0.016790070508763157 0.032682320175841273 0.062321799420057361 -0.007559168514957121 0.019822497251369118 -0.023620614965843383 0.002159502328668485 0.10721855543184676 0.00046944765624421848 -0.03118543474784612 0.088364267825270501 0.071786803358864851 -0.0086941414192864795 0.069384333373536208 -0.040808737803889938 -0.039145034668233547 -0.044279206681613462 -0.021569308630203003 0.10524500919448934 0.017015672937359033 0.096433536542010354 -0.011387285760114963 0.0064318637350993454 0.014106590425136593 0.096844401681596567 -0.0030621762195775738 0.046339876362118899 0.02151654543890116
leaf_weight=119.19943717494607 105.45159384608269 174.03150548040867 309.86739947646856 14.129394896328447 21.237318560481071 1274.0455577708781 31.340492360293865 23.208952285349369 480.99437168613076 7.5544035583734503 664.74413034319878 130.37312100082636 10.360723711550234 9.0733214691281301 15.633654482662676 40.984277561306953 19.747471563518047 9.5043283849954587 7.8087574169039717 164.05952414870262 7.0560430809855452 108.24316918849945 7.2523062005638996 359.25505466759205 420.21872095763683 36.488688141107559 9.1793077737092954 702.70326265692711 24.99153283983469 62.399196192622192
leaf_count=1462 876 1204 2097 119 131 12621 228 208 4838 66 6357 1664 64 56 128 299 152 72 55 1511 69 1064 42 4309 3041 233 49 5509 118 411
internal_value=-0.000110235 0.0042901 0.00547213 0.00340085 0.0186266 -0.00295399 -3.55151e-06 0.0250144 -0.00148493 0.00734146 -0.00566986 -0.012373 0.00141602 -0.0129526 0.0378473 0.0479077 0.00346896 0.0230124 0.0297393 -0.0172675 0.00607612 0.0224151 0.0218979 -0.0166589 0.00190131 0.00260794 0.030737 0.00148887 0.00867207 0.0293171
internal_weight=5371.14 2108.5 2003.05 1693.19 195.269 3262.63 1988.59 111.167 1877.42 603.848 1273.57 608.828 1497.92 187.262 87.9584 72.3248 1310.65 97.3253 87.821 178.189 596.294 115.299 77.4603 489.628 1213.33 1193.58 45.668 1147.91 445.21 69.6515
internal_count=49053 15740 14864 12767 1335 33313 20692 863 19829 6037 13792 7435 11432 1686 655 527 9746 644 572 1630 5971 1133 508 5973 9102 8950 282 8668 3159 453
is_linear=0
shrinkage=0.05


Tree=36
num_leaves=31
num_cat=0
split_feature=59 50 63 12 5 17 59 21 12 49 62 18 58 51 59 20 38 58 58 7 59 49 59 54 16 6 7 15 15 59
split_gain=25.7712 24.6714 27.4963 22.5336 24.1663 21.0084 20.2624 21.1303 19.2478 19.174 19.0376 17.8088 17.7853 23.4765 17.3174 17.2295 16.8875 16.2463 20.0833 25.2096 16.2458 16.049 15.4669 14.7437 14.5156 13.8524 18.8832 16.1457 14.1275 13.7951
threshold=-0.0027304900919291023 -0.001134798885922597 -0.009060312014716727 0.50044410961418195 0.0062105535574810437 0.68926467020206172 0.007558543080844588 0.0015236743638308021 0.3594013526739045 -0.0035723376512024865 -0.003009912009231893 0.0041887886028324642 -0.0042553415811282707 -1.0000000180025095e-35 -0.012042605746047022 -0.010196540220001403 0.26799152864337172 0.00062859520055519747 0.0010483788996201325 1.0000000180025095e-35 0.005915582260234668 -0.00084498702978848847 0.019822108650261881 -0.017939344897933734 0.34210526315789103 14.500000000000002 5.5000000000000009 0.014492753623192437 0.24358974358975857 0.00023855883094769576
decision_type=2 2 2 2 2 2 2 2 2 2 2 2 2 2 2 2 2 2 2 2 2 2 2 2 2 2 2 2 2 2
left_child=3 5 -3 -1 14 9 12 8 -8 -2 15 -10 -4 16 -5 -7 21 20 -19 -20 -18 -14 -13 -16 -6 27 28 -12 -27 -15
right_child=1 2 6 4 24 10 7 -9 11 -11 25 22 13 29 23 -17 17 18 19 -21 -22 -23 -24 -25 -26 26 -28 -29 -30 -31
leaf_value=-0.02238291464344834 0.088710291999234317 -0.027628770961797045 -0.016091429963999059 -0.023124906621610621 0.022399971070201845 0.10252441516321527 -0.032438198344011536 0.0021867357306845263 0.080358128573515694 -0.0097294782001410424 -0.016746005805633464 0.015475286267266561 0.025801327428537732 -0.014342303249764916 0.049319017524143041 0.027808533468406751 0.0048995321147334084 0.097996665535046629 0.1079412398551283 0.014565055283374507 0.086498376299797675 -0.001715348059327089 0.058127589981426211 -0.0048909342892847624 -0.007084846784749777 -0.015670864951802071 0.034040823372970624 0.017790950691693709 0.01011439273733509 -0.0017552475889324054
leaf_weight=185.61866637691855 5.095394752919673 89.531547695398331 198.70299187302589 139.64878321439028 127.0450035482645 8.8452524542808515 15.682139001786707 498.97284825146198 13.583567440509794 169.44990338385105 36.754302024841309 162.27932401001453 60.697268508374691 268.94317995756865 12.751722767949103 60.432002134621143 136.63771983236074 11.48986119031906 8.2709999829530698 57.334501810371876 6.3848030865192404 417.32773023843765 24.458306357264519 765.03792249411345 62.168683059513569 128.16559747606516 36.112691342830658 426.75024670362473 90.721708960831165 1141.9971942827106
leaf_count=2469 46 884 2015 1637 1185 58 145 3470 67 1682 289 1061 564 2880 92 461 1229 98 63 475 44 3927 122 8305 602 1060 287 3371 770 9695
internal_value=-0.000109118 0.00184212 -0.000321322 -0.0062615 -0.00355745 0.00883896 0.000487501 0.00784221 0.0209065 -0.00685579 0.0123164 0.0250826 -0.00179106 -0.000443784 -0.00691296 0.0373482 0.00705554 0.0185154 0.0370169 0.0263372 0.00854226 0.00177858 0.0210618 -0.00400217 0.0127123 0.00990285 0.000542882 0.0150523 -0.00498371 -0.0041545
internal_weight=5366.89 4074.62 3112.29 1292.27 1106.65 962.327 3022.76 714.976 216.003 174.545 787.782 200.321 2307.79 2109.08 917.438 69.2773 698.143 220.118 77.0954 65.6055 143.023 478.025 186.738 777.79 189.214 718.505 255 463.505 218.887 1410.94
internal_count=49053 34763 26739 14290 11821 8024 25855 4865 1395 1728 6296 1250 20990 18975 10034 519 6400 1909 636 538 1273 4491 1183 8397 1787 5777 2117 3660 1830 12575
is_linear=0
shrinkage=0.05


Tree=37
num_leaves=31
num_cat=0
split_feature=63 6 6 7 6 59 20 63 5 59 43 48 58 37 37 6 38 41 19 38 63 62 37 2 6 42 5 64 62 59
split_gain=24.8185 26.4349 53.1437 27.1423 24.5732 30.0138 26.303 19.7091 19.1122 18.6214 24.7699 18.6147 17.5864 20.1305 17.2878 16.6366 23.705 25.3621 29.6342 16.4 16.0386 15.8199 16.395 22.0177 15.7694 19.38 15.6224 15.4596 18.7878 15.3289
threshold=0.0050401687975409346 15.500000000000002 12.500000000000002 5.5000000000000009 20.500000000000004 -0.0025408045712124534 0.0029650682722297725 0.004435533191675561 0.0035049585183323947 -0.010375813110932755 -3.9834999999999994e-05 1.0000000180025095e-35 0.0020640663551648561 0.15415045997797641 0.35852874284369912 2.5000000000000004 0.3241686977095542 1.2300000000000003e-05 -0.0018558217415458849 0.20504677147371583 -0.0064261464199885003 0.020317993885797244 0.32626361402779652 -0.017377671842183372 11.500000000000002 0.00010301500000000002 0.0027522322140000233 0.38140281715155622 -0.0020424997847678966 0.0099338165487000123
decision_type=2 2 2 2 2 2 2 2 2 2 2 2 2 2 2 2 2 2 2 2 2 2 2 2 2 2 2 2 2 2
left_child=1 2 15 7 -5 -6 -7 20 26 11 19 -4 13 -2 -14 16 -1 -18 -19 -11 -3 22 -17 -24 27 -26 -8 28 -15 -25
right_child=12 3 9 4 5 6 8 -9 -10 10 -12 -13 14 24 -16 21 17 18 -20 -21 -22 -23 23 29 25 -27 -28 -29 -30 -31
leaf_value=0.002008713616543957 0.00030003236895245365 -0.030287271688459644 -0.018175077907098561 -0.0055514807720478824 -0.016720207742682017 0.07411080295041475 -0.00091288493134184141 0.079252158719167867 -0.027632608912682495 0.073848675986224341 0.010968529783769975 0.086425181696377418 0.01293943068604711 0.081702945713114955 -0.010592001672792893 -0.0014989646347276582 -0.0086307293240332292 0.1457914632878379 0.036356114638842633 0.026981050407047069 -0.0085571421189724606 0.067856290570151953 0.022727183803148022 -0.016344610749240381 0.054134825932030062 -0.0045658006854283955 0.085518199345666679 -0.0072660936246338381 0.0078339631511620701 0.010325941235195861
leaf_weight=539.64583370834589 91.978886447846889 91.619991950690746 66.563441049307585 128.19849898293614 27.920437473803759 36.704721070826054 9.7633096650242823 6.1955314204096785 15.634182170033453 23.033974751830101 561.9261733032763 4.5436864160001269 162.90450639277697 14.253375008702276 149.84816748648882 1294.1588780730963 18.843932084739208 8.3020358905196172 24.271940879523754 98.418324038386345 1160.1943035982549 7.530370205640792 44.483414564281702 546.79038106650114 75.732798926532269 17.266515024006367 11.255237169563769 43.24728062748909 21.732074588537216 59.763258025050163
leaf_count=4969 678 1058 723 1232 308 283 74 56 130 169 4480 49 1154 101 1174 12015 165 72 202 711 11667 68 388 5496 517 126 81 316 158 433
internal_value=-0.00010809 -0.00128913 0.00120642 -0.00682263 0.0089913 0.0273997 0.0441921 -0.00970728 0.0142309 0.0128602 0.015394 -0.0114912 0.0096883 0.0191858 0.00166489 -0.00225008 0.00509955 0.0375387 0.0642476 0.0358697 -0.0101476 -0.00447472 -0.00475473 -0.0112267 0.0292715 0.0432363 0.0453702 0.0128804 0.0370925 -0.0137168
internal_weight=5362.73 4785.76 3298.28 1487.49 229.476 101.278 73.3575 1258.01 36.6527 754.486 683.378 71.1071 576.964 264.211 312.753 2543.79 591.064 51.4179 32.574 121.452 1251.81 1952.73 1945.2 651.037 172.232 92.9993 21.0185 79.2327 35.9854 606.554
internal_count=49053 44829 29940 14889 2108 876 568 12781 285 6132 5360 772 4224 1896 2328 23808 5408 439 274 880 12725 18400 18332 6317 1218 643 155 575 259 5929
is_linear=0
shrinkage=0.05


Tree=38
num_leaves=31
num_cat=0
split_feature=63 6 6 7 21 6 59 21 43 6 47 38 58 38 63 62 6 59 16 25 58 2 37 12 32 64 63 18 47 21
split_gain=22.5607 22.4832 48.2593 25.9696 20.2218 19.9844 26.1046 24.5573 18.5781 18.0119 22.6203 25.2812 17.2625 38.0159 16.0798 18.9003 16.0435 16.7161 14.1061 16.7106 13.685 13.5901 19.7174 14.9603 15.3853 13.2936 13.666 13.2575 14.0216 13.1468
threshold=0.0071557608011686381 15.500000000000002 11.500000000000002 5.5000000000000009 0.0056027785958225381 20.500000000000004 -0.0025408045712124534 0.00053186010194571814 -6.9412499999999959e-05 2.5000000000000004 -0.00041022849131301279 0.33571428571428719 0.0090145489497763746 0.24748754238996365 -0.0064261464199885003 -0.014645612449419048 14.500000000000002 0.017149476301002154 0.61708206686930389 1.0000000180025095e-35 -0.00038562509407054807 -0.017377671842183372 0.32626361402779652 4.0253936667279566 15.500000000000002 0.75893331030559918 0.004521736718015177 0.0038496333145721776 -0.00020172019674934185 -0.0029329094013777232
decision_type=2 2 2 2 2 2 2 2 2 2 2 2 2 2 2 2 2 2 2 2 2 2 2 2 2 2 2 2 2 2
left_child=1 2 9 14 -2 -5 -7 -8 -4 10 -1 29 16 -14 -3 -16 17 18 19 -10 -6 -11 -23 24 -24 -17 -27 -9 -29 -12
right_child=4 3 8 5 20 6 7 27 12 21 11 -13 13 -15 15 25 -18 -19 -20 -21 -22 22 23 -25 -26 26 -28 28 -30 -31
leaf_value=-0.0037116352174847373 0.014891650127731099 -0.029490921450316204 0.029215192216678555 -0.0038172215944431869 0.046025642257399829 -0.016099743621815928 0.071570567771042481 0.07369028615629053 0.0092410703692557186 0.018091443308797646 -0.018160500776843252 0.072047617085390786 -0.019373425000489376 0.11797072801790505 0.081130413244787022 -0.008757965845379587 -0.0054005889811986367 0.058087215334100155 -0.018721982843351841 0.043369470236667582 -0.017982302755284365 -0.0022301451613361434 -0.015635052215652753 0.058608500379268319 0.044917058268830738 0.0082703890067805409 0.095947501086714668 -0.023309472694027489 0.045077127772469854 0.015951416432374351
leaf_weight=339.41669688001275 401.95062109827995 89.445321250706911 119.39597127959132 132.42243446782231 9.3166003674268705 27.556107070297003 34.824540413916111 7.6403114423155776 497.90781261771917 61.228471722453833 32.450516670942307 18.535326428711414 9.4699776694178599 10.766324624419211 5.9843499138951293 1146.7287326343358 197.93564053252339 18.292467094957829 41.018388733267784 38.651830531656742 80.538431532680988 1195.0490001998842 548.03247122094035 7.0909993052482596 10.694981236010788 20.49787483364344 5.6747606396675101 21.445721782743931 11.522699140012262 217.96729313582182
leaf_count=3131 2782 1058 932 1272 68 308 254 55 4068 523 319 149 72 76 52 11579 1744 104 345 315 654 11145 5446 53 101 208 44 166 93 1937
internal_value=-0.000107853 -0.00113901 0.00113298 -0.00622148 0.010098 0.00903021 0.0255493 0.0407638 0.0107966 -0.00257842 0.00487073 0.0157016 0.00809515 0.0536978 -0.0090523 -0.00750157 0.00693262 0.0110294 0.00953908 0.0116996 -0.0113457 -0.00506557 -0.00587078 -0.0135601 -0.014476 -0.00795379 0.0272806 0.0143452 0.000592134 0.011531
internal_weight=5359.45 4867.65 3363.9 1503.74 491.806 235.412 102.989 75.4333 933.438 2430.47 608.37 268.953 814.042 20.2363 1268.33 1178.89 793.806 595.87 577.578 536.56 89.855 1822.1 1760.87 565.818 558.727 1172.9 26.1726 40.6087 32.9684 250.418
internal_count=49053 45549 30460 15089 3504 2148 876 568 7656 22804 5536 2405 6724 148 12941 11883 6576 4832 4728 4383 722 17268 16745 5600 5547 11831 252 314 259 2256
is_linear=0
shrinkage=0.05


Tree=39
num_leaves=31
num_cat=0
split_feature=63 38 63 4 6 7 45 6 63 20 21 45 38 7 5 50 62 2 45 53 41 58 20 41 6 37 64 6 47 3
split_gain=21.2855 18.7588 18.0783 21.322 18.2295 31.2292 22.4611 22.6777 19.885 20.0857 15.7477 19.1988 19.814 18.6808 23.465 15.2281 15.1882 14.9669 14.769 14.6248 17.6864 14.1173 20.5122 19.0779 13.7998 14.7334 15.4608 15.3146 22.0857 16.9762
threshold=-0.0093321214120904803 0.2687439412141866 0.040157915532896903 1.4635714285714323 16.500000000000004 5.5000000000000009 0.0006731060187631536 12.500000000000002 0.0078607814960510013 0.014114161399173987 -0.0010406647353190964 0.00026941349786210509 0.33843082687620502 2.5000000000000004 0.0035189016065322078 0.00041428467194575474 0.0052901983867660032 -0.017377671842183372 0.00070535358192594887 -0.0053563125616575358 -9.4499999999999976e-06 -0.0019135014033809705 -0.0016492336577757305 -3.8299999999999996e-05 11.500000000000002 0.011200463201235321 0.56810059884779474 1.5000000000000002 -0.00041022849131301279 0.0052780911223831179
decision_type=2 2 2 2 2 2 2 2 2 2 2 2 2 2 2 2 2 2 2 2 2 2 2 2 2 2 2 2 2 2
left_child=15 2 4 -4 6 19 7 8 17 -10 -3 24 18 -14 -15 -1 21 -2 -13 20 -6 22 -9 -23 25 -12 27 28 -27 -30
right_child=1 10 3 -5 5 -7 -8 16 9 -11 11 12 13 14 -16 -17 -18 -19 -20 -21 -22 23 -24 -25 -26 26 -28 -29 29 -31
leaf_value=-0.0052631552140050136 0.019631503274471052 -0.0034873040521770102 0.088201943682110859 -0.012377550073956496 0.067083545434585098 0.012393279388976029 -0.01986426790791327 0.012382212064759542 0.018093825281078061 -0.035580055040207802 0.028164739125032326 0.041842013493624347 0.01842249268455123 0.042764615884338449 0.1734703492372302 -0.030888349717380432 -0.022339834541093631 -0.0035249384225572765 -0.0038924330397965717 -0.012481880741737691 -0.00087284547424594256 0.040674283912402041 -0.031890961779252582 0.012132897402366486 0.012483557849910808 -0.0019879591950616618 -0.037340176328064516 -0.0047785593736472598 0.10868370407738381 0.026592347365471655
leaf_weight=166.3233252428472 72.814799886196852 352.52117286249995 12.137237444519998 9.3119140565395337 12.20697185397148 173.21718836203218 126.22666448354721 77.067307226359844 200.07595757395029 19.093564920127392 42.597158245742321 32.381003260612488 10.267657913267614 6.924897685647009 6.8111529722809792 88.999145906418562 32.866443872451782 1673.9748818688095 38.808962792158127 833.31644616276026 44.399533182382584 70.790826536715031 39.607510473579168 338.57869055494666 474.96126182377338 40.224913731217384 29.918156966567039 302.3568899333477 9.8687348812818545 17.404334627091885
leaf_count=1721 607 3190 70 68 106 1558 1127 738 1378 140 372 267 70 62 50 1005 300 15870 328 8612 410 503 357 2741 3923 334 252 2675 88 131
internal_value=-0.000107082 0.000598127 -0.0012348 0.0445365 -0.00149912 -0.00703058 0.000719103 0.00174813 -0.000778452 0.0134179 0.00561424 0.00878304 0.0301559 0.0694405 0.107576 -0.0141955 0.0106354 -0.00255966 0.01691 -0.0108113 0.0137817 0.0126956 -0.00264717 0.0170685 0.00656512 0.000210651 -0.00276795 2.86516e-05 0.0215625 0.056297
internal_weight=5356.05 5100.73 3735.69 21.4492 3714.24 1063.14 2651.1 2524.87 1965.96 219.17 1365.05 1012.53 95.1937 24.0037 13.7361 255.322 558.911 1746.79 71.19 889.923 56.6065 526.044 116.675 409.37 917.331 442.37 399.773 369.855 67.498 27.2731
internal_count=49053 46327 34585 138 34447 10686 23761 22634 17995 1518 11742 8552 777 182 112 2726 4639 16477 595 9128 516 4339 1095 3244 7775 3852 3480 3228 553 219
is_linear=0
shrinkage=0.05


Tree=40
num_leaves=31
num_cat=0
split_feature=59 50 63 12 5 17 59 21 18 51 58 42 59 42 6 60 6 47 59 12 48 42 60 38 3 11 6 45 49 4
split_gain=22.106 21.7159 22.5632 19.8215 21.994 17.4809 17.4667 17.0444 18.9933 15.7686 18.7076 20.4199 18.6442 16.4908 29.6921 15.95 16.5523 16.6826 15.6633 14.9838 15.3867 17.3597 15.2307 14.8543 13.8153 14.8379 14.6291 13.7914 13.4778 13.3555
threshold=-0.0027304900919291023 -0.001134798885922597 -0.009060312014716727 0.50044410961418195 0.0062105535574810437 0.68926467020206172 0.0073979957845853586 0.0015236743638308021 0.0035168111252047037 -1.0000000180025095e-35 -0.0041518603969802692 3.9010000000000008e-05 0.0062841889570895825 4.3040000000000008e-05 11.500000000000002 0.99994683678894059 22.500000000000004 -0.00042915192116110601 -0.012042605746047022 0.41128913763956076 0.00049957283180660091 4.6995000000000007e-05 0.99994683678894059 0.26799152864337172 0.0045242175526179962 -1.1382310793557033 1.5000000000000002 0.0006731060187631536 -0.0034535732049443342 0.60357142857142687
decision_type=2 2 2 2 2 2 2 2 2 2 2 2 2 2 2 2 2 2 2 2 2 2 2 2 2 2 2 2 2 2
left_child=3 5 -3 -1 18 28 9 8 -8 10 -4 23 13 14 -13 16 -15 -18 -5 -10 21 22 -21 -12 25 -20 -26 -7 -2 -11
right_child=1 2 6 4 -6 27 7 -9 19 29 11 12 -14 15 -16 -17 17 -19 24 20 -22 -23 -24 -25 26 -27 -28 -29 -30 -31
leaf_value=-0.021223792976435084 0.068110716014146769 -0.02572275810810408 -0.013089670178076713 -0.022186476401104795 0.012139846305497352 0.012865861753274331 0.099439999575577115 0.0020227176849790837 -0.020377193145317024 0.0041322916667070192 -0.01870025409132171 0.14107814226429222 0.071813675126885121 0.0056503350252101832 -0.00748066463920888 0.062188695006387087 0.0031454540889180207 0.10055743068442927 0.086754961511856354 -0.015152229896797716 -0.030845580318296362 0.034270949718349625 0.049833469098507437 0.012545691071950395 0.022269604085566462 -0.016927085956914539 -0.0027359572638281683 -0.017631657570776445 -0.0088237983182410697 -0.0074898297763609182
leaf_weight=179.88020604848862 5.894175522029399 85.162581015378237 138.66501232981682 136.22965120151639 190.26059006527066 755.65920233726501 7.0246548503637305 513.40110559761524 25.167490504682064 316.38636860996485 111.85118535161018 6.5689524263143522 12.663234055042265 469.35956869274378 6.8925938531756401 13.675631254911421 8.2616715952754038 9.3913996666669828 3.5122959502041331 39.216418668627739 13.499264672398565 128.85535062104464 11.707976184785364 57.63731724768877 66.102529920637608 196.75177839025855 507.92593828588724 38.982007533311844 166.51686515659094 1130.1981591805816
leaf_count=2469 51 884 1448 1637 1787 5987 33 3576 231 2715 1078 65 87 4283 65 124 82 80 42 253 87 769 75 502 654 2352 5349 309 1677 10302
internal_value=-0.00010613 0.00169562 -0.000341773 -0.00583586 -0.0033213 0.00823847 0.000373859 0.00705533 0.0185147 -0.00178991 0.00368136 0.00702123 0.0118779 0.0104017 0.0650129 0.00893344 0.007438 0.0549684 -0.00655203 0.0159123 0.0206377 0.0245035 -0.000211433 -0.00807456 -0.00380129 -0.0151087 0.00014357 0.0113698 -0.00619366 -0.00494792
internal_weight=5353.3 4072.64 3105.59 1280.66 1100.78 967.052 3020.42 738.872 225.471 2281.55 834.967 696.302 526.813 514.15 13.4615 500.688 487.013 17.6531 910.522 218.447 193.279 179.78 50.9244 169.489 774.293 200.264 574.028 794.641 172.411 1446.58
internal_count=49053 34763 26739 14290 11821 8024 25855 5024 1448 20831 7814 6366 4786 4699 130 4569 4445 162 10034 1415 1184 1097 328 1580 8397 2394 6003 6296 1728 13017
is_linear=0
shrinkage=0.05


Tree=41
num_leaves=31
num_cat=0
split_feature=59 49 15 11 58 32 58 51 19 63 12 2 15 60 59 18 59 21 41 41 60 2 5 59 3 64 2 48 20 50
split_gain=20.7689 17.4393 17.806 17.6039 17.1985 17.4737 16.684 27.1981 23.785 25.1508 18.8877 21.7526 15.6245 14.7104 13.0688 12.7916 19.5222 22.4466 21.3835 21.6071 14.4909 17.3315 27.0299 11.8866 13.9793 19.7635 19.2341 17.1202 13.7939 13.0969
threshold=0.00033131893278383687 -0.00046025678491939145 0.34894690653796473 1.0136977827588687 -0.015012818790394681 6.5000000000000009 -0.0011431522049325396 1.0000000180025095e-35 0.0029280477619366731 0.017011481565778867 0.37340266384258652 0.0091440940028274156 0.39436619718309979 0.050399242865506115 0.0076929383145660458 0.0094743828977432304 0.01852754674717744 0.0011369055969737475 -2.3874999999999998e-05 -7.1134999999999989e-05 0.64280061031255598 -0.004107867111803807 0.0068496738273086388 -0.0066482548875867924 0.0045020614805290479 0.92626249548556383 -0.0048110915452911455 -0.00079326676041445432 -0.0033744260647880497 2.5356300362421867e-05
decision_type=2 2 2 2 2 2 2 2 2 2 2 2 2 2 2 2 2 2 2 2 2 2 2 2 2 2 2 2 2 2
left_child=1 2 -1 4 -4 -6 8 14 10 -10 -2 -12 -5 -3 -8 16 -9 -18 19 -19 21 22 -17 -15 -25 26 27 -26 -28 -30
right_child=6 13 3 12 5 -7 7 15 9 -11 11 -13 -14 23 -16 20 17 18 -20 -21 -22 -23 -24 24 25 -27 28 -29 29 -31
leaf_value=-0.0026874431063735136 -0.02187509342914893 -0.018551773581352397 0.09271890982081149 0.097237727197323431 -0.0033322907617432361 0.028729048100100879 0.015090093253574891 0.0025941513869044974 -0.017994149341296149 0.070665594674681434 0.004659202893157674 0.069275884306386218 0.024603891126440736 -0.015426821552740291 0.0511261200313608 -0.016105827416269432 0.098641746481426124 0.015077947242773554 -0.0018334961436559261 0.10687516119182222 -0.025801117091006416 -0.0072352304290482887 0.11659153177922986 -0.010045989821876385 0.12055001996790848 -0.044849731375083905 -0.024302464734110681 0.017990845846561989 0.020017507886556381 -0.0051180979278594866
leaf_weight=853.01623391732574 66.936865456402302 251.01172254234552 5.6819340772926799 9.928778871893881 170.72019489109516 56.582291953265667 303.97117061913013 1645.12964297086 269.93199467658997 8.2433228418230993 422.50494158267975 13.438780486583708 29.116597592830658 212.49995679780841 27.429813340306282 7.483156666159628 9.7456545233726484 15.004139550030233 48.165056362748146 11.191835530102251 81.225130833685398 63.569522671401501 7.8773716241121292 317.73982399329543 4.193284183740615 20.006219979375601 53.944107595831156 137.41669840365648 80.510713435709476 145.44560846313834
leaf_count=8671 707 2712 61 86 1926 638 2213 12715 2588 47 3502 116 263 2765 149 52 42 83 306 58 651 514 61 3616 39 195 623 1346 790 1518
internal_value=-0.000105058 -0.00362777 0.000864755 0.0120035 0.00679654 0.00464872 0.00265013 0.00486074 -0.00363535 -0.0153668 0.0028541 0.00665113 0.0430738 -0.00776125 0.0180728 0.00254334 0.00379537 0.0272913 0.0179402 0.0542969 -0.0109751 0.00428192 0.0519456 -0.00497398 -0.00204845 0.00370703 0.00601168 0.0210278 -0.00158541 0.00383799
internal_weight=5349.66 2347.81 1125.05 272.03 232.984 227.302 3001.85 2220.79 781.056 278.175 502.881 435.944 39.0454 1222.77 331.401 1889.39 1729.24 84.1067 74.361 26.196 160.155 78.9301 15.3605 971.756 759.256 441.517 421.51 141.61 279.9 225.956
internal_count=49053 25249 11645 2974 2625 2564 23804 16844 6960 2635 4325 3618 349 13604 2362 14482 13204 489 447 141 1278 627 113 10892 8127 4511 4316 1385 2931 2308
is_linear=0
shrinkage=0.05


Tree=42
num_leaves=31
num_cat=0
split_feature=59 51 63 58 38 21 64 11 11 58 32 21 47 62 58 63 41 5 47 19 6 41 2 59 47 62 41 60 23 49
split_gain=19.0942 19.0383 23.2781 23.9549 20.9213 24.045 16.5592 16.1687 16.6973 15.386 18.8967 18.6435 26.2486 15.3539 16.4419 15.2611 16.353 20.8293 18.8756 16.814 14.0928 13.2663 16.9391 19.5642 13.4583 13.1751 13.1023 15.9102 12.8143 16.3539
threshold=0.0029272087381537856 -1.0000000180025095e-35 0.0024441415284972806 0.003004222007613546 0.25593566611364182 0.0048993609791289109 0.16819514786199938 -0.17291755378788062 -0.93325885365251038 -0.00070488703101406584 16.500000000000004 0.0009210078921292297 -0.0004738371772318233 0.00064267147237050462 -0.001617576991325337 -0.0021763771977010744 -4.1739999999999997e-05 0.0035049585183323947 -0.00052577229479215182 -0.0048310129027664224 13.500000000000002 1.4945000000000002e-05 -0.012645736800633802 -0.0018406667795325736 -0.00027048706267840427 0.011528782536098193 0.00042566000000000007 0.3613220748611024 0.00016509205274272415 -0.0021250346910409155
decision_type=2 2 2 2 2 2 2 2 2 2 2 2 2 2 2 2 2 2 2 2 2 2 2 2 2 2 2 2 2 2
left_child=1 2 4 6 7 28 -4 8 -1 -3 26 -12 -13 14 -8 -2 18 19 -17 -18 -14 22 23 -9 -23 -26 -11 -28 -6 -30
right_child=15 9 3 -5 5 -7 13 21 -10 10 11 12 20 -15 -16 16 17 -19 -20 -21 -22 24 -24 -25 25 -27 27 -29 29 -31
leaf_value=0.0065025513750050336 -0.015379731897861536 -0.017965092577468571 0.073627889619255357 -0.023395362414031711 0.0019917566412202942 0.091503711955905676 0.011548576050379409 0.022033658582985671 -0.014524832732571569 -0.0064044111116058318 -0.010828409668755758 0.13866311392539341 0.060295336530202914 -0.0047069514281933775 0.073129940371650923 0.0044150959889674799 0.077895889525508091 -0.0030806080669603091 0.026429527921877645 0.0077874726313208048 -0.039250160254122902 -0.0097825821803953113 0.00084471537936282079 0.11098876333329624 0.0060127148268097636 0.087297304452854704 -0.02440951987713667 0.077838152608081523 0.095309462619048074 0.015596389159415976
leaf_weight=117.67234379425645 99.345336247235537 260.38900941610336 20.180949524044991 23.042325586080551 481.22771193087101 8.2782804742455465 22.19751762598753 70.727844674140215 477.56508561223745 1015.9678534716368 16.15756955370307 7.1486393176019218 9.3215436637401563 30.434182442724705 21.182603344321251 230.14878505468369 8.6582604274153692 816.65650714933872 168.77356775850058 697.06525434553623 5.7477600201964369 308.80677251517773 144.81138909235597 6.7729304879903784 130.17995162680745 5.1836366206407538 6.1359738484025028 10.013334233313797 6.8008146435022345 119.39894265308976
leaf_count=1477 860 2657 136 208 4819 66 157 630 6021 10029 155 69 86 233 142 1666 47 6400 1166 4833 60 3006 1445 41 1228 49 60 100 61 1146
internal_value=-0.000103937 -0.00243328 0.000657176 0.0222918 -0.000691513 0.00686425 0.0334917 -0.00437864 -0.0103679 -0.00706465 -0.0044132 0.0300383 0.0597579 0.0225184 0.0416189 0.00372942 0.00471751 0.00235619 0.0137288 0.00864761 0.0223265 0.00097041 0.0109415 0.0298076 -0.00402025 0.00912544 -0.00569415 0.0389889 0.00571074 0.0198921
internal_weight=5345.99 3325.34 1994.46 117.038 1877.43 615.706 93.9953 1261.72 595.237 1330.88 1070.49 38.3755 22.2179 73.8143 43.3801 2020.65 1921.3 1522.38 398.922 705.724 15.0693 666.483 222.312 77.5008 444.17 135.364 1032.12 16.1493 607.427 126.2
internal_count=49053 34081 20865 876 19989 6092 668 13897 7498 13216 10559 370 215 532 299 14972 14112 11280 2832 4880 146 6399 2116 671 4283 1277 10189 160 6026 1207
is_linear=0
shrinkage=0.05


Tree=43
num_leaves=31
num_cat=0
split_feature=59 50 63 49 56 63 42 58 51 59 42 42 42 36 59 18 18 21 4 62 5 43 2 7 59 14 20 4 38 10
split_gain=18.673 19.3632 19.9657 16.2014 16.0348 19.1734 15.5078 16.9977 16.1519 27.8195 19.3028 18.8005 18.488 18.1878 17.2914 22.5423 17.5101 15.6695 17.2311 15.6558 15.1832 20.9643 15.2902 22.2342 15.076 18.4759 15.5193 15.0592 22.5879 19.7155
threshold=-0.0027304900919291023 -0.001134798885922597 -0.009060312014716727 -0.0037263112420070745 0.16488490829250554 -0.0099286829309432733 3.3360000000000006e-05 -0.0041518603969802692 1.0000000180025095e-35 0.0062841889570895825 3.6355000000000007e-05 0.00010040000000000001 3.9010000000000008e-05 1.1190277761572551 0.011294299539410612 0.0094743828977432304 0.011640295909717749 0.0056027785958225381 1.1071428571428605 0.0082321312873962025 0.0019821780134722834 2.9170000000000004e-05 -0.0063661846401648408 1.0000000180025095e-35 -0.015943980570770767 0.33160454679816115 -0.027464942873976581 0.76000000000000423 0.26717366751374599 1.0000000180025095e-35
decision_type=2 2 2 2 2 2 2 2 2 2 2 2 2 2 2 2 2 2 2 2 2 2 2 2 2 2 2 2 2 2
left_child=3 4 -3 24 -2 -6 20 27 9 12 13 -11 -9 -10 -12 17 -17 19 -19 -16 21 -4 23 -22 -1 -26 -27 28 -8 -29
right_child=1 2 6 -5 5 -7 7 8 10 11 14 -13 -14 -15 15 16 -18 18 -20 -21 22 -23 -24 -25 25 26 -28 29 -30 -31
leaf_value=-0.011640288307964016 0.0031731562150046719 -0.024607611556095352 0.004937162761923854 -0.0076764022199515367 0.077419807725596049 0.014358277467777522 -0.0099500080106679975 -0.031487389006873229 0.05735374763853815 0.068745815574522515 -0.0023445655362614838 -0.013961671834841217 0.0096537725084244047 -0.037597632354373398 0.023032921131623609 -0.036581370338575385 0.016618183222624362 0.024393544564831879 -0.028705621665344846 0.080315798871972918 0.09384172071374336 0.091619764466313647 -0.012768973228575176 0.00076031355512408308 0.080212216205944778 0.075262846254688417 0.0067800658949205578 -0.027987126646707629 0.076840859149786153 0.0065825947709047886
leaf_weight=60.613766845315695 648.82781393453479 82.784199681133032 60.544291004538536 1091.8540056832135 12.540087342262266 310.58321662247181 21.891161322593689 28.825617849826813 26.104941889643669 31.338321946561337 1335.5609603449702 8.8005545213818532 518.40450456738472 6.2509783357381812 136.45389730483294 37.440370708703995 26.354899823665619 30.726607300341129 30.388688988983631 13.07051435112953 8.0326221138238889 7.8834405541419974 459.45690551400185 31.869486793875694 11.179147779941557 9.044967904686926 96.896689813584089 126.5083647146821 11.400912746787069 61.193582896143198
leaf_count=544 5661 884 540 12747 91 2272 213 279 225 195 11487 56 4699 44 752 272 201 178 234 66 63 62 4049 269 101 60 838 1278 103 590
internal_value=-0.000102981 0.00154728 -0.000382642 -0.00539754 0.00770525 0.0168056 0.000281742 0.00200677 0.00331771 0.0104337 0.000772758 0.050612 0.00748664 0.0390097 4.31405e-06 0.0114353 -0.0146037 0.0193216 -0.00200924 0.0280402 -0.00716391 0.0149237 -0.0101906 0.0194984 0.00860192 0.0190779 0.0126269 -0.01122 0.0197716 -0.0167169
internal_weight=5342.83 4073.24 3101.29 1269.59 971.951 323.123 3018.5 2450.71 2229.72 587.369 1642.35 40.1389 547.23 32.3559 1610 274.435 63.7953 210.64 61.1153 149.524 567.787 68.4277 499.359 39.9021 177.735 117.121 105.942 220.994 33.2921 187.702
internal_count=49053 34763 26739 14290 8024 2363 25855 20872 18688 5229 13459 251 4978 269 13190 1703 473 1230 412 818 4983 602 4381 332 1543 999 898 2184 316 1868
is_linear=0
shrinkage=0.05


Tree=44
num_leaves=31
num_cat=0
split_feature=59 54 18 41 41 38 59 59 41 51 20 12 18 13 11 37 53 38 15 47 49 47 17 47 37 37 47 18 51 0
split_gain=17.2467 14.9744 16.7539 15.9041 19.9967 18.1673 18.8618 15.2121 17.2069 14.4514 18.0051 18.8618 17.8631 21.4742 35.2694 15.8437 30.2939 13.8818 13.8346 13.6068 14.8208 15.5345 18.291 13.5833 13.1131 16.5362 21.387 18.0225 15.2982 14.2958
threshold=-0.00019262481387795065 -0.016173611568662042 0.014822380001675817 -4.1739999999999997e-05 -1.5949999999999998e-05 0.28131028668663166 -0.00013561031308542527 0.017149476301002154 -7.1134999999999989e-05 1.0000000180025095e-35 -6.8345002085636335e-05 0.81309974356787218 0.011441026417571292 0.11821200914118367 -0.20831829680495437 0.32899325527046008 -0.003835131086442982 0.16037437242949928 0.18269230769231065 0.00073491731916353758 -0.00057795499742442223 -0.00011414227063400759 0.87609555821952856 0.00088509646153253629 0.33538840937114078 0.24256842648693822 0.00030025576262000694 0.0049894208909838289 1.0000000180025095e-35 0.00023801523965076199
decision_type=2 2 2 2 2 2 2 2 2 2 2 2 2 2 2 2 2 2 2 2 2 2 2 2 2 2 2 2 2 2
left_child=9 -2 3 7 -5 6 18 -3 -9 10 11 15 19 -14 -15 16 -1 -10 -6 20 -12 -22 -23 -8 25 26 -7 -28 -27 -30
right_child=1 2 -4 4 5 24 23 8 17 -11 12 -13 13 14 -16 -17 -18 -19 -20 -21 21 22 -24 -25 -26 28 27 -29 29 -31
leaf_value=0.093904701385101319 0.058941583063112417 0.0073706361761900589 -0.025079193910157328 -0.014263533378084226 0.11905045039338069 0.0064135154184492213 0.00016351419063140906 0.012214907042703858 0.11612907594898987 -0.010284852911084661 0.02812749107873469 0.00099238479659182898 -0.031216068176454351 0.17378935023124997 0.02850713866680038 -0.020295692018122695 -0.0053809189839650259 0.032286858301458832 0.011938801395657752 -0.047332946816303074 -0.0042911967283650347 -0.013288130427656215 0.071715846760164834 -0.02332927201210638 0.0010316815053539705 0.082207961906067856 0.11291331482097951 0.021365626781001928 -0.0073489061850497868 0.051714196156875281
leaf_weight=8.00137000530958 11.584280245006083 563.29553851112723 56.155546847730875 204.4400189332664 5.6549067050218564 206.70274082571268 1770.2017008215189 29.683887526392937 9.4679488092660922 586.59260408952832 70.857864655554295 775.63983390852809 6.0731120668351677 6.2659006305038991 12.53365652263164 249.25739517435431 193.00490958988667 10.316228896379469 6.4567061960697174 11.348722942173479 165.6543346978724 10.670400422066452 15.55247341096401 63.74421813338995 209.92584665119648 16.41951447725296 8.9319613873958605 13.503652863204477 18.606046624481678 22.799065053462982
leaf_count=92 61 4487 507 1699 52 1558 14530 176 47 6326 736 7686 71 61 106 3451 2408 61 60 123 1782 126 154 529 1582 115 69 94 138 166
internal_value=-0.000101983 0.00219633 0.00199195 0.002473 0.00073332 0.00204191 -0.000242326 0.00970524 0.0362894 -0.00361554 -0.00104995 -0.003733 0.00995217 0.050524 0.0769298 -0.0118731 -0.0014287 0.0724105 0.0619492 0.00627034 0.00858571 0.00136918 0.0371267 -0.000653047 0.0105284 0.0174756 0.0114461 0.0578122 0.0413685 0.0251733
internal_weight=5339.34 3227.89 3216.31 3160.15 2547.39 2342.95 1846.06 612.764 49.4681 2111.45 1524.86 1225.9 298.956 24.8727 18.7996 450.264 201.006 19.7842 12.1116 274.084 262.735 191.877 26.2229 1833.95 496.889 286.963 229.138 22.4356 57.8246 41.4051
internal_count=49053 25931 25870 25363 20592 18893 15171 4771 284 23122 16796 13637 3159 238 167 5951 2500 108 112 2921 2798 2062 280 15059 3722 2140 1721 163 419 304
is_linear=0
shrinkage=0.05


Tree=45
num_leaves=31
num_cat=0
split_feature=6 6 63 56 6 63 4 59 7 50 38 21 37 21 38 13 50 0 32 54 58 37 41 31 6 18 15 55 59 1
split_gain=18.0983 36.8898 21.9776 19.3699 19.2167 18.4358 25.0546 18.2808 17.9975 17.808 16.6174 16.2218 15.9792 17.7173 16.6112 23.6681 18.7495 15.4649 21.5554 15.0647 21.594 17.4726 17.7353 17.5722 15.0575 17.1469 16.0667 16.8065 15.1238 14.9694
threshold=15.500000000000002 11.500000000000002 -0.0064261464199885003 3.639887528157709 1.5000000000000002 0.038119067064743939 1.4321428571428572 0.026721717344316647 5.5000000000000009 -0.0013887541200679522 0.26799152864337172 -0.0010839417739028387 0.016006902264920068 -0.00036635207985890494 0.24818582631636024 0.0058818013445285306 -0.00073908681632823116 0.0011146075043050824 6.5000000000000009 0.0012750195170689721 0.0090145489497763746 0.39058524173028014 4.3300000000000009e-06 0.42926304464765552 14.500000000000002 0.0043137645092767166 0.022079135521610057 1.0000000180025095e-35 -0.0057500081408434151 -0.0020484036021708148
decision_type=2 2 2 2 2 2 2 2 2 2 2 2 2 2 2 2 2 2 2 2 2 2 2 2 2 2 2 2 2 2
left_child=1 4 -2 5 9 8 -7 12 10 -1 -4 -12 13 -6 16 -16 -15 -10 -19 20 21 23 29 24 25 -3 -27 28 -28 -23
right_child=2 19 3 -5 7 6 -8 -9 17 -11 11 -13 -14 14 15 -17 -18 18 -20 -21 -22 22 -24 -25 -26 26 27 -29 -30 -31
leaf_value=0.021694252779624043 -0.02733678354897226 0.010759659663643825 -0.009947870078674927 0.057239522735720472 -0.011435171883092591 0.10360617732274768 -0.0073062203507964947 0.058675913670341154 -0.0019381185542682068 0.0010873580265981751 -0.013637259862405618 0.010193277711459909 -0.0050171556181432021 0.043967482584603756 0.12525936187760947 0.027787326631461759 -0.0088130976948164862 0.035812027080731328 -0.022190549170854917 0.0023295253493427317 0.080720643732231645 0.0085564605925133076 -0.0040410466290942025 -0.032366692838640153 -0.0069578105075257654 -0.013856627965782235 0.022824929695538305 0.024687586951388799 0.069032677257880481 0.054723575352585874
leaf_weight=156.05407363176346 98.603762622922659 101.83579577505589 939.04181144014001 13.233440674841402 70.326145298779011 9.408385284245016 11.097796574234961 11.855716556310652 147.2529859021306 319.46423359960318 102.42880838736892 235.83087999373674 1951.4559237770736 22.790425650775433 7.0357722491025916 54.240868866443634 64.293832659721375 77.044790364801884 20.221912659704685 399.94808939099312 12.164972029626368 52.197734653949738 194.95232628658414 14.740912161767481 36.176153656095266 14.726472713053225 24.69701583310961 84.65790493786335 62.575650744140155 26.457944206893444
leaf_count=1301 1210 816 9675 93 727 53 74 72 1332 2787 968 2121 18337 208 61 452 583 647 176 3160 85 395 1634 123 331 116 240 614 457 205
internal_value=-0.000101121 0.00185033 -0.00444561 -0.00299459 -0.00125777 -0.00351141 0.0435812 -0.00324262 -0.00414597 0.00785006 -0.00652503 0.00297713 -0.00358089 0.00923568 0.0190341 0.038979 0.00499987 0.00828155 0.0237532 0.00990766 0.0147556 0.0134466 0.0040448 0.0210256 0.0234498 0.0272628 0.0362666 0.0405598 0.0559565 0.024086
internal_weight=5336.81 3682.65 1654.16 1555.56 2657.52 1542.33 20.5062 2182 1521.82 475.518 1277.3 338.26 2170.14 218.687 148.361 61.2766 87.0843 244.52 97.2667 1025.13 625.183 613.018 273.608 339.41 324.669 288.493 186.657 171.931 87.2727 78.6557
internal_count=49053 32704 16349 15139 24528 15046 127 20440 14919 4088 12764 3089 20368 2031 1304 513 791 2155 823 8176 5016 4931 2234 2697 2574 2243 1427 1311 697 600
is_linear=0
shrinkage=0.05


Tree=46
num_leaves=31
num_cat=0
split_feature=59 19 54 9 7 1 1 43 23 59 45 52 50 1 38 36 1 21 51 62 59 62 21 19 4 0 60 56 2 1
split_gain=16.272 15.6055 14.9768 15.6911 16.5599 15.3834 14.6791 14.3639 13.4377 13.3721 14.8105 12.6004 18.2932 12.4181 15.8512 14.8651 17.5098 12.3289 12.1035 14.8197 13.999 16.5633 13.6614 21.7579 15.1321 14.708 14.067 23.8887 12.0972 11.8349
threshold=0.0064530211313289692 0.0079657496457589891 -0.00019690132632073902 1.0000000180025095e-35 4.5000000000000009 0.012738227888082322 0.030094299470571292 0.00035422250000000007 -0.0030141207024970032 0.0016132779961232494 -0.00052878261540053987 3.0089552475383048 0.0042436130346162389 -0.0030798550955904321 0.16600126800940798 2.530965290273643 0.0061698085497705864 -0.0054995649949652657 -1.0000000180025095e-35 -0.0014523794710255341 -0.0033979435673210999 -0.00095671793030190761 -0.0024638773509202522 -0.0043548341470100683 1.9474999999999991 0.0056502381260634359 0.525114178361069 0.43119126124133939 0.0073081077158976921 0.0064094650603681138
decision_type=2 2 2 2 2 2 2 2 2 2 2 2 2 2 2 2 2 2 2 2 2 2 2 2 2 2 2 2 2 2
left_child=2 7 3 5 8 -1 -3 11 -5 10 -6 -2 -13 17 -15 16 -16 -10 22 -20 -21 -22 23 26 -24 28 27 -4 -26 -14
right_child=1 6 18 4 9 -7 -8 -9 13 -11 -12 12 29 14 15 -17 -18 -19 19 20 21 -23 24 -25 25 -27 -28 -29 -30 -31
leaf_value=-0.0017976625578089045 0.0083835238855439441 -0.0094280306041957598 0.024447066620331276 0.084388571319439928 0.010880085552706965 0.083769129182428265 0.040589322866575427 -0.031733265824215103 0.032702647091252569 0.020091423531155193 -0.022007408438550879 0.096268875200553203 -0.027617362660433117 -0.022247372025278121 0.024409861075029158 -0.051332241427540906 0.11527917784760454 0.00017606631087116299 -0.027140152542296105 -0.03110141994748879 0.075627361386449266 -0.0055051694823028468 0.0023325786660753182 -0.013636041869925258 0.046059844624699947 0.087062849414307419 -0.0012723553389313799 0.14975719326734316 -0.029630097629824131 0.052108642200179411
leaf_weight=1492.0609563775361 801.85626939311624 218.50348170846701 23.518337395042185 6.4206492602825156 50.641896836459637 5.2712428048253051 15.724547699093817 21.619407653808594 33.328182868659496 43.149242892861366 105.65381211414933 10.100584596395494 9.204601965844633 19.91053319349885 189.91048359125853 6.2591459453105918 5.4536010362207881 231.45226414501667 94.102859433740377 54.156320564448833 6.3332585990428916 935.05095064640045 560.29507893323898 307.33187874779105 12.61618054658175 10.252358205616472 40.843757294118404 4.5369985327124587 9.0770599134266359 9.417219437658785
leaf_count=14613 5495 1569 283 41 493 47 105 160 295 323 1051 53 51 203 1774 51 47 1992 854 671 56 8739 5494 3698 130 88 495 42 89 51
internal_value=-0.000100394 0.00536015 -0.00149705 0.00138146 0.00760694 -0.00149643 -0.00607019 0.00850179 0.0125273 -0.00454887 -0.0113514 0.00954908 0.0420885 0.0115785 0.0203135 0.0245164 0.0269465 0.00427022 -0.00455933 -0.00817419 -0.00638144 -0.00495934 -0.000492197 -0.00794288 0.00424097 0.0377124 0.0174521 0.0447117 0.0143891 0.0127008
internal_weight=5334.05 1086.43 4247.63 2189.51 692.18 1497.33 234.228 852.198 492.735 199.445 156.296 830.579 28.7224 486.314 221.534 201.623 195.364 264.78 2058.12 1089.64 995.541 941.384 968.472 376.231 592.241 31.9456 68.8991 28.0553 21.6932 18.6218
internal_count=49053 7484 41569 20930 6270 14660 1674 5810 4403 1867 1544 5650 155 4362 2075 1872 1821 2287 20639 10320 9466 8795 10319 4518 5801 307 820 325 219 102
is_linear=0
shrinkage=0.05


Tree=47
num_leaves=31
num_cat=0
split_feature=63 59 23 55 6 6 7 58 38 64 6 64 50 6 59 23 5 16 41 47 6 47 3 58 54 47 63 7 37 13
split_gain=16.5645 17.0167 23.9147 16.9767 16.6618 33.0289 20.6892 17.0064 33.6403 16.9066 17.3986 19.0134 17.1402 15.5787 20.7829 19.0787 15.5766 15.2762 15.6984 14.4252 14.1049 13.7376 20.5813 13.7606 15.309 13.469 15.0428 13.2661 14.1879 12.9147
threshold=0.0071557608011686381 0.026721717344316647 0.0014316222886199754 1.0000000180025095e-35 15.500000000000002 11.500000000000002 5.5000000000000009 0.0090145489497763746 0.25800457584469672 0.68070920181727368 1.5000000000000002 0.65743613857635197 -0.00084727089403303631 20.500000000000004 -0.0025408045712124534 0.00029738860473929536 0.0035049585183323947 0.64638501742160359 -6.8384999999999976e-05 -0.00051040308990549352 14.500000000000002 -0.00040818920292246327 0.0061420607467986702 0.0024344663437551018 -0.0058256755180728448 0.00045360036632610597 0.020846523110225709 4.5000000000000009 0.61773447554697547 0.18667917513831847
decision_type=2 2 2 2 2 2 2 2 2 2 2 2 2 2 2 2 2 2 2 2 2 2 2 2 2 2 2 2 2 2
left_child=1 4 -3 25 5 9 -6 17 -9 10 12 -12 21 -8 -15 -16 -17 18 -7 -4 27 -1 29 24 -24 26 -2 -20 -29 -23
right_child=3 2 19 -5 6 7 13 8 -10 -11 11 -13 -14 14 15 16 -18 -19 20 -21 -22 22 23 -25 -26 -27 -28 28 -30 -31
leaf_value=0.0084712821328265589 0.021051889677766562 0.083322021693883253 -0.053038326928447892 0.0036043880670712327 -0.0083493888139079646 0.026497657205235239 -0.003743445747278687 -0.005234029026798189 0.1270286998007038 -0.020724468978694354 -0.0035655962029679114 0.090199472954691412 9.373898826710986e-05 -0.015619818615005427 0.058967632961731214 0.036421332300695386 -0.028377991738252475 -0.018914268513833408 0.015449734249180974 0.025769224570361238 -0.0055367317149248585 0.093249016722285763 0.033311095514580648 0.061457302524908664 -0.048543982890879869 -0.037386701309044791 0.068757570045828428 0.0052831110124668375 -0.03344686955730259 0.0062153196859960486
leaf_weight=72.632316153496504 83.700805835425854 14.224770084023474 7.9798987209796897 384.70872282236814 1222.9259775020182 114.48586122319102 130.95310094580054 10.554445933550598 8.8293157741427404 119.90861963480711 1930.8135054670274 5.4216960221528998 211.91832295060158 27.229057338088751 40.514247469604015 22.527141854166985 15.763773016631601 50.96867561340332 398.99987421929836 21.321237355470661 180.95681782439351 20.107611607760195 11.669589027762411 10.927967980504034 11.188858401030304 7.8643537685275069 20.589258335530758 138.15533619746566 28.52942905947566 5.4089452475309363
leaf_count=649 576 65 68 2755 12853 854 1260 80 56 1168 18440 52 1928 308 283 155 130 442 3124 135 1603 190 85 80 106 54 119 1148 241 46
internal_value=-9.89768e-05 -0.000992379 0.0301298 0.00859461 -0.0012751 0.000676746 -0.00572915 0.00866805 0.0550117 -0.00242481 -0.00146244 -0.00330304 0.00890194 0.00779208 0.0220386 0.0350504 0.00974446 0.00768315 0.00925741 0.0043067 0.00661389 0.0230499 0.0409054 0.0153073 -0.00675571 0.0257119 0.0304701 0.0105007 -0.00134583 0.0747998
internal_weight=5331.78 4834.92 43.5259 496.863 4791.39 3331.48 1459.91 931.48 19.3838 2400 2280.09 1936.24 343.854 236.987 106.034 78.8052 38.2909 912.096 861.127 29.3011 746.641 131.935 59.303 33.7864 22.8584 112.154 104.29 565.685 166.685 25.5166
internal_count=49053 45549 268 3504 45281 30292 14989 7548 136 22744 21576 18492 3084 2136 876 568 285 7412 6970 203 6116 1156 507 271 191 749 695 4513 1389 236
is_linear=0
shrinkage=0.05


Tree=48
num_leaves=31
num_cat=0
split_feature=63 59 19 58 49 59 26 21 59 43 18 5 6 51 63 59 38 64 11 12 1 21 54 64 42 45 47 37 21 18
split_gain=15.9538 16.4052 20.0896 15.7479 16.9845 16.0219 15.5561 15.221 20.6868 15.1453 14.9804 15.4199 14.4018 16.5785 18.4531 18.1158 15.7947 14.5461 14.0422 17.6185 16.4297 13.7982 16.438 15.2546 13.9239 14.3207 16.46 14.6966 18.3278 16.9969
threshold=-0.0036323621444722611 -0.010051043323765699 -0.010935223198788233 -0.010171515760915106 -0.0014072877252621692 -0.035377141157370291 0.55769649624648532 0.0063323519911614055 0.01536043669547585 2.4922500000000031e-05 0.0022686850227956958 0.0013205436352773344 1.5000000000000002 1.0000000180025095e-35 0.018664359187491427 -0.0061689085290375445 0.25658010197483921 0.37877778672687212 -1.1707745427366791 0.43363198691238553 0.0037410146512222874 -0.0024114045364788581 -0.001719517031176747 0.49987885640445667 8.952000000000001e-05 -0.00059286631073287254 -0.00050227510386172136 0.20262047097791405 0.0017965554603122087 0.0052660313613455785
decision_type=2 2 2 2 2 2 2 2 2 2 2 2 2 2 2 2 2 2 2 2 2 2 2 2 2 2 2 2 2 2
left_child=6 3 9 4 5 -2 -1 8 10 -3 -4 -12 21 16 15 -15 17 -14 20 -20 -19 -13 23 -23 -24 -26 -27 -28 29 -29
right_child=1 2 7 -5 -6 -7 -8 -9 -10 -11 11 12 13 14 -16 -17 -18 18 19 -21 -22 22 24 -25 25 26 27 28 -30 -31
leaf_value=-0.011012775775198387 -0.023296164843178545 0.061227000446463009 -0.041009218636394174 -0.016483237814625424 -0.02118353866633596 0.068892392791207277 0.059442656947602583 -0.0090152492788569388 0.019249839042437478 0.012212709798032528 0.059371405567897509 -0.013920283510772197 0.024374908673929961 -0.042062078965678026 0.019350694385396567 -0.0030356676567285723 0.010746200117595197 0.042549687935579061 -0.020707105377748725 0.00019026196993419362 -0.041133884606415504 -0.0039449082190494856 -0.0077350455569469585 0.042297239144397793 -0.025480651448629984 0.086314968476650808 -0.0072134762532786948 0.11735885218829351 0.010913927584369052 0.026753058475605121
leaf_weight=397.90647409856319 6.4362250976264503 22.677675187587738 21.017615653574467 227.17632070928812 16.916452866047621 17.603391073644161 7.991873897612094 352.80735682696104 163.19073837995529 51.670707128942013 11.404097758233545 48.473678037524223 58.880286905914545 30.181654866784811 91.403715305030346 2013.1612617895007 574.02597972378135 32.972267005592585 116.36207531765103 757.16282156482339 7.1343727409839621 23.290365472435951 91.930204231292009 76.135575987398624 15.774334020912645 10.097118332982062 33.088224582374096 10.305424250662329 30.540149502456188 10.399129413068293
leaf_count=4289 50 149 195 2700 199 171 69 3123 947 384 97 454 515 380 561 17618 5163 377 1431 7624 91 176 786 604 127 80 274 79 254 86
internal_value=-9.78743e-05 0.000687802 0.00138065 -0.0113382 0.0172001 0.0442104 -0.00962555 0.000962093 0.00179487 0.027163 0.00109392 0.0013128 0.00114856 0.000227031 -0.00262891 -0.00361212 0.0041692 0.000287127 -0.00126524 -0.00259347 0.0276636 0.0108403 0.0148203 0.0314651 0.00663311 0.0186187 0.0259854 0.0187622 0.0355345 0.0718509
internal_weight=5328.12 4922.22 4654.09 268.132 40.9561 24.0396 405.898 4579.74 4226.93 74.3484 4063.74 4042.72 4031.32 3681.28 2134.75 2043.34 1546.54 972.512 913.632 873.525 40.1066 350.034 301.561 99.4259 202.135 110.204 94.43 84.3329 51.2447 20.7046
internal_count=49053 44695 41575 3120 420 221 4358 41042 37919 533 36972 36777 36680 33760 18559 17998 15201 10038 9523 9055 468 2920 2466 780 1686 900 773 693 419 165
is_linear=0
shrinkage=0.05


Tree=49
num_leaves=31
num_cat=0
split_feature=12 18 59 21 18 63 51 59 19 5 20 56 60 13 38 58 19 59 63 37 38 48 21 9 12 37 55 47 59 3
split_gain=14.8622 15.5648 15.0013 24.394 14.6543 14.2434 14.2841 15.0297 21.3198 18.1328 15.0779 14.5599 14.1483 16.0891 15.8965 14.1238 15.0356 15.803 14.0852 12.3441 14.4094 19.3894 12.2166 12.194 12.0068 11.8469 11.7348 14.2011 11.3762 15.7746
threshold=0.35425152313127578 0.0067212232820023131 0.007558543080844588 0.0018792274032614035 0.0034869442874059515 0.02271896200263487 -1.0000000180025095e-35 -0.010051043323765699 -0.010935223198788233 0.0062774191902462409 0.0019843995430598635 0.39972384068760897 0.057432390591484257 0.0016960239651200577 0.20679887854760057 -0.00055411857595170141 0.0046405320649425272 -0.0020479947464428993 -0.013473569277213228 0.69490841051583929 0.2311504951346264 -0.00034215536803519679 0.0035276231489584729 1.0000000180025095e-35 1.6927937656763059 0.067174412399358494 1.0000000180025095e-35 -0.00032980595739489477 0.017149476301002154 0.0073247491353983984
decision_type=2 2 2 2 2 2 2 2 2 2 2 2 2 2 2 2 2 2 2 2 2 2 2 2 2 2 2 2 2 2
left_child=1 22 5 4 -4 6 7 9 -9 -2 11 23 14 -14 -10 16 17 -8 -15 20 21 -7 -1 -11 -13 -22 27 -5 -6 -30
right_child=2 -3 3 26 28 19 15 8 12 10 -12 24 13 18 -16 -17 -18 -19 -20 -21 25 -23 -24 -25 -26 -27 -28 -29 29 -31
leaf_value=-0.0063472327920413955 -0.018123730763800666 -0.024541490169381435 0.086094204918962872 -0.0028241932176998343 0.012189057633976548 0.077828826711014057 -0.034116066415836775 0.03252246509291358 -0.023473954248867005 -0.026369081726342992 0.084948521787694076 0.05690517517192839 0.078796310125565969 -0.017887588854748438 8.4447300029849422e-07 -0.0018195456142045899 -0.035068361257201884 -0.0043018368616842247 0.0056346984084785553 -0.03564891126885518 0.053383895520544483 -0.0055078843828434108 0.03248089024987931 0.034308842649914614 0.0040809024643215751 -0.011996650206371246 -0.0011570090369211253 0.071638697617325983 0.081961819346937442 0.018933038798366036
leaf_weight=177.06526838988066 185.38577684387565 122.44324299320579 7.8001360744237891 13.12396226078272 234.35293636843562 22.427195437252522 51.276306822896004 61.278048269450665 97.300207477062941 42.778071369975805 5.9849395230412474 17.176470950245857 7.3217727690935126 66.931613057851791 278.6398899666965 1554.2898142747581 60.595306627452374 333.66452183201909 1294.8256574757397 8.603022523224352 9.5017218962311727 10.133218474686144 22.875133261084557 10.267122980207203 28.784042559564114 25.585668943822384 517.34733171761036 12.503079906105993 14.782392203807829 30.223883211612701
leaf_count=1960 2369 1491 36 97 1481 130 551 455 1012 539 63 146 71 786 2669 13991 632 3143 12659 74 50 68 235 101 198 158 3573 84 77 154
internal_value=-9.68834e-05 -0.0105024 0.000573645 0.00671214 0.0184981 -0.000647557 -0.00104611 0.0018374 0.00353472 -0.00872089 0.00788205 0.00322335 0.00251679 0.004876 -0.00607486 -0.00406925 -0.0119175 -0.00827326 0.00447856 0.0207641 0.0279383 0.0518934 -0.00190492 -0.0146246 0.0238225 0.00570851 0.000478962 0.0335052 0.0166107 0.039635
internal_weight=5325.27 322.384 5002.88 830.134 287.159 4172.75 4096.5 2096.67 1806.3 290.376 104.991 99.0057 1745.02 1369.08 375.94 1999.83 445.536 384.941 1361.76 76.2508 67.6478 32.5604 199.94 53.0452 45.9605 35.0874 542.974 25.627 279.359 45.0063
internal_count=49053 3686 45367 5502 1748 39865 39385 21068 17652 3416 1047 984 17197 13516 3681 18317 4326 3694 13445 480 406 198 2195 640 344 208 3754 181 1712 231
is_linear=0
shrinkage=0.05


Tree=50
num_leaves=31
num_cat=0
split_feature=59 18 50 63 12 41 46 0 59 38 50 42 15 20 41 3 13 32 12 59 54 59 64 42 50 37 1 50 54 53
split_gain=14.4469 15.8389 16.9346 15.9293 15.8194 15.4947 14.1957 14.361 13.415 21.1893 17.3068 15.5471 14.0392 13.3566 12.8961 18.4686 12.6303 17.222 24.1526 12.5701 18.4405 12.3949 12.1505 11.7699 18.2277 11.5422 16.1966 20.4378 16.167 15.1578
threshold=-0.0027304900919291023 0.015440288331336031 -0.001134798885922597 -0.009060312014716727 0.50044410961418195 1.4945000000000002e-05 0.0006731060187631536 0.0051996982041420852 0.0040313968575422321 0.36359749900578786 0.0018378769447176461 3.9010000000000008e-05 0.13953488372093489 -0.0057432768761812563 9.772000000000002e-05 0.0045242175526179962 0.016651034463052366 5.5000000000000009 0.30578692171844085 -0.0066482548875867924 0.0055458189710329304 0.026721717344316647 0.89367547048096452 4.0810000000000004e-05 0.0011986265920639315 0.36176025405116552 -0.0010732493699899569 0.00043939252980098052 -0.010708881862346708 -0.00081026506989057316
decision_type=2 2 2 2 2 2 2 2 2 2 2 2 2 2 2 2 2 2 2 2 2 2 2 2 2 2 2 2 2 2
left_child=4 2 6 -4 16 -6 7 -2 11 10 13 22 -11 -10 19 -16 17 -1 -19 -7 -21 -12 -5 24 -13 26 28 29 -17 -28
right_child=1 -3 3 8 5 14 -8 -9 9 12 21 23 -14 -15 15 25 -18 18 -20 20 -22 -23 -24 -25 -26 -27 27 -29 -30 -31
leaf_value=-0.018418340067737651 0.0077079596738689887 -0.025018062499152002 -0.02242350403363548 -0.012638569758271418 0.0057667366646745669 -0.026845606384085625 -0.019476043296772397 0.042521094465156908 0.048720437324122304 0.0022273303045447519 -0.0030749615568848566 0.0019999873088654527 0.071968896571927427 0.0086797068356456435 -0.02451242465800027 0.042944759415435851 -0.026112605443189187 -0.03399649197268944 0.10695924899925183 -0.0094886933291631666 0.07112702384756607 0.025369740014448847 0.045206905352160674 -0.00036592998293247426 0.11274329833328306 -0.0040877634498257586 0.11658952414494395 0.0014670171966974822 -0.0074269638770016319 0.036807782568323948
leaf_weight=23.412762049585581 884.40440300107002 56.163422744721174 77.899084120988846 378.29310931265354 368.22812419384718 127.99253655225039 46.39470037817955 30.650328874588013 21.74657391756773 11.652891710400583 708.78164563328028 10.076464392244814 18.952198527753353 492.64312738925219 73.657582890242338 19.950921900570393 133.27253580465913 4.8952163495123378 8.014849625527857 134.03108145669103 7.4901479780673972 40.485925227403641 9.3013198822736722 1275.0367414802313 5.88618579506874 228.62119738012552 10.091505188494923 19.994682945311069 79.022943016141653 14.518793337047098
leaf_count=309 7267 511 861 3725 3970 1533 390 225 146 71 5157 96 110 3654 922 157 1990 70 100 1421 86 223 74 12196 57 2418 102 231 822 159
internal_value=-9.53663e-05 0.00135053 0.00171964 -0.000103941 -0.00478932 -0.00256689 0.00750601 0.00887405 0.000480909 0.00430598 0.00331035 -0.00246837 0.0454148 0.0103725 -0.00685651 -0.00163704 -0.0189892 0.00714751 0.0535119 -0.0154911 -0.00522203 -0.00153798 -0.0112504 0.000168247 0.0428363 0.00288995 0.0140006 0.0390158 0.00272685 0.0695225
internal_weight=5321.56 4068.37 4012.2 3050.76 1253.19 1083.6 961.449 915.055 2972.86 1294.26 1263.66 1678.59 30.6051 514.39 715.371 445.858 169.595 36.3228 12.9101 269.514 141.521 749.268 387.594 1291 15.9627 372.2 143.579 44.605 98.9739 24.6103
internal_count=49053 34763 34252 26370 14290 11821 7882 7492 25509 9361 9180 16148 181 3800 7851 4811 2469 479 170 3040 1507 5380 3799 12349 153 3889 1471 492 979 261
is_linear=0
shrinkage=0.05


Tree=51
num_leaves=31
num_cat=0
split_feature=6 6 63 56 6 37 0 63 63 4 38 2 59 58 58 14 44 47 54 58 31 37 2 32 64 17 4 45 49 58
split_gain=13.9206 28.9299 18.9124 16.4542 15.6914 15.7078 16.5501 17.6857 15.1721 20.2818 13.4831 17.1508 18.3957 14.1248 18.8447 13.4375 14.4741 13.2497 13.2149 23.3778 14.3612 14.5756 13.2567 21.1784 12.9426 13.0691 12.8828 14.352 17.8549 14.7078
threshold=15.500000000000002 11.500000000000002 -0.0064261464199885003 3.639887528157709 2.5000000000000004 0.013708922122013916 -0.0038254395541324044 0.01161746514628258 0.038119067064743939 1.4321428571428572 0.32878201294952264 0.0059809667069378727 0.0018418244640592382 0.0024344663437551018 0.0033062009018091972 0.21956918167312919 2.7130000000140651e-05 0.0010553808302568516 0.0012750195170689721 0.0090145489497763746 0.44161458179781748 0.39058524173028014 -0.0055467321129293997 1.5000000000000002 0.60454421314653439 0.53469779452821353 0.62285714285714389 -0.00046662052050565832 -0.001618126535969847 -0.004348608404498043
decision_type=2 2 2 2 2 2 2 2 2 2 2 2 2 2 2 2 2 2 2 2 2 2 2 2 2 2 2 2 2 2
left_child=1 4 -2 8 10 6 -6 24 -4 -10 13 12 -12 -1 -15 -16 -17 18 19 20 21 22 23 -3 25 -8 -23 28 29 -28
right_child=2 17 3 -5 5 -7 7 -9 9 -11 11 -13 -14 14 15 16 -18 -19 -20 -21 -22 26 -24 -25 -26 -27 27 -29 -30 -31
leaf_value=-0.0021366747525441328 -0.025708169469478855 0.0067104583696206829 -0.003684848744694145 0.051980386955692175 0.079437731934414543 -0.0049852416423391763 0.06529720772976344 0.067109956902620851 0.090417724982489331 -0.0077545656621534247 0.016497004178936528 -0.037242884789682712 0.080449502935847808 0.042979964828969715 -0.023459514627770475 0.018412816445655476 -0.030321701554448965 -0.052606648218213481 0.0021010363994620911 0.083874853884972678 -0.01836985662880283 -0.05026815401521826 0.014955085691079256 0.056013288620180374 -0.045850269586085873 0.0033533731773643448 0.058437705591136292 -0.0041283777112332536 0.036036215467564539 -0.0176013330245034
leaf_weight=424.498735062778 93.993835911154747 35.140070404857397 1506.1687509231269 13.682754270732401 8.1939065977931005 1748.2131585478783 9.0029261671006662 11.448189973831175 10.048576578497888 11.042269080877302 30.458423607051373 8.4155914634466154 17.825155325233936 43.426821157336235 31.370606016367674 128.19036259502172 17.290511731058359 8.7404643893241865 399.08201494812965 11.659918706864117 35.7014284953475 10.04466178268194 237.64233983308077 57.297361005097628 12.600713796913622 157.14284481108189 7.6883347593247882 125.88580689579248 70.163737587630749 36.790286231786013
leaf_count=3956 1210 275 14919 93 66 16555 91 63 53 74 265 68 111 339 261 1010 122 79 3138 73 289 79 1846 434 123 1498 57 1029 587 290
internal_value=-9.45727e-05 0.00160949 -0.00393424 -0.00260609 -0.00116172 -0.0034722 0.00986081 0.00686331 -0.00309513 0.0390189 0.00524989 0.0286261 0.0401068 0.00319428 0.0134676 0.00622064 0.0126207 0.00869398 0.00921564 0.0137367 0.0124099 0.0143024 0.0212045 0.0372708 0.00300469 0.00670992 0.0052102 0.00752703 0.0203255 -0.00445763
internal_weight=5318.85 3683.91 1634.94 1540.94 2648.08 1946.6 198.389 190.195 1527.26 21.0908 701.476 56.6992 48.2836 644.777 220.278 176.851 145.481 1035.84 1027.1 628.014 616.354 580.653 330.08 92.4374 178.746 166.146 250.573 240.528 114.642 44.4786
internal_count=49053 32704 16349 15139 24528 18396 1841 1775 15046 127 6132 444 376 5688 1732 1393 1132 8176 8097 4959 4886 4597 2555 709 1712 1589 2042 1963 934 347
is_linear=0
shrinkage=0.05


Tree=52
num_leaves=31
num_cat=0
split_feature=18 59 51 42 19 58 58 59 42 42 41 38 4 60 58 42 59 50 41 41 41 4 42 17 7 19 3 1 7 49
split_gain=13.4918 13.7687 15.398 18.553 24.6908 17.2244 17.0068 31.0165 25.7944 15.7654 14.6192 13.829 13.5222 16.2671 20.0266 19.4432 17.0747 14.9709 14.9663 16.0627 14.7765 23.8617 19.4953 17.1399 13.7182 13.1608 13.1457 13.0076 28.3161 14.0735
threshold=0.0022686850227956958 -0.0027304900919291023 1.0000000180025095e-35 3.9010000000000008e-05 -0.0092429361558531032 -0.00031868469779193135 -0.0076567208904851558 0.006596975687003675 9.8520000000000012e-05 2.9495000000000005e-05 1.4945000000000002e-05 0.26799152864337172 0.60357142857142687 0.63797269969632497 0.00097777617478932741 3.4095000000000012e-05 0.00089682324671317998 0.0012321956988896297 -2.2759999999999996e-05 -8.9229999999999984e-05 5.304e-05 0.42214285714285799 1.1315000000000001e-05 1.1761799699781317 5.5000000000000009 0.0031589111630796582 0.0029755409472939083 0.0097199885980079562 4.5000000000000009 -0.0047690706045527753
decision_type=2 2 2 2 2 2 2 2 2 2 2 2 2 2 2 2 2 2 2 2 2 2 2 2 2 2 2 2 2 2
left_child=-1 10 3 4 -3 -4 -5 25 11 -6 -2 -9 13 14 18 -15 -16 -18 19 -7 22 -22 -20 26 -19 -8 -24 29 -29 -12
right_child=1 2 5 6 9 12 7 8 -10 -11 27 -13 -14 15 16 -17 17 24 20 -21 21 -23 23 -25 -26 -27 -28 28 -30 -31
leaf_value=-0.040436388152009478 0.0029980071719244096 0.07589410673410979 -0.0076901921131702607 -0.013119982840970485 -0.00032231904503283087 0.05773633488699273 0.011424619228292274 0.056592747395251976 0.015869150939341516 -0.025976299087286343 0.010879813698460805 0.13124083665454331 -8.6226551045239113e-05 -0.025078796585719172 -0.030789190357776126 0.060472705817945061 0.021746344469280834 -0.027483588198720845 0.011016067506300206 -0.027386644230565499 0.093000233337114546 -0.0029570693380644147 0.079451281230856208 0.028486397933883419 0.031745859901733189 -0.0054241992675687495 0.18333130248391158 0.00070292833660696313 0.12224332054316887 -0.011865298652671073
leaf_weight=20.643575102090836 425.01531910523772 9.3118535727262479 661.59701447188854 77.833913613110781 240.99635098874569 7.4942960292100933 711.83958933129907 20.519322954118255 35.554210383445024 79.690476927906275 75.166937276721001 8.8933430016040784 1764.6409543938935 8.5142622366547567 42.968685261905193 30.190619081258774 66.827946923673153 41.641349501907825 10.690232597291471 21.27364731580019 8.238590791821478 30.3279884532094 6.2097860872745532 6.2374558597803107 12.775187522172926 138.44010615348816 5.9766818359494209 26.5886518843472 5.8457742482423773 714.17383778095245
leaf_count=198 4794 52 6071 776 2205 53 6394 128 240 780 625 50 14249 69 449 222 472 280 88 193 69 265 58 49 82 1227 49 323 60 8483
internal_value=-9.3416e-05 6.38547e-05 0.00147869 0.0059044 -0.00436676 -0.000669673 0.00931749 0.0112256 0.0445247 -0.00669732 -0.0045305 0.0791637 0.00158068 0.0114064 0.00691517 0.0416532 -0.00370617 0.00589197 0.024999 -0.00521138 0.0378401 0.0175413 0.0647292 0.0958955 -0.0135785 0.00868134 0.130398 -0.00842419 0.0226086 -0.00969934
internal_weight=5316.12 5295.47 4048.68 1323.08 329.999 2725.6 993.08 915.247 64.9669 320.687 1246.79 29.4127 2064.01 299.367 260.662 38.7049 164.213 121.244 96.4487 28.7679 67.6807 38.5666 29.1142 18.4239 54.4165 850.28 12.1865 821.775 32.4344 789.341
internal_count=49053 48855 34570 11852 3037 22718 8815 8039 418 2985 14285 178 16647 2398 2107 291 1283 834 824 246 578 334 244 156 362 7621 107 9491 383 9108
is_linear=0
shrinkage=0.05


Tree=53
num_leaves=31
num_cat=0
split_feature=12 18 21 59 50 42 50 1 58 59 47 45 52 63 60 63 42 21 19 0 2 21 21 58 37 6 52 37 51 47
split_gain=12.7162 14.2246 12.8996 21.5415 15.5981 14.1304 12.9407 24.302 19.2923 16.5896 16.5064 17.3137 15.7507 19.5688 15.3948 15.4832 15.0525 14.2653 13.0496 12.7081 12.6839 14.3583 22.2413 13.6401 16.9366 29.4861 12.5194 12.4356 15.1236 21.2285
threshold=0.35425152313127578 0.0067212232820023131 0.0067162860970855455 0.01536043669547585 0.0069940800517390407 2.9775000000000002e-05 0.0011357463414998303 0.0036623458827956539 -0.00073828036251325543 0.0041285513528214711 -0.00019547682308396932 3.2254631324147433e-05 0.0032113156674652955 0.02271896200263487 0.0048168268867082075 -0.0074789747326192693 3.7850000000000006e-06 0.001364479709707013 0.0036595187257095342 -0.013497109939231401 -0.0073148541134221909 -0.0090126299285728951 -0.0063009063984522688 0.00093378724072070622 0.35852874284369912 9.5000000000000018 0.32686720581049666 0.21818181818181859 1.0000000180025095e-35 -0.0005292199680800863
decision_type=2 2 2 2 2 2 2 2 2 2 2 2 2 2 2 2 2 2 2 2 2 2 2 2 2 2 2 2 2 2
left_child=1 -1 3 6 5 -5 7 9 10 12 -9 -12 13 19 -8 -16 -11 -15 -14 -2 21 -17 -23 24 -24 -26 -27 -18 29 -29
right_child=2 -3 -4 4 -6 -7 14 8 -10 16 11 -13 18 17 15 20 27 -19 -20 -21 -22 22 23 -25 25 26 -28 28 -30 -31
leaf_value=-0.0016088971340562069 0.076398319957721894 -0.023470277175171389 -0.0095443297156552927 0.089009590872630315 -0.00047163399626149231 0.024885467095956029 -0.020054325132176618 -0.012122603815306198 0.025703136118510286 0.066352857077389013 0.11685901024210904 0.00093180011792965908 0.0034430890174116688 0.096532733582018332 -0.026290538633341201 -0.027645012440715946 0.019578511361441325 0.0076607358453699972 0.054280107968836547 -0.0052556221922498486 -0.0019978574379804696 0.08602713488194641 -0.0073994053356538211 -0.0084761822689412066 0.15730998626614762 -0.0046893488620384938 0.092195967140906179 -0.011946802261405503 -0.0039020948717870037 0.051870023080331007
leaf_weight=198.77803078666329 4.7824144288897505 118.9264950081706 299.08267660066485 9.4510056078433973 65.264201313257217 94.428742997348309 125.43184574320912 73.491735655814409 186.11725960299373 11.484681837260721 5.4513201899826509 7.8713750876486301 964.72207756713033 8.1204371750354785 61.434126451611519 15.328145392239092 156.80165898054838 10.170745506882666 12.790822874754666 1311.6841908767819 1216.7009027414024 12.656466290354727 13.718861043453215 34.270237855613232 6.0420551002025631 10.275791425257919 4.9359838739037505 22.110311459749937 219.72657656669617 31.73564800620079
leaf_count=2195 41 1491 2632 52 368 544 1130 789 1620 77 56 87 8699 49 767 181 1027 70 106 13763 10592 131 129 309 60 109 42 148 1586 203
internal_value=-9.2778e-05 -0.00979228 0.00052402 0.00116513 0.0186844 0.0307195 0.00051067 0.00239281 0.0166241 0.000982502 -0.00283986 0.0483664 -0.000713858 -0.00424537 -0.00328556 -0.00175627 0.00985965 0.0471158 0.00410829 -0.00495899 -0.000609141 0.0167692 0.0250817 0.0139418 0.0359096 0.0638646 0.0267484 0.0083521 0.00191754 0.0256655
internal_weight=5313.79 317.705 4996.08 4697 169.144 103.88 4527.86 3027.06 272.932 2754.13 86.8144 13.3227 2312.27 1334.76 1500.79 1375.36 441.859 18.2912 977.513 1316.47 1313.93 97.2275 81.8994 69.2429 34.9727 21.2538 15.2118 430.374 273.573 53.846
internal_count=49053 3686 45367 42735 964 596 41771 28321 2552 25769 932 143 22728 13923 13450 12320 3041 119 8805 13804 11553 961 780 649 340 211 151 2964 1937 351
is_linear=0
shrinkage=0.05


Tree=54
num_leaves=31
num_cat=0
split_feature=6 6 63 62 7 59 6 50 37 21 5 38 17 5 4 16 7 13 50 59 21 59 60 60 37 7 60 60 45 4
split_gain=12.2321 25.3223 17.1493 15.3673 15.1039 14.4233 13.9754 14.1937 13.6155 15.6405 19.1681 18.979 13.3103 15.0922 12.99 12.9526 12.0187 19.2279 11.9747 18.3254 14.3236 15.2365 14.0538 17.7015 12.9424 13.3693 14.7432 29.4925 12.3622 11.7861
threshold=15.500000000000002 11.500000000000002 -0.0064261464199885003 -0.00382946643053007 5.5000000000000009 0.026721717344316647 1.5000000000000002 -0.0013887541200679522 0.016006902264920068 0.00059947926814611456 0.0016648152093016119 0.24882797141831464 1.0141136574535217 0.0024574082256980981 0.65928571428571725 0.64638501742160359 2.5000000000000004 0.010842050349871422 0.00085046835237413459 0.0030059636624923517 -0.0036578092315136053 -0.0021589811654689731 0.22217974274457655 0.38101629562477685 0.44515966174428245 4.5000000000000009 0.6461010100518253 0.53024085023644629 -0.0004957831487763315 0.96785714285714486
decision_type=2 2 2 2 2 2 2 2 2 2 2 2 2 2 2 2 2 2 2 2 2 2 2 2 2 2 2 2 2 2
left_child=1 5 -2 -4 -5 6 7 -1 9 16 -11 -12 13 -13 -6 18 17 -8 19 24 22 -22 -20 -24 25 26 27 -3 -29 -21
right_child=2 15 3 4 14 -7 8 -9 -10 10 11 12 -14 -15 -16 -17 -18 -19 20 29 21 -23 23 -25 -26 -27 -28 28 -30 -31
leaf_value=0.018433012896680607 -0.024741711150374376 0.022441878029656342 0.019872769765154404 -0.0058391510044346236 0.031438085954661556 0.045405346027871857 0.10462320787720358 0.0001926832550596247 -0.0044526947754463721 -0.051503246448845658 0.011505434240953134 0.12312513949411071 0.0096064957997004305 0.045525199879087069 0.0021541485124745878 -0.014789262712280949 -0.016543288964818017 0.0026279176411950862 -0.017768432366952306 0.045989076195028691 -0.034491838682691602 0.0026503679793068811 0.10911619689174522 0.024043252158587786 -0.0020706890798343988 0.00038083986686473191 -0.0085632582336892891 0.14369467520857046 0.053086072308826705 0.016951841787046971
leaf_weight=160.99421082809567 91.418698277324438 140.1158817447722 73.408555347472429 1219.1148811653256 46.952466651797295 16.568197272717953 5.5643708705902091 315.97310173138976 1929.8935736529529 8.3235748633742315 67.839749366044998 10.081708751618864 11.041920155286787 16.553677394986153 195.76358152553439 58.314545530825853 72.545489061623812 27.247714478522539 10.906064536422489 61.975859776139259 30.19429525360465 322.78019498288631 8.5912190973758715 21.211010653525591 165.92531167343259 95.915341768413782 30.243121277540922 7.1497141867876053 7.9503479450941068 80.127208970487118
leaf_count=1301 1210 1144 612 12407 401 96 58 2763 18337 77 605 79 86 121 1719 492 737 268 110 332 332 2267 84 196 1490 861 248 60 66 494
internal_value=-9.19275e-05 0.0015026 -0.00370319 -0.00245041 -0.00357141 -0.00109966 -0.00139307 0.00634947 -0.00311144 0.00869741 0.0215462 0.0273086 0.0557629 0.0748974 0.00781901 0.00810603 -0.0051859 0.0199246 0.00946413 0.0139741 0.002712 -0.000526867 0.0307957 0.0485676 0.00900484 0.015536 0.023374 0.0295968 0.0959883 0.0296159
internal_weight=5310.69 3684.03 1626.66 1535.24 1461.83 2642.63 2626.06 476.967 2149.09 219.198 113.841 105.517 37.6773 26.6354 242.716 1041.4 105.358 32.8121 983.086 589.403 393.683 352.974 40.7083 29.8022 447.3 281.374 185.459 155.216 15.1001 142.103
internal_count=49053 32704 16349 15139 14527 24528 24432 4064 20368 2031 968 891 286 200 2120 8176 1063 326 7684 4695 2989 2599 390 280 3869 2379 1518 1270 126 826
is_linear=0
shrinkage=0.05


Tree=55
num_leaves=31
num_cat=0
split_feature=18 5 17 59 50 51 37 34 15 51 7 58 14 3 7 47 60 60 50 62 38 58 38 59 1 41 37 41 5 47
split_gain=12.1697 12.7925 11.973 12.9782 15.5966 13.5819 13.2046 15.5517 14.8017 13.1061 12.5344 13.2672 15.3367 12.4971 11.771 12.0667 11.7539 14.9919 14.6841 14.6778 15.4353 13.9494 13.0566 11.6939 12.5432 11.6777 20.5075 14.7729 15.8872 12.9673
threshold=0.0022686850227956958 0.0013205436352773344 0.66346665847465236 0.0020834252699766845 0.0028720966006989656 1.0000000180025095e-35 0.2236239274792767 0.05264972094915165 0.12499999999999824 1.0000000180025095e-35 4.5000000000000009 -0.00066940055640342248 0.92903604851230825 0.0018007974993444963 1.5000000000000002 -0.00059320180115383155 0.19775888610111966 0.021926587607160153 0.0013862515276001882 0.0031801148972551694 0.2908104621158803 0.0029596827869785894 0.22827220308208812 0.005915582260234668 0.0032447201710588689 -5.0684999999999993e-05 0.079377090721082164 -3.3819999999999991e-05 0.0038321894192070269 -0.00050045223365234408
decision_type=2 2 2 2 2 2 2 2 2 2 2 2 2 2 2 2 2 2 2 2 2 2 2 2 2 2 2 2 2 2
left_child=-1 -2 13 9 5 -5 14 -8 -9 -4 11 -11 25 -3 23 -16 17 18 21 20 22 -17 -19 -7 -25 26 -13 28 29 -27
right_child=1 2 3 4 -6 6 7 8 -10 10 -12 12 -14 -15 15 16 -18 19 -20 -21 -22 -23 -24 24 -26 27 -28 -29 -30 -31
leaf_value=-0.039271089522131243 0.050014359528500134 0.020327974479663245 0.0013038683282705064 0.01722647048395462 -0.0023706771978730451 0.01080325381575703 -0.0043360474689674387 0.045168905157470504 0.0049705751277024342 -0.01695154121418142 -0.014426685965828891 0.024223902237333714 0.059839491443731442 -0.0070100680175492038 -0.017024338687234002 0.0067118162037321065 -0.00029024197885714329 0.05128483095567718 -0.027785978756365307 -0.029404847944450158 0.091702515370373661 0.064927112171490831 -0.002235495730508086 0.026367793890280294 0.082145601791816347 0.071471414487539575 -0.042151052290183511 0.0012920750093340205 0.11653931578980342 -0.038976156210368103
leaf_weight=19.745644114911556 12.782471820712088 44.139917500317097 1602.9659227542579 267.32666060328484 636.56894506141543 56.623975291848183 472.96733066439629 31.886758714914322 81.253349952399731 118.66909768432379 307.45139105990529 16.908429086208344 11.091744426637886 789.77145759388804 46.581446036696434 51.899551585316658 138.62434592097998 31.090764686465263 23.644382201135159 7.4634215459227553 13.694132342934607 12.834898777306078 17.988847963511944 30.426596261560917 15.072040222585199 5.0642778798937806 37.327515389770269 394.53123041242361 5.7669358924031249 5.591940365731717
leaf_count=198 106 465 16507 1797 4511 434 3587 212 565 1234 3107 158 109 8784 344 393 1002 223 188 50 84 88 129 188 91 52 381 3953 57 56
internal_value=-9.10036e-05 5.52964e-05 -6.576e-05 0.00096642 0.00404117 0.00718235 0.00458068 -0.000352568 0.0162998 -0.0014095 -0.00622934 -0.00199322 0.00173375 -0.00556303 0.0110645 0.00663726 0.0103453 0.0196404 0.00593684 0.0368836 0.0447648 0.0182542 0.0316684 0.0259698 0.0448449 0.000348312 -0.0214582 0.00322624 0.0496904 0.0135131
internal_weight=5307.76 5288.01 5275.23 4441.32 1935.95 1299.38 1032.05 586.107 113.14 2505.37 902.403 594.951 476.282 833.911 445.944 343.822 297.24 158.616 88.3788 70.2372 62.7737 64.7345 49.0796 102.123 45.4986 465.19 54.2359 410.954 16.4232 10.6562
internal_count=49053 48855 48749 39500 13886 9375 7578 4364 777 25614 9107 6000 4766 9249 3214 2501 2157 1155 669 486 436 481 352 713 279 4657 539 4118 165 108
is_linear=0
shrinkage=0.05


Tree=56
num_leaves=31
num_cat=0
split_feature=63 49 28 59 2 50 60 51 38 21 64 58 14 6 1 54 44 12 53 47 45 5 18 11 5 47 16 49 12 19
split_gain=11.7099 14.6626 16.1079 13.0698 16.8988 13.6678 16.4038 12.4616 16.1749 18.8822 18.2734 15.2957 13.7801 13.1337 17.0426 16.172 16.589 20.3309 16.8265 13.3898 13.7837 13.1129 16.7791 23.5258 20.3631 18.3706 16.566 13.2219 12.7935 12.21
threshold=-0.0036323621444722611 -0.00035626550309072043 1.224827307576861 -0.010762150084317985 -0.033603773944577593 -0.010898407416733575 0.1108272489003409 -1.0000000180025095e-35 0.25721786068633207 0.005011700821901657 0.34308538591704357 -0.00070488703101406584 0.80952380952379122 1.5000000000000002 -0.0031470069409088247 -0.001719517031176747 3.4727618692752087e-06 0.73413926655906203 -0.00042384350778285187 -0.00043477134279882272 -0.0002742232498905936 0.0024574082256980981 0.0049894208909838289 -0.75312133971439776 0.0030486781599686403 -0.00022702742679669874 0.63888888888889162 -0.002583385066637509 0.50044410961418195 -0.001197529393616237
decision_type=2 2 2 2 2 2 2 2 2 2 2 2 2 2 2 2 2 2 2 2 2 2 2 2 2 2 2 2 2 2
left_child=1 2 -1 5 -5 -2 -7 8 10 12 -6 -9 21 15 -15 16 17 18 -13 -19 -21 26 23 24 28 -25 -10 -24 -23 -12
right_child=3 -3 -4 4 7 6 -8 11 9 -11 29 13 -14 14 -16 -17 -18 19 -20 20 -22 22 27 25 -26 -27 -28 -29 -30 -31
leaf_value=-0.0012117540482759212 0.010389332736832194 -0.017680176475103043 0.076887370002737543 0.065522938162826824 0.024539087586157853 0.052921671621809843 -0.021021892009331019 -0.0084626393755761319 -0.0056034962933860033 0.088642539505556076 0.0041621747790327041 0.13507553271993247 -0.011902345825775609 -0.0091741558214756894 0.0019049025094321226 0.0031146618925213332 -0.0062856123689800777 -0.020758845300729606 0.026903468397568055 0.097167690651980582 0.015625112813718756 0.075305150801312101 0.039630973181039704 0.012158748496749493 -0.0007893606514898006 0.084437077096282342 0.057623909140277596 0.0078208950402969667 0.1699286496171937 -0.0064764638638139154
leaf_weight=184.34891583025455 56.926007367670536 204.28886217623949 6.8473760560154906 10.174511756747959 75.211054772138596 7.8465641178190699 170.00759534165263 558.55036464706063 135.87040266022086 7.650853067636489 561.27463253960013 9.9069430455565435 66.63442899659276 439.3281706571579 1653.709068801254 138.55896844342351 19.053039215505123 10.317395798861979 5.6426557600498191 8.6859723851084727 12.848500944674017 8.9975864663720149 36.655779425054789 64.01819697022438 5.354643076658248 10.19061093777418 11.214788563549517 300.18016533926129 5.9241279512643805 519.16842305660248
leaf_count=1958 464 2348 52 65 643 100 2228 5223 1243 54 5691 76 567 3712 13925 1047 136 73 46 59 91 89 281 563 54 79 104 2649 56 5377
internal_value=-8.9622e-05 -0.00836636 0.00158524 0.000577057 0.00115516 -0.0109345 -0.0177597 0.00101477 0.00426278 0.0105551 0.000709 -0.00104136 0.0096289 0.000762413 -0.00042059 0.01284 0.0331176 0.0489557 0.0958219 0.0260763 0.0485155 0.0121094 0.0165057 0.0351258 0.082856 0.0220843 -0.000782603 0.0112826 0.112872 -0.000949844
internal_weight=5305.39 395.485 191.196 4909.9 4675.12 234.78 177.854 4664.95 1808.35 652.692 1155.65 2856.6 645.041 2298.05 2093.04 205.013 66.4545 47.4015 15.5496 31.8519 21.5345 578.406 431.321 94.4852 20.2764 74.2088 147.085 336.836 14.9217 1080.44
internal_count=49053 4358 2010 44695 41903 2792 2328 41838 17450 5739 11711 24388 5685 19165 17637 1528 481 345 122 223 150 5118 3771 841 199 642 1347 2930 145 11068
is_linear=0
shrinkage=0.05


Tree=57
num_leaves=31
num_cat=0
split_feature=59 18 41 20 41 38 17 4 7 58 5 4 62 51 42 19 59 58 42 42 45 32 55 16 19 38 58 63 37 19
split_gain=11.6563 15.6928 14.2039 14.9276 18.496 16.7215 13.8969 14.4884 18.3354 43.7487 19.9849 17.7176 15.8411 13.5242 18.616 17.6005 14.6119 18.8449 16.2713 13.8366 13.8148 14.8751 14.7959 13.6751 14.09 17.3591 13.0763 13.2637 23.0757 15.7933
threshold=-0.002295102883644891 0.015440288331336031 1.4945000000000002e-05 -0.0090799942677214987 8.7200000000000029e-06 0.17026581537512367 0.62330901816317208 1.8699999999999977 3.5000000000000004 0.0029596827869785894 0.0057658349163690649 2.0889285714285712 0.017867087343214436 -1.0000000180025095e-35 3.9010000000000008e-05 -0.0092429361558531032 0.0064530211313289692 -0.0079149240729097722 9.8520000000000012e-05 2.9495000000000005e-05 -0.00036393711417706222 2.5000000000000004 1.0000000180025095e-35 0.19696969696969976 -0.0014289646879062062 0.28131028668663166 -0.00031868469779193135 0.013269512569120285 0.33538840937114078 0.004388103741648444
decision_type=2 2 2 2 2 2 2 2 2 2 2 2 2 2 2 2 2 2 2 2 2 2 2 2 2 2 2 2 2 2
left_child=2 13 3 4 -1 -6 -4 12 10 -10 -9 -12 -8 14 15 -2 -16 -18 -19 20 21 22 -17 -23 -25 -26 27 29 -29 -15
right_child=1 -3 6 -5 5 -7 7 8 9 -11 11 -13 -14 26 16 19 17 18 -20 -21 -22 23 -24 24 25 -27 -28 28 -30 -31
leaf_value=0.01043023044458407 0.068981341285440978 -0.025716962583893901 -0.025841951402179677 -0.0034401597781393138 0.14482920669460383 0.027204139096293069 -0.0090854352041834369 -0.050043037489787306 0.015237105652758777 0.16391654039429171 0.063389329242334896 -0.0017649898109132801 0.075710842317875907 -0.0039410878769521492 0.0075690284664773335 -0.022393807850777641 -0.018871791146044082 0.065658162234997527 0.017321491428496923 -0.025347174864734409 -0.026661314570472147 -0.0019819502018617562 0.026141441421118957 0.070831491949575928 -0.0058345928444359816 0.066482388310600327 0.0016288282384168025 -0.0093281868545052431 0.068709238700320141 -0.023129756411674675
leaf_weight=147.1916185952723 7.9224933683872214 53.044463340193033 94.609644297510386 305.24160404503345 4.9747186377644521 7.6951993145048618 683.49853851273656 17.242794260382652 28.11080577224493 6.0045390240848056 12.736463084816931 57.723788615316153 5.5524560995399943 455.73526603356004 825.77742984890938 62.860471021384001 16.489346321672201 33.53634998947382 36.207642145454884 73.694583844393492 41.096501044929028 46.389804594218731 20.93089234828949 18.227822046726942 25.855845205485821 12.220209427177904 2023.2448127828538 24.060221575200558 15.624914795160292 140.22656178846955
leaf_count=1548 42 499 1388 3532 57 79 7720 215 294 47 125 578 51 4279 7354 580 142 200 237 734 382 407 182 155 263 99 16238 155 94 1377
internal_value=-8.89751e-05 0.00129473 -0.00405977 0.00304231 0.01542 0.0733885 -0.00770778 -0.00559195 0.0103036 0.0414057 -0.00179478 0.0100124 -0.00840214 0.001664 0.00601972 -0.00458256 0.0096142 0.0291989 0.0405641 -0.00651703 -0.000419526 0.00536349 -0.0102698 0.0181192 0.034681 0.017375 -0.000336547 -0.00659228 0.0213969 -0.00845608
internal_weight=5303.73 3933.15 1370.58 465.103 159.862 12.6699 905.479 810.869 121.818 34.1153 87.703 70.4603 689.051 3880.1 1221.21 309.199 912.011 86.2333 69.744 301.276 227.582 186.485 83.7914 102.694 56.3039 38.0761 2658.89 635.647 39.6851 595.962
internal_count=49053 33419 15634 5216 1684 136 10418 9030 1259 341 918 703 7771 32920 10777 2844 7933 579 437 2802 2068 1686 762 924 517 362 22143 5905 249 5656
is_linear=0
shrinkage=0.05


Tree=58
num_leaves=31
num_cat=0
split_feature=59 5 21 63 62 38 18 5 50 20 52 58 6 42 38 58 18 4 58 60 60 25 43 5 1 54 37 59 58 7
split_gain=11.4158 16.175 11.9477 12.8896 14.3817 14.2123 11.7609 11.6928 10.8776 21.523 16.0512 15.1115 21.0039 19.9014 20.1358 16.0084 14.4367 27.0438 16.9678 15.4915 20.1734 14.365 14.1492 20.5089 18.218 16.4341 15.6084 22.0787 14.0719 13.8346
threshold=0.0073979957845853586 0.0020808178242950012 0.0073491035707022824 0.02271896200263487 0.020317993885797244 0.22182328284678163 0.0022686850227956958 0.0013205436352773344 0.00038883016538222246 0.005389796298630181 0.0032113156674652955 -0.0041518603969802692 22.500000000000004 6.819000000000001e-05 0.18307020156886042 0.0022436991136984088 0.0055135505675736659 0.77571428571428991 -1.0000000180025095e-35 0.65123505861456232 0.074964507892133395 1.0000000180025095e-35 1.1783750000000002e-05 0.0037939746543506287 0.005386495438090875 0.0041615973768429479 0.18722186799534943 0.0018418244640592382 0.002157309572829062 5.5000000000000009
decision_type=2 2 2 2 2 2 2 2 2 2 2 2 2 2 2 2 2 2 2 2 2 2 2 2 2 2 2 2 2 2
left_child=2 -2 3 4 6 -5 -1 -8 9 10 -9 21 15 -14 -15 16 28 18 -18 20 -19 -10 -22 24 -24 -26 27 -25 -13 -16
right_child=1 -3 -4 5 -6 -7 7 8 11 -11 -12 12 13 14 29 -17 17 19 -20 -21 22 -23 23 26 25 -27 -28 -29 -30 -31
leaf_value=-0.040560022635319957 0.058049617383835739 0.0041903714302478122 -0.01685856656126598 0.048088897805167535 0.047874838554209806 0.0024354511842810253 0.045881226834877054 -0.0041189449207116287 -0.019069327175875391 0.015751087303324893 0.004399476937628829 -0.0056380613164053461 -0.013719947839311917 -0.037941279306393398 0.051285703102944627 -0.011401856372541139 0.026979873246973419 -0.017696538862700024 0.14594973100832503 -0.010925088497633908 0.00083166647200592361 0.049533335532590837 0.032969648916153275 0.14672020797950822 0.16014074009742504 0.053361792984210246 0.0073587449123495565 0.013239586361299955 0.057069122657336539 0.13865513531622944
leaf_weight=18.93094177544117 14.162460744380949 887.66272506117821 117.64565466716886 28.049458146095276 14.958434306085108 43.461322985589504 13.223769605159758 1327.829965479672 210.86376995965838 221.63755510002375 947.69793247804046 587.06414864957333 17.437279637902975 5.1753405407071105 21.594955347478393 449.16328727453947 6.5224410779774189 45.078695736825466 5.5448839887976629 101.11157967895269 66.848286062479019 7.9172206297516814 23.804800558835268 5.180131044238804 6.8711073845624906 7.5771004222333431 75.558788914233446 7.707307256758213 9.0850298032164556 5.7339926958084098
leaf_count=197 69 6071 1186 167 131 267 106 13908 2605 2037 8420 5522 184 54 217 4142 64 452 41 1103 653 85 222 58 64 65 772 69 81 41
internal_value=-8.85229e-05 0.00503619 -0.00113906 -0.000707136 -0.00106468 0.0203426 -0.00123918 -0.00106093 -0.00121005 0.000877455 -0.000571245 -0.0043393 -0.0024876 0.0293736 0.0524916 -0.00362652 5.76217e-05 0.00808985 0.081646 0.00547717 0.0124272 -0.0165867 0.0194432 0.029263 0.0598517 0.104142 0.0160334 0.0668924 -0.00468243 0.069617
internal_weight=5301.1 901.825 4399.28 4281.63 4210.12 71.5108 4195.16 4176.23 4163.01 2497.17 2275.53 1665.84 1447.06 49.9416 32.5043 1397.12 947.954 351.805 12.0673 339.738 238.626 218.781 193.548 126.699 38.253 14.4482 88.4462 12.8874 596.149 27.3289
internal_count=49053 6140 42913 41727 41293 434 41162 40965 40859 24365 22328 16494 13804 496 312 13308 9166 3563 105 3458 2355 2690 1903 1250 351 129 899 127 5603 258
is_linear=0
shrinkage=0.05


Tree=59
num_leaves=31
num_cat=0
split_feature=59 5 18 12 41 5 62 37 41 21 38 63 50 20 48 17 6 49 4 43 2 58 60 6 21 43 63 12 41 60
split_gain=10.8739 13.3786 23.3281 12.9191 11.9346 15.7869 15.1972 16.6598 13.2448 21.3757 13.5763 11.8605 11.4506 15.6123 17.3332 11.6965 12.368 12.3128 11.388 18.1567 16.3022 16.1367 11.3872 15.816 18.3259 14.9408 24.161 17.7854 17.6645 20.3536
threshold=-0.00019262481387795065 0.0026868036279736589 0.0035471782520837404 0.45091498367831967 -4.1739999999999997e-05 0.003124985421102506 0.013992684700080327 0.14930754217361017 -6.6204999999999994e-05 -0.0030568342313606095 0.13182695783627466 -0.0029839926588277992 -0.00010474568427374415 -0.00020731214466009629 -0.00043925622320003144 1.0977651693810158 5.5000000000000009 -0.00052814267941765831 0.59857142857142731 -5.6391249999999939e-05 -0.00078424593376032745 0.0013331726398154839 0.38101629562477685 21.500000000000004 -0.00010794264731662472 8.3368750000000031e-05 -1.0000000180025095e-35 1.0250396305233418 9.5265000000000017e-05 0.024390034410514145
decision_type=2 2 2 2 2 2 2 2 2 2 2 2 2 2 2 2 2 2 2 2 2 2 2 2 2 2 2 2 2 2
left_child=1 12 -3 -4 8 6 11 -8 -2 -10 -11 -6 13 -1 15 16 -15 -17 20 -20 -12 -22 23 25 -25 -13 27 -27 29 -28
right_child=4 2 3 -5 5 -7 7 -9 9 10 18 22 -14 14 -16 17 -18 -19 19 -21 21 -23 -24 24 -26 26 28 -29 -30 -31
leaf_value=-0.010802118908345107 0.0035914912120370186 0.10404324416801253 -0.013238035004014582 0.00074997892353988345 -0.022032387325734697 -0.0030940202918162876 0.0057746957454912458 0.096284163787839161 0.079310724460098833 0.081923060706388384 0.10706371299143121 -0.0011524604732735799 -0.020109698424441189 -0.036313809037228223 -0.0086670192671413661 0.13082839491545892 0.036704995808595903 0.035582561231456762 0.030977827799868962 -0.010380482238394176 -0.011207691329912377 0.081502841660093889 -0.0024535280765798592 0.082802333971593658 0.015487515197837724 0.13781933228032089 0.11489729523890341 0.027033758215130689 0.0080773118678742761 0.014043425847550244
leaf_weight=254.11947663128376 471.58589489012957 5.3092289231717578 187.81068503111601 1363.0374102033675 42.004042234271765 1503.1983758807182 11.025727376341822 9.4347798973321897 13.928883105516432 7.1326151341199866 6.8122247532010105 309.02656902372837 178.50084606930614 7.7951014004647758 44.16193638369441 5.5800926238298407 22.649474449455738 8.6578033789992315 41.142078123986721 74.753704350441694 14.71771038323641 6.8910382688045493 336.13591783121228 14.828518785536287 31.779580473899841 6.5966127961873999 8.5655597224831599 8.0359389260411245 291.44265375286341 12.026502594351767
leaf_count=2719 3656 59 2706 14628 375 12538 80 58 87 45 54 2465 2057 89 475 53 250 86 339 592 128 47 2574 108 271 55 66 61 2237 95
internal_value=-8.81245e-05 -0.00290842 -0.000585806 -0.000943996 0.001731 0.000219955 0.00482866 0.0475106 0.00786116 0.0200364 0.0145849 0.00400514 -0.00983959 -0.00449435 0.0135476 0.0355034 0.0180091 0.0729112 0.0112568 0.00430139 0.0396197 0.0183577 0.00507903 0.00878994 0.0369039 0.00672866 0.0141842 0.0769779 0.0112395 0.055995
internal_weight=5298.69 2077.62 1556.16 1550.85 3221.06 2584.1 1080.9 20.4605 636.964 165.378 151.449 1060.44 521.465 342.964 88.8444 44.6825 30.4446 14.2379 144.317 115.896 28.421 21.6087 1018.44 682.302 46.6081 635.694 326.667 14.6326 312.035 20.5921
internal_count=49053 23122 17393 17334 25931 20983 8445 138 4948 1292 1205 8307 5729 3672 953 478 339 139 1160 931 229 175 7932 5358 379 4979 2514 116 2398 161
is_linear=0
shrinkage=0.05


Tree=60
num_leaves=31
num_cat=0
split_feature=6 6 63 62 56 64 59 6 37 2 4 4 59 47 54 4 19 18 59 47 6 58 58 58 43 21 5 4 38 2
split_gain=10.8393 21.7708 15.2232 13.7537 13.9514 12.7822 20.27 12.563 13.2185 13.0265 12.7447 21.892 17.2557 18.6905 17.0769 16.442 13.3864 12.3924 13.2401 12.0561 11.8242 18.8093 26.0307 30.2299 16.1727 12.8636 15.994 14.8709 12.0849 17.2058
threshold=15.500000000000002 11.500000000000002 -0.0064261464199885003 -0.00382946643053007 3.639887528157709 1.0000000180025095e-35 0.0016132779961232494 2.5000000000000004 0.013708922122013916 0.012315823522083874 2.3085714285714256 1.9474999999999991 0.0049647353640902307 -0.0005292199680800863 0.0019596469427899314 1.3107142857142866 0.0010309282514650972 0.002766910021160016 -0.0033979435673210999 0.0010553808302568516 22.500000000000004 -0.004774027130076239 0.0049611154837526554 0.0046224624652455365 -0.00013442124999999997 0.00053186010194571814 0.0031869232918558818 0.91714285714285448 0.22075593099406335 -0.0012373131507492771
decision_type=2 2 2 2 2 2 2 2 2 2 2 2 2 2 2 2 2 2 2 2 2 2 2 2 2 2 2 2 2 2
left_child=1 7 -2 -4 5 6 -5 9 17 10 11 12 16 -14 -13 -15 -1 -9 -19 -3 -7 -22 23 24 -23 26 27 -26 -28 -30
right_child=2 19 3 4 -6 20 -8 8 -10 -11 -12 14 13 15 -16 -17 -18 18 -20 -21 21 22 -24 -25 25 -27 28 -29 29 -31
leaf_value=0.0081340281574339892 -0.023647853317262608 0.0080007119282618066 0.018677798759144992 -0.0011819932211026083 0.046742080899976286 -0.0063061590241678903 0.10604109926131676 -0.023425618883862152 -0.0044998219134369842 -0.01577664482649049 -0.031495974930144638 0.027242056487326347 -0.0062575149502674373 0.047773698094927063 0.13325118493107388 -0.0073678929128703028 -0.0098868451965565211 -0.025955914982110986 0.018663859940815552 -0.052122146821111527 -0.027679221932849957 0.097968381747873839 -0.027101767825100681 0.13040367990486598 0.036619761005605878 -0.0027343234797826523 -0.031910182960065633 0.12202771311167798 0.075291198415356322 -0.037768019578141139
leaf_weight=325.25838954746723 88.604499917477369 1037.0098440349102 74.128335699439049 12.543276913464071 13.740835376083849 1215.7113866992295 6.795824982225894 25.532263338565826 1730.8130132071674 69.897460009902716 20.828422397375107 10.678886719048025 36.469748996198177 66.856823854148388 5.8966287225484839 16.945065632462502 150.84127610549331 18.621821314096451 155.08774458616972 8.4056802764534932 33.443346660584211 5.983183477073907 32.408942930400372 6.2165388613939276 32.379533164203167 61.073780320584774 14.261964187026026 6.0486843027174464 9.006346080452202 5.372526302933692
leaf_count=3024 1210 8097 612 124 90 12233 44 261 16555 555 190 91 249 407 50 124 1442 225 1355 79 358 52 311 44 318 581 170 52 89 61
internal_value=-8.73801e-05 0.00141244 -0.00349839 -0.00233083 -0.00340117 -0.00387924 0.0364966 -0.00101078 -0.00309591 0.00470836 0.0069676 0.00827462 0.00669927 0.023621 0.0649541 0.0366239 0.00242453 0.0090999 0.0138806 0.00751729 -0.00442838 0.00664287 0.0132874 0.0226143 0.0176184 0.0138668 0.0289839 0.0500632 0.000701342 0.0330477
internal_weight=5296.86 3679.14 1617.72 1529.11 1454.99 1441.25 19.3391 2633.73 1930.05 703.673 633.775 612.947 596.371 120.272 16.5755 83.8019 476.1 199.242 173.71 1045.42 1421.91 206.195 172.751 140.343 134.126 128.143 67.0691 38.4282 28.6408 14.3789
internal_count=49053 32704 16349 15139 14527 14437 168 24528 18396 6132 5577 5387 5246 780 141 531 4466 1841 1580 8176 14269 2036 1678 1367 1323 1271 690 370 320 150
is_linear=0
shrinkage=0.05


Tree=61
num_leaves=31
num_cat=0
split_feature=59 50 58 28 42 47 4 20 42 1 12 20 59 63 59 5 2 58 50 1 50 12 58 62 13 19 11 35 5 18
split_gain=10.6248 19.0608 17.9098 13.5677 16.7812 13.1083 16.8215 12.4794 10.5702 10.488 13.9365 11.7755 16.1485 12.044 10.6032 19.5226 14.1289 18.5832 16.6087 16.0672 17.8891 15.1846 14.8154 14.4792 13.4082 13.2621 17.231 13.2228 12.7568 18.9231
threshold=-0.015943980570770767 -0.007832483076956203 -0.0058712684947087044 1.8134559922230731 2.6615000000000005e-05 -0.00027048706267840427 2.008928571428573 -0.013037091482510576 7.7950000000000008e-06 0.030094299470571292 2.6636766598736874 0.01902961511872173 0.026721717344316647 0.0050401687975409346 -0.0066482548875867924 0.010139029714546452 -0.0074576541695439104 -0.00031868469779193135 0.004977933273129777 -0.0038252504504657286 -0.0013887541200679522 0.33791109596708763 0.0049611154837526554 -0.0047451562898690016 0.14995449738309871 0.004388103741648444 -0.92417119674176995 0.85678104560754431 0.0045003217500183164 0.0055358779042063797
decision_type=2 2 2 2 2 2 2 2 2 2 2 2 2 2 2 2 2 2 2 2 2 2 2 2 2 2 2 2 2 2
left_child=2 3 5 4 7 -1 -7 -2 -4 11 -11 12 13 14 15 -3 18 21 22 -19 27 -18 -16 -22 -20 26 -23 -21 29 -25
right_child=1 9 8 -5 -6 6 -8 -9 -10 10 -12 -13 -14 -15 16 -17 17 19 24 20 23 25 -24 28 -26 -27 -28 -29 -30 -31
leaf_value=-0.0052261753988748806 0.10420305230155547 -0.011918916597354175 0.046887394789684289 0.084805258851232232 0.0069757967708005512 0.11362989642038301 0.00082121927851603466 0.022764967218599868 -0.033614403193362306 0.0016877195804506574 0.079468751332289742 -0.016101428668609835 0.036370268202209628 0.0068237919191408876 0.0087132811602350247 0.069321461306320095 -0.025591551829524384 -0.0093939338626669242 0.00099789207706532852 0.012752643882552737 -0.03760750454896114 0.01435850642433182 -0.017827094688382714 0.00023726568821554915 0.091681541479330816 -0.016252947707393502 -0.0049452721579471741 0.060733199085762336 -0.0093042938406376584 0.013943096799038591
leaf_weight=57.926641561090946 8.3433972150087374 304.69596576690674 4.3084684498608103 7.5355708599090567 95.437440283596516 5.8162063322961313 7.6525936610996723 10.784632071852682 76.122000951319933 14.397371087223293 9.5983306989073736 115.68418681994081 30.394256457686424 543.63686741143465 451.20967665687203 7.5788599401712409 94.282943125814199 302.49504755064845 6.7459980547428158 221.78105656802654 23.734601348638535 133.44766836613417 59.518311403691769 1046.5072320252657 10.299574412405489 207.63129602372646 864.45771300792694 15.353402025997637 225.03622779622674 331.64876785129309
leaf_count=629 64 4210 44 49 713 59 84 84 950 119 62 987 157 3885 4019 96 1178 2631 66 2025 216 1442 532 9170 72 2083 8496 109 2018 2804
internal_value=-8.66973e-05 0.000298189 -0.0131225 0.0198174 0.0155428 0.00510459 0.0495352 0.0582872 -0.0293021 -0.000176563 0.0328003 -0.000334946 3.8776e-05 -0.000188905 -0.00107418 -0.00994723 -0.000380456 -0.00154083 0.00724078 0.0012948 0.00302933 -0.00626728 0.00562037 0.00115931 0.0557924 -0.00475596 -0.00236382 0.0158592 0.00173323 0.00353553
internal_weight=5294.06 5142.24 151.826 122.101 114.565 71.3954 13.4688 19.128 80.4305 5020.14 23.9957 4996.14 4880.46 4850.06 4306.42 312.275 3994.15 3466.38 527.774 2166.56 1864.06 1299.82 510.728 1626.93 17.0456 1205.54 997.905 237.134 1603.19 1378.16
internal_count=49053 47287 1766 910 861 772 143 148 994 46377 181 46196 45209 45052 41167 4306 36861 32172 4689 18973 16342 13199 4551 14208 138 12021 9938 2134 13992 11974
is_linear=0
shrinkage=0.05


Tree=62
num_leaves=31
num_cat=0
split_feature=18 6 6 53 63 56 6 59 62 64 2 17 21 37 6 6 58 58 58 38 60 3 60 54 11 59 59 43 63 54
split_gain=10.4349 10.2636 27.0837 14.8203 14.2661 15.4002 13.6502 13.1356 12.4271 12.9366 20.3341 12.3499 14.5703 11.9303 11.6931 11.1009 16.5333 23.7859 26.8721 14.2472 16.7168 23.5593 15.9112 12.0217 11.4672 13.9353 20.2882 35.3189 14.2415 12.8197
threshold=0.0022686850227956958 14.500000000000002 12.500000000000002 -0.00086144089271583115 -0.0064261464199885003 2.9688454491241418 11.500000000000002 0.026721717344316647 -0.0022109035909290936 1.0000000180025095e-35 0.00011333051556684761 1.584905660377361 0.0078879816458283982 0.011200463201235321 1.5000000000000002 22.500000000000004 -0.004774027130076239 0.0049611154837526554 0.0046224624652455365 0.26481799240993442 0.27294548731266649 0.0062510313247386377 0.11352130148095628 -0.0036192064807952936 -0.92417119674176995 0.0082345903699571361 0.0088897998605827321 5.4010000000000027e-05 0.040157915532896903 -0.0017630131675150196
decision_type=2 2 2 2 2 2 2 2 2 2 2 2 2 2 2 2 2 2 2 2 2 2 2 2 2 2 2 2 2 2
left_child=-1 2 3 6 -3 8 13 11 -6 10 -10 12 -5 -2 -15 24 -17 18 19 23 22 -22 -21 -18 29 28 27 -27 -26 -11
right_child=1 4 -4 7 5 -7 -8 -9 9 15 -12 -13 -14 14 -16 16 17 -19 -20 20 21 -23 -24 -25 25 26 -28 -29 -30 -31
leaf_value=-0.037589286617899363 0.023282297048120338 -0.022775506950360153 0.01188167057730919 -0.0038216883158591524 0.015067569510041474 0.026191435099392674 0.022107231938583681 0.046338770684810328 -0.020861195154298118 0.024239557095748432 0.086440714124501328 0.010276248825134386 -0.03332223653061675 0.012341219782497671 -0.0018629855976247942 -0.026208006050981027 0.047061126149688853 -0.026231632658624215 0.12161487613880118 0.042400044248044153 -0.016205588808541307 0.1068773514923471 0.14110145975238728 -0.0015184255583138785 -0.011205865143725543 0.12951314608378126 -0.0012762861374499091 -0.012023242930229744 0.06450782740674775 -0.0025186470832019581
leaf_weight=18.482760593295097 65.121080107986927 86.539485551416874 545.53626215830445 1626.3034143038094 92.51022120937705 47.205182321369648 99.488554328680038 13.406087487936018 7.9756782352924374 59.560454919934273 9.8902397304773313 152.66442442685366 42.960815735161304 183.09908708930016 694.29287354275584 32.193464983254671 15.191719245165585 31.731428984552622 6.4231921806931487 11.216877631843092 16.535245630890135 5.0829406902194014 6.420272320508956 78.748039372265339 913.78361297026277 8.2968280389904994 224.84527007862926 9.403087913990019 6.2532727867364875 180.14558357745409
leaf_count=198 592 1210 4077 15384 760 332 737 73 73 676 81 1153 415 1499 6553 355 149 311 43 95 161 42 49 806 9449 59 1580 73 32 2036
internal_value=-8.59124e-05 4.55476e-05 0.0016673 -0.000269326 -0.00295509 -0.0019824 0.00449308 -0.00297316 -0.00275734 -0.00377291 0.0385391 -0.003336 -0.00458093 0.00263379 0.00110123 -0.00424366 0.00666798 0.0128448 0.0217258 0.0169087 0.0422056 0.0127341 0.0783293 0.00633775 -0.0058275 -0.00788058 0.00278103 0.0543219 -0.0106913 0.00413004
internal_weight=5291.31 5272.82 3422.87 2877.34 1849.95 1763.41 1042 1835.33 1716.21 1623.7 17.8659 1821.93 1669.26 942.513 877.392 1605.83 203.543 171.35 139.618 133.195 39.2553 21.6182 17.6371 93.9398 1402.29 1162.58 242.545 17.6999 920.037 239.706
internal_count=49053 48855 30483 26406 18372 17162 9381 17025 16830 16070 154 16952 15799 8644 8052 15916 2011 1656 1345 1302 347 203 144 955 13905 11193 1712 132 9481 2712
is_linear=0
shrinkage=0.05


Tree=63
num_leaves=31
num_cat=0
split_feature=59 58 19 60 42 58 13 47 4 42 7 59 4 2 59 48 58 4 34 51 42 19 60 42 60 42 12 20 59 42
split_gain=9.54817 16.7371 15.8443 16.6367 17.5349 12.7496 11.8737 11.4294 13.426 10.5897 10.1699 9.69766 11.3546 16.0422 18.2319 14.0128 13.084 13.1048 12.9861 12.26 14.2892 10.9696 10.9471 15.5615 16.4701 20.4714 10.7231 11.7788 18.7081 10.425
threshold=-0.015943980570770767 -0.0058712684947087044 -0.010935223198788233 0.84621129728123845 2.7090000000000003e-05 0.004874720351048762 0.17063156182296224 -0.00027048706267840427 2.008928571428573 7.0850000000000008e-06 1.0000000180025095e-35 -0.0024226649129499987 1.2964285714285733 -0.0056591772505749502 0.0064530211313289692 -0.00068895063925580077 0.0075082580635712007 0.71714285714285719 3.5731479969255022 1.0000000180025095e-35 4.0425000000000007e-05 -0.0032640644224926599 0.050399242865506115 1.5445000000000002e-05 0.0048168268867082075 7.4600000000000006e-06 0.36892778443548019 0.014114161399173987 0.026721717344316647 3.8310000000000011e-05
decision_type=2 2 2 2 2 2 2 2 2 2 2 2 2 2 2 2 2 2 2 2 2 2 2 2 2 2 2 2 2 2
left_child=1 7 3 5 -5 6 -2 -1 -9 -3 -6 22 13 16 15 -15 17 21 26 20 -16 -13 23 24 25 -4 -14 28 -28 -17
right_child=2 9 11 4 10 -7 -8 8 -10 -11 -12 12 18 14 19 29 -18 -19 -20 -21 -22 -23 -24 -25 -26 -27 27 -29 -30 -31
leaf_value=-0.0048558717711041297 0.052083051236238166 0.048635257632281478 -0.0010285850245309164 0.10773995749864732 -0.0063317634846709013 -0.061592392711619752 0.0017026568433020487 0.099708979599109349 0.0010283627258218144 -0.032855513947620124 0.049438557861812116 0.011460585441641424 -0.022584837040529906 -0.017583654590175211 -0.0085802413399050474 -0.0069616392616948025 -0.032314444842004054 0.019517858671814388 0.068902629305498134 0.0061780827641438546 0.046480178650879334 -0.025612757502197443 -0.0024663678227761455 -0.023339549993963083 -0.044495649750120526 0.14962735252749149 -0.0011260470907869982 -0.015407919943945289 0.058713452649835324 0.00178798601559679
leaf_weight=57.548706613481045 14.170736659318207 4.2130118869245043 4.6393804177641851 8.4279687702655774 13.596877023577688 6.6335531249642363 66.941258225589991 6.2908964343368989 7.6243011876940727 74.197486791759729 20.49674067646265 50.666487723588943 75.743800658732653 123.73716192692518 16.634219586849213 442.1314943395555 15.821556925773619 269.93116122484207 6.0472798720002165 607.00693453848362 40.406151808798313 32.915500603616238 935.19256328046322 121.7869911044836 4.5474190264940253 4.3870146833360195 611.96274634823203 151.01668206602335 13.346370100975035 1480.1257191151381
leaf_count=629 111 40 60 58 110 48 516 59 84 954 148 419 905 1162 121 4254 132 2151 41 3871 253 302 11097 1402 55 52 5123 1333 63 13500
internal_value=-8.53738e-05 -0.0125255 0.000277479 0.0174927 0.0431608 0.00505389 0.0105044 0.00497664 0.0456407 -0.028477 0.0271968 -0.000170316 0.000976948 0.00239433 0.00106206 -0.00127433 0.0121701 0.014161 -0.00410938 0.0082607 0.0304234 -0.0031393 -0.00438995 -0.0176798 0.0331009 0.0721933 -0.00462756 -0.00287552 0.000151145 -0.000224484
internal_weight=5288.19 149.874 5138.31 130.267 42.5216 87.7455 81.112 71.4639 13.9152 78.4105 34.0936 5008.05 3937.49 3079.38 2710.04 2045.99 369.335 353.513 858.117 664.047 57.0404 83.582 1070.55 135.361 13.5738 9.0264 852.07 776.326 625.309 1922.26
internal_count=49053 1766 47287 991 316 675 627 772 143 994 258 46296 33630 26165 23161 18916 3004 2872 7465 4245 374 721 12666 1569 167 112 7424 6519 5186 17754
is_linear=0
shrinkage=0.05


Tree=64
num_leaves=31
num_cat=0
split_feature=18 5 63 64 12 49 51 58 64 2 5 38 21 59 50 48 42 21 42 19 5 11 1 12 38 59 2 60 54 23
split_gain=9.68031 9.60432 9.15952 15.206 11.5254 11.0192 10.9846 14.5883 14.0898 27.8588 20.6939 14.8408 15.5378 13.2095 13.2037 15.1112 12.5791 13.7336 12.4582 12.4375 15.8274 12.2445 15.8829 13.6922 14.0964 12.5113 13.9689 12.0799 15.8666 14.5038
threshold=0.0022686850227956958 0.0013205436352773344 -0.0093321214120904803 0.2288982921320839 0.46824925040378024 -0.00029473687205865123 1.0000000180025095e-35 -0.00070488703101406584 0.34957252048496773 0.00524609050202133 0.0029634331772929782 0.26717366751374599 0.0048993609791289109 -0.0020479947464428993 -0.012227296063644167 -7.7452438695463179e-05 4.4000000000000011e-06 -0.00047734617922554876 2.9300000000000003e-06 0.0046405320649425272 0.0084881685617739944 -1.1707745427366791 0.0032447201710588689 0.43363198691238553 0.1467248360196822 0.0041285513528214711 0.028151625952416586 0.31559813527558095 0.0014884102308550266 -0.00014290184052674862
decision_type=2 2 2 2 2 2 2 2 2 2 2 2 2 2 2 2 2 2 2 2 2 2 2 2 2 2 2 2 2 2
left_child=-1 -2 3 -3 -5 -6 8 13 9 10 -4 14 16 -8 15 -10 17 18 -13 20 -15 22 -16 27 -25 26 -26 28 -23 -30
right_child=1 2 6 4 5 -7 7 -9 11 -11 -12 12 -14 19 21 -17 -18 -19 -20 -21 -22 23 -24 24 25 -27 -28 -29 29 -31
leaf_value=-0.03676601029019691 0.041933156141361762 -0.0381696068846826 -0.011078070132854652 -0.037063064168628028 0.012176252614020337 -0.013444924149532836 -0.033344704599924557 0.00012989830496725252 0.012296438526460396 0.058620226889934707 0.027410536803395322 -0.03989260153145844 0.079102948332901046 -0.0037889447471806965 0.036260987802082159 0.087523973043104747 0.0063844148844028536 0.10023340572761259 0.065888869984826959 -0.02034450890484717 0.057911000017294434 -0.014392769562407468 -0.031922042924156832 -0.026604086195694945 -0.0019114264472844126 0.016497082532329305 0.081592059542850884 -0.027238379049160863 -0.0030151227751612892 0.10744601806584445
leaf_weight=17.924848832190037 13.645961388945578 39.208577614277601 73.737509690225124 23.19066821411252 92.265810515731573 76.976677663624287 50.015570010989904 2329.2157632447779 38.91727527230978 32.365175776183605 66.346422966569662 5.5828731842339057 7.7482247203588477 384.74826731160283 41.029630828648806 8.0576934032142145 531.6050708964467 7.5413586944341651 5.550869308412075 122.69512989372015 10.682533446699379 30.348468240350485 10.786618147045372 51.119270280003548 992.69690683111548 107.04701156914234 5.0337396264076224 97.085954423993826 5.7841336019337177 6.1116435527801496
leaf_count=198 106 472 689 362 960 929 570 19471 291 263 589 53 52 3564 471 59 4753 65 49 1207 86 373 144 553 10461 720 50 1347 79 67
internal_value=-8.4331e-05 4.05021e-05 -6.83141e-05 -0.0097892 -0.00400664 0.000522955 0.000380079 -0.00162235 0.00311096 0.0168106 0.00715087 0.00190069 0.00879134 -0.00880605 -0.000857645 0.0252003 0.00780131 0.0481347 0.0128461 -0.00643729 -0.00212213 -0.00176636 0.0220673 -0.00271983 -0.000935007 0.000252729 -0.00149014 -0.0175269 0.00479198 0.053736
internal_weight=5285.07 5267.14 5253.49 231.642 192.433 169.242 5021.85 2897.36 2124.5 172.449 140.084 1952.05 558.028 568.142 1394.02 46.975 550.28 18.6751 11.1337 518.126 395.431 1347.04 51.8162 1295.23 1155.9 1104.78 997.731 139.33 42.2442 11.8958
internal_count=49053 48855 48749 2723 2251 1889 46026 24898 21128 1541 1278 19587 4972 5427 14615 350 4920 167 102 4857 3650 14265 615 13650 11784 11231 10511 1866 519 146
is_linear=0
shrinkage=0.05


Tree=65
num_leaves=31
num_cat=0
split_feature=6 6 63 64 58 44 4 7 4 29 58 6 58 21 59 50 59 20 46 15 15 43 5 58 5 48 49 63 24 21
split_gain=8.95255 17.4315 12.3125 12.3236 21.5503 16.5794 16.1141 15.4674 14.2389 12.0103 15.1555 19.9984 16.5266 11.7566 19.6971 12.7453 14.4978 18.2643 19.4626 15.3385 12.6363 15.3775 12.5697 12.4741 16.6219 12.2483 12.1297 11.7354 11.7276 11.5972
threshold=15.500000000000002 11.500000000000002 -0.0064261464199885003 0.56810059884779474 0.002833410142289613 4.6069999999999855e-05 1.9771428571428589 5.5000000000000009 0.65928571428571725 1.0000000180025095e-35 -0.00081648893939341883 19.500000000000004 -0.0031819391549285808 0.006536977192154454 0.026721717344316647 -0.0048206049839715397 0.0041285513528214711 0.01073872506111081 -0.00012949654105054811 0.19842813908962134 0.37188006146434643 1.2973750000000026e-05 0.0020043597450326166 0.0062233775445435157 0.0034570003112316039 -0.00040428629481747508 0.001160257796145685 0.031215529652027212 1.0000000180025095e-35 0.00039775860986831943
decision_type=2 2 2 2 2 2 2 2 2 2 2 2 2 2 2 2 2 2 2 2 2 2 2 2 2 2 2 2 2 2
left_child=1 13 -2 7 5 6 9 27 -9 10 12 -12 -5 14 15 20 17 -17 25 22 -1 -22 -18 -21 -25 -19 -20 -4 -24 -10
right_child=2 -3 3 4 -6 -7 -8 8 29 -11 11 -13 -14 -15 -16 16 19 18 26 23 21 -23 28 24 -26 -27 -28 -29 -30 -31
leaf_value=0.0064499795213385867 -0.021806294884910721 0.0067113750917442584 -0.0064993780468933981 0.078493112630436748 -0.0088856797085312671 -0.03610485707399997 -0.019614633850848089 0.032006713330543841 0.01378780132963958 -0.014746990247634206 0.11891787777767204 0.036460695515834494 -0.012159715697697963 -0.014942655865886417 0.081176481730551461 -0.0044724195650052432 0.062801655659572048 0.034285297274948619 0.039241187472368766 -0.0054208578039822127 0.083101425874228987 0.011543496903186328 0.0097644210015184647 0.051666281556599428 -0.010373769805496242 -0.038468984235725499 0.1316839308133127 0.05486138773836266 0.070268644287907994 -0.01051844016393761
leaf_weight=126.13795195519924 84.240037877112627 1052.8506804667413 1126.0979054346681 8.4342550970613974 66.592894352972507 8.3972645252943021 10.153569299727677 48.614427108317614 99.351013354957104 6.5852021500468245 15.626505970954899 13.888715591281652 12.447361718863243 141.11258840188384 7.4309383034706107 1656.7091803811491 12.571233257651327 13.018270898610352 9.1882660239934904 301.97167349234223 13.149047262966635 17.499603230506182 258.38935999944806 23.548068776726723 19.937110230326653 10.411508828401567 5.7811451256275168 7.8464258536696425 8.2651850804686529 96.976770862936974
leaf_count=998 1210 8176 11819 64 536 73 81 409 885 57 114 109 106 1278 35 17146 80 123 80 2222 106 158 1817 140 142 97 49 48 57 838
internal_value=-8.3693e-05 0.00127606 -0.00319918 -0.00216864 0.0118498 0.0301311 0.0384158 -0.00361356 0.00778051 0.0487562 0.0570539 0.0801167 0.0244557 -0.000903863 -0.000106341 -0.000350229 -0.00128273 -0.00368227 0.0304084 0.00522853 0.0134469 0.0422437 0.0139432 -0.00181536 0.0232221 0.00195542 0.0749423 -0.00607479 0.0116398 0.00178165
internal_weight=5283.22 3677.97 1605.25 1521.01 142.126 75.5329 67.1356 1378.89 244.942 56.982 50.3968 29.5152 20.8816 2625.12 2484.01 2476.58 2319.79 1695.11 38.3992 624.683 156.787 30.6487 279.226 345.457 43.4852 23.4298 14.9694 1133.94 266.655 196.328
internal_count=49053 32704 16349 15139 1140 604 531 13999 2132 450 393 223 170 24528 23250 23215 21953 17495 349 4458 1262 264 1954 2504 282 220 129 11867 1874 1723
is_linear=0
shrinkage=0.05


Tree=66
num_leaves=31
num_cat=0
split_feature=59 19 58 58 47 42 63 47 45 21 38 10 38 18 7 62 63 62 51 59 36 48 13 62 53 11 21 18 38 14
split_gain=9.09863 15.1225 16.947 12.7983 17.08 14.3363 11.8285 11.15 13.4873 20.0452 14.2898 14.6893 24.8868 21.3706 19.2463 12.8124 12.5659 11.7992 11.089 15.145 11.8281 14.7683 13.4179 13.1732 13.0958 14.6652 12.825 13.0261 12.8191 12.4213
threshold=-0.010762150084317985 -0.010935223198788233 -0.0046447294811446053 -0.010171515760915106 -0.00029318677685795375 5.3900000000000009e-06 -0.013079537081406458 0.0007661951180532369 0.00026941349786210509 -0.0027736360833274304 0.34116626794258464 1.0000000180025095e-35 0.28024580271702015 0.0052280714962112214 1.0000000180025095e-35 0.0036654866724565569 -0.012371616598537144 0.015080474428631337 -1.0000000180025095e-35 0.0029272087381537856 1.8049098326062087 -0.00035354965802330928 0.11105113437296792 -0.011299054055422367 -0.003835131086442982 -1.1707745427366791 0.0019990377074850262 0.0081770372194234064 0.23405691765484313 0.1619240408714194
decision_type=2 2 2 2 2 2 2 2 2 2 2 2 2 2 2 2 2 2 2 2 2 2 2 2 2 2 2 2 2 2
left_child=3 2 -2 4 -1 -5 -3 8 16 -10 11 12 14 -14 -11 -16 -8 -17 20 -20 22 29 24 28 -18 26 27 -26 -24 -22
right_child=1 6 -4 5 -6 -7 7 -9 9 10 -12 -13 13 -15 15 17 18 -19 19 -21 21 -23 23 -25 25 -27 -28 -29 -30 -31
leaf_value=-0.001283284840670121 0.051690064780137747 -0.015762911288161235 0.0060866022714272114 0.039690771800051927 0.068189306698748328 -0.016658082038721888 0.07110351801479535 -0.012251817426431595 -0.022650652287449575 0.080247050664218028 0.064926011936766267 -0.005942105953235177 0.14394842171799371 0.039791718461799068 -0.0031404820274478391 0.089789273186275595 0.028906628661869466 -0.0012136247115708879 -0.0062329407827332699 0.0014234408791708594 0.025880555217651924 0.016821462140922144 0.10775766069631541 0.0085569284630589975 0.022909867475523805 -0.0030343663103065827 0.092842896562838867 -0.044234920057562001 0.011379548514139593 -0.025309116063400729
leaf_weight=41.765886534005404 29.406402047723532 115.76475208252668 66.310991354286671 11.893868733197449 11.22481447458267 221.4964554309845 6.251541879028081 167.71978449821472 33.582319788634777 9.7153844088315946 15.719558611512182 55.857498127967119 7.0829268321394947 16.162332691252232 68.534730426967144 7.9005796387791616 38.270740911364555 6.4861167967319489 1138.2450848594308 1493.2191767543554 13.453211262822149 38.005382865667343 6.6617156378924829 719.39361464977264 57.326730899512768 762.01050133258104 5.6680681332945815 8.2645137161016446 7.1567604243755341 99.485306140035391
leaf_count=447 197 1368 478 132 101 2850 72 1515 340 86 109 484 53 125 633 60 367 54 11685 10991 108 295 59 6670 612 8146 57 100 51 808
internal_value=-8.27719e-05 0.000414281 0.0200969 -0.00874993 0.0134328 -0.0137865 2.96346e-05 0.000411934 0.000872218 0.0129236 0.0192966 0.01512 0.0252724 0.0715287 0.0136653 0.00586439 0.000265888 0.0487614 0.000164947 -0.00188834 0.00324245 -0.0101389 0.0045011 0.00948578 0.000307578 -0.00100593 0.0206851 0.0144496 0.0578422 -0.0192114
internal_weight=5280.04 4993.66 95.7174 286.381 52.9907 233.39 4897.94 4782.17 4614.45 221.041 187.459 171.74 115.882 23.2453 92.6368 82.9214 4393.41 14.3867 4387.16 2631.46 1755.7 150.944 1604.75 733.212 871.541 833.27 71.2593 65.5912 13.8185 112.939
internal_count=49053 45523 675 3530 548 2982 44848 43480 41965 1944 1604 1495 1011 178 833 747 40021 114 39949 22676 17273 1211 16062 6780 9282 8915 769 712 110 916
is_linear=0
shrinkage=0.05


Tree=67
num_leaves=31
num_cat=0
split_feature=18 59 18 5 42 59 50 45 50 42 5 63 41 37 2 16 38 1 13 60 45 37 38 38 41 0 12 10 60 42
split_gain=8.92294 8.86714 12.983 12.0885 19.2834 13.1964 12.0649 12.2653 11.7066 11.4231 15.1318 21.7053 15.5 12.4634 11.6015 11.2082 12.7215 25.5673 12.8057 17.2088 12.3814 11.8911 11.3491 14.9781 11.6132 11.1567 10.8218 10.7466 10.519 11.7028
threshold=0.0022686850227956958 -0.0027304900919291023 0.015440288331336031 0.006347499011752032 0.00058511000000000012 -0.015943980570770767 -0.001134798885922597 0.0006731060187631536 -0.014144284071498569 3.3360000000000006e-05 0.0019821780134722834 0.0054653433449167914 2.9220000000000005e-05 0.28555426421420943 -0.0063661846401648408 0.58620689655174052 0.27041103927478699 0.005386495438090875 0.17839433730828566 0.30836880381718684 -0.00054709212842312652 0.79148060262949493 0.16124219874120513 0.2311504951346264 7.1915000000000019e-05 0.0051996982041420852 4.4808940634438086 1.0000000180025095e-35 0.050399242865506115 1.5445000000000002e-05
decision_type=2 2 2 2 2 2 2 2 2 2 2 2 2 2 2 2 2 2 2 2 2 2 2 2 2 2 2 2 2 2
left_child=-1 3 6 5 15 -2 7 25 -7 10 11 12 13 -8 -12 16 18 21 19 -5 22 27 -20 24 -24 26 -3 -18 29 -10
right_child=1 2 -4 4 -6 8 9 -9 28 -11 14 -13 -14 -15 -16 -17 17 -19 20 -21 -22 -23 23 -25 -26 -27 -28 -29 -30 -31
leaf_value=-0.035897437647662865 -0.02658165819581584 0.0061078765941145231 -0.023360866903366348 0.057206752547402567 0.10555322984068327 0.063259500755593903 -0.010025952242760068 -0.01894042086196163 0.027473693406751633 0.0013983648291321046 0.01609381102797703 0.10914046808272329 0.080901151226750165 0.06956691802005896 -0.011834767896056121 -0.034007112791161954 -0.0018807122691843134 0.11912936175839819 -0.014828416995151151 -0.023649771423510914 -0.00034807375597609071 -0.035230859055886216 0.10310894741611371 -0.013047550557689903 0.023503923181173378 0.036700226553015823 0.072717864643538896 0.07739805157822445 -0.0028526693356497866 -0.024610328197137144
leaf_weight=17.333315286785364 71.870435196906328 883.03165978193283 53.244615886360407 7.4334902241826049 4.8820918798446646 6.3581446632742873 47.200508140027523 45.658853136003017 12.066494528204201 2461.6501621343195 40.526855949312449 5.7242693528532973 6.3599110320210448 5.4906001687049857 450.77952571213245 16.88257173448801 8.6788301542401349 7.3198785707354537 7.7385475784540168 57.348021376878023 51.787045825272799 8.4859081842005235 13.039648860692983 6.331386435776948 7.0632482059299937 31.818436034023762 6.1400436386466017 8.4234430305659771 825.8648229688406 101.55359948426485
leaf_count=198 988 7211 511 86 48 43 429 390 148 21130 337 36 49 52 4164 189 79 71 68 789 445 85 103 52 57 225 36 75 9760 1199
internal_value=-8.21196e-05 3.58859e-05 0.00116571 -0.00369374 0.00737041 -0.00592691 0.00149347 0.00635483 -0.00435745 -6.37389e-05 -0.00653615 0.0161791 0.00716767 -0.00173209 -0.009531 0.00498008 0.00856411 0.0367291 0.00241547 -0.0143717 0.0150667 0.0131572 0.038427 0.0540173 0.0751393 0.00760886 0.00656784 0.0371667 -0.00481506 -0.019079
internal_weight=5278.09 5260.75 4037.63 1223.13 205.414 1017.71 3984.38 966.649 945.843 3017.73 556.082 64.7753 59.051 52.6911 491.306 200.532 183.649 32.9081 150.741 64.7815 85.9599 25.5882 34.1728 26.4343 20.1029 920.99 889.172 17.1023 939.485 113.62
internal_count=49053 48855 34570 14285 2147 12138 34059 7862 11150 26197 5067 566 530 481 4501 2099 1910 310 1600 875 725 239 280 212 160 7472 7247 154 11107 1347
is_linear=0
shrinkage=0.05


Tree=68
num_leaves=31
num_cat=0
split_feature=18 37 50 17 15 59 2 20 19 6 59 37 41 10 12 5 41 17 38 41 53 63 49 6 60 58 21 17 5 54
split_gain=8.29623 8.6948 19.0123 15.7021 13.1103 12.93 15.3596 15.2517 13.637 21.2571 21.9559 13.3641 13.1832 13.8343 20.5453 15.9629 13.0402 12.2468 12.1741 17.5202 17.1426 18.5269 15.4676 12.1617 22.561 24.0224 20.0939 21.4743 17.1827 14.7122
threshold=0.0022686850227956958 0.32626361402779652 -0.0053575658580441539 0.57417605662129934 0.022079135521610057 -0.0066482548875867924 -0.0073148541134221909 -0.021688747913317565 -0.0014289646879062062 16.500000000000004 0.0030608604521381354 0.5755209974201605 -4.5554999999999993e-05 1.0000000180025095e-35 0.47589660455473892 0.0037788116212798101 -0.00021135999999999998 2.3199646486964274 0.26952040277473316 0.00010176500000000001 0.00049727933602215931 0.024575330018445033 -0.0016526514509508832 21.500000000000004 0.35236026255823233 0.003004222007613546 0.00049998627874579696 0.94399999999999695 0.0024444908421409448 -0.0055488463570468891
decision_type=2 2 2 2 2 2 2 2 2 2 2 2 2 2 2 2 2 2 2 2 2 2 2 2 2 2 2 2 2 2
left_child=-1 2 4 -3 -2 7 8 -5 11 10 -10 -7 13 15 -15 16 -8 -14 19 20 21 -4 -22 28 25 26 27 -25 -20 -30
right_child=1 3 18 5 -6 6 12 -9 9 -11 -12 -13 17 14 -16 -17 -18 -19 23 -21 22 -23 -24 24 -26 -27 -28 -29 29 -31
leaf_value=-0.035111919119358979 -0.031944867129732435 -0.014000931465816222 0.0034823001443109133 0.0085633699255020148 0.028093236347907377 0.01950293855164946 0.043135512481060706 -0.015316894803505027 0.12332375417767279 -0.0180273488672727 0.0074640441120757146 -0.001500362112448546 -0.0040796085720782721 0.066174700234795811 0.011702043018989543 0.014180297859571648 -0.027009353123656866 0.025767099161863573 -0.0060232575867185199 -0.022054230997644066 0.067514426401572805 0.055495878254783026 -0.0064366419297789308 0.18068429454373594 -0.0044014622582866187 -0.023897253992800137 0.030335502976759576 0.053321661608916306 -0.021767717167313787 0.012584153996573531
leaf_weight=16.84749848023057 10.019624851644037 248.24054748564959 950.8031768463552 88.577873818576336 98.301269542425871 134.44785091653466 7.3987517058849326 272.72929167374969 10.40877833589912 8.7339540943503362 6.734898477792739 173.43382653966546 1297.2791333906353 19.850066248327494 135.26947383582592 68.453282460570335 63.413815662264824 35.304537273943424 250.41712138801813 94.616477511823177 7.1404520608484736 17.434157393872738 725.95124551281333 7.2111427038908058 27.9853858910501 7.0209028609096995 10.743967343121765 6.1170719489455223 33.53449909389019 441.77984066680074
leaf_count=198 76 3014 9084 823 774 1133 56 3608 93 83 49 1386 11582 180 974 587 581 226 2202 864 67 94 6792 53 281 62 99 50 274 3708
internal_value=-8.12679e-05 3.09472e-05 0.00201852 -0.00204849 0.0225397 -0.000770695 0.000830946 -0.00946242 0.0106016 0.0454628 0.0778082 0.0076715 -0.00117342 0.0084025 0.0186727 -0.00303685 -0.0196804 -0.00328887 0.00115719 -0.00111295 5.16662e-05 0.00441886 -0.00571634 0.00635212 0.0281673 0.0574808 0.0812156 0.12223 0.00457625 0.0101606
internal_weight=5276.2 5259.35 2689.08 2570.28 108.321 2322.04 1960.73 361.307 333.759 25.8776 17.1437 307.882 1626.97 294.385 155.12 139.266 70.8126 1332.58 2580.76 1795.95 1701.33 968.237 733.092 784.81 59.0785 31.0931 24.0722 13.3282 725.731 475.314
internal_count=49053 48855 24480 24375 850 21361 16930 4431 2744 225 142 2519 14186 2378 1154 1224 637 11808 23630 16901 16037 9178 6859 6729 545 264 202 103 6184 3982
is_linear=0
shrinkage=0.05


Tree=69
num_leaves=31
num_cat=0
split_feature=6 6 7 53 14 14 43 38 3 47 37 50 37 21 59 63 4 17 36 21 59 20 17 58 39 18 16 25 17 38
split_gain=8.28467 22.8347 15.6162 12.9575 13.8857 12.8037 12.8898 15.0668 12.3416 12.2409 13.7998 16.5995 16.1152 12.2026 16.3803 11.6201 16.1475 10.8744 10.8888 10.8586 13.8041 11.5794 12.2419 12.1139 12.0269 11.8875 10.682 11.3324 10.7515 12.265
threshold=14.500000000000002 12.500000000000002 5.5000000000000009 -0.00086144089271583115 0.74567719752841055 0.025641025641015055 -8.1006249999999858e-05 0.24748754238996365 0.0019627437719426698 -0.00026201023671539053 0.73470692181828356 -0.0021367545660887135 0.96407516550209926 -0.002223155438176264 0.0028657015070280342 0.038119067064743939 1.4321428571428572 1.584905660377361 1.5215224348115071 0.0078879816458283982 0.007558543080844588 0.0063465140258978708 1.2448690883818341 0.00062859520055519747 1.0000000180025095e-35 0.0088782846644170042 0.73271594400820372 1.0000000180025095e-35 1.9613526570048345 0.21127912603290525
decision_type=2 2 2 2 2 2 2 2 2 2 2 2 2 2 2 2 2 2 2 2 2 2 2 2 2 2 2 2 2 2
left_child=1 3 15 4 8 -4 7 -7 -1 13 -11 -12 -13 14 -8 -2 -17 19 -19 20 -5 22 25 -23 -25 -22 27 28 -3 -30
right_child=2 26 5 17 -6 6 9 -9 -10 10 11 12 -14 -15 -16 16 -18 18 -20 -21 21 23 -24 24 -26 -27 -28 -29 29 -31
leaf_value=0.065312970525650785 -0.0053300148057537564 0.012279935586651336 0.071368589313675818 -0.0052418255949066676 -0.0074021187399013234 0.015391858272726548 0.0018079503112031225 0.090021302513784859 0.0062931918785274115 0.0015833530592412515 -0.021048609325030943 0.12231246482590863 0.031801293476384405 -0.013183208885143414 0.068650626335978043 0.074587147703913087 -0.013555761877952991 0.025909949287780166 -0.00095298630991846531 -0.028035948559118597 0.024083172023505996 -0.025437794524582814 0.072676230272342685 0.029083633719889493 -0.010025707361911183 -0.022160665911879922 -0.033200473662608358 0.036572441256168459 0.018023939975071332 -0.030044145451940153
leaf_weight=8.9536340758204442 1518.6765597872436 440.38507161289454 7.6838940419256678 1416.8930376693606 212.03407529368997 27.352889519184828 51.138231690973043 8.9843888506293279 825.98065346479416 38.248944204300642 6.4776562899351147 8.6798461303114891 11.346376374363899 128.27257539704442 11.166929438710211 10.825715512037279 9.9917862415313703 62.070843007415533 96.172342270612717 46.183382455259562 70.591786377131939 38.072576906532049 10.267566449940203 38.121582314372063 40.586567126214504 17.303441520780325 13.525515049695967 42.484262958168983 21.929039098322392 33.610494170337915
leaf_count=90 15645 3294 63 14111 1857 215 550 70 7469 328 57 66 92 1119 68 53 67 477 699 447 422 327 53 221 264 135 110 321 143 220
internal_value=-8.10392e-05 0.00136885 -0.0027896 -0.000414746 0.00402433 0.0076596 0.0059812 0.033844 0.00692611 0.00201592 0.0207975 0.0485264 0.071031 -0.00436553 0.0137881 -0.00482143 0.0322812 -0.00294574 0.00958399 -0.00412734 -0.00345069 0.00835638 0.0210143 -0.00228357 0.00891655 0.0149794 0.0106861 0.0117886 0.00966548 -0.0110651
internal_weight=5274.01 3435.17 1838.85 2883.23 1046.97 299.352 291.668 36.3373 834.934 255.331 64.7528 26.5039 20.0262 190.578 62.3052 1539.49 20.8175 1836.26 158.243 1678.02 1631.84 214.944 98.1628 116.781 78.7081 87.8952 551.934 538.409 495.925 55.5395
internal_count=49053 30660 18393 26572 9416 2628 2565 285 7559 2280 543 215 158 1737 618 15765 120 17156 1176 15980 15533 1422 610 812 485 557 4088 3978 3657 363
is_linear=0
shrinkage=0.05


Tree=70
num_leaves=31
num_cat=0
split_feature=63 47 43 60 26 50 3 62 58 60 59 51 19 38 21 5 58 49 59 45 6 47 59 53 59 4 59 47 59 60
split_gain=7.98871 13.0985 13.428 14.608 14.6001 9.79716 12.4694 11.8299 16.5938 13.767 9.70622 13.3848 13.8961 12.776 13.3738 14.6375 12.1692 12.851 13.2372 12.1084 22.304 11.9931 11.1315 13.1874 10.9481 13.6914 22.5984 14.9572 14.3165 13.6017
threshold=-0.0036323621444722611 -0.00055446362848348991 -4.8629999999999993e-05 0.12712104473348038 0.55769649624648532 -0.00087529233768428674 0.015953261411009553 -0.0043205545947488542 0.0027837989544954402 0.39528974556120955 -0.010051043323765699 -1.0000000180025095e-35 -0.010935223198788233 0.24620339134016955 -3.6031833915184086e-05 0.0057658349163690649 -0.010171515760915106 -0.0014072877252621692 -0.035377141157370291 -0.00051079044821856188 15.500000000000002 0.00030025576262000694 -0.0028455106967918303 0.00074778584328762728 0.0029272087381537856 0.864999999999993 0.0030059636624923517 -0.00075534743127889309 0.013687506501497375 1.0000000180025095e-35
decision_type=2 2 2 2 2 2 2 2 2 2 2 2 2 2 2 2 2 2 2 2 2 2 2 2 2 2 2 2 2 2
left_child=1 -1 3 -3 5 7 -7 -4 -9 -10 16 12 -12 21 -15 19 17 18 -2 20 -16 -14 -17 -24 -13 27 -27 -26 -29 -28
right_child=10 2 4 -5 -6 6 -8 8 9 -11 11 24 13 14 15 22 -18 -19 -20 -21 -22 -23 23 -25 25 26 29 28 -30 -31
leaf_value=-0.022019127459111998 -0.023943541330698856 0.10394907720755103 0.0252223360596882 0.011594320908511346 0.073136779224540982 -0.018422936741071271 0.067085634676058284 -0.018551743460711749 0.1031007331535804 -0.002226871550264672 0.028429180170654652 -0.0047333583598456897 0.0011773861001218274 0.0037445839165383371 0.018182135593685485 0.092487509135057155 -0.0138575635941156 -0.019164936363501063 0.05942369442473721 0.0075179253703361567 0.099130419224905966 -0.021585172399965834 -0.025496882017198397 0.06885342202917559 -0.056836018792442378 0.091230227364362329 -0.033998851800494438 0.0064205562971644502 0.037708161688246131 -0.0015149609262722088
leaf_weight=105.59098783507943 6.3882998786866656 5.8434619605541256 42.567385040223598 16.019981104880571 5.9095137417316428 129.44202481023967 4.4087246730923644 61.50643633492291 5.5756518281996232 6.993847880512476 58.063115276396275 1217.1155854798853 899.83313275128603 520.05699461326003 40.883836507797241 10.700610205531122 212.93264834582806 15.988667108118532 18.698193397372965 177.39053475111723 10.746303103864191 61.843741577118635 6.8304016441106787 8.0898853093385679 8.894875116646288 6.460236929357051 33.321136549115181 553.89923846721649 39.146238639950752 979.99127319082618
leaf_count=1254 50 53 435 177 48 1548 45 682 50 66 390 12427 9334 4724 338 79 2700 199 171 1503 94 653 53 62 69 50 255 3866 179 7499
internal_value=-7.97891e-05 -0.0070253 -0.00133576 0.0362781 -0.00454307 -0.00637565 -0.0156065 0.00421693 -0.00785373 0.044495 0.000465728 0.000987453 0.00436761 0.00356301 0.00834154 0.01773 -0.00905087 0.0158669 0.0381941 0.0137204 0.0350307 -0.000286434 0.0535709 0.0256605 -0.00114916 0.00154082 -0.00198884 0.00752055 0.00848581 -0.00258314
internal_weight=5271.13 383.858 278.267 21.8634 256.404 250.494 133.851 116.643 74.0759 12.5695 4887.27 4633.27 1794.44 1736.38 774.699 254.642 254.008 41.0752 25.0865 229.021 51.6301 961.677 25.6209 14.9203 2838.83 1621.71 1019.77 601.94 593.045 1013.31
internal_count=49053 4358 3104 230 2874 2826 1593 1233 798 116 44695 41575 17230 16840 6853 2129 3120 420 221 1935 432 9987 194 115 24345 11918 7804 4114 4045 7754
is_linear=0
shrinkage=0.05


Tree=71
num_leaves=31
num_cat=0
split_feature=18 5 21 63 59 41 50 59 18 59 12 60 54 6 47 38 6 21 62 47 41 5 60 58 60 21 43 37 60 4
split_gain=7.7018 8.47195 7.63945 13.9495 13.5922 11.5884 11.0821 16.5945 17.5517 10.3763 10.2368 10.0306 9.36542 9.2157 16.4088 14.8978 14.8227 14.3061 13.6128 13.5503 27.9458 14.2209 13.6779 12.6848 22.8903 23.2568 12.7456 16.7677 13.9596 19.5359
threshold=0.0022686850227956958 0.0013205436352773344 0.0063323519911614055 0.0071557608011686381 0.03274357926043283 0.00022099500000000003 0.0078020953015880577 0.016264930442758192 0.0066025074592295238 0.01852754674717744 3.4609464440409328 0.94354384698665028 0.0043230202009405562 2.5000000000000004 -0.00041022849131301279 0.24818582631636024 4.5000000000000009 -0.0031138986924844083 0.0018883837251483834 4.0819106707559709e-05 0.00024413000000000004 0.0049705731124491583 0.20942230091333061 -0.016554484380855501 0.93657678361957963 -0.0071085975381035499 -9.8964999999999999e-05 0.12796447319085255 0.97948196731936044 1.8028571428571405
decision_type=2 2 2 2 2 2 2 2 2 2 2 2 2 2 2 2 2 2 2 2 2 2 2 2 2 2 2 2 2 2
left_child=-1 -2 3 4 6 -5 7 13 -9 -10 -4 -11 -8 14 -3 -16 19 -17 -19 22 21 -21 -15 24 -18 -26 27 -25 29 -29
right_child=1 2 10 5 -6 -7 12 8 9 11 -12 -13 -14 16 15 17 23 18 -20 20 -22 -23 -24 26 25 -27 -28 28 -30 -31
leaf_value=-0.034325411781010964 0.03888654946010113 -0.0020199454999833334 -0.0086371009360936141 0.010507445771218664 0.077932433033025439 -0.035848549267573603 0.022054859689138607 0.060109595048217515 -0.023042230928596062 0.051620380306249242 0.041965906839843456 -0.006022521416930663 -0.019001105687426703 0.0029305085229706976 0.0041111059027356669 -0.04357550127452664 -0.0341252620165182 0.040706410693853126 -0.012217375523007799 0.022655541166332477 -0.051388760980283943 0.11165969902414899 -0.022026800233330108 -0.010279410568931812 0.021845848334722421 0.14461137366491686 -0.0015351925700581434 0.018231033254699016 -0.025187699362952193 0.08847702388258713
leaf_weight=16.366333786398172 13.988943517208098 313.13827681913972 343.90649182721972 418.33159564435482 5.5317908972501746 13.930877249687908 15.651348423212765 22.760466434061527 18.131909571588039 16.201711673289537 10.293388869613407 14.128004379570486 123.45851828530431 75.331003028899431 134.05866315960884 6.3978368043899527 7.8861289881169823 88.96614683791995 14.072076015174387 12.463427238166338 9.1102235056459886 7.0133444331586352 202.40737353265285 71.635499589145184 9.8909073844552076 6.3245698064565632 3097.528064686805 152.32632977515459 16.712906274944544 10.585399229079483
leaf_count=198 106 2944 3200 2796 25 109 106 114 132 105 69 93 944 760 1246 58 79 722 123 122 101 64 2171 665 91 52 30201 1395 175 87
internal_value=-7.90232e-05 2.76924e-05 -7.60832e-05 0.000438136 -0.000394533 0.00901349 -0.000491985 -4.33691e-05 0.0238911 0.00688076 -0.00716653 0.0247695 -0.0143819 -0.000445807 0.00555013 0.0152854 -0.00135294 0.0289738 0.0334785 -0.0118838 0.0208945 0.0547048 -0.0152576 -0.000396526 0.0357472 0.0697284 -0.000656656 0.0101739 0.0183308 0.0227954
internal_weight=5268.53 5252.16 5238.17 4883.97 4451.71 432.262 4446.18 4307.07 71.2221 48.4616 354.2 30.3297 139.11 4235.85 556.633 243.495 3679.22 109.436 103.038 306.325 28.587 19.4768 277.738 3372.89 24.1016 16.2155 3348.79 251.26 179.625 162.912
internal_count=49053 48855 48749 45480 42575 2905 42550 41500 444 330 3269 198 1050 41056 5093 2149 35963 903 845 3218 287 186 2931 32745 222 143 32523 2322 1657 1482
is_linear=0
shrinkage=0.05


Tree=72
num_leaves=31
num_cat=0
split_feature=59 55 4 60 58 21 37 58 20 1 7 18 61 6 19 58 59 58 47 59 59 49 4 21 42 15 37 60 60 60
split_gain=7.67083 10.3809 14.1024 27.8663 22.8995 17.6285 13.4815 23.2382 14.9956 14.2358 13.4311 13.8656 13.8334 15.0268 13.8925 13.7702 12.7889 12.6979 12.4635 12.1999 12.0677 11.6688 11.5156 16.0777 11.5609 14.1902 11.3099 11.1888 22.7406 19.6483
threshold=-0.00019262481387795065 -1.0000000180025095e-35 0.55142857142857449 0.55985275046235039 0.0047040104679596196 0.00095677237590779962 0.033407905291953664 -0.0011431522049325396 0.0098310822651436931 -0.0010732493699899569 1.0000000180025095e-35 0.013406275708230629 -1.0000000180025095e-35 3.5000000000000004 0.00020708943733081176 0.0036304171252560533 0.01536043669547585 0.00031083509397594609 -0.00025294780624038029 0.0036037924332134505 0.0062841889570895825 0.00011915195370449095 1.9771428571428589 -0.0064737571808860736 5.7405000000000003e-05 0.6842105263157866 0.47608469900328315 0.088028063207605201 0.02002262972231544 0.40493649619753719
decision_type=2 2 2 2 2 2 2 2 2 2 2 2 2 2 2 2 2 2 2 2 2 2 2 2 2 2 2 2 2 2
left_child=-1 10 3 18 5 -5 7 9 27 19 11 12 -2 17 20 -16 21 -14 -3 -4 -15 22 23 -12 -25 26 -26 28 -9 -29
right_child=1 2 6 4 -6 -7 -8 8 -10 -11 16 -13 13 14 15 -17 -18 -19 -20 -21 -22 -23 -24 24 25 -27 -28 29 -30 -31
leaf_value=-0.0024646474888913987 0.069840677909913093 0.00085571638868288998 0.055347330928966904 0.083484299930895275 0.11696383247721767 -0.002506986802508483 -0.003189728121285504 0.028124226151155875 -0.026558348469943805 -0.033482080217588694 0.066685129565594428 -0.034262455888019828 0.019516545374843083 0.020508523189148867 -0.020548383967172179 0.040819660048952683 0.037148555917995187 0.11506973062500543 0.057449762737823776 -0.027528302501459913 0.089957731513566119 -0.003086590167855442 -0.023097524687175207 -0.0033408166862631018 0.019714501910502905 0.072971525839417309 -0.00756636463855722 -0.0088414066511826456 0.1133743261484394 0.042318082063674177
leaf_weight=2053.9285929556936 14.96958478912711 188.51959263160825 10.501145683228971 9.1197426691651362 9.7576857954263669 17.20191153883934 1785.0331285782158 32.87383446842432 14.028633140027521 37.993035141378641 12.575595378875731 10.824248284101484 6.9409350119531137 40.875691663473845 39.256950706243515 11.915649771690367 27.100981339812279 6.9663415402173996 10.257695924490688 7.6942933574318877 7.3851593658328047 460.8017014414072 26.354747146368027 120.17225693911314 157.17032552137971 10.400218419730662 50.101906839758158 37.952180616557598 10.2653347030282 37.127751648426056
leaf_count=23122 116 1519 93 63 62 123 14370 256 107 379 102 100 61 332 340 84 170 42 86 60 38 3870 225 1020 1230 83 399 276 70 255
internal_value=-7.81976e-05 0.00144776 -0.000468629 0.0111138 0.0515399 0.0272867 -0.00184702 0.0108723 0.0223174 -0.0160653 0.00566371 0.0200818 0.0246663 0.0186999 0.0118912 -0.0062587 0.0033437 0.0673804 0.00377619 0.0203018 0.031136 0.0022499 0.0087765 0.0111737 0.00910741 0.0159798 0.0131202 0.0281173 0.0484102 0.0164575
internal_weight=5266.07 3212.14 2208.33 234.857 36.0793 26.3217 1973.47 188.436 132.248 56.1885 1003.81 139.135 128.31 113.341 99.4335 51.1726 864.678 13.9073 198.777 18.1954 48.2609 837.577 376.775 350.42 337.845 217.672 207.272 118.219 43.1392 75.0799
internal_count=49053 25931 17719 1853 248 186 15866 1496 964 532 8212 1113 1013 897 794 424 7099 103 1605 153 370 6929 3059 2834 2732 1712 1629 857 326 531
is_linear=0
shrinkage=0.05


Tree=73
num_leaves=31
num_cat=0
split_feature=59 5 51 18 6 58 4 6 4 59 6 47 21 64 32 5 60 60 18 12 5 42 59 50 60 5 18 5 7 17
split_gain=7.48797 13.3361 10.1418 14.3882 13.7286 11.3845 11.9171 15.4652 20.7475 25.2833 18.0117 19.2751 16.1926 18.5249 18.2861 15.5969 13.7143 34.7906 19.0618 18.5405 18.1928 14.9056 14.5999 18.1105 13.2521 15.6004 13.1525 14.4509 18.948 24.2532
threshold=0.0073979957845853586 0.0020808178242950012 -1.0000000180025095e-35 0.0082868378180229983 22.500000000000004 -0.00038562509407054807 1.0692857142857195 21.500000000000004 1.2964285714285733 0.0012254960267705927 13.500000000000002 -0.0006028176784726682 0.0067162860970855455 0.41057364132081681 15.500000000000002 0.0037609576449560787 0.75600204378310831 0.73200406926927253 0.0039415349383212263 0.72601581072577981 0.0027015067496703013 8.7470000000000015e-05 0.0016132779961232494 0.0011986265920639315 0.97524555310263905 0.0032825471850352855 0.00540294294402762 0.0041954978608831984 2.5000000000000004 0.93039706653735221
decision_type=2 2 2 2 2 2 2 2 2 2 2 2 2 2 2 2 2 2 2 2 2 2 2 2 2 2 2 2 2 2
left_child=2 -2 -1 5 -5 -4 16 10 9 -9 12 15 13 -8 26 -12 17 22 20 -19 21 -18 -7 -24 -20 -26 -15 28 -28 -30
right_child=1 -3 3 4 -6 6 7 8 -10 -11 11 -13 -14 14 -16 -17 18 19 24 -21 -22 -23 23 -25 25 -27 27 -29 29 -31
leaf_value=0.0014354918197578012 0.05164906444357012 0.0032941521597962655 -0.0090833248505974244 -0.018742978409198165 0.04782052135918885 -0.0082356389403803586 -0.018593504282371422 0.011879857430469569 -0.016042451119458363 0.13739027844824103 0.090667542848570717 -0.01481474652993865 -0.02218178982003487 -0.0068990894828364936 0.1146127784563723 -0.019166777825549184 -0.05204971224073749 0.14558569574301164 -0.034791758879566093 0.021578143097004752 0.10042517980811122 0.036097869911291047 0.011863475713341905 -0.0070254090138472738 0.026164191064990072 -0.028754776216941176 0.022785538471343212 0.010743026515695491 0.12337817512580947 0.031075036945940555
leaf_weight=2218.5031428765506 14.491949021816252 886.79998704791069 445.36570369824767 193.98885667696595 8.0684628710150701 422.10062866285443 26.497755967080593 7.4487541131675306 8.7704473920166475 8.6978365108370763 8.2917043119668943 126.45515440776944 26.140302695333958 28.908201210200787 5.6960609331727019 5.2971249409019938 8.0031314641237312 6.0853898897767049 88.642285130918026 5.9723096489906311 5.9429534412920466 11.967385992407797 314.51487845927477 212.73002567142248 24.365182045847178 27.554569985717535 37.241167508065701 50.763828083872795 14.154698196798565 14.312822081148623
leaf_count=22819 69 6071 4504 1939 81 4430 215 95 101 79 72 1232 273 258 45 56 74 56 865 48 53 102 2373 1651 206 277 318 446 129 116
internal_value=-7.72879e-05 0.00407165 -0.000934463 -0.0033868 -0.016085 -0.00206555 2.29016e-05 0.00782691 0.0458638 0.0794897 0.00506985 -0.00873398 0.0145593 0.0199679 0.0267312 0.0478525 -0.00252804 -0.000233749 -0.0157777 0.0841634 0.023627 0.000772962 -0.00130568 0.00424229 -0.0230421 -0.00298211 0.023288 0.0307804 0.0462604 0.0769703
internal_weight=5263.77 901.292 4362.48 2143.98 202.057 1941.92 1496.55 368.676 24.917 16.1466 343.759 140.044 203.715 177.575 151.077 13.5888 1127.88 961.403 166.476 12.0577 25.9135 19.9705 949.346 527.245 140.562 51.9198 145.381 116.473 65.7087 28.4675
internal_count=49053 6140 42913 20094 2020 18074 13570 3435 275 174 3160 1360 1800 1527 1312 128 10135 8558 1577 104 229 176 8454 4024 1348 483 1267 1009 563 245
is_linear=0
shrinkage=0.05


Tree=74
num_leaves=31
num_cat=0
split_feature=59 58 54 48 1 53 5 1 3 54 62 59 5 12 45 43 60 59 13 60 21 18 60 21 58 2 58 37 1 12
split_gain=7.42769 14.11 12.5778 9.18036 8.89693 12.6765 10.8417 8.76893 9.61883 8.3093 12.958 12.5429 16.7084 13.098 12.6561 14.632 11.6733 10.9239 9.94308 10.6482 17.1458 12.6218 12.9467 11.5145 9.2833 8.80301 16.1823 12.6684 13.7587 14.5832
threshold=-0.015943980570770767 -0.0058712684947087044 -0.017939344897933734 0.00026033860146797621 0.030094299470571292 0.0038994995208348746 0.01638826539956113 -0.018880343830984376 0.018204815034454296 0.0084506088138106839 0.012255149772673888 0.011294299539410612 0.0042571889498088803 0.34315046626128243 -0.00014604814618073434 6.1295000000000015e-05 0.92301876303697339 0.01536043669547585 0.38869200745856519 0.94793273299981273 0.013575583949803779 0.01187954941382427 0.71027951892713348 -0.00044341689130934504 0.0018946123213838776 -0.013747702319105911 0.0049611154837526554 0.99330565870884213 -0.0032272551801733143 0.75197058900560299
decision_type=2 2 2 2 2 2 2 2 2 2 2 2 2 2 2 2 2 2 2 2 2 2 2 2 2 2 2 2 2 2
left_child=1 3 7 -1 6 -6 9 8 -2 11 -11 25 14 -14 15 16 17 -13 19 20 21 22 -15 -21 -23 26 27 28 -4 -30
right_child=2 -3 4 -5 5 -7 -8 -9 -10 10 -12 12 13 18 -16 -17 -18 -19 -20 23 -22 24 -24 -25 -26 -27 -28 -29 29 -31
leaf_value=-6.3593461470941103e-05 -0.020401147208581966 -0.026572921266168888 0.012621228466646962 0.073317501674251148 0.073428989646305329 8.9138399209850763e-05 -0.053056663814594222 0.054715579209047932 0.038898921086091193 -0.010112120381950335 0.040260720560755345 -0.014311422467541315 -0.048292012724998404 0.0020371050517385869 -0.0029924640324492419 0.052511404148597556 0.054255934902691198 0.034445034658210159 -0.02599410508064038 0.037848573792634885 -0.057106586274114024 0.025035006680372097 0.045333069909553297 -0.021025259806251584 0.10696797342956853 -0.00079483404876609816 -0.027527548503283879 -0.016890836475844592 0.006837204456856226 0.084629438826296019
leaf_weight=66.765984453260899 13.735377699136736 73.729098746553063 178.15354201197624 4.5528167560696593 9.9847747683525103 14.373841904103754 9.6605652682483178 17.162765994668007 13.618559017777441 297.78133846446872 13.338729150593279 30.960970595479012 13.06468517705798 53.865953579545021 36.627629145979881 45.849595442414284 14.927497096359728 18.265783622860909 24.520965881645679 10.279553242027758 7.0793918371200553 6.6474297754466516 25.412388570606709 43.236772298812866 7.2037291005253792 4127.8074843212962 27.621490124613047 30.889065898954868 10.295420002192261 14.522517438977955
leaf_count=727 93 994 1551 45 77 103 104 113 78 2517 97 177 147 373 210 247 81 93 156 64 69 57 182 329 51 39504 265 281 132 136
internal_value=-7.75873e-05 -0.0112352 0.000238696 0.00462088 6.46297e-06 0.0301517 -0.000138999 0.0267001 0.00912226 -3.75347e-05 -0.00795247 0.000483382 0.00976538 3.20975e-05 0.0224644 0.0309408 0.0155247 0.00377986 0.00357405 0.00829051 0.0179072 0.0236095 0.0159155 -0.00971662 0.0676468 -0.000231262 0.0086654 0.0129402 0.01748 0.0523583
internal_weight=5261.94 145.048 5116.89 71.3188 5072.37 24.3586 5048.01 44.5167 27.3539 5038.35 311.12 4727.23 337.942 191.311 146.631 110.004 64.1543 49.2268 178.246 153.725 100.209 93.1295 79.2783 53.5163 13.8512 4389.29 261.482 233.861 202.971 24.8179
internal_count=49053 1766 47287 772 47003 180 46823 284 171 46719 2614 44105 2236 1428 808 598 351 270 1281 1125 732 663 555 393 108 41869 2365 2100 1819 268
is_linear=0
shrinkage=0.05


Tree=75
num_leaves=31
num_cat=0
split_feature=6 6 16 63 64 44 64 59 21 50 41 0 16 59 20 45 2 47 64 63 62 62 2 42 32 56 57 51 13 6
split_gain=7.34778 14.2102 10.8146 10.6475 10.7616 14.0455 13.3029 10.0797 10.5223 10.4858 11.0391 15.9395 19.9205 10.9767 15.2189 14.7875 13.9307 15.1709 11.7364 13.1453 12.9315 19.5864 16.1153 14.8823 12.7873 11.6249 12.9235 11.5041 17.7098 17.4336
threshold=15.500000000000002 11.500000000000002 0.64638501742160359 -0.0064261464199885003 0.56810059884779474 4.494758572552198e-05 0.60454421314653439 0.026721717344316647 0.006536977192154454 -0.0048206049839715397 -3.5299999999999997e-05 -0.003053202063615419 0.43313804966109098 0.0041285513528214711 0.01073872506111081 -0.00012949654105054811 0.012315823522083874 -0.00053060699424775052 0.68070920181727368 0.0088561638862010208 -0.00095671793030190761 -0.0013642337895814034 -0.01419361894260635 7.1525000000000004e-05 24.500000000000004 0.091672479213126531 1.0000000180025095e-35 1.0000000180025095e-35 0.085403104024456736 8.5000000000000018
decision_type=2 2 2 2 2 2 2 2 2 2 2 2 2 2 2 2 2 2 2 2 2 2 2 2 2 2 2 2 2 2
left_child=1 7 -3 -2 -5 6 -6 8 9 10 11 -1 -13 14 18 -16 17 -15 20 -20 21 22 -11 25 -22 26 -24 28 -19 -29
right_child=3 2 -4 4 5 -7 -8 -9 -10 13 -12 12 -14 16 15 -17 -18 27 19 -21 24 -23 23 -25 -26 -27 -28 29 -30 -31
leaf_value=0.0075044715739756591 -0.020546725192573195 0.0072653144508048389 -0.014974853024268004 -0.0033276213727233129 0.067763354237515658 -0.03581516325229317 0.011313497923360644 0.03759401926597955 -0.015076331315061076 0.084171034015635096 0.0044991693440767852 0.11404476918745775 0.0019640772478461662 -0.0064864573370935156 0.001964578852303521 0.064210653182639868 -0.014379166284000447 0.0077741335061128642 -0.030378390178840364 0.0087681693443320465 -0.004596057205820697 0.092057967706557733 0.021181537009699512 -0.013907945011845486 0.065560178183154072 -0.012789456612137477 0.091145406795752698 0.016269342272194731 0.070906952027198711 -0.0085813983343658758
leaf_weight=22.526376117020845 81.240758489817381 998.58469864726067 57.825880758464336 1367.5016650445759 11.461719270795582 14.341138977557419 116.69937665387988 16.961985968053341 127.59929662197828 6.4893055148422709 119.09642146900296 10.510967619717123 6.3651514723896971 144.46956246718764 23.38988995552063 16.115120708942413 85.009122591465712 24.599074065685272 79.967793751507998 29.30314501747489 1404.2422866858542 7.307328224182128 25.088030189275742 58.969459753483534 6.5252784341573706 15.378517076373099 8.9569034874439222 255.2996604591608 20.254525378346443 97.537936002016068
leaf_count=155 1210 7684 492 13999 81 122 937 96 1217 60 976 80 51 1036 220 129 648 178 890 228 14748 67 282 592 63 147 69 1789 132 675
internal_value=-7.61895e-05 0.00115465 0.00604793 -0.00291371 -0.00196502 0.0111109 0.0163619 -0.000824437 -0.00107556 -0.000351519 0.0120891 0.03503 0.0717714 -0.00120553 -0.00331085 0.0273564 0.00443981 0.00739056 -0.00404857 -0.0198805 -0.00292005 0.0126841 0.00763537 0.00305331 -0.00427156 0.0232906 0.0395884 0.0124317 0.036283 0.00939964
internal_weight=5259.62 3668.37 1056.41 1591.24 1510 142.502 128.161 2611.96 2595 2467.4 158.499 39.4025 16.8761 2308.9 1681.73 39.505 627.17 542.161 1642.23 109.271 1532.96 122.19 114.882 108.393 1410.77 49.4235 34.0449 397.691 44.8536 352.838
internal_count=49053 32704 8176 16349 15139 1140 1018 24528 24432 23215 1262 286 131 21953 17495 349 4458 3810 17146 1118 16028 1217 1150 1090 14811 498 351 2774 310 2464
is_linear=0
shrinkage=0.05


Tree=76
num_leaves=31
num_cat=0
split_feature=49 34 49 50 9 21 14 15 63 20 45 2 53 7 58 43 42 50 1 64 0 6 45 38 2 54 13 58 16 38
split_gain=7.02798 17.321 15.9421 14.0876 12.7955 17.2936 12.2391 12.2891 12.133 11.3228 11.8755 11.192 12.0392 12.3931 11.9416 12.0524 11.0471 10.7488 10.9665 16.8601 9.50636 10.7132 9.33154 9.19368 9.88118 9.85604 15.2711 10.2222 9.26907 9.19154
threshold=-0.00055973810062635279 0.055778181685647785 -0.00061130248378672811 -0.0027354647694658473 1.0000000180025095e-35 -0.0046604728265777209 0.6588966166775293 0.12676056338028574 -0.00013794830284223234 0.0054840533622117259 -0.00032235865859729624 0.0033307363890868499 0.0009306721802124499 1.5000000000000002 0.0037780578126414134 6.3208750000000156e-05 4.8775000000000007e-05 -0.0009625829736455892 -0.00090354911911680812 0.41057364132081681 -0.0061352260016860989 11.500000000000002 -0.0002584568668530872 0.35085609094455145 0.0099210265425027314 -0.00035527385425377863 0.020390488966324605 0.0021096275892155633 0.26190476190476397 0.41280299383211244
decision_type=2 2 2 2 2 2 2 2 2 2 2 2 2 2 2 2 2 2 2 2 2 2 2 2 2 2 2 2 2 2
left_child=1 2 4 -4 -1 6 7 -6 17 10 -5 -3 13 -13 15 -15 -7 18 -2 -20 -18 23 -9 24 25 26 28 -27 -22 -10
right_child=8 11 3 9 5 16 -8 22 29 -11 -12 12 -14 14 -16 -17 20 -19 19 -21 21 -23 -24 -25 -26 27 -28 -29 -30 -31
leaf_value=-0.0024210359214821204 -0.0060316749936968972 0.0028026029989040744 -0.048179596290196081 0.042074717245382531 -0.040208403408730345 -0.0087977443539261867 0.061413599701967962 0.047131572899091062 -0.00067952747372143 0.097232412973137894 -0.021097507776655949 0.086796001119645846 -0.001975958213865172 0.092814982517924707 -0.012478074273805212 0.019189353239100652 -0.011624054641159317 -0.016412361603066555 0.090828779530704118 -0.0011255602160255875 0.020948629071690133 0.025095599466839542 -0.018518792800377423 0.060727640745426803 0.04584994772283052 -0.032888292102545298 0.0026654788336271515 0.0088028036573933738 0.11714529127620898 0.04233575801556088
leaf_weight=1241.7705992013216 59.641483563929796 45.924447849392891 5.425372175872325 31.206709984689947 8.0066928565502149 128.83451049774885 22.511273555457592 20.759407568722963 3002.1626227498055 6.6767557226121417 9.7680204175412673 14.302639193832873 16.246220111846924 9.9656179398298281 10.660896755754946 12.569115445017813 50.529212765395641 229.20326853357255 8.395985350012781 12.269689677283166 5.183417968451975 100.28556701540947 7.3218433707952526 7.0971267074346533 12.383045855909584 37.195014480501413 98.848475649952888 24.313378222286701 4.8445338681340218 12.470478273928164
leaf_count=11904 660 406 55 309 79 1117 175 190 27562 61 102 104 121 77 74 102 369 2653 85 133 56 733 73 66 108 385 935 219 46 94
internal_value=-7.55072e-05 0.00232217 0.00116116 0.0281618 0.000351446 0.00687047 0.0324816 0.0144341 -0.0014695 0.0368536 0.027015 0.0216209 0.0351785 0.0478867 0.0311223 0.0517491 0.003674 -0.0108969 0.00484451 0.0362334 0.00839043 0.0118759 0.030014 0.00489336 0.00272524 -0.000408935 0.00862977 -0.0164084 0.0674215 -0.000501588
internal_weight=5256.77 1932.63 1822.96 53.0769 1769.88 528.114 58.5992 36.0879 3324.14 47.6515 40.9747 109.669 63.7445 47.4983 33.1956 22.5347 469.514 309.51 80.3072 20.6657 340.68 290.151 28.0813 189.865 182.768 170.385 108.876 61.5084 10.028 3014.63
internal_count=49053 17866 16982 527 16455 4551 517 342 31187 472 411 884 478 357 253 179 4034 3531 878 218 2917 2548 263 1815 1749 1641 1037 604 102 27656
is_linear=0
shrinkage=0.05


Tree=77
num_leaves=31
num_cat=0
split_feature=18 3 14 31 17 37 45 38 48 60 4 2 15 0 6 58 63 58 50 45 53 0 54 15 50 63 19 18 37 62
split_gain=7.20998 8.27513 12.5094 10.8965 10.0761 9.98659 9.81464 20.3556 17.2359 12.6319 19.1095 11.9504 14.8766 13.2988 11.0311 17.6234 10.8732 12.3809 16.1857 14.6742 18.3204 11.3807 11.7975 11.1945 10.278 10.2339 11.9165 10.0105 9.85769 9.76912
threshold=0.0022686850227956958 0.0018007974993444963 0.39746271859242333 0.13939636423506244 0.60797130996676896 0.78304005231740192 0.0006731060187631536 0.34116626794258464 0.00014774745444801244 0.084669486459204732 1.3578571428571455 0.0014741873348720013 0.13207547169810185 0.0019987887070667888 14.500000000000002 0.00581873645317118 0.0050401687975409346 0.0040223128154680127 0.0011986265920639315 -0.00053065417122252149 -0.0033948202433513779 0.0035696764496174834 0.0099112443710619811 0.10644592723153894 -0.0090311066067140216 0.030247327686553905 0.0077084178306725953 0.0054279558138561829 0.31316735903697424 0.01324801859651119
decision_type=2 2 2 2 2 2 2 2 2 2 2 2 2 2 2 2 2 2 2 2 2 2 2 2 2 2 2 2 2 2
left_child=-1 2 3 -2 5 -3 8 24 16 -10 11 12 -11 -13 15 -12 -6 18 19 23 28 -20 -23 -18 -8 26 29 -14 -21 -19
right_child=1 4 -4 -5 6 -7 7 -9 9 10 14 13 27 -15 -16 -17 17 25 21 20 -22 22 -24 -25 -26 -27 -28 -29 -30 -31
leaf_value=-0.033642504186166815 -0.012342701869451028 -0.0034427074858880686 0.05284195361208717 0.067034829985531272 -0.00045624447217436473 -0.02125746626595923 0.045186871077396176 0.049550450254198637 -0.0074052977219292203 0.020813720368777502 0.0099991628299012977 -0.022637112758064414 0.071130558563140434 0.062304481820395857 -0.012365749253211029 0.076822277864860525 0.0017259485203951848 -0.013060933500928781 -0.010922241066843391 0.095649643979608415 0.0046370763537625917 0.033840583482494517 -0.02258742849809238 0.05341757807366701 -0.016108436832884432 0.019207652353212003 -0.05732589563071705 0.15615908470713835 0.02409294152716502 0.024095054872196472
leaf_weight=15.947974342852829 25.837530404329303 410.79838339053094 18.548938024789095 5.1922892071306697 3814.1592001672834 97.300974264740944 7.0907195731997481 13.47910315543413 41.526090301573277 7.3275982886552837 45.993537418544292 8.4404985420405882 7.8326465263962728 10.148324847221373 31.483807116746902 12.56156739965081 13.307671286165712 88.207401372492313 86.687351241707802 9.0380327701568621 106.4745363779366 36.014042362570763 12.470044009387491 49.183338955044746 192.68402522057295 36.877103328704834 12.38922820240259 6.202757902443409 10.295721452683209 22.128353904932737
leaf_count=198 273 4717 188 50 35668 1233 60 95 367 61 382 79 60 77 305 85 86 674 603 52 743 234 78 306 1789 216 97 50 65 162
internal_value=-7.45959e-05 2.75744e-05 0.0203579 0.000939718 -0.000166633 -0.00685423 0.000559118 -0.00992027 0.00105921 0.0166022 0.0242715 0.0530511 0.0785597 0.0237356 0.0115015 0.0243344 0.000438833 0.00750602 0.0131287 0.0226049 0.0127676 -7.21319e-05 0.0193274 0.0424097 -0.0139328 -0.0038896 -0.01083 0.108708 0.0575439 -0.00560913
internal_weight=5255.63 5239.68 49.5788 31.0298 5190.1 508.099 4682 213.254 4468.75 171.517 129.991 39.9518 21.363 18.5888 90.0389 58.5551 4297.23 483.073 323.471 188.299 125.808 135.171 48.4841 62.491 199.775 159.602 122.725 14.0354 19.3338 110.336
internal_count=49053 48855 511 323 48344 5950 42394 1944 40450 1466 1099 327 171 156 772 467 38984 3316 2167 1252 860 915 312 392 1849 1149 933 110 117 836
is_linear=0
shrinkage=0.05


Tree=78
num_leaves=31
num_cat=0
split_feature=59 50 58 28 42 42 20 47 4 45 16 30 3 2 58 38 13 63 14 11 12 1 52 50 59 7 42 12 1 42
split_gain=6.89301 13.0234 12.883 12.3966 13.4889 11.4196 8.768 8.30703 10.1993 8.33738 9.50822 7.761 9.59284 8.90967 17.4387 14.0094 16.1503 15.0882 13.1281 12.2648 10.8751 11.3691 10.7729 10.2911 17.3226 14.35 15.2361 21.3398 13.0871 12.0677
threshold=-0.015943980570770767 -0.007832483076956203 -0.0058712684947087044 1.8901495949637408 2.6615000000000005e-05 4.4000000000000011e-06 -0.013037091482510576 -0.00027048706267840427 2.008928571428573 -0.00053278268160299408 0.31359784283513231 1.0000000180025095e-35 0.0018858352963412929 -0.0056591772505749502 -0.0028659384871458902 0.30033843369906549 0.085403104024456736 0.013269512569120285 0.79203586084320432 -0.79438671187364951 0.81800733095681555 -0.0091785045188424383 0.59303301547414666 0.0028720966006989656 0.0054009441165753808 1.5000000000000002 5.0610000000000012e-05 0.45526198705679732 0.0024939104008274791 3.5300000000000011e-05
decision_type=2 2 2 2 2 2 2 2 2 2 2 2 2 2 2 2 2 2 2 2 2 2 2 2 2 2 2 2 2 2
left_child=2 3 7 4 6 -4 -2 9 -9 10 -1 13 -13 18 15 17 -17 -15 20 -18 -3 22 -22 24 -16 26 27 -26 -29 -25
right_child=1 11 5 -5 -6 -7 -8 8 -10 -11 -12 12 -14 14 23 16 19 -19 -20 -21 21 -23 -24 29 25 -27 -28 28 -30 -31
leaf_value=0.03432038022367661 0.08523761824683905 0.00012767801750167995 0.058394060900900914 0.079424116215081886 0.0045325025394102542 -0.030505752496182523 0.019350901290314197 0.081321386354491723 -0.0017190554844494948 -0.027444080488008983 -0.01963982653382948 0.052142285298974682 -0.0074736687284982914 -0.013529382052590164 0.00027620334183484449 -0.010743583632557827 0.09490608323135051 0.036898871813557103 -0.011659547499586677 0.019201062578520427 -0.022791979885144475 0.017216946026867186 0.015957995017805048 -0.018548020099548083 0.11602232557558788 0.0048774484604937399 0.012369895696153302 0.0054938193305853929 0.060415427127592125 -0.0013883581959453376
leaf_weight=19.27241400256753 9.2448471933603305 266.93577133491635 3.8142241463065139 7.2876598611474028 97.922628063708544 68.250886315479875 11.126860078424214 6.9992768950760347 7.8390884883701801 23.410097077488899 14.163413686677812 6.855428308248519 429.80381447449327 475.91566456109285 1951.9138942658901 55.62052933499217 6.0575744658708564 15.310150377452372 98.35097661241889 45.799644730985165 38.523706834763288 321.97779243066907 33.562611561268568 124.0264015942812 8.7895445339381677 358.24695935845375 113.74929562956095 23.692343331873417 20.005485624074936 589.18754497542977
leaf_count=204 64 2988 32 43 719 962 84 59 84 273 152 70 3925 5532 19216 549 60 92 904 382 320 2923 244 1034 74 2483 810 162 132 4477
internal_value=-7.36078e-05 0.000230159 -0.0108717 0.0161327 0.0122335 -0.0258005 0.0492508 0.00413642 0.0374512 -0.00455968 0.0114628 -0.000170511 -0.00653771 0.000440857 -0.000549986 -0.00838007 0.00797131 -0.0119577 0.00538406 0.0280444 0.00792 0.0131984 -0.00475041 0.000919755 0.00244392 0.0105113 0.0226524 0.0449362 0.0306377 -0.00437239
internal_weight=5253.66 5109.91 143.749 125.582 118.294 72.0651 20.3717 71.6843 14.8384 56.8459 33.4358 4984.33 436.659 4547.67 3788.32 598.704 107.478 491.226 759.351 51.8572 661 394.064 72.0863 3189.61 2476.4 524.484 166.237 52.4874 43.6978 713.214
internal_count=49053 47287 1766 910 867 994 148 772 143 629 356 46377 3995 42382 35003 6615 991 5624 7379 442 6475 3487 564 28388 22877 3661 1178 368 294 5511
is_linear=0
shrinkage=0.05


Tree=79
num_leaves=31
num_cat=0
split_feature=51 63 59 13 58 13 16 58 5 60 59 7 60 38 21 37 42 6 60 37 42 6 58 4 60 45 5 59 50 21
split_gain=6.93508 12.5395 11.4869 15.1111 12.4229 19.7247 14.8636 16.8122 11.3127 11.8124 10.9641 11.2387 24.4744 10.7331 18.1333 11.2925 17.4501 15.8664 21.3998 18.6472 19.5245 17.6298 24.4836 16.0873 12.563 12.1445 11.4445 12.4456 11.3817 11.3395
threshold=-1.0000000180025095e-35 -0.00041806404992081276 -0.0013639540657373152 0.018916974047733095 0.0079073883570011105 0.19338554661731491 1.0000000180025095e-35 0.0027320755463552423 0.0042985646923964747 0.83363467422619275 -0.0015715729347782264 4.5000000000000009 0.40493649619753719 0.26717366751374599 0.0048993609791289109 0.32899325527046008 4.4000000000000011e-06 21.500000000000004 0.74137562553313152 0.14455126981671562 2.3070000000000004e-05 5.5000000000000009 -0.0065298586802106356 0.59428571428571086 0.56844415207798782 -0.00024452039667021845 0.0058229200566234226 -0.00019262481387795065 -0.0055391412265113271 -0.00018129602921297902
decision_type=2 2 2 2 2 2 2 2 2 2 2 2 2 2 2 2 2 2 2 2 2 2 2 2 2 2 2 2 2 2
left_child=13 -2 3 10 6 8 7 -5 9 -6 11 12 -3 -1 15 17 24 19 -19 28 -21 25 -23 -24 -17 -22 27 -18 -15 -30
right_child=1 2 -4 4 5 -7 -8 -9 -10 -11 -12 -13 -14 14 -16 16 26 18 -20 20 21 22 23 -25 -26 -27 -28 -29 29 -31
leaf_value=-0.0001897759911736827 -0.01646653387606644 0.14892378569090423 0.00024047113752237201 -0.016449427348164333 0.042512329014373476 0.070459676948907604 -0.019065033643511205 0.11800197506268711 -0.042073762931201603 -0.039601080678616139 -0.054786201170495478 -0.013776204059959447 0.021656334420481316 0.065776654591889791 0.077139225910332787 0.00066271862153638081 -0.018540352082729816 0.071609527821143701 -0.038485761624975377 -0.026428138118956598 -0.011015934795094065 0.11362790934540115 0.089942670713005726 0.023240536688563893 0.098088837303278442 0.04607884172306171 0.016950323865658718 0.0050414675136394036 -0.014389011678228661 0.012064223222469141
leaf_weight=1650.5245814975351 136.82658510655165 5.1398571617901423 2451.4257093295455 5.0843261256813985 13.900295395404102 10.79696688428521 260.78083075582981 4.284238338470459 13.770987030118702 6.3945833630859843 3.9293132722377768 8.4255084507167322 14.253252521157263 6.0195489302277556 9.1740680634975416 5.9460300467908365 130.525703959167 21.572019334882501 5.5492200478911391 18.415373768657446 35.456205230206251 10.403662998229263 10.411469183862208 68.595892574638128 7.4605865776538849 12.631982699036596 55.125227220356464 97.926238384097815 104.93552237376571 65.985606517642736
leaf_count=17575 1380 66 20156 61 146 101 2970 46 168 84 51 107 180 42 58 56 1389 184 62 165 325 94 91 573 60 103 487 730 981 562
internal_value=-7.28254e-05 -0.00168708 -0.000964393 -0.0094822 -0.0127958 0.0115698 -0.0168421 0.0450351 -0.00709495 0.0166397 0.0233961 0.0344391 0.0553867 0.0019723 0.00732943 0.00635458 -0.00086257 0.0123088 0.0490832 0.00931239 0.0219196 0.0283949 0.0415249 0.0320304 0.0548789 0.00398193 -0.00349785 -0.00843197 -0.00179669 -0.00417651
internal_weight=5251.67 2935.01 2798.19 346.76 315.012 44.8628 270.149 9.36856 34.0659 20.2949 31.7479 27.8186 19.3931 2316.66 666.134 656.96 296.984 359.977 27.1212 332.855 155.915 137.499 89.411 79.0074 13.4066 48.0882 283.577 228.452 176.941 170.921
internal_count=49053 25516 24136 3980 3576 499 3077 107 398 230 404 353 246 23537 5962 5904 2722 3182 246 2936 1351 1186 758 664 116 428 2606 2119 1585 1543
is_linear=0
shrinkage=0.05


Tree=80
num_leaves=31
num_cat=0
split_feature=59 63 51 7 62 3 3 11 32 3 2 52 14 6 60 37 53 16 50 48 55 19 32 15 19 48 60 6 12 38
split_gain=6.75812 12.2051 11.1973 14.7907 30.9497 15.951 15.3443 13.1466 12.628 12.0235 12.5961 16.299 14.2815 10.8188 18.0354 11.3718 11.2455 10.6908 10.5813 11.0276 12.6438 10.5424 12.9363 17.8135 13.1124 12.0737 17.1123 17.1925 12.9741 14.797
threshold=-0.0071845546946504883 -0.021029265674987634 -1.0000000180025095e-35 1.0000000180025095e-35 -0.0013642337895814034 0.0035157494905986059 0.0049373734567200378 -0.89973835458468265 4.5000000000000009 0.0051914360870735097 -0.0020150642035348426 0.17525204017624049 0.58070058751802245 2.5000000000000004 0.71410335568879335 0.19756731622777288 0.0013362732439519695 0.25000000000000167 -0.005004627164659139 -0.00016072437089513137 1.0000000180025095e-35 -0.0088671108055253071 1.5000000000000002 0.32984207062952237 0.0050037549359187817 -0.00049928936916901099 0.3337951826184436 5.5000000000000009 0.68183300010107328 0.21778221778221837
decision_type=2 2 2 2 2 2 2 2 2 2 2 2 2 2 2 2 2 2 2 2 2 2 2 2 2 2 2 2 2 2
left_child=18 -2 3 4 8 -6 7 -5 -3 10 11 12 -8 14 -7 16 -15 -12 19 -1 -21 -11 -23 -24 25 26 -25 -28 -29 -30
right_child=1 2 -4 6 5 13 9 -9 -10 21 17 -13 -14 15 -16 -17 -18 -19 -20 20 -22 22 23 24 -26 -27 27 28 29 -31
leaf_value=-0.0029068494358118883 -0.026123541394304752 0.0923268119037053 -0.0012095626516185644 0.0098759081772781809 0.045600793065067757 -0.0030571840273315941 -0.008874577762017893 -0.0067518301462495883 0.010158252112592973 0.023397440627336535 -0.019606265314365913 0.10326351246050802 0.080252490589314301 0.011240443945567689 0.087233417111341596 -0.0043470503659195662 0.099133876110330255 0.036170186974554069 -0.012135463545435066 0.038717240171164104 -0.031780024431521267 -0.0063178703069944114 0.0019428817814655713 0.013119828803902726 -0.03596181693469002 0.012113510905477406 0.00033142626990038401 0.13462043386244427 0.12001517731812213 0.027584527395505421
leaf_weight=174.89583901315928 42.64690912142396 17.078173819929365 2868.2624497041106 149.72507188841701 26.740386214107275 12.469449516385795 11.975251208990818 576.90480905026197 6.4387557022273532 70.109408669173717 18.045941472053528 10.021543756127356 7.1951678507030001 11.542816508561375 9.9391370937228185 150.97494042292237 5.314840041100978 16.397232454270124 276.20393582805991 34.22203603759408 7.8121655099093905 244.25391209498048 364.51515341550112 27.314954236149788 8.7908142358064634 65.250094890594482 7.809368882328271 8.7623295374214667 6.7743390351533916 11.999885655939577
leaf_count=1700 504 144 24728 1626 291 113 119 6034 55 477 175 83 71 99 73 1404 48 161 4190 305 79 2146 3225 238 81 572 80 91 53 88
internal_value=-7.29663e-05 0.000504586 0.000745456 0.00378254 0.0153464 0.00944144 0.00205068 -0.00332562 0.0698297 0.00649394 0.0274265 0.05159 0.0245772 0.00435886 0.0369904 1.97462e-06 0.0389513 0.00694702 -0.00564461 0.00261981 0.0256151 0.00486069 0.00311736 0.00771535 0.0231076 0.0271672 0.042843 0.0658127 0.0843832 0.0609365
internal_weight=5250.39 4757.25 4714.61 1846.34 240.498 216.982 1605.85 726.63 23.5169 879.215 63.6351 29.192 19.1704 190.241 22.4086 167.833 16.8577 34.4432 493.134 216.93 42.0342 815.58 745.471 501.217 136.702 127.911 62.6609 35.3459 27.5366 18.7742
internal_count=49053 42779 42275 17547 2227 2028 15320 7660 199 7660 609 273 190 1737 186 1551 147 336 6274 2084 384 7051 6574 4428 1203 1122 550 312 232 141
is_linear=0
shrinkage=0.05


Tree=81
num_leaves=31
num_cat=0
split_feature=18 5 14 59 18 41 46 53 9 20 41 60 11 21 48 53 60 60 60 56 59 63 34 6 18 60 46 62 4 6
split_gain=6.66578 7.31334 7.02235 6.66407 12.3788 11.8312 12.2414 13.4056 12.3097 11.5497 15.7082 16.245 11.2941 11.2045 11.0293 15.223 10.7457 13.1997 14.334 14.2993 10.5168 16.2746 19.3629 13.5495 9.64675 13.7218 12.0705 9.63196 9.90615 10.5496
threshold=0.0022686850227956958 0.0013205436352773344 0.44827586206895459 -0.002295102883644891 0.015440288331336031 1.4945000000000002e-05 -0.00039104991041168509 -0.0071276173524012134 1.0000000180025095e-35 -0.0090799942677214987 8.4400000000000022e-06 0.45263322916304033 -1.3038625392368268 -0.0073400696466935098 -0.00047643511324562939 0.000394722599122122 0.16352359621636123 0.40150768212562854 0.29873993352861666 0.17325325365024272 -0.0020479947464428993 0.003413223854456388 0.6832367272995461 21.500000000000004 0.0079670601084353369 0.19017251248281161 -0.00053681726046784324 0.018720275070111241 0.82285714285714417 1.5000000000000002
decision_type=2 2 2 2 2 2 2 2 2 2 2 2 2 2 2 2 2 2 2 2 2 2 2 2 2 2 2 2 2 2
left_child=-1 2 -2 5 20 9 8 -8 12 10 -3 -12 -7 -13 15 -9 -10 18 -18 -20 21 22 23 24 25 26 -5 28 -16 -30
right_child=1 3 -4 4 -6 6 7 14 16 -11 11 13 -14 -15 27 -17 17 -19 19 -21 -22 -23 -24 -25 -26 -27 -28 -29 29 -31
leaf_value=-0.032819597925873516 0.0035350979470864883 0.0090878771218535787 0.073683238609695501 0.075945620360943877 -0.023794633414011196 0.052270751729600967 0.025541218765158781 0.090108560892852782 -0.017050948351400197 -0.0024425956291760907 0.12717937806467747 0.073947690466137042 -0.019423589694563856 -0.034365755734894879 -0.021741154660242585 -0.025067257811925737 0.0090226075470974717 -0.0029999119989521737 0.13871253282403093 0.025638427472239073 0.00092796605013148968 0.086137778298442103 0.096037334842531533 0.07084503868405212 0.048862129189797911 -0.038454179143183893 -0.0080639562186479892 0.050438731723791597 0.023207164595413655 -0.0054235943280436759
leaf_weight=15.494091518223284 7.7952985614538175 145.21589372120798 6.5785620287060738 6.0336606502532986 49.798103362321854 5.5974862687289706 43.463697493076324 7.1258939616382104 48.755476456135511 297.57761121727526 5.917950924485921 4.9572362005710593 294.67537067458034 4.6061907149851313 80.789827905595303 4.8023799881339073 14.310232203453781 44.111526172608137 5.8358594067394716 5.3674691468477249 3759.8538036160171 8.2529145106673223 6.1619712486863127 6.5411681756377211 7.0929529815912238 25.338021468371153 14.674927841871975 7.6727411374449721 36.380392633378506 278.30752266012132
leaf_count=198 60 1518 46 64 499 76 337 84 548 3523 54 58 3733 54 955 58 164 488 63 50 31879 56 55 63 78 281 168 72 359 3412
internal_value=-7.26664e-05 2.42812e-05 0.0356402 -7.38059e-05 0.000973874 -0.00312062 -0.00652221 -0.000878359 -0.0127038 0.00339046 0.0141921 0.0620696 -0.0180871 0.0217789 -0.0036448 0.0437382 0.000950985 0.013557 0.0421829 0.0845392 0.00129559 0.0199498 0.0116536 0.00294107 -0.00541751 -0.0137787 0.0164131 -0.00504676 -0.00612324 -0.00211365
internal_weight=5249.09 5233.59 14.3739 5219.22 3883.75 1335.47 877.196 458.542 418.653 458.275 160.697 15.4814 300.273 9.56343 415.079 11.9283 118.381 69.6251 25.5136 11.2033 3833.95 74.0956 65.8427 59.6807 53.1396 46.0466 20.7086 403.15 395.478 314.688
internal_count=49053 48855 106 48749 33143 15606 10399 5277 5122 5207 1684 166 3809 112 4940 142 1313 765 277 113 32644 765 709 654 591 513 232 4798 4726 3771
is_linear=0
shrinkage=0.05


Tree=82
num_leaves=31
num_cat=0
split_feature=1 12 23 59 50 54 60 37 23 18 21 11 49 52 49 34 2 15 37 63 62 55 13 11 7 5 5 59 59 18
split_gain=6.53717 11.426 9.20106 12.6261 8.56903 9.80861 8.48471 21.617 10.4651 10.0641 10.2009 8.3655 8.26848 11.3025 8.60685 23.6164 12.665 12.1442 12.6248 12.1117 11.0102 12.9919 9.92789 9.94047 9.89218 11.3104 22.0756 16.444 21.9036 17.013
threshold=0.030094299470571292 2.6636766598736874 0.0019398766176016693 0.01852754674717744 0.0078020953015880577 0.0043230202009405562 0.93221653818847816 0.83830603139326831 0.00022739754466738078 0.0060558214437536834 -0.00062244100489106146 -0.61672147298563695 0.0038896165009977015 0.16405056920319841 -0.00034207647240505694 0.1361883833291351 0.0061931686241213446 0.13207547169810185 0.31959848637063865 -0.00013794830284223234 0.010646477166941956 1.0000000180025095e-35 0.090310420406885458 -1.094891497745295 5.5000000000000009 0.0060120779432915857 0.0035049585183323947 -0.00096498579016961151 -0.0006964633891255119 0.0047079883855658594
decision_type=2 2 2 2 2 2 2 2 2 2 2 2 2 2 2 2 2 2 2 2 2 2 2 2 2 2 2 2 2 2
left_child=2 -2 3 4 12 -6 7 8 -5 -8 -11 -10 14 -14 15 17 -17 20 -19 -16 -1 -22 -20 -24 -21 26 27 29 -29 -26
right_child=1 -3 -4 6 5 -7 9 -9 11 10 -12 -13 13 -15 19 16 -18 18 22 24 21 -23 23 -25 25 -27 -28 28 -30 -31
leaf_value=-0.0052395051956870518 -0.0024235957691796568 0.065512549755213978 -0.014341662691065694 0.064023130172173329 0.027656091450772791 -0.018867431721110259 0.046971961912777749 0.079549704683268038 0.041861389911127256 0.039193666827562056 -0.023619740107008014 -0.0073736094421899354 -0.0082403405915036972 0.021178159404822216 -0.012555547658417899 0.010672946106439025 0.045269265884786275 0.0089341612197025543 -0.012367498665122701 -0.0025500731039644663 0.071604239533020739 -8.9134314214119829e-05 0.05669800738603669 0.0014554860826360703 -0.029132502317620747 0.049321459396814038 -0.020103564211408308 0.10817466662434708 0.014113061125771324 0.023796414611364655
leaf_weight=741.44689602032304 15.281542453914883 10.402187325060366 112.47911565378308 8.4851708337664586 12.733677167445419 102.72249231860042 9.252897694706915 15.354017198085783 11.182073868811129 8.1062773205339891 31.896974496543407 37.764536201953888 48.309938441962004 100.71697067841887 256.16772465966642 65.576367598026991 44.341086342930794 618.86014083959162 150.34671894647181 1977.6544656530023 10.255881298333408 16.462219383567572 8.296441547572611 441.14426814205945 44.992029499262571 14.600072190165518 73.587586656212807 6.3602830842137328 230.036232419312 22.914608597755432
leaf_count=6882 129 62 1002 41 94 823 41 88 89 47 222 224 484 745 2974 559 321 5680 1740 18795 86 139 94 4174 525 135 702 66 1845 245
internal_value=-7.21945e-05 0.0250913 -0.000195957 0.000115439 -0.00027336 -0.0137363 0.0160046 0.0268499 0.0127609 -2.14543e-05 -0.0108912 0.00387435 4.56797e-05 0.0116416 -0.000320208 0.00206861 0.0246292 0.000820478 0.00392407 -0.00222733 -0.00410318 0.0274307 -0.00124534 0.00247523 -0.00111105 0.0061398 0.00447145 0.0104143 0.0166438 -0.011272
internal_weight=5247.73 25.6837 5222.05 5109.57 4987.53 115.456 122.042 72.7858 57.4318 49.2561 40.0033 48.9466 4872.07 149.027 4723.04 2096.73 109.917 1986.81 1218.65 2626.31 768.165 26.7181 599.787 449.441 2370.15 392.491 377.891 304.303 236.397 67.9066
internal_count=49053 191 48862 47860 47108 917 752 442 354 310 269 313 46191 1229 44962 19675 880 18795 11688 25287 7107 225 6008 4268 22313 3518 3383 2681 1911 770
is_linear=0
shrinkage=0.05


Tree=83
num_leaves=31
num_cat=0
split_feature=28 59 58 50 28 42 42 53 6 2 4 5 59 32 20 59 37 35 38 52 15 6 58 1 37 5 4 42 42 37
split_gain=6.35602 6.99016 11.9676 10.6062 10.5569 11.7297 10.4621 9.39283 7.76345 11.9378 11.1937 19.6961 17.2961 16.2202 16.7073 15.7597 24.5196 14.7563 13.6434 13.849 13.6071 10.8809 17.9731 21.0794 15.652 20.3242 14.7995 12.2628 28.1941 11.0092
threshold=-0.43889469904176287 -0.015943980570770767 -0.0058712684947087044 -0.007832483076956203 1.8901495949637408 2.6615000000000005e-05 4.4000000000000011e-06 -0.0030502071961998876 2.5000000000000004 0.012315823522083874 0.90071428571428991 0.00332646485613996 0.0017353933577907599 2.5000000000000004 -0.00047299248816993713 -0.0048112554407097408 0.34118890173610855 0.86675871820908956 0.19517363923802597 0.015093384625682363 0.29367005701957533 4.5000000000000009 -0.00048789735364020587 7.3921085070555959e-05 0.2288467799301673 0.0028104045065477728 0.78357142857142714 0.00014137000000000001 0.00017700000000000005 0.10688697425273382
decision_type=2 2 2 2 2 2 2 2 2 2 2 2 2 2 2 2 2 2 2 2 2 2 2 2 2 2 2 2 2 2
left_child=-1 2 -2 4 5 7 -4 -3 9 10 12 15 -5 -14 -15 16 -12 18 -17 -20 -16 22 27 -24 25 29 -27 -10 -29 -25
right_child=1 3 6 8 -6 -7 -8 -9 21 -11 11 -13 13 14 20 17 -18 -19 19 -21 -22 -23 23 24 -26 26 -28 28 -30 -31
leaf_value=-0.015909281021066639 0.0035689712012052077 0.019668080104305354 0.053319101503146171 -0.010109814505340197 0.071930156137078857 0.0038084661761886387 -0.030296387960786476 0.089194034129449262 -0.027997089596543956 -0.014775711187123132 0.16058498358443277 0.0072297800523148416 -0.0061820183302059122 0.085965534529829718 0.038943237052550726 -0.037903997929744998 0.0079980147288453481 0.091207427580695721 0.050391100607488915 -0.01104450051624864 -0.015594840478638723 7.9045166300538701e-05 -0.01650962560477964 -0.041275958719344127 -8.3553797686926866e-05 0.11061130970618667 0.035343866535010121 0.1021090193815504 -0.033229681480863006 0.031320988639877423
leaf_weight=62.591035060584545 71.227657556533813 13.326094079762699 3.9660104289650908 166.87076787650585 7.5811982527375212 97.928526408970356 65.937472926452756 7.6445399895310393 127.11851716414094 67.770391438156366 5.9731053784489614 246.32641318812966 48.807058155536652 11.772603943943976 32.552641559392214 9.1556428596377355 4.7079549171030521 7.7998155876994124 27.115228187292814 13.863012518733738 17.631280712783337 3865.5958139449358 111.88169584050775 9.5817265026271361 85.06220343336463 10.396169725805523 17.565711434930563 6.1916062645614174 10.167238902300594 11.47811174020171
leaf_count=682 762 88 32 1695 43 715 955 59 1382 546 59 2174 351 75 210 78 56 58 234 105 123 36083 1119 99 773 86 143 53 114 101
internal_value=-7.12982e-05 0.000119965 -0.0108551 0.000427177 0.0147234 0.0110758 -0.0255524 0.0450128 5.93139e-05 0.00510342 0.00737692 0.0138291 5.77298e-05 0.0153756 0.032358 0.0375206 0.0933283 0.0272315 0.0172781 0.0296073 0.0197822 -0.000723489 -0.00868941 -0.000485626 0.012885 0.0353881 0.0633281 -0.0227533 0.0179942 -0.0017089
internal_weight=5245.59 5183 141.131 5041.87 126.48 118.899 69.9035 20.9706 4915.38 660.346 592.576 314.941 277.634 110.764 61.9565 68.6148 10.6811 57.9337 50.1339 40.9782 50.1839 4255.04 389.443 245.966 134.084 49.0217 27.9619 143.477 16.3588 21.0598
internal_count=49053 48371 1749 46622 905 862 987 147 45717 5764 5218 2764 2454 759 408 590 115 475 417 339 333 39953 3870 2321 1202 429 229 1549 167 200
is_linear=0
shrinkage=0.05


Tree=84
num_leaves=31
num_cat=0
split_feature=45 45 12 60 58 18 60 60 18 5 6 16 5 60 44 63 58 48 54 59 51 62 5 61 21 42 5 18 45 42
split_gain=6.36063 10.3898 15.4188 11.9135 11.6653 11.256 10.058 12.8717 8.62633 27.248 15.5228 9.43688 10.199 9.25362 8.35984 10.6388 13.1142 13.5622 11.781 10.9882 10.3816 19.8035 16.0157 20.3974 11.9493 19.1932 14.875 15.0361 19.3948 19.9637
threshold=0.0007393663335219158 0.0002214044606656256 3.4609464440409328 0.084669486459204732 -0.0051428851549399678 0.0034334028310238768 0.3613220748611024 0.39789061656051311 0.0075349694226509367 0.005103742103493329 20.500000000000004 0.14179104477612001 0.0041723013998694837 0.22217974274457655 4.8190000000006022e-05 0.0050401687975409346 0.0040223128154680127 -0.00046709995513536859 0.0099112443710619811 0.026721717344316647 -1.0000000180025095e-35 -0.0016958835208911237 0.0033830878933991666 -1.0000000180025095e-35 0.00099626981232402829 3.3360000000000006e-05 0.0045426140583512175 0.0069173653459354027 -0.00058320270522777874 5.4790000000000002e-05
decision_type=2 2 2 2 2 2 2 2 2 2 2 2 2 2 2 2 2 2 2 2 2 2 2 2 2 2 2 2 2 2
left_child=1 14 3 5 -5 -3 -2 -8 9 10 11 -6 13 -13 15 19 17 18 -17 20 -1 -22 -23 -24 -25 -26 27 -27 -29 -30
right_child=6 2 -4 4 8 -7 7 -9 -10 -11 -12 12 -14 -15 -16 16 -18 -19 -20 -21 21 22 23 24 25 26 -28 28 29 -31
leaf_value=0.0015976292263723459 -0.0215000695364925 0.051105255121883464 0.082608940604742276 -0.026814481593778638 0.038555226214772746 -0.019403661338613095 0.08031153008463264 -0.0024799330005856397 0.005711065242830566 0.13176053748517408 0.073116849354575394 -0.015168197911032119 -0.037224771273942969 0.034611600346715947 -0.014064369759366882 0.02637294965947258 -0.0046992423736045485 0.0030522594793476001 -0.0372185547563482 0.025966283945169595 -0.027342366885792304 0.0015300837402270253 0.081229170946550661 -0.016422925087369877 -0.023458531117025082 0.0011660972414475885 -0.0092050030067834018 -0.033153638631521619 0.11420930680615603 0.028057561529021943
leaf_weight=2000.9892688132823 87.665447000414133 6.3525816276669493 7.1316590309143058 15.914013177156447 24.003586284816265 51.937532212585211 4.9175746217370024 103.56851264834404 78.653006438165903 5.9447730630636206 12.352922838181255 16.111231260001659 13.242647904902695 22.198782186955214 107.06788035668433 150.42430974543095 160.84959567338228 173.65904312208295 7.6538100689649573 38.135246843099594 83.063852451741695 1140.1852550245821 6.4604094810783854 285.84869274869561 106.92528613656759 217.75234394520521 247.80029328539968 10.800816763192413 7.8049749955534926 48.56948921084404
leaf_count=20706 838 57 47 175 197 480 36 996 703 47 111 132 116 183 955 999 1205 1204 56 235 862 9984 62 2720 1065 1906 2408 89 70 409
internal_value=-7.11714e-05 0.000272096 0.01013 0.0080349 0.0141461 -0.0117194 -0.00890494 0.00127293 0.0179248 0.0281603 0.0211545 0.012659 0.000601375 0.0136768 -0.000249884 6.56939e-05 0.00701694 0.0126978 0.023294 -0.000750667 -0.000995808 -0.00340367 -0.00244406 -0.00730613 -0.00792414 -0.0041262 -0.000245953 0.00754569 0.0282255 0.0399852
internal_weight=5243.98 5047.83 253.843 246.711 188.421 58.2901 196.152 108.486 172.507 93.8539 87.9092 75.5562 51.5527 38.31 4793.99 4686.92 492.587 331.737 158.078 4194.34 4156.2 2155.21 2072.15 931.962 925.502 639.653 532.728 284.928 67.1753 56.3745
internal_count=49053 47183 2248 2201 1664 537 1870 1032 1489 786 739 628 431 315 44935 43980 3464 2259 1055 40516 40281 19575 18713 8729 8667 5947 4882 2474 568 479
is_linear=0
shrinkage=0.05


Tree=85
num_leaves=31
num_cat=0
split_feature=18 3 14 50 48 17 37 45 38 48 20 2 6 49 59 19 17 50 63 45 15 60 30 49 52 15 60 53 54 52
split_gain=6.24715 7.07667 11.0044 10.8082 12.1056 8.55653 9.35271 8.6838 17.8076 13.5635 10.6584 12.2168 12.9182 10.5723 9.33558 11.9404 10.9322 9.56572 13.7808 12.8828 13.1286 11.8245 11.6071 13.5514 16.847 12.2447 13.6756 14.0409 13.2242 12.7461
threshold=0.0022686850227956958 0.0018007974993444963 0.29607100852690016 0.00010263550153020485 -0.00049753446472667728 0.60797130996676896 0.99999999999999811 0.0006731060187631536 0.34116626794258464 0.00014774745444801244 -0.002113628771671911 -0.0012373131507492771 4.5000000000000009 0.0010337809853407174 0.011294299539410612 0.0068589468905053208 1.7525934122389089 0.0011986265920639315 0.0046436482666342132 -0.00053065417122252149 0.10644592723153894 0.0048168268867082075 1.0000000180025095e-35 0.0031036920356461873 0.56127782769884005 0.12857142857143319 0.19775888610111966 -0.0014019170923994556 0.0053109958872296463 3.0605339783914878
decision_type=2 2 2 2 2 2 2 2 2 2 2 2 2 2 2 2 2 2 2 2 2 2 2 2 2 2 2 2 2 2
left_child=-1 2 -2 4 -4 6 -3 9 -9 14 -11 -12 13 -13 17 16 -16 18 22 20 -20 -19 23 25 -25 -7 28 -28 -27 -29
right_child=1 5 3 -5 -6 7 -8 8 -10 10 11 12 -14 -15 15 -17 -18 21 19 -21 -22 -23 -24 24 -26 26 27 29 -30 -31
leaf_value=-0.032151536273530679 -0.0063314727252194204 -0.0051790162267133311 0.014281850846617969 0.0075587238309968276 0.10908031701154393 -0.0046609228780872944 -0.04583084247367461 -0.01326382068269015 0.0453315655750723 -0.0020435791171824198 0.054131108207002857 0.02083200089613764 0.0038739906401404158 0.093070806545682186 0.013530624821524699 -0.0020217915844749478 0.065141137597949622 -0.020433713673237854 -0.0079761848003655593 0.0045590821100459063 0.038029982806806417 -0.0025097915782374709 -0.0078001096298437288 0.0033322643626114744 0.059768740128044652 0.0086749953059661426 0.008291065016840583 -0.0059405470393481029 0.056486573202939629 0.069188782169567281
leaf_weight=15.131393283605574 23.542487319558859 488.30987609922886 5.6372894160449496 12.966157160699366 8.3643414303660411 653.31303120590746 14.570918930694459 197.01222051121294 13.879840299487112 61.856963567435741 25.62688110023737 13.178119149059059 65.737102959305048 8.2267325110733491 187.01650996506214 159.53667417168617 10.856170304119585 100.46473446860909 20.04113357514143 191.39616076648235 68.539772562682629 1094.0181386750191 387.01437873765826 32.719434309750795 22.192372512072325 504.66305951401591 305.21248152852058 530.82144502736628 14.889207944273947 5.706110678613185
leaf_count=198 244 5756 61 126 80 6344 194 1849 95 553 198 105 551 59 1117 1067 51 937 135 1360 442 10140 3554 314 171 4837 2891 5451 129 44
internal_value=-7.08314e-05 2.2032e-05 0.0186466 0.0404521 0.0709129 -0.000159689 -0.0063569 0.000507087 -0.00940737 0.000975577 0.0146351 0.0237838 0.0148592 0.0485962 0.000419355 0.00815615 0.0163622 -0.000284081 0.00134548 0.0118556 0.0276212 -0.00401732 0.000147606 0.00163389 0.0261408 0.000965903 0.00366634 -0.000270908 0.0100452 -0.00514153
internal_weight=5242.44 5227.31 50.5103 26.9678 14.0016 5176.8 502.881 4673.92 210.892 4463.03 174.626 112.769 87.142 21.4049 4288.4 357.409 197.873 3930.99 2736.51 279.977 88.5809 1194.48 2456.53 2069.52 54.9118 2014.61 1361.29 841.74 519.552 536.528
internal_count=49053 48855 511 267 141 48344 5950 42394 1944 40450 1466 913 715 164 38984 2235 1168 36749 25672 1937 577 11077 23735 20181 485 19696 13352 8386 4966 5495
is_linear=0
shrinkage=0.05


Tree=86
num_leaves=31
num_cat=0
split_feature=59 60 42 13 50 2 58 48 59 20 42 5 59 37 60 63 41 59 37 43 47 11 58 32 37 48 58 13 38 49
split_gain=5.99902 10.0417 18.1461 16.5814 15.1427 9.35122 21.931 13.2402 10.5898 11.8468 10.434 13.6618 14.8876 17.6364 15.6395 19.1685 15.32 17.0092 19.3746 15.433 12.67 17.1946 12.6419 12.9786 12.4128 12.4414 12.6549 11.5753 11.1389 13.9322
threshold=-0.0027304900919291023 0.050399242865506115 1.5445000000000002e-05 0.16878257743252745 -0.00066496408287888646 -0.0063661846401648408 0.0049611154837526554 -0.00068895063925580077 0.01536043669547585 0.013678703825701629 3.4095000000000012e-05 0.0032143566484003007 0.0042296563574359307 0.66959894709385348 0.53856124908963465 0.0054653433449167914 1.2300000000000003e-05 -0.0015268842226218613 0.05459647594596069 1.3771250000000108e-05 -0.00055446362848348991 -0.77390463547459776 0.0011662109842101392 12.500000000000002 0.11152210211889894 -0.00038650224747682028 -0.00023141819655921332 0.11821200914118367 0.27740863787375347 -0.0020331453068928806
decision_type=2 2 2 2 2 2 2 2 2 2 2 2 2 2 2 2 2 2 2 2 2 2 2 2 2 2 2 2 2 2
left_child=1 2 3 4 -1 6 -2 8 -7 -10 11 12 14 -14 15 16 17 18 -9 -18 21 -19 23 28 -21 26 -26 -20 29 -13
right_child=5 -3 -4 -5 -6 7 -8 10 9 -11 -12 22 13 -15 -16 -17 19 20 27 24 -22 -23 -24 -25 25 -27 -28 -29 -30 -31
leaf_value=0.14220305744380032 0.011440549110852372 -0.0016716416815335108 -0.024210494256464276 -0.035661746694828571 0.0083556818163517312 -0.0151243614600095 -0.018023383817621402 0.11890914255799197 0.056193589010373995 -0.024907350273519938 0.0020699318124312777 0.026866439412310258 0.010330345483761803 0.075287048758757802 -0.033079770900100461 0.055712591217743017 0.094627349852767384 0.072192986217193264 -0.0407257056713533 -0.03017433836047935 -0.02999450438830863 -0.013217805309549843 -0.026477055431698229 0.052694427827104068 0.0089527603978538668 -0.016378245097123795 0.09493939977175278 0.060946763655503014 0.016146387630384895 -0.021687121351276064
leaf_weight=4.5397964045405379 436.66813946142793 1088.1475872881711 103.24360882863402 4.8918417207896701 3.953188855201005 205.02655701711774 73.835435766726732 4.8583041727542904 11.365605752915146 7.4573002941906443 2694.4617982394993 17.088377621024847 80.887870259582996 11.999914690852163 40.777858514338732 14.78734254837036 6.1951135322451583 7.712452068924903 6.979282118380068 13.056802026927469 80.239210613071918 24.972571521997452 109.9611382111907 9.2931825146079046 8.0362171493470669 9.5768466517329234 9.1519255489110947 4.6742477342486382 36.810161903500557 109.1211925111711
leaf_count=53 3416 12886 1244 56 51 1895 620 53 64 70 23134 147 538 80 412 103 53 80 88 131 784 254 955 82 77 90 85 48 327 1177
internal_value=-6.99276e-05 -0.00316608 -0.0171093 0.037666 0.0799018 0.000854528 0.00717911 -6.15534e-05 -0.0118292 0.0240628 0.000736529 -0.00519043 0.00181684 0.0187219 -0.00498036 0.00104273 -0.0035649 -0.0123744 0.0350258 0.0212144 -0.0193053 0.00693597 -0.0132312 -0.00477835 0.00979344 0.029291 0.0547368 5.52693e-05 -0.00805467 -0.0151131
internal_weight=5239.77 1204.78 116.628 13.3848 8.49299 4034.99 510.504 3524.49 223.849 18.8229 3300.64 606.18 323.906 92.8878 231.018 190.24 175.453 129.436 16.5118 46.0169 112.924 32.685 282.274 172.313 39.8218 26.765 17.1881 11.6535 163.02 126.21
internal_count=49053 14290 1404 160 104 34763 4036 30727 2029 134 28698 5564 2876 618 2258 1846 1743 1307 189 436 1118 334 2688 1733 383 252 162 136 1651 1324
is_linear=0
shrinkage=0.05


Tree=87
num_leaves=31
num_cat=0
split_feature=51 58 59 19 5 15 16 38 21 50 15 59 42 5 59 18 45 32 14 4 63 62 15 13 32 3 21 5 53 13
split_gain=5.89512 10.9766 13.4212 12.1141 12.6899 9.08111 8.99106 8.9336 14.7181 11.1199 14.9189 13.8078 15.7844 11.5292 16.0774 16.2683 17.9845 11.1482 9.22641 9.78255 8.96222 17.6974 9.61162 16.4472 8.77404 8.71448 12.5052 9.75643 8.95001 9.42551
threshold=-1.0000000180025095e-35 -0.00070488703101406584 -0.0020479947464428993 0.0046405320649425272 0.0084881685617739944 0.62254524451288507 0.79166666666664287 0.26717366751374599 0.0048993609791289109 0.002218051024147663 0.067056138438476562 -0.0027304900919291023 1.3325000000000002e-05 0.0024444908421409448 -0.0018406667795325736 0.0050085447107349242 -0.00032529195859080804 1.5000000000000002 0.33160454679816115 0.91250000000000153 0.0015074563129713564 0.0086598679658003563 0.41772151898733489 0.10187762580074303 13.500000000000002 0.0019627437719426698 0.00053186010194571814 0.0022871609347126635 -0.00083516829333406381 0.018127105292970912
decision_type=2 2 2 2 2 2 2 2 2 2 2 2 2 2 2 2 2 2 2 2 2 2 2 2 2 2 2 2 2 2
left_child=7 2 -2 4 -4 6 25 20 9 10 18 12 -12 24 15 -15 -17 -16 19 -9 -1 22 -22 -24 -13 26 27 -3 -28 -30
right_child=1 5 3 -5 -6 -7 -8 8 -10 -11 11 13 -14 14 17 16 -18 -19 -20 -21 21 -23 23 -25 -26 -27 28 -29 29 -31
leaf_value=-0.0011780297215353763 -0.0327469656211299 -0.04148688129018327 -0.002791694961531106 -0.019314202089851767 0.050083977330891219 -0.011286155217711299 -0.02729346067012639 0.080152796390307812 0.067907764683374713 -0.0086544909085285449 0.047472760790703381 0.010016034674935226 -0.0040014173976708634 0.11497497342141419 -0.0021196708868768308 -0.0018405550005764978 0.094216719571412422 0.027563834450222126 -0.013588078537235995 -0.013477341990170736 0.014312428706824962 -0.028583532466269518 0.0062872132972758652 0.098064058125485257 -0.038950394776400055 0.00073018985927418339 0.10037873880840353 0.045407290274867153 0.069819366065656377 0.001593295890073552
leaf_weight=1530.7475897017866 49.178346067667007 9.8908469155430776 390.37495727092028 120.74545785784721 11.68684398382902 167.08436508476734 28.09726869314909 5.7255431823432428 9.6749486550688726 110.88276824913919 16.559949595481157 73.782351147383451 147.97396724671125 9.2417974993586558 42.437469121068716 12.663470465689899 7.9205171540379515 124.21938233077526 92.314573857933283 5.4406124725937843 74.955633379518986 20.705293945968151 9.4533228725194949 10.094304054975508 10.443214036524294 2114.3239604495466 5.6246655583381679 4.7970746383070937 8.5349035672843474 12.441777698695658
leaf_count=16736 602 110 3721 1246 92 1441 256 52 58 997 162 635 1588 82 323 114 58 916 832 51 523 171 78 67 94 17755 49 46 80 118
internal_value=-6.99819e-05 -0.00156289 -0.00777472 -0.00542568 -0.00125474 -5.14508e-05 0.000808161 0.00181468 0.00668537 0.00578737 0.0087057 0.0126803 0.00117934 0.0194215 0.0260558 0.0598647 0.0351213 0.0200052 -0.00839562 0.0345323 -0.000165846 0.0132828 0.0224555 0.0536804 0.00394464 0.00117445 0.023924 -0.0131072 0.0443708 0.0293528
internal_weight=5238.02 2922.78 571.986 522.807 402.062 2350.79 2183.71 2315.24 669.281 659.606 548.723 445.242 164.534 280.708 196.483 29.8258 20.584 166.657 103.481 11.1662 1645.96 115.209 94.5033 19.5476 84.2256 2155.61 41.2893 14.6879 26.6013 20.9767
internal_count=49053 25516 5661 5059 3813 19855 18414 23537 5962 5904 4907 3972 1750 2222 1493 254 172 1239 935 103 17575 839 668 145 729 18158 403 156 247 198
is_linear=0
shrinkage=0.05


Tree=88
num_leaves=31
num_cat=0
split_feature=17 50 4 59 18 21 12 48 58 2 19 18 18 48 5 59 38 50 21 63 38 32 48 18 6 13 45 58 58 0
split_gain=5.92719 8.19052 12.8982 6.28196 12.168 7.67198 12.5657 13.1452 12.6919 12.9081 21.2234 11.1964 9.67741 9.08721 11.137 9.96301 8.2947 9.75533 7.6143 7.80718 9.77337 10.9023 8.58022 8.58384 7.51668 7.19512 10.8981 7.58402 12.7508 8.19621
threshold=0.39122811778255862 -0.00090383550363774443 1.1471428571428584 0.0073979957845853586 0.0034607974138220086 0.0015236743638308021 0.42934576129449642 0.00038892639814597436 0.0015775676989242566 0.0034134251656424662 0.0038520836673122992 0.011270280045536393 0.0048706233221700816 -0.00065662138036724391 0.006347499011752032 0.009333541729341947 0.13710007087570747 0.010391921282903969 0.0078879816458283982 0.02271896200263487 0.22182328284678163 2.5000000000000004 -0.00037666111459555974 0.0050677235768994871 7.5000000000000009 0.051855971278288303 -0.00027821942312022355 0.0005210340258493297 0.00010682493687389455 -0.0039845497218297726
decision_type=2 2 2 2 2 2 2 2 2 2 2 2 2 2 2 2 2 2 2 2 2 2 2 2 2 2 2 2 2 2
left_child=1 2 -1 18 -5 6 -6 8 9 11 -11 -8 -10 -14 15 -15 -7 -18 19 -2 22 -22 23 -21 -9 26 -20 28 -27 -29
right_child=3 -3 -4 4 5 16 7 24 12 10 -12 -13 13 14 -16 -17 17 -19 25 20 21 -23 -24 -25 -26 27 -28 29 -30 -31
leaf_value=0.080255702191419462 -0.00071720354239399151 -0.03781882539455899 -0.042790366199121979 0.04908588512310804 -0.01907433296193848 0.021490488294881045 -0.022899092642719214 0.018921695856510462 0.066089196640521541 0.055105332068973029 0.00030227574029147961 0.031973388095921505 0.068927613849624481 -0.028787288816726327 0.06612324807797193 0.020863672495112343 0.00053940199811303548 -0.021621246847537145 -0.014966662072457572 0.017560084467888946 0.030198487360010191 -0.020402756701539279 -0.0034767838970622433 0.081714571698653676 -0.041287410038884156 -0.021377696284773678 0.087120535848453848 0.0053725801348428739 0.077238324085771401 -0.039082141606109996
leaf_weight=4.3342712447047251 4154.1966258902103 22.346927460283041 4.1873689889907837 14.642178028821943 32.677216652780771 41.634817473590374 42.357591547071934 7.7094093486666706 17.042669594287872 28.524865336716175 46.408546611666679 11.910283163189886 9.8481218963861448 13.533280961215494 9.8579209819436056 39.867788560688496 504.44466292113066 55.084061682224274 7.3048801645636559 9.012292988598352 18.161714360117912 25.718549314886332 9.0181557983160001 12.37112597376108 15.822767227888106 10.060488190501927 4.071290407329796 13.367908287793396 4.8618026152253142 46.211444020271301
leaf_count=42 41215 289 61 67 312 305 253 45 82 171 335 66 50 78 53 202 3566 362 90 46 110 156 57 71 111 122 44 126 51 515
internal_value=-6.93039e-05 -0.0219143 0.0197932 6.02313e-05 0.00388149 0.00312654 0.010035 0.0139513 0.0177612 0.0077148 0.0211641 -0.0108561 0.0321596 0.02425 0.0172946 0.00828077 -4.01473e-05 -0.00164225 -0.000729259 -0.000429912 0.0156368 0.000540721 0.0374258 0.0546759 -0.0215622 -0.0154686 0.0215682 -0.021124 0.0107522 -0.0291078
internal_weight=5236.59 30.8686 8.52164 5205.72 891.366 876.724 275.56 242.883 219.351 129.201 74.9334 54.2679 90.1498 73.1071 63.259 53.4011 601.164 559.529 4314.36 4228.48 74.2818 43.8803 30.4016 21.3834 23.5322 85.8778 11.3762 74.5016 14.9223 59.5794
internal_count=49053 392 103 48661 6058 5991 1758 1446 1290 825 506 319 465 383 333 280 4233 3928 42603 41655 440 266 174 117 156 948 134 814 173 641
is_linear=0
shrinkage=0.05


Tree=89
num_leaves=31
num_cat=0
split_feature=1 12 50 59 18 42 53 44 48 2 37 62 48 18 50 17 59 59 42 42 15 1 45 50 59 13 64 37 60 51
split_gain=6.03357 9.61865 8.11366 9.63405 13.85 10.0028 9.10214 8.97673 8.88688 8.74336 19.5643 8.30743 7.80709 14.1659 8.902 7.71807 7.67225 13.2521 7.61337 15.1039 11.4756 10.3422 7.47907 11.7845 10.9877 13.6235 11.5648 13.9542 13.1485 10.8154
threshold=0.030094299470571292 2.6636766598736874 0.0078020953015880577 0.01536043669547585 0.0060051926229542892 1.5155000000000001e-05 0.0011408739624634769 1.5845858941950004e-05 -0.00070769683407497571 -0.0045037917074039835 0.079377090721082164 0.0080577897001315874 -0.0007787186136948371 0.0081770372194234064 -0.010898407416733575 1.9209776770314886 -0.010375813110932755 -0.0042147240647907105 8.7470000000000015e-05 4.3695000000000001e-05 0.41387329591019428 0.010264325754625625 -0.00051866674298189702 0.00028714283471652902 0.0013312766114956694 0.24887741542666333 0.51136433941465242 0.045179429778387785 0.5975835058944684 1.0000000180025095e-35
decision_type=2 2 2 2 2 2 2 2 2 2 2 2 2 2 2 2 2 2 2 2 2 2 2 2 2 2 2 2 2 2
left_child=2 -2 3 8 6 -6 -5 18 9 10 -1 -11 13 16 -14 -15 -12 -18 19 21 -21 -4 23 -10 25 -25 27 28 -26 -29
right_child=1 -3 7 4 5 -7 -8 -9 22 11 12 -13 14 15 -16 -17 17 -19 -20 20 -22 -23 -24 24 26 -27 -28 29 -30 -31
leaf_value=0.062053634569489417 -0.0016684140283109881 0.060279357868740224 0.018145866719943584 0.013478362463449975 0.056648765594099586 0.0014562684311065419 0.06596301272361331 0.033696264620350427 0.0076616027595277844 -0.018750450339278892 -0.020207886977059924 0.03164968828413714 0.046850253958862283 -0.029746152527610578 -0.022221420617709493 0.031248130093717765 0.10149723483630635 0.020704064074634959 -0.021773791717636465 0.0063111726517695787 0.072497289417282965 -0.043309445723406302 -0.00094566267190092737 -0.016438122192029999 0.019079265125690605 0.016601909132644626 -0.023493598045224919 0.019340262426981294 0.090838408419437411 -0.0032460161029211256
leaf_weight=11.927116010338066 15.094273552298548 10.713906221091746 9.6730951480567438 15.830311983823774 8.7566595003008825 131.3065868653357 17.275763608515263 10.857284985482691 742.37966629862785 158.82173257321119 5.6611991412937668 8.6197862699627859 5.0545716546475878 23.418615983799103 60.483344519510865 6.661830246448516 7.1786405518651071 17.323855910450217 104.20126254856586 30.055344216525555 8.3737208209931833 23.42355278506875 3249.7548291329294 180.21829678490758 25.45718514546752 37.731779202818871 34.938457369804382 73.404743734747171 8.5199730060994607 190.69083102792501
leaf_count=113 129 62 77 77 63 940 80 75 7092 1653 78 70 42 247 613 42 81 137 789 197 56 207 30805 2240 200 389 275 585 69 1570
internal_value=-6.76467e-05 0.0240483 -0.000187153 0.00019327 0.0117815 0.00490687 0.0408665 -0.0104252 -0.000220638 -0.00848047 0.000852119 -0.0161559 -0.00495123 0.00804131 -0.0168943 -0.0162379 0.0322535 0.0443745 -0.0131513 -0.000589688 0.0207332 -0.025348 0.000334158 0.00354994 -0.00199022 -0.0107182 0.00372209 0.00691216 0.0370733 0.00303179
internal_weight=5233.81 25.8082 5208 5021.42 173.169 140.063 33.1061 186.584 4848.25 305.151 137.709 167.442 125.782 60.2441 65.5379 30.0804 30.1637 24.5025 175.727 71.5257 38.4291 33.0966 4543.1 1293.34 550.961 217.95 333.011 298.073 33.9772 264.096
internal_count=49053 191 48862 47461 1160 1003 157 1401 46301 3076 1353 1723 1240 585 655 289 296 218 1326 537 253 284 43225 12420 5328 2629 2699 2424 269 2155
is_linear=0
shrinkage=0.05


Tree=90
num_leaves=31
num_cat=0
split_feature=18 5 5 13 59 63 41 41 21 4 58 43 47 51 7 62 3 3 38 41 5 62 11 38 47 9 42 59 47 20
split_gain=5.80991 6.21915 6.48629 9.91695 6.15419 11.0725 9.50183 14.472 11.3122 21.2762 11.7131 10.7285 13.8142 9.40107 12.4228 26.275 13.3539 11.7253 13.2377 12.6265 20.709 17.4937 12.8104 12.9222 14.5737 16.5587 25.6472 12.0738 11.5431 11.5183
threshold=0.0022686850227956958 0.0013205436352773344 0.0015137064953490707 0.15320368191962011 -0.0071845546946504883 -0.021029265674987634 1.4945000000000002e-05 9.8255000000000014e-05 -0.0048746565210627283 0.77571428571428991 -0.003514133181772139 -7.0362499999999676e-06 -0.00050571283444476899 1.0000000180025095e-35 1.0000000180025095e-35 -0.0013642337895814034 0.0035157494905986059 0.0049373734567200378 0.23933824665492379 5.7170000000000003e-05 0.0017026571149845926 0.0072488305723279614 -0.82111635860083954 0.29761904761904762 -0.00042915192116110601 1.0000000180025095e-35 2.3255000000000004e-05 -0.0023478264657698753 -0.00057479403126336874 -0.0079456961207433896
decision_type=2 2 2 2 2 2 2 2 2 2 2 2 2 2 2 2 2 2 2 2 2 2 2 2 2 2 2 2 2 2
left_child=-1 -2 3 -3 6 -6 8 -8 9 -4 11 -11 -13 14 15 28 -17 18 27 22 -21 -22 23 24 25 26 -20 -16 -7 -29
right_child=1 2 4 -5 5 13 7 -9 -10 10 -12 12 -14 -15 17 16 -18 -19 19 20 21 -23 -24 -25 -26 -27 -28 29 -30 -31
leaf_value=-0.031418140605257251 0.032459390012597449 -0.034881302087167734 0.109797843849841 0.031254850364659581 -0.025107385351236095 0.0060551487088937829 -0.024216741419547952 -0.0019783611978311214 -0.0090781291116424252 0.012029012177003395 -0.015960479544548403 0.023640214768432546 0.13545657165209865 -0.00095367559713193739 -0.023483222046029033 0.041382531447238989 0.0039883892742022071 0.0058844898773642781 0.12785098015455174 0.093854301013546887 0.0053196952629036218 0.066914347279564565 -0.012767182145410717 -0.016562263523975617 -0.033042265229308587 0.12392351436703526 0.0001058819573566935 0.03784031052224552 0.083909461290449905 -0.0062890982206220206
leaf_weight=14.735535707324741 14.735015615820883 27.994675785303116 5.6811340637505046 7.1071322970092288 41.410561490803957 6.4728728123009232 119.4198258984834 188.84900540299714 86.794717013835907 45.875318417325616 29.069963959977031 7.3789049629122019 4.4148358628153783 2809.8171158470213 108.40154561027884 27.298521898686886 190.36325949430466 881.99441906437278 5.1318507939577165 7.8108479529619208 140.19274631142616 12.560309279710053 136.09296539798379 19.400756411254406 6.4832384735345832 5.9801055230200282 16.764242332428694 15.802451040595768 18.002104111015797 230.05191080644727
leaf_count=198 106 264 64 57 504 58 1670 2472 1050 506 368 86 52 24308 1491 290 1737 7653 55 69 1326 104 1361 187 71 55 186 153 141 2411
internal_value=-6.65681e-05 2.19792e-05 -6.98911e-05 -0.0214906 7.5615e-05 0.000632506 -0.00527075 -0.0105933 0.00388452 0.0160582 0.00991851 0.0229637 0.0654972 0.000862295 0.00365239 0.0142013 0.00867826 0.00204255 -0.00276616 0.00412431 0.0144449 0.0103844 -0.0046041 0.0160606 0.0344808 0.0501849 0.0300459 -0.00958196 0.0633194 -0.00345265
internal_weight=5232.09 5217.35 5202.62 35.1018 5167.52 4680.03 487.484 308.269 179.215 92.4202 86.739 57.6691 11.7937 4638.62 1828.8 242.137 217.662 1586.67 704.673 350.417 160.564 152.753 189.853 53.7602 34.3594 27.8762 21.8961 354.256 24.475 245.854
internal_count=49053 48855 48749 321 48428 42160 6268 4142 2126 1076 1012 644 138 41656 17348 2226 2027 15122 7469 3414 1499 1430 1915 554 367 296 241 4055 199 2564
is_linear=0
shrinkage=0.05


Tree=91
num_leaves=31
num_cat=0
split_feature=6 6 53 14 7 4 5 59 60 50 59 59 58 5 5 49 11 54 60 37 16 6 1 48 48 1 48 60 12 59
split_gain=5.81386 12.0835 10.4298 11.5448 9.37975 11.173 11.1529 11.7212 11.9489 11.185 9.8747 17.1734 12.3399 11.7131 11.0505 9.61492 11.6305 10.1167 12.3723 13.4813 10.1509 9.68114 11.6517 13.8217 13.088 10.2684 11.9744 9.70245 9.28841 9.11693
threshold=15.500000000000002 12.500000000000002 -0.00086144089271583115 0.74567719752841055 5.5000000000000009 0.65928571428571725 0.0024444908421409448 -0.0091213094159296165 0.15271637619738218 5.2116151109604546e-05 0.00079271975652838312 -0.00096498579016961151 0.00062859520055519747 0.0021173304745915078 0.0026750782680511585 -0.0033307039719148186 -1.0382601302793069 -0.0017630131675150196 0.23109658916106604 0.66317358224174627 0.10655737704918837 22.500000000000004 0.0075304399931719309 6.9301595848358669e-05 -0.00029242209570379192 -0.0085294503468178375 -0.00041319539687287066 0.20219474740883966 0.33791109596708763 0.026721717344316647
decision_type=2 2 2 2 2 2 2 2 2 2 2 2 2 2 2 2 2 2 2 2 2 2 2 2 2 2 2 2 2 2
left_child=1 2 3 -1 15 10 -7 -8 9 -9 11 14 -12 -13 -6 -2 17 18 -17 20 -20 -18 23 24 25 -23 -27 -28 -22 -4
right_child=4 -3 29 -5 5 6 7 8 -10 -11 12 13 -14 -15 -16 16 21 -19 19 -21 28 22 -24 -25 -26 26 27 -29 -30 -31
leaf_value=0.0061129388454101135 0.0098168968739001747 0.0064975967230215641 -0.0030825138673591605 -0.0070158827612557921 -0.023696053043647337 -0.027075305518930087 -0.034859043140943069 0.012473877331931761 0.016823768209252667 -0.042521057155729861 -0.026260615044666966 0.036993960486887821 0.047337522122394469 0.13019491924827822 0.071413057369052485 -0.026061463146368948 -0.0094771249244588966 -0.00034436536310717179 0.0016842392540421807 -0.023824526042157804 0.03518648025338441 0.066350261063893676 -0.040215675023627245 0.065857265531955284 -0.034566229312839085 -0.0024249148778553603 0.09688767433291201 0.018961717436477152 0.10466285938080062 0.038023239990409761
leaf_weight=838.19269381463528 110.00371858477592 791.1732370108366 1802.4878486730158 209.24812725186348 9.1395898275077361 30.393562600016594 16.263919685035944 18.227117795497179 128.64778983592987 18.762800116091967 14.133869584649803 6.2333794236183149 9.5391882807016355 7.3414322175085545 4.5867362208664408 8.2428799010813218 899.58966428972781 122.14803687855601 6.0299919731915059 6.1612984947860232 8.2340294420719164 7.8799124397337428 13.137040782719849 9.9391448087990266 18.170925732702017 72.491561233997345 5.6710683554410961 13.51104376837611 11.57095919921994 13.590820625424383
leaf_count=7559 1030 6132 17083 1857 100 276 207 168 1088 171 108 51 65 59 43 92 9614 1450 68 77 98 65 137 95 202 778 46 145 116 73
internal_value=-6.66528e-05 0.00102801 -0.000483205 0.00349018 -0.00260506 0.00600838 0.000961066 0.0056456 0.00962274 -0.0154218 0.0270292 0.0475217 0.00339616 0.0873982 0.00808524 -0.00433242 -0.00562649 0.00681862 0.0285622 0.0426344 0.058484 -0.00756896 0.00462247 0.00923647 0.00445614 0.0115787 0.00687071 0.042 0.0757777 -0.00277489
internal_weight=5230.74 3654.69 2863.52 1047.44 1576.05 263.269 212.295 181.902 165.638 36.9899 50.9742 27.3011 23.6731 13.5748 13.7263 1312.78 1202.78 162.387 40.2392 31.9963 25.835 1040.39 140.801 127.664 117.725 99.5536 91.6737 19.1821 19.805 1816.08
internal_count=49053 32704 26572 9416 16349 2336 1910 1634 1427 339 426 253 173 110 143 14013 12983 1901 451 359 282 11082 1468 1331 1236 1034 969 191 214 17156
is_linear=0
shrinkage=0.05


Tree=92
num_leaves=31
num_cat=0
split_feature=37 50 37 48 47 47 13 15 50 58 3 62 29 50 53 56 19 15 58 5 48 13 16 30 3 44 49 34 42 42
split_gain=5.87867 13.9 11.1823 13.9821 12.8571 12.4432 11.7084 10.623 11.1869 11.0933 10.7754 10.576 10.7315 13.5369 10.4861 11.872 12.7853 18.2476 14.5195 12.916 10.4007 9.49556 9.4827 9.32881 21.7887 9.3083 9.16004 8.90712 10.0871 13.5289
threshold=0.32626361402779652 -0.0053575658580441539 0.28289767225404922 -0.00034801849103897414 -0.00037254004145143401 0.0012277700063795876 0.043197010823438985 0.022079135521610057 -0.0057255857839776355 0.0076987594233824692 0.007048774490962491 0.012789229851504066 1.0000000180025095e-35 0.00082123915956929764 8.5528662770253052e-05 1.8735292434053037 0.0079657496457589891 0.32151830581478952 -0.001430078977644878 0.0026492915734235216 -0.00054989022162113793 0.035535796909760393 0.2906976744186025 1.0000000180025095e-35 0.002530175300584058 4.2662500000000807e-05 -0.0037263112420070745 1.0117301192670831 5.1145000000000006e-05 5.5830000000000006e-05
decision_type=2 2 2 2 2 2 2 2 2 2 2 2 2 2 2 2 2 2 2 2 2 2 2 2 2 2 2 2 2 2
left_child=1 7 3 4 14 6 -5 -1 9 10 -9 12 -6 -14 23 -16 17 18 -17 -20 -12 -2 -10 -3 -25 -23 -8 28 -4 -30
right_child=21 2 27 5 11 -7 26 8 22 -11 20 -13 13 -15 15 16 -18 -19 19 -21 -22 25 -24 24 -26 -27 -28 -29 29 -31
leaf_value=-0.031034388737848639 -0.014573030009625128 0.0063210471712341031 -0.0075299758455813111 0.0030475247071475209 0.0065428707127601782 0.064743573953896946 0.034300159392467798 -0.0056778009835321674 0.028299442884187728 -0.035645669367352292 0.00053492427723753468 0.060651926962860585 0.09863603189800324 0.019243331695218042 -0.0062293917256450839 -0.0033170818459520046 -0.042635675771655474 -0.01098310922200614 0.039654019986609335 0.12186001563733651 0.049702645308816844 -0.00053286900607564644 0.10295500878280613 0.062861764034646397 -0.023742924641594141 -0.01942343248083428 -0.012526300792829341 0.041020771375529723 0.087175711412209866 0.012038969221537006
leaf_weight=9.7418182380497438 137.48319281823933 633.4282429292798 72.451958920806646 200.2396463342011 251.95763498917222 6.0920307375490657 10.692273031920193 23.435232128947973 9.9745852202177065 9.227036524564026 15.258487239480017 10.638406831771134 7.1004273369908359 22.018501680344343 619.65475344285369 7.715121969580653 7.2950498685240737 17.48501381278038 10.272418797016146 8.9335098713636381 36.448798425495625 2331.1012496370822 7.4159238822758189 8.2706847563385946 59.581018947064877 67.087721994146705 449.23574469983578 22.269056372344494 6.2393464967608443 150.4944861959666
leaf_count=76 1636 5911 704 1959 2309 59 78 202 77 68 117 88 60 185 5947 67 51 139 77 62 253 22107 57 84 558 636 3873 166 66 1381
internal_value=-6.60631e-05 0.00156051 0.000814109 -0.000266697 0.00218361 -0.00638769 -0.00704409 0.018845 0.0236201 0.0160935 0.0224467 0.0117163 0.00986419 0.0386026 0.000157696 -0.00430882 0.0187098 0.0287877 0.0546185 0.0778916 0.0351936 -0.00179392 0.0601352 0.00443362 -0.0131864 -0.00106132 -0.0114377 0.0108316 0.00789821 0.0150301
internal_weight=5229.24 2693.57 2582.07 2330.61 1664.35 666.26 660.168 111.502 101.76 84.3696 75.1425 291.715 281.077 29.1189 1372.64 671.356 51.7011 44.4061 26.9211 19.2059 51.7073 2535.67 17.3905 701.28 67.8517 2398.19 459.928 251.455 229.186 156.734
internal_count=49053 24674 23824 21507 15538 5969 5910 850 774 640 572 2642 2554 245 12896 6343 396 345 206 139 370 24379 134 6553 642 22743 3951 2317 2151 1447
is_linear=0
shrinkage=0.05


Tree=93
num_leaves=31
num_cat=0
split_feature=18 60 19 0 60 50 64 37 4 20 5 21 6 47 38 60 3 38 48 60 38 18 18 4 21 37 19 13 15 37
split_gain=5.83695 10.6123 9.69658 7.52977 9.92289 10.0253 9.46888 9.24028 8.18984 7.97773 8.54847 12.6389 8.62597 8.0654 10.5067 10.8983 11.1531 10.3641 9.73578 9.29243 18.1979 17.8946 12.6894 10.9664 12.4007 12.9702 15.7486 9.12077 9.71967 8.83018
threshold=0.017558451002752926 0.53024085023644629 -0.016647246366172628 0.0063574752859912329 0.074964507892133395 0.0069940800517390407 0.54128445558727567 0.7085515068517686 1.7271428571428589 0.017154043348192496 0.0097994594216513024 -0.005362547627157978 11.500000000000002 0.0007661951180532369 0.36359749900578786 0.3613220748611024 0.0037436007827404663 0.16502075462466445 0.00014774745444801244 0.22818230568497719 0.28432962761861863 0.0075814186166936566 0.0051692801971313833 0.97714285714285876 -0.0024638773509202522 0.28555426421420943 0.0011967527875525017 0.03977948710821768 0.18641030314074092 0.72161195601887351
decision_type=2 2 2 2 2 2 2 2 2 2 2 2 2 2 2 2 2 2 2 2 2 2 2 2 2 2 2 2 2 2
left_child=3 -2 -3 9 -5 6 -6 -7 -8 10 13 12 -12 18 15 -15 -17 -18 -1 20 -20 23 -22 -21 -25 27 -27 -26 -29 -23
right_child=1 2 -4 4 5 7 8 -9 -10 -11 11 -13 -14 14 -16 16 17 -19 19 21 22 29 -24 24 25 26 -28 28 -30 -31
leaf_value=-0.00044865877889898367 0.040128817768666745 0.011631189124409738 -0.037549663133412625 -0.024077402975868249 0.020088215407065641 -0.021437519051607637 0.0092420260413967441 0.012230003952227233 -0.045219865167953642 -0.014866408829488562 0.019903315341413041 0.036241640087842079 -0.057315172583301911 -0.028826112899829177 0.058647158546440731 0.069533564761940378 0.063274773528202946 -0.011565010091175186 -0.015122404760689621 -0.020346530247955314 0.085145108691068297 0.011530271741763638 0.0084143469432652381 -0.00935464147938617 0.075536563747959529 0.13071228866798087 0.047027744550959677 0.052146980938189418 -0.020213707742336919 -0.031391658079458117
leaf_weight=4345.4678205084056 7.3790860772132865 13.804878260940312 36.577051557600498 22.951819129288197 181.8946281708777 41.338983792811632 19.337691184133295 40.196785468608141 10.734832309186457 93.163348324596882 7.1617566980421525 35.994921248406172 7.306244196370244 67.779128402471542 5.1287762597203246 5.1726006567478171 4.9651386924087992 67.730799207463861 66.482574429363012 7.4048008732497683 8.4485463201999682 41.094061616808176 14.874681677669285 9.1374833099544031 7.8451348580420044 9.5221744477748889 13.725911188870667 8.2386080771684664 10.626584503799675 16.914760304614902
leaf_count=41237 62 106 411 185 1493 294 150 275 99 871 58 330 88 675 36 60 56 644 625 63 61 373 114 95 74 77 112 58 79 192
internal_value=-6.54458e-05 -0.0158719 -0.0240739 0.000111127 0.00758406 0.01006 0.0157913 -0.00483957 -0.010199 -0.000376049 -9.25031e-05 0.0203773 -0.0190915 -0.000311791 -0.0116894 -0.0141662 -0.00140583 -0.00645345 6.4429e-05 0.0104678 -0.00179123 0.01931 0.0362091 0.0370137 0.044201 0.0539964 0.0813041 0.0302284 0.0113869 -0.00098531
internal_weight=5228.4 57.761 50.3819 5170.64 316.455 293.503 211.967 81.5358 30.0725 4854.19 4761.02 50.4629 14.468 4710.56 150.776 145.648 77.8685 72.6959 4559.78 214.315 89.8058 124.51 23.3232 66.5007 59.0959 49.9584 23.2481 26.7103 18.8652 58.0088
internal_count=49053 579 517 48474 2496 2311 1742 569 249 45978 45107 476 146 44631 1471 1435 760 700 43160 1923 800 1123 175 558 495 400 189 211 137 565
is_linear=0
shrinkage=0.05


Tree=94
num_leaves=31
num_cat=0
split_feature=15 62 59 20 41 5 37 15 21 53 52 38 42 3 53 49 5 20 60 7 60 58 60 10 19 49 37 0 50 60
split_gain=5.45972 6.48956 6.02426 10.3243 13.4067 9.5842 10.8027 11.3761 9.22259 8.60884 9.43281 8.31298 10.0946 8.69849 11.2387 9.00503 8.37223 8.44851 7.98098 10.9606 7.89111 7.74873 7.30524 7.22313 6.75293 8.67075 12.083 6.60923 10.0199 9.25949
threshold=0.71875000000000699 0.0024674340370566266 -0.015943980570770767 -0.021688747913317565 2.7090000000000003e-05 0.0064247512353298036 0.99330565870884213 0.31890304847575207 -0.0079269204968822043 -0.003835131086442982 0.2901473860532271 0.18575888334761828 2.6615000000000005e-05 0.007422810608629646 0.0028822302217861415 0.0019088982466539605 0.005492121900868399 -0.016094449959863543 0.30506789331586737 1.0000000180025095e-35 0.63343001636228957 -0.006046150357126045 0.77673918231365591 1.0000000180025095e-35 -0.0053936627779670645 -0.0038773697254183659 0.74770564623654379 0.0063574752859912329 0.0069940800517390407 0.062817784752523989
decision_type=2 2 2 2 2 2 2 2 2 2 2 2 2 2 2 2 2 2 2 2 2 2 2 2 2 2 2 2 2 2
left_child=2 -2 5 4 22 21 7 -7 11 -9 -11 13 -13 14 16 -15 17 -5 -6 -20 -17 24 -4 -19 25 -1 -27 -10 29 -29
right_child=1 -3 3 8 18 6 -8 9 27 10 -12 12 -14 15 -16 20 -18 23 19 -21 -22 -23 -24 -25 -26 26 -28 28 -30 -31
leaf_value=-0.030121335576857779 -0.0060549367966833438 -0.041168768343627302 0.022794314589736891 0.10361104252660783 -0.038444324847909467 0.00045202173595916328 -0.025540917620942617 0.10994252427363134 6.2540442344124689e-05 -0.017051606559324035 0.083965420882098629 0.019535767311758254 -0.043816544978188876 -0.043173133613719564 -0.056668353308077707 0.056224161414929412 -0.017745850556174333 -0.014730106359609616 -0.034668261176747393 0.034186683862857732 -0.028374130678219863 -0.03613105976592508 0.076806395405456265 0.074876210272573768 -0.05397247634768873 0.086543010289765021 -0.016782735312099079 -0.021106537418086171 -0.0068979575620462781 0.016499749608622404
leaf_weight=7.1278048865497157 135.32061014510691 14.575554084032772 12.90905335173011 5.5444772243499783 9.2773075737059099 33.122751833871007 22.69412580691278 4.6332685798406592 4482.7331325989217 5.3373531624674779 4.0756081789731979 7.7283711768686763 33.734794557094574 17.405906558036808 3.9807752445340148 5.5988185182213766 5.4271963648498049 5.0328236706554907 8.0270382836461085 20.643650092184544 5.4296917859464884 43.539016721770167 12.154722403734921 4.0659034550189972 4.6925335507839909 6.3002722710371017 5.1359871309250593 17.835965055972338 84.436384677886963 198.93300791084766
leaf_count=68 1281 138 97 68 86 335 239 39 41929 89 30 88 414 216 59 55 89 78 78 154 73 694 84 47 79 77 72 149 585 1563
internal_value=-6.46817e-05 -0.00946932 0.000212956 0.00049938 0.020609 -0.0101427 0.00280458 0.0164423 0.000239608 0.0541493 0.0266866 -0.0152745 -0.0320082 -0.00205506 0.0200772 -0.0207756 0.035299 0.0549589 0.00186557 0.0149091 0.0145737 -0.0236846 0.0489876 0.0253118 -0.000383463 0.0131625 0.0401398 0.00054428 0.00771384 0.0134055
internal_weight=5227.45 149.896 5077.56 4940.9 63.0118 136.659 69.8631 47.169 4877.89 14.0462 9.41296 93.9488 41.4632 52.4856 24.0512 28.4344 20.0704 14.6432 37.948 28.6707 11.0285 66.7956 25.0638 9.09873 23.2566 18.5641 11.4363 4783.94 301.205 216.769
internal_count=49053 1419 47634 45912 499 1722 732 493 45413 158 119 1187 502 685 341 344 282 193 318 232 128 990 181 125 296 217 149 44226 2297 1712
is_linear=0
shrinkage=0.05


Tree=95
num_leaves=31
num_cat=0
split_feature=28 59 18 51 18 6 58 4 6 4 59 6 38 18 50 3 47 4 58 20 43 60 60 18 7 59 38 42 54 20
split_gain=5.54379 6.00164 10.8047 7.55089 11.3529 12.4947 9.46653 11.0892 14.3193 18.0084 17.183 15.7207 19.5234 22.6994 20.5119 19.4783 18.5388 15.1264 13.8308 22.3452 11.2886 12.0385 28.3705 17.6074 13.34 12.9609 18.1743 24.9564 12.8435 13.0182
threshold=-0.43889469904176287 0.0073979957845853586 0.0034607974138220086 -1.0000000180025095e-35 0.0082868378180229983 22.500000000000004 -0.00038562509407054807 1.0692857142857195 21.500000000000004 1.3421428571428553 0.0012254960267705927 13.500000000000002 0.24370861491738546 0.0067508123879338666 0.0020422147265197858 0.007373765664655637 -0.0006028176784726682 1.1471428571428584 0.0005210340258493297 0.0067165852560302714 0.00012000750000000004 0.75600204378310831 0.73200406926927253 0.0039415349383212263 1.5000000000000002 -0.0012579992712096067 0.18757960110973185 5.1545000000000009e-05 0.00071865899735299148 0.0050931659028768976
decision_type=2 2 2 2 2 2 2 2 2 2 2 2 2 2 2 2 2 2 2 2 2 2 2 2 2 2 2 2 2 2
left_child=-1 3 -3 -2 6 -6 -5 20 11 10 -10 12 -9 17 15 -15 -13 -14 19 -18 21 22 25 24 -23 26 27 -8 29 -27
right_child=1 2 -4 4 5 -7 7 8 9 -11 -12 16 13 14 -16 -17 18 -19 -20 -21 -22 23 -24 -25 -26 28 -28 -29 -30 -31
leaf_value=-0.015001898430622416 0.0013905982557144096 0.046213929403250288 0.0031460242534566019 -0.008188452439071894 -0.017046171209798133 0.046145626869606923 0.09976931498153456 0.0019012736844576 0.015415890199169946 -0.02175427585298963 0.11430620776868124 0.047475147051936804 0.053846263575915369 0.13264874199700555 -0.00067063102833076036 0.040417521382169141 -0.015835365762393177 -0.0086453619300473229 -0.02094588931491485 0.10293620402731694 -0.04690882690100287 -0.0042418044291715525 0.074476447430949749 -0.021525120235603278 0.070093697253406653 0.0035611722654091196 -0.022901799630892828 -0.012128053041896871 -0.0049258116824981903 0.025698143444364104
leaf_weight=61.378657212480903 2192.0419953390956 14.811439469456671 867.44637136906385 427.05977443233132 184.6475193630904 8.1685531921684724 7.6417795792222032 126.35899814963341 7.7765271887183252 7.3379091434180728 10.094992101192473 13.546106349676846 14.15283817052841 12.611942358314996 8.3465877994894964 10.482312001287935 10.837240092456343 30.664459533989429 105.2248984798789 6.2403053790330878 13.953519638627766 16.126415282487873 12.792326889932154 134.90141859650612 9.6450485698878747 338.62939948216081 113.00357174128294 14.321084883064032 363.42746672779322 82.616529781371355
leaf_count=682 22557 67 5936 4417 1917 80 84 1187 99 86 85 124 112 98 65 69 108 245 1046 61 133 140 104 1332 85 2896 1305 168 3109 656
internal_value=-6.36623e-05 0.00011386 0.00386905 -0.000659737 -0.00280955 -0.0143691 -0.0016351 0.000267809 0.0078428 0.0441966 0.0712755 0.00513512 0.0139586 0.0339374 0.0665068 0.0907857 -0.008025 0.0110888 -0.0141721 0.0275649 -0.00222062 -0.00165017 0.000527978 -0.0142906 0.0235785 -0.000500656 -0.014813 0.0268056 0.00196111 0.00790277
internal_weight=5226.29 5164.91 882.258 4282.65 2090.61 192.816 1897.79 1470.73 363.675 25.2094 17.8715 338.466 202.617 76.2581 31.4408 23.0943 135.849 44.8173 122.302 17.0775 1107.06 1093.11 932.432 160.673 25.7715 919.64 134.966 21.9629 784.673 421.246
internal_count=49053 48371 6003 42368 19811 1997 17814 13397 3385 270 184 3115 1776 589 232 167 1339 357 1215 169 10012 9879 8322 1557 225 8218 1557 252 6661 3552
is_linear=0
shrinkage=0.05


Tree=96
num_leaves=31
num_cat=0
split_feature=37 50 1 58 17 37 48 13 42 15 36 48 45 37 59 5 2 12 19 6 59 37 4 58 56 5 21 19 51 1
split_gain=5.42083 12.2683 10.4589 10.9085 10.3762 9.80075 12.5472 9.87537 10.7411 9.66547 10.1672 10.5424 18.2999 14.9945 8.87539 13.2687 11.9647 11.763 11.5114 16.5325 16.2777 11.7933 10.9639 12.0386 10.9033 11.1363 13.1925 13.0212 10.8939 13.3884
threshold=0.32626361402779652 -0.0053575658580441539 -0.0018123642162809939 0.0084443228413062978 0.57417605662129934 0.28289767225404922 -0.00034801849103897414 0.043197010823438985 1.0835000000000002e-05 0.022079135521610057 1.5830099771362727 -0.00057422258883329852 -0.00045902734257270006 0.072166336511976584 -0.0066482548875867924 0.006347499011752032 -0.0073148541134221909 0.49647014331488087 -0.0014289646879062062 16.500000000000004 0.0030608604521381354 0.5755209974201605 0.70571428571428851 -0.0012247249915723402 2.9688454491241418 0.0027748060829525011 -0.0020424826947515154 -0.0042594321790640332 1.0000000180025095e-35 -0.0072961101078049062
decision_type=2 2 2 2 2 2 2 2 2 2 2 2 2 2 2 2 2 2 2 2 2 2 2 2 2 2 2 2 2 2
left_child=1 2 3 9 -2 6 -3 8 -8 -1 11 -11 -13 -14 15 22 18 -17 21 20 -20 -16 23 -6 25 27 -27 -18 29 -28
right_child=4 5 -4 -5 14 -7 7 -9 -10 10 -12 12 13 -15 16 17 24 -19 19 -21 -22 -23 -24 -25 -26 26 28 -29 -30 -31
leaf_value=-0.035635890990759166 -0.011719567202771076 0.0020906741215691942 0.067532890722056135 -0.043673915580147743 0.084208277772932827 0.010130280216296663 0.06972989694409075 -0.010104585748821424 0.0011513540443114382 -0.024193578580940886 0.046578337321604296 0.070708367372452702 0.067979323885283369 -0.018987354141761639 0.017482479526863316 -0.052934181649917193 0.063269172029622775 0.0099349363732852605 0.10359659906936916 -0.016987775932252629 0.0055233497746859277 -0.0021828787755907085 -0.017265251582349983 -0.029278559182976911 0.02021535770009034 -0.0099394828173089492 -0.028555594831510257 -0.013302688854544061 -0.00041743333712723546 0.014968331767949192
leaf_weight=7.8061842396855345 235.55557781644166 1665.2944338805974 9.6120213754475099 7.8446506969630709 5.6446077674627304 253.39442159980536 5.8799726441502562 459.30640243366361 197.14853275194764 15.994910560548304 29.083045843988657 13.8032197728753 6.392453499138365 22.062604520469904 136.2634322270751 7.9838763084262601 5.6798835545778266 109.25413586944342 11.515899576246744 8.4717861413955671 6.6880747787654391 173.06874276697636 221.6208374928683 3.9876597896218282 57.449922721832991 270.03750188276172 19.147321186959743 246.6541215069592 782.91002257913351 228.84467539191246
leaf_count=64 3018 15538 74 57 63 2317 60 3983 1926 136 199 98 48 174 1133 167 49 1053 93 83 49 1386 3091 57 367 2764 152 2190 6631 2033
internal_value=-6.42412e-05 0.0014969 0.0176525 0.012997 -0.00172584 0.000792105 -0.000224484 -0.00604544 0.00313748 0.0176696 0.0224341 0.0103801 0.0234663 0.000549786 -0.000700197 -0.00804886 0.000615313 0.00565357 0.0091976 0.0407123 0.0675648 0.00647988 -0.0149956 0.0372259 -0.00117501 -0.00196616 -0.000101608 -0.0115791 0.00247535 0.0116079
internal_weight=5224.4 2693.62 112.599 102.987 2530.78 2581.02 2327.63 662.335 203.029 95.1424 87.3362 58.2532 42.2583 28.4551 2295.22 348.491 1946.73 117.238 336.008 26.6758 18.204 309.332 231.253 9.63227 1610.72 1553.27 1300.94 252.334 1030.9 247.992
internal_count=49053 24674 850 776 24379 23824 21507 5969 1986 719 655 456 320 222 21361 4431 16930 1220 2744 225 142 2519 3211 120 14186 13819 11580 2239 8816 2185
is_linear=0
shrinkage=0.05


Tree=97
num_leaves=31
num_cat=0
split_feature=18 60 19 0 60 64 49 6 6 12 37 13 21 0 42 62 47 38 53 0 0 0 37 39 13 32 11 37 47 49
split_gain=5.40594 9.51273 8.77239 5.76648 8.30506 8.0609 7.74284 9.37382 8.73431 12.0123 10.3187 11.1204 10.1854 9.18067 12.3231 8.66027 10.7335 10.4199 12.479 12.0036 14.1526 11.3034 10.373 10.3257 12.6855 14.7223 12.7217 10.3139 11.3334 19.62
threshold=0.017558451002752926 0.53024085023644629 -0.016647246366172628 0.0063574752859912329 0.074964507892133395 0.75893331030559918 0.00061602602459946915 1.5000000000000002 5.5000000000000009 0.23900339351506558 0.045179429778387785 0.048894059031449201 0.0029827332972701503 -0.0021516423326430893 3.7175000000000002e-05 0.016126120662499032 -0.00034458618566340682 0.17731316041181877 -0.0019776421854504306 -0.0027412848813482137 -0.0016807735755590008 0.00034541330728995583 0.56227679766302263 1.0000000180025095e-35 0.11569360691391135 12.500000000000002 -0.82834211769801736 0.25420178748983074 -0.00058379872534763803 -0.00098256823402590636
decision_type=2 2 2 2 2 2 2 2 2 2 2 2 2 2 2 2 2 2 2 2 2 2 2 2 2 2 2 2 2 2
left_child=3 -2 -3 6 -5 -6 7 15 9 -9 11 12 13 -11 -15 16 23 18 -18 22 -21 -22 -19 24 25 26 -1 28 -26 -30
right_child=1 2 -4 4 5 -7 -8 8 -10 10 -12 -13 -14 14 -16 -17 17 19 -20 20 21 -23 -24 -25 27 -27 -28 -29 29 -31
leaf_value=0.03164951051828651 0.036861826916227934 0.010152041277123346 -0.036646339856875619 -0.022776065732717832 0.011410255016879855 -0.017331538899349599 -0.0031734927671922767 0.066384550154520813 0.0014919679570585018 -0.041853478885822276 -0.0092485985526268282 -0.01749697003876146 0.070057952662456874 0.082776563729643413 0.0083236829002892986 -0.036540416054248008 0.04585199011148617 -0.015379183347764534 -0.0451016793208616 0.10188047053807373 0.00053319463765424588 0.05695842538143079 0.046563194386575441 -0.01510780109571979 0.0018608350175078666 0.052365300433668306 -0.017425364830418726 0.005723110872187743 0.11520733004617925 0.020624229584093143
leaf_weight=16.538418158888817 7.55292785167694 13.96963821351528 35.361939961090684 22.363834343850613 270.54681382700801 26.812323108315468 1598.0575625430793 5.7321652248501769 2418.9311801735312 6.4002609252929679 448.65328395366669 23.560715474188328 9.7321035899221879 6.9627794064581385 27.540964443236589 9.8842441961169225 6.0028065294027355 18.190451819449667 10.144174657762049 9.8418813571333867 14.78028156980872 22.217370845377445 10.754837751388548 50.120070472359657 8.9321979731321353 11.722452212125061 65.535478718578815 24.163361202925444 11.143845524638893 10.793411687016485
leaf_count=162 62 106 411 185 2095 216 14928 73 23166 65 4526 230 80 70 292 77 48 138 96 72 128 180 76 442 69 95 618 182 78 87
internal_value=-6.38849e-05 -0.0153935 -0.023394 0.000104912 0.00660869 0.00881866 -0.000324155 0.00107763 0.000219634 -0.0056029 -0.00639212 0.0108804 0.0240843 0.013146 0.0233481 0.00948608 0.0110501 0.0251794 -0.0112887 0.0329494 0.0485923 0.034417 0.00763597 0.00452109 0.0111314 -5.00772e-05 -0.00753646 0.0301887 0.0493394 0.0686712
internal_weight=5222.94 56.8845 49.3316 5166.06 319.723 297.359 4846.34 3248.28 2947.51 528.582 522.85 74.1968 50.6361 40.904 34.5037 300.765 290.881 91.9318 16.147 75.7848 46.8395 36.9977 28.9453 198.949 148.829 93.7963 82.0739 55.0328 30.8695 21.9373
internal_count=49053 579 517 48474 2496 2311 45978 31050 28502 5336 5263 737 507 427 362 2548 2471 738 144 594 380 308 214 1733 1291 875 780 416 234 165
is_linear=0
shrinkage=0.05


Tree=98
num_leaves=31
num_cat=0
split_feature=18 21 59 13 10 60 18 38 42 42 60 59 17 13 4 32 2 60 60 39 4 45 32 38 63 58 60 18 63 62
split_gain=5.39083 5.42635 8.59634 11.0285 8.47468 8.22994 7.65381 7.94318 9.36792 14.9952 17.9253 18.1042 15.05 13.6711 8.49959 14.2708 11.9393 7.03656 12.1235 11.1107 7.58514 6.90635 12.8736 9.87775 8.65694 9.49851 8.97874 11.5147 8.15967 9.96125
threshold=0.0022686850227956958 0.0063323519911614055 0.021715369853913535 0.38102806134835404 1.0000000180025095e-35 0.93221653818847816 0.004658335403726694 0.17660183116015213 3.0725000000000008e-05 5.4135000000000003e-05 0.77673918231365591 0.0091087303787671329 1.7525934122389089 0.17063156182296224 1.7628571428571445 3.5000000000000004 -0.0025919942682206764 0.74137562553313152 0.97524555310263905 1.0000000180025095e-35 1.3578571428571455 0.0007393663335219158 4.5000000000000009 0.34116626794258464 0.013920083257757737 0.0033062009018091972 0.49790449798196806 0.0079670601084353369 0.0069141893434967973 0.020317993885797244
decision_type=2 2 2 2 2 2 2 2 2 2 2 2 2 2 2 2 2 2 2 2 2 2 2 2 2 2 2 2 2 2
left_child=-1 2 21 4 -4 -6 -3 8 -8 10 11 13 17 -10 -9 -16 -17 -11 19 -19 -21 28 23 24 25 -23 -27 -28 29 -2
right_child=1 6 3 -5 5 -7 7 14 9 12 -12 -13 -14 -15 15 16 -18 18 -20 20 -22 22 -24 -25 -26 26 27 -29 -30 -31
leaf_value=-0.030663589062121278 -0.00020410716069926838 -0.053381351439888314 0.064110823554506619 -0.016039872289011964 0.038598923370066679 -0.014938047415241684 -0.027123059952639101 -0.023858120720426104 0.16669613039078301 -0.016540106882157134 -0.0089591031711919299 0.014854569688458778 0.05101217872020998 0.053822874659038858 -0.01767789503318868 0.090347229514725666 0.0098262572458153105 0.097734175329783596 -0.010978824180339486 0.055486847331339552 -0.029512692845507324 -0.010710872558505422 -0.027380771985992203 0.065191863167511258 -0.061589346487437441 -0.016586099523143591 0.081351223954546636 0.0080888159577681869 0.0072465418659479995 0.050006043547186477
leaf_weight=14.353069450706242 4211.1692669261247 8.3307726904749853 14.132778592407702 16.204100430011749 17.892178412526849 11.988111793994902 24.068661853671074 84.910894051194191 5.3746598847210425 72.455417919903994 13.16912220418453 9.2311965599656087 12.408071123063563 5.3559282124042511 40.892504867166281 6.2560667395591762 17.429230462759733 5.9096337221562871 28.722696360200644 5.1340265795588493 5.3698437213897705 57.60412766225636 63.996719812974334 5.7080112397670737 5.8243194483220568 9.6521846763789672 9.8371690362691897 11.792710855603216 416.83457797765732 9.9012678191065771
leaf_count=198 40762 69 77 82 102 69 237 809 58 725 111 72 83 49 407 52 171 54 269 46 57 615 642 38 44 95 79 105 2793 83
internal_value=-6.315e-05 2.1191e-05 0.00045112 0.0192253 0.0322087 0.0171196 -0.00603803 -0.0048666 0.00199626 0.0062926 0.036321 0.0661931 -0.00136026 0.110358 -0.0134607 0.000210428 0.0310945 -0.00688651 0.00861003 0.0428894 0.0120329 0.000215707 -0.00985497 0.00131422 -0.00253556 0.00133398 0.0235139 0.0414082 0.000572716 -8.63304e-05
internal_weight=5221.91 5207.56 4862.54 60.2172 44.0131 29.8803 345.019 336.688 187.199 163.131 33.1309 19.9618 130 10.7306 149.489 64.5778 23.6853 117.592 45.1362 16.4135 10.5039 4802.32 164.415 100.419 94.7105 88.8862 31.2821 21.6299 4637.91 4221.07
internal_count=49053 48855 45586 330 248 171 3269 3200 1761 1524 290 179 1234 107 1439 630 223 1151 426 157 103 45256 1618 976 938 894 279 184 43638 40845
is_linear=0
shrinkage=0.05


end of trees

feature_importances:
btc_1h_return_3=316
btc_1h_trend_strength=159
btc_4h_return_3=147
hour_of_day=146
trend_strength=124
btc_1h_atr_percentile=111
range_compression=109
atr_percentile=105
btc_return_3=100
volatility_lookback=96
stop_distance=93
atr_proxy=89
funding_rate_abs=80
dist_ema_fast=74
relative_volume=65
btc_trend=65
mark_premium_mean_4=63
funding_rate=61
log_return_6=60
btc_4h_trend_strength=60
dist_ema_slow=57
eth_return_3=55
atr_normalized_range=50
day_of_week=47
volume_percentile=44
log_return_3=43
btc_return_1=42
range_1=40
futures_pressure=38
funding_rate_mean_4=36
mark_basis=36
btc_4h_atr_percentile=36
upper_wick_ratio=35
eth_return_1=29
volume_zscore=28
btc_volume_block=24
fvg_age_candles=23
lower_wick_ratio=22
log_return_1=21
body_ratio=20
eth_trend=16
eth_volume_block=15
ema_slow_slope=10
session_newyork=9
breakout_volume_confirmation=9
volume_block_strength=8
funding_rate_std_4=7
session_london=6
sweep_volume_zscore=6
fvg_size_atr=5
mark_premium=5
high_volatility_flag=4
btc_1h_trend_direction=4
sweep_low_detected=3
bearish_fvg_present=3
btc_4h_trend_direction=3
sweep_depth_atr=2
bullish_fvg_present=2
rejection_volume_confirmation=2
sweep_high_detected=1
sweep_rejection_ratio=1

parameters:
[boosting: gbdt]
[objective: binary]
[metric: binary_logloss]
[tree_learner: serial]
[device_type: cpu]
[data_sample_strategy: bagging]
[data: ]
[valid: ]
[num_iterations: 500]
[learning_rate: 0.05]
[num_leaves: 31]
[num_threads: 2]
[seed: 42]
[deterministic: 0]
[force_col_wise: 0]
[force_row_wise: 0]
[histogram_pool_size: -1]
[max_depth: -1]
[min_data_in_leaf: 50]
[min_sum_hessian_in_leaf: 0.001]
[bagging_fraction: 0.9]
[pos_bagging_fraction: 1]
[neg_bagging_fraction: 1]
[bagging_freq: 0]
[bagging_seed: 400]
[bagging_by_query: 0]
[feature_fraction: 0.9]
[feature_fraction_bynode: 1]
[feature_fraction_seed: 30056]
[extra_trees: 0]
[extra_seed: 12879]
[early_stopping_round: 0]
[early_stopping_min_delta: 0]
[first_metric_only: 0]
[max_delta_step: 0]
[lambda_l1: 0]
[lambda_l2: 0]
[linear_lambda: 0]
[min_gain_to_split: 0]
[drop_rate: 0.1]
[max_drop: 50]
[skip_drop: 0.5]
[xgboost_dart_mode: 0]
[uniform_drop: 0]
[drop_seed: 17869]
[top_rate: 0.2]
[other_rate: 0.1]
[min_data_per_group: 100]
[max_cat_threshold: 32]
[cat_l2: 10]
[cat_smooth: 10]
[max_cat_to_onehot: 4]
[top_k: 20]
[monotone_constraints: ]
[monotone_constraints_method: basic]
[monotone_penalty: 0]
[feature_contri: ]
[forcedsplits_filename: ]
[refit_decay_rate: 0.9]
[cegb_tradeoff: 1]
[cegb_penalty_split: 0]
[cegb_penalty_feature_lazy: ]
[cegb_penalty_feature_coupled: ]
[path_smooth: 0]
[interaction_constraints: ]
[verbosity: -1]
[saved_feature_importance_type: 0]
[use_quantized_grad: 0]
[num_grad_quant_bins: 4]
[quant_train_renew_leaf: 0]
[stochastic_rounding: 1]
[linear_tree: 0]
[max_bin: 255]
[max_bin_by_feature: ]
[min_data_in_bin: 3]
[bin_construct_sample_cnt: 200000]
[data_random_seed: 175]
[is_enable_sparse: 1]
[enable_bundle: 1]
[use_missing: 1]
[zero_as_missing: 0]
[feature_pre_filter: 1]
[pre_partition: 0]
[two_round: 0]
[header: 0]
[label_column: ]
[weight_column: ]
[group_column: ]
[ignore_column: ]
[categorical_feature: ]
[forcedbins_filename: ]
[precise_float_parser: 0]
[parser_config_file: ]
[objective_seed: 16083]
[num_class: 1]
[is_unbalance: 0]
[scale_pos_weight: 1]
[sigmoid: 1]
[boost_from_average: 1]
[reg_sqrt: 0]
[alpha: 0.9]
[fair_c: 1]
[poisson_max_delta_step: 0.7]
[tweedie_variance_power: 1.5]
[lambdarank_truncation_level: 30]
[lambdarank_norm: 1]
[label_gain: ]
[lambdarank_position_bias_regularization: 0]
[eval_at: ]
[multi_error_top_k: 1]
[auc_mu_weights: ]
[num_machines: 1]
[local_listen_port: 12400]
[time_out: 120]
[machine_list_filename: ]
[machines: ]
[gpu_platform_id: -1]
[gpu_device_id: -1]
[gpu_device_id_list: ]
[gpu_use_dp: 0]
[num_gpu: 1]

end of parameters

pandas_categorical:[]
