tree
version=v4
num_class=1
num_tree_per_iteration=1
label_index=0
max_feature_idx=40
objective=binary sigmoid:1
feature_names=log_return_1 log_return_3 log_return_6 range_1 atr_proxy volatility_lookback hour_of_day day_of_week session_asia session_london session_newyork volume_zscore relative_volume volume_percentile body_ratio upper_wick_ratio lower_wick_ratio atr_normalized_range stop_distance dist_ema_fast dist_ema_slow trend_strength trend_direction ema_slow_slope sweep_high_detected sweep_low_detected sweep_depth_atr sweep_rejection_ratio sweep_volume_zscore bullish_fvg_present bearish_fvg_present fvg_size_atr fvg_age_candles price_inside_fvg breakout_volume_confirmation rejection_volume_confirmation volume_block_strength atr_percentile range_compression high_volatility_flag market_regime
feature_infos=[-0.033159034716756866:0.056874486908954934] [-0.075866222961239196:0.058901978424821803] [-0.066284904616211587:0.083560183621596548] [0.00026759317205804652:0.070302839733320993] [0:54.415714285714266] [0:0.016102016398767564] [0:23] [0:6] [0:1] [0:1] [0:1] [-2.4726125759682409:4.2442528029030218] [0.046316104648940773:750.58884999999998] [0:1] [0:1] [0:0.97382198952893662] [0:0.96788990825701182] [0:9.0557051497812981] [0:0.025180382925538848] [-0.04910252182951564:0.045240554357550998] [-0.064090814492483286:0.051013847001184907] [-0.026590642625185058:0.018718851314940645] [-1:1] [-0.0060230587107409977:0.0053756155282118859] [0:1] [0:1] [0:2.9495996231747452] [0:0.97382198952893662] [-1.3400329414026244:8.4885056058060435] [0:1] [0:1] [0:5.4713603818616452] [0:999] [-1:1] [0:4.2442528029030218] [0:4.1052670073045361] [0:4.4553227398709785] [0:1] [0:0.4860627177700837] [0:1] [-1:1]
tree_sizes=3360 3463 3437 3443 3461 3444 3466 3460 3460 3454 3467 3441 3466 3480 3463 3465 3478 3486 3499 3461 3478 3483 3476 3467 3476 3479 3472 3471 3469 3470 3464 3481 3466 3490 3462

Tree=0
num_leaves=31
num_cat=0
split_feature=18 19 38 37 3 38 18 3 23 1 6 14 16 1 16 16 1 31 7 6 6 16 1 7 7 3 11 7 15 1
split_gain=145.676 48.0031 28.7557 26.9351 27.5769 25.9975 21.9075 19.969 19.7537 25.0326 27.6838 30.6111 19.2712 17.5061 17.2391 15.8672 16.2356 14.0016 12.9912 16.0439 16.1171 12.0427 14.1288 11.859 23.925 11.8381 11.3606 11.0585 14.6491 10.999
threshold=0.0023491670299160099 -0.00020572247182856025 0.25285322546339956 0.35016462621629624 0.010345805351646099 0.25478988206888031 0.0015815249472308482 0.0037358832644352686 -0.00083233081470162956 -0.0023965643444232585 17.500000000000004 0.12308548878642912 0.27413137543948307 -0.0068400959248929843 0.31983664521794702 0.097722755163731731 -0.0017886975802966216 0.69523057593115511 4.5000000000000009 15.500000000000002 11.500000000000002 0.62734384155629808 0.001100966435831491 1.5000000000000002 2.5000000000000004 0.0020455809704013864 0.24630189427310226 5.5000000000000009 0.26985787341442097 -0.00029526872423726408
decision_type=2 2 2 2 2 2 2 2 2 2 2 2 2 2 2 2 2 2 2 2 2 2 2 2 2 2 2 2 2 2
left_child=6 2 13 5 -5 27 -1 29 -4 -10 11 -11 -9 14 17 -13 -17 -2 19 20 -15 22 -20 -22 -25 -18 -21 -3 -29 -7
right_child=1 3 8 4 -6 7 -8 12 9 10 -12 15 -14 18 -16 16 25 -19 21 26 23 -23 -24 24 -26 -27 -28 28 -30 -31
leaf_value=-2.1547437732240207 -2.0572005278051422 -2.1032942013448448 -1.9839440790065179 -2.1185606841009261 -2.0696279610834805 -2.0393865909386699 -2.1230937796840648 -2.0659025749062212 -2.087811258195996 -1.925116339073081 -2.1042419796708627 -1.9800493570939288 -1.9853603415201868 -2.0980136283972164 -2.0944522633674603 -1.9863921899230024 -2.0010808554219106 -1.9757837092849024 -2.0708788206758446 -2.1236407234242591 -2.1080982754853816 -2.0060560485747665 -2.1426179347045964 -1.9742072742250449 -2.0755845945968519 -2.0866259781756713 -2.0540490734331236 -1.995762545499892 -2.1141835797635009 -2.0980538935260746
leaf_weight=88.017331659793854 38.221890985965729 189.35883396863937 7.8777943253517142 242.16923296451569 32.678257942199707 9.920185446739195 144.32897257804871 20.132141053676609 63.703151643276215 6.5162002444267264 14.685764729976652 8.5585913658142072 11.768063127994536 126.53099280595779 31.219407141208649 6.807970404624931 4.8628360033035376 6.1271733641624442 53.296682596206665 67.885190606117249 9.5311585664749128 6.0299166440963736 7.8777943253517142 8.5585913658142108 18.187006652355194 24.022409856319427 6.4189435243606559 5.6408897638320905 4.8628360033035278 41.042335867881775
leaf_count=905 393 1947 81 2490 336 102 1484 207 655 67 151 88 121 1301 321 70 50 63 548 698 98 62 81 88 187 247 66 58 50 422
internal_value=-2.09918 -2.09142 -2.08045 -2.1016 -2.11274 -2.09076 -2.13508 -2.06721 -2.06081 -2.0655 -2.04378 -2.02629 -2.03619 -2.08753 -2.06599 -2.04119 -2.05585 -2.04595 -2.09288 -2.09838 -2.08959 -2.07347 -2.08012 -2.06021 -2.04314 -2.07222 -2.11763 -2.10052 -2.05059 -2.08663
internal_weight=1306.84 1074.49 516.919 557.573 274.847 282.725 232.346 82.8627 137.035 129.157 65.4538 50.768 31.9002 379.885 75.5685 44.2518 35.6932 44.3491 304.316 237.112 162.808 67.2044 61.1745 36.2768 26.7456 28.8852 74.3041 199.863 10.5037 50.9625
internal_count=13437 11048 5315 5733 2826 2907 2389 852 1409 1328 673 522 328 3906 777 455 367 456 3129 2438 1674 691 629 373 275 297 764 2055 108 524
is_linear=0
shrinkage=1


Tree=1
num_leaves=31
num_cat=0
split_feature=18 19 38 37 7 17 38 21 18 1 18 5 9 17 1 11 13 16 5 21 7 19 21 20 37 19 37 37 4 4
split_gain=134.435 42.3911 24.4755 24.4448 33.695 26.2828 25.3489 22.7055 21.7036 18.523 18.0521 17.7978 16.8586 19.3137 25.9976 16.4829 15.4822 12.6037 16.8996 12.2828 13.4845 11.6222 16.5132 11.5876 20.049 16.743 11.4179 11.4461 15.9824 17.3566
threshold=0.0023491670299160099 -0.00020572247182856025 0.23505317415639956 0.2468111360584373 5.5000000000000009 1.0778392484342036 0.24950620586975744 0.0013220708136702252 0.0015815249472308482 -0.0068400959248929843 0.0051328388811619705 0.0069774352258276931 1.0000000180025095e-35 1.0778392484342036 -0.0011134186554966387 -0.63263034311737087 0.052001209799992433 0.33641303574731024 0.005108076783765794 -0.0076901315524310187 4.5000000000000009 0.00060187909158511052 0.0012341098520643611 0.0035337275986575493 0.93358008913935564 0.0029870601142797932 0.26577556738582375 0.5673372241864475 7.4157142857142899 11.192142857142871
decision_type=2 2 2 2 2 2 2 2 2 2 2 2 2 2 2 2 2 2 2 2 2 2 2 2 2 2 2 2 2 2
left_child=8 2 9 4 6 -5 -3 12 -1 -2 16 19 15 14 -14 -4 -8 18 -17 -11 -21 -18 -23 -7 25 -25 -22 -28 -29 -30
right_child=1 3 7 5 -6 23 10 -9 -10 11 -12 -13 13 -15 -16 17 21 -19 -20 20 26 22 -24 24 -26 -27 27 28 29 -31
leaf_value=-0.055203184203456171 0.032145004718352334 -0.0055530350235396334 0.00080477911235064597 -0.019269238614816105 0.12091431128124402 -0.012468167301797554 -0.004936070665557608 -0.019928141181554976 -0.023155379904591291 -0.036488698852361334 0.095403658396592594 0.077086266975581255 0.050560308469400864 0.022751114305842476 0.15175613482019581 0.045953786977040285 0.096802747115608434 0.017755171440135345 0.13947243017148689 -0.002471262248368454 0.062156369966519069 0.0012459044783539697 0.089915731584032502 0.10188108592475396 -0.028578403764580807 0.02524942913431787 -0.018596473611256267 -0.031213842834933933 0.1092756370413063 -0.0069839571666788771
leaf_weight=84.251781515777111 69.498525381088257 131.5538327768445 38.519334480166435 246.03387995064259 6.7657438591122618 34.348583519458771 29.242657363414764 19.284311860799789 141.64883780479431 20.322843596339226 9.545996852219103 7.8813339471817008 15.898645766079428 17.07687621563673 10.563740342855452 49.374050408601761 8.157969191670416 38.464377701282501 5.3547074794769278 179.80301103740931 15.616037763655184 17.376784220337871 7.5243357494473448 8.5442098230123502 14.511620052158831 42.997064374387264 17.246857367455959 5.974612973630431 8.7564273551106435 5.068581908941268
leaf_count=905 696 1357 388 2555 67 353 297 196 1484 208 94 81 159 172 104 496 81 386 52 1847 157 175 76 88 149 441 174 60 88 51
internal_value=-2.70368e-05 0.00730186 0.0174983 -0.00231022 0.0111428 -0.0104716 0.00749147 0.0315667 -0.0351079 0.00920912 0.0313761 0.00309406 0.0372331 0.0642057 0.0909575 0.028317 0.0215656 0.0396885 0.0551037 0.000787163 0.00404593 0.0450079 0.0280391 0.0110871 0.0233362 0.037953 0.0262973 0.0111817 0.0371206 0.0666521
internal_weight=1307.21 1081.31 524.704 556.603 210.167 346.435 203.402 194.536 225.901 330.168 71.8477 260.67 175.252 43.5393 26.4624 131.712 62.3017 93.1931 54.7288 252.788 232.466 33.0591 24.9011 100.401 66.0529 51.5413 52.6625 37.0465 19.7996 13.825
internal_count=13437 11048 5315 5733 2147 3586 2080 1953 2389 3362 723 2666 1757 435 263 1322 629 934 548 2585 2377 332 251 1031 678 529 530 373 199 139
is_linear=0
shrinkage=0.05


Tree=2
num_leaves=31
num_cat=0
split_feature=5 19 6 38 6 5 37 3 3 38 7 37 6 9 6 38 21 7 6 38 3 7 37 2 5 17 2 13 1 13
split_gain=106.273 40.1383 21.9502 20.3072 25.0003 20.1233 19.9781 24.3659 22.0763 22.8044 15.2017 32.6693 29.2171 27.5515 17.6818 16.308 13.7856 13.6507 22.9447 13.5554 20.2425 16.7226 21.4147 14.2247 13.0486 12.8795 18.2573 12.2563 11.9913 21.2068
threshold=0.0012039421888419193 -0.0003138927673914823 18.500000000000004 0.29109756040708018 4.5000000000000009 0.0017172328605924408 0.35016462621629624 0.010345805351646099 0.0037358832644352686 0.26655176811487052 4.5000000000000009 0.26577556738582375 15.500000000000002 1.0000000180025095e-35 15.500000000000002 0.19537002828636163 -0.0021843914238716404 1.5000000000000002 9.5000000000000018 0.23751075140915798 0.004059740657197968 2.5000000000000004 0.44980248409701523 -0.012476942991248815 0.0024692143223095189 0.8030335668712244 -0.0023021021711014836 0.2637167244590678 -0.0023567422426164319 0.034794384598450113
decision_type=2 2 2 2 2 2 2 2 2 2 2 2 2 2 2 2 2 2 2 2 2 2 2 2 2 2 2 2 2 2
left_child=-1 2 3 4 -2 -6 8 -8 27 -10 14 13 16 -12 17 -14 -13 -7 25 21 -21 22 -20 -23 -15 26 -19 -3 -5 -30
right_child=1 6 -4 28 5 10 7 -9 9 -11 11 12 15 24 -16 -17 -18 18 19 20 -22 23 -24 -25 -26 -27 -28 -29 29 -31
leaf_value=-0.041098347363277686 -0.0065749101474012516 -0.0065244764304817314 -0.0061207622108449093 0.025345964474173865 -0.011612345753247428 0.010539382584329385 -0.018790880342749127 0.026379890514913348 0.0096790496507738778 0.061708631697055795 0.18941810867663456 -0.028349706315075818 0.15868366588200825 0.11601320280751373 -0.0057787892166924161 0.032168777368795053 0.053238992229121179 0.093168723147759036 0.030816025455422582 0.17617650429658457 0.05489215367166083 0.081172566737646334 0.13972444371883699 0.0035537050576164679 0.0059585585807226836 -0.014105109056438025 -0.026823606367165093 0.072156673321511697 -0.01809639252916424 0.094825266010103326
leaf_weight=140.71793738007545 95.50543636828661 215.80674689263105 101.81077747792006 27.503773987293243 36.963941752910614 59.073372431099415 253.06389920413494 33.847395017743111 86.505204901099205 27.837014302611351 6.5028466805815706 17.854211039841175 5.1146018058061582 5.2097580134868622 45.574299082159996 5.0742419734597206 7.2918169945478466 8.3666991293430311 9.1513703167438525 5.5790103152394286 8.9742604270577413 7.9921526014804831 8.9065606296062452 22.577306874096397 5.575932502746582 22.514414191246033 5.1039003580808631 5.0656544417142859 5.1780142486095455 21.102062620222569
leaf_count=1541 962 2229 1038 272 376 594 2669 339 882 264 63 179 51 50 463 50 72 85 89 53 88 79 85 229 53 227 52 52 50 201
internal_value=-5.16594e-05 0.00489937 0.0148128 0.0196271 0.0156447 0.0228774 -0.00377711 -0.013462 0.00451223 0.0223458 0.027849 0.0518071 0.0242504 0.108128 0.0216631 0.0956768 -0.00469071 0.0295666 0.0409012 0.0590522 0.101387 0.0463823 0.084532 0.0238466 0.0591177 0.00903269 0.0477046 -0.00471994 0.0484237 0.0725761
internal_weight=1307.34 1166.63 544.501 442.69 388.906 293.401 622.126 286.911 335.215 114.342 256.437 52.6234 35.3349 17.2885 203.813 10.1888 25.146 158.239 99.1657 63.1807 14.5533 48.6274 18.0579 30.5695 10.7857 35.985 13.4706 220.872 53.7839 26.2801
internal_count=13437 11896 5461 4423 3900 2938 6435 3008 3427 1146 2562 518 352 166 2044 101 251 1581 987 623 141 482 174 308 103 364 137 2281 523 251
is_linear=0
shrinkage=0.05


Tree=3
num_leaves=31
num_cat=0
split_feature=18 6 6 7 6 38 37 38 18 37 19 6 38 7 5 5 2 37 31 7 37 37 5 5 7 13 3 5 37 20
split_gain=116.515 35.1451 37.6935 37.0744 35.1686 31.3021 23.33 21.6551 21.4612 18.9309 18.8322 22.5621 20.3832 17.9142 17.8399 16.8512 16.3522 15.8762 21.8476 15.3327 33.525 18.0804 17.6389 15.1022 19.7576 15.1003 16.5336 14.6496 19.741 13.8149
threshold=0.0023491670299160099 17.500000000000004 11.500000000000002 5.5000000000000009 14.500000000000002 0.27622738963164245 0.50861079584163593 0.33040544211351425 0.0015815249472308482 0.060199345466946962 -0.0047813473187508244 4.5000000000000009 0.1530452132845628 2.5000000000000004 0.0056527901456846505 0.0023017470203374997 0.00023391266701958962 0.31724000266457247 0.03022860740664721 3.5000000000000004 0.72551373871729519 0.2468111360584373 0.0035670137730222594 0.005108076783765794 5.5000000000000009 0.032736412895717 0.0036884080217709273 0.0023273883753382042 0.025164035869539678 -0.01575759670880968
decision_type=2 2 2 2 2 2 2 2 2 2 2 2 2 2 2 2 2 2 2 2 2 2 2 2 2 2 2 2 2 2
left_child=8 2 5 9 19 6 10 17 -1 -3 11 -2 -13 25 15 -15 23 18 27 20 -4 -21 -22 24 -6 26 -12 28 -7 -11
right_child=1 3 4 -5 16 7 -8 -9 -10 29 13 12 -14 14 -16 -17 -18 -19 -20 21 22 -23 -24 -25 -26 -27 -28 -29 -30 -31
leaf_value=-0.054632528449937913 -0.040726504194516316 0.033912689944469811 0.045144033811645071 0.034870585499724278 0.0023651895524319047 0.13001664073339347 -0.022714573292510306 -0.017498854966242549 -0.021788022768156126 0.055610241553797027 0.0027066976005354054 -0.019570736204071904 0.09117051167251243 0.024795406304018303 0.10624158500687882 -0.0078081785817703826 -0.0081526070517242959 -0.0017134028352297017 -0.013035089711320265 0.062516298253601096 0.20282361020784845 -0.0024119087912814132 0.076297115523303274 0.0667929341982723 0.08444834339244621 -0.019535069100524806 0.098338819438388014 0.10577227810029576 0.023850913903173347 -0.022680485279660226
leaf_weight=78.093072839081287 6.3605196252465275 17.193303160369396 81.123316064476967 41.148565255105495 53.555893339216709 5.6167021766304996 100.29134246706963 17.820694021880627 136.96693748235703 5.7891051247715941 25.484298743307594 5.4088141992688206 17.928390093147755 85.042123362421989 4.92310906946659 74.219457194209099 69.924914255738258 14.605514563620089 9.1715197712182981 16.783379651606083 5.3824917450547201 29.689209014177322 5.6417835429310799 17.000226154923439 8.4937369376420957 118.65226078778505 5.4939193353056899 18.42890690267086 19.864793092012405 211.21289631724358
leaf_count=905 63 175 797 418 533 53 1036 171 1484 56 262 53 174 856 50 749 728 145 89 163 49 300 55 164 81 1213 55 172 192 2196
internal_value=-7.48044e-05 0.00654874 0.0117558 -0.0088999 0.0263266 0.00383897 -0.00149817 0.0315398 -0.0337146 -0.0165905 0.00469613 0.0427522 0.0655042 0.00109471 0.0124992 0.00960141 0.0094605 0.0444506 0.0571527 0.0444525 0.0562617 0.0210366 0.138072 0.0250405 0.0136012 -0.011419 0.0196668 0.0718127 0.0472523 -0.0205919
internal_weight=1307.31 1092.25 816.907 275.344 287.595 529.312 443.804 85.5081 215.06 234.195 343.513 29.6977 23.3372 313.815 164.185 159.262 148.975 67.6874 53.0819 138.62 92.1476 46.4726 11.0243 79.0499 62.0496 149.63 30.9782 43.9104 25.4815 217.002
internal_count=13437 11048 8203 2845 2870 5333 4511 822 2389 2427 3475 290 227 3185 1655 1605 1506 651 506 1364 901 463 104 778 614 1530 317 417 245 2252
is_linear=0
shrinkage=0.05


Tree=4
num_leaves=31
num_cat=0
split_feature=18 19 37 3 38 18 38 20 1 5 17 1 37 14 31 4 1 37 2 12 38 14 15 20 17 39 38 1 19 12
split_gain=108.888 30.0412 17.0225 21.5542 16.0036 15.528 15.5242 15.7125 16.8235 14.0556 13.3281 12.8699 12.0117 11.493 13.0571 10.5212 12.1024 12.2971 10.7287 14.2563 16.3046 15.1425 16.4134 11.2607 9.56196 9.48853 18.3083 14.2523 9.57091 10.5861
threshold=0.0019352666125912405 -0.00020572247182856025 0.34718500726545737 0.010345805351646099 0.25542587819649132 0.0051328388811619705 0.25285322546339956 -0.0074031789172375089 0.0009335261184778102 0.0016126719708462851 1.9659453339235886 0.0017245656930935376 0.14574094526183548 0.5509490529829435 0.087636802082770471 5.3975000000000453 -0.0041388453589125736 0.025164035869539678 -0.00051446630516186452 0.52260927838783644 0.33774888925456853 0.58579572488153897 0.37061236245713908 -0.0021062736146185957 1.5722908954477282 1.0000000180025095e-35 0.1669540012483241 -0.00038187063190866431 0.0014828817758584347 1.3627235017786512
decision_type=2 2 2 2 2 2 2 2 2 2 2 2 2 2 2 2 2 2 2 2 2 2 2 2 2 2 2 2 2 2
left_child=-1 6 4 -4 25 -6 9 -8 15 24 -11 -10 -7 -12 -15 -9 -17 -18 19 -19 21 22 -21 -23 -2 -3 -27 -28 -29 -30
right_child=1 2 3 -5 5 12 7 8 11 10 13 -13 -14 14 -16 16 17 18 -20 20 -22 23 -24 -25 -26 26 27 28 29 -31
leaf_value=-0.044998723892350753 -0.034899515417820291 -0.0080028623365798173 -0.017288509037198745 0.024949764232766632 0.013599104625779727 0.1236033137954315 0.080948942626132683 -0.024416906024912054 0.12790494890504917 0.0075685769723406425 0.088772068881177724 0.027290095547080541 0.027628177635910661 -0.0057599078952959666 0.082165842272991216 -0.0039622974287374371 0.080476929177836998 -0.016925094093531181 -0.0099525702046939623 -0.010117798538317379 0.12691494662112449 0.039721855800073348 0.062625375843092398 0.13652618381366566 0.038184832448317295 0.094365952236737757 0.070505276426942348 -0.047078022984180977 0.038626692970985636 -0.036302080191262853
leaf_weight=122.38741582632065 28.449621446430683 177.7944078668952 249.41831536591053 34.365202136337757 86.29144436866045 6.0624570697545987 11.920148663222788 14.219135969877241 6.2096044793724996 351.46278724074364 9.261663571000101 6.510571613907814 7.0525873452425003 13.718340568244459 6.0997969433665267 35.140832670032978 10.875147260725496 11.336776353418818 18.181873403489597 20.339421577751637 5.4366634711623183 6.7307315543293953 12.532588601112364 5.4257597476243955 5.3109399601817122 6.6426864191889754 6.7112819403409949 11.103139005601408 12.659284785389902 7.5105094090104094
leaf_count=1435 299 1841 2689 337 854 52 106 149 57 3503 87 60 63 131 56 342 98 111 176 194 51 64 117 51 56 68 69 115 130 76
internal_value=-9.88253e-05 0.00453935 -0.00324665 -0.0121736 0.00462503 0.0213032 0.0126809 0.025658 0.0213486 0.00751708 0.0102602 0.0764072 0.0719929 0.0427911 0.0213026 0.0163538 0.0209548 0.0305918 0.0238091 0.0337417 0.0451237 0.0352484 0.0176158 0.0829282 -0.0234025 -0.00282893 0.0177841 0.00439146 -0.0097968 0.0107259
internal_weight=1307.16 1184.77 605.611 283.784 321.828 99.4065 579.162 164.859 152.939 414.303 380.543 12.7202 13.115 29.0798 19.8181 140.219 126 90.859 79.9838 61.8019 50.4652 45.0285 32.872 12.1565 33.7606 222.421 44.6269 37.9842 31.2729 20.1698
internal_count=13437 12002 6294 3026 3268 969 5708 1576 1470 4132 3777 117 115 274 187 1353 1204 862 764 588 477 426 311 115 355 2299 458 390 321 206
is_linear=0
shrinkage=0.05


Tree=5
num_leaves=31
num_cat=0
split_feature=4 6 6 6 37 19 19 16 5 37 5 4 38 4 21 19 31 38 14 37 32 19 0 5 5 6 11 6 5 5
split_gain=95.6029 32.6809 29.3105 27.2397 26.8079 20.1083 19.9478 17.9925 14.4073 21.6232 18.8387 15.2809 14.2855 17.143 16.6814 15.0111 20.3642 21.5583 22.608 14.1224 14.0754 26.8866 21.1365 13.1013 12.9276 11.8951 12.6831 24.9712 13.5794 11.8786
threshold=4.8864285714285778 17.500000000000004 11.500000000000002 14.500000000000002 0.49894253276626382 -0.0061224646331827009 -0.0047813473187508244 0.15093578205185795 0.0031909096596209395 0.6400601291231679 0.0039224275127827599 17.343928571428517 0.25285322546339956 5.8064285714285537 0.0018694773790844221 -0.001747967378157226 0.031643641704621452 0.33040544211351425 0.12308548878642912 0.04422708446974416 3.5000000000000004 -0.0028633595716751753 -0.0021863444839564836 0.0032176953572813647 0.0078556324484900884 21.500000000000004 -0.52589491198508331 22.500000000000004 0.0034429183524102855 0.0058740850298980235
decision_type=2 2 2 2 2 2 2 2 2 2 2 2 2 2 2 2 2 2 2 2 2 2 2 2 2 2 2 2 2 2
left_child=-1 2 4 19 6 -3 7 -2 -5 10 -10 -11 29 -14 15 -15 17 18 -17 -4 -21 -22 -23 -20 -6 -7 -27 28 -28 -8
right_child=1 5 3 8 24 25 12 -9 9 11 -12 -13 13 14 -16 16 -18 -19 23 20 21 22 -24 -25 -26 26 27 -29 -30 -31
leaf_value=-0.037947457509686262 0.09950966685357393 0.040451994493476084 -0.021047962099927119 -0.0083534113497858095 -0.022602196735716808 -0.020903948397716407 -0.0026733418979010479 0.020675905817637771 0.13400078252672146 -0.027104239612752701 0.034623506772380568 0.025546183513603084 -0.026079726193442544 -0.0018245023555840231 -0.033445041437472831 0.15471610775249697 -0.025205638309985859 -0.018739794193729654 0.044267645336113409 0.026698182735656086 -0.01009497559644709 0.15573504688136688 0.0613230136240214 0.12218841715332872 0.049342847178416388 -0.017113247239583945 0.035450211402643449 -0.014953488082374256 0.12597793806091087 0.065435265095794379
leaf_weight=148.05475425720215 10.52563903480768 18.489910461008549 9.825441934168337 76.12828952819109 110.75711529701948 178.31014976650476 273.90398691594601 23.171230778098106 6.5556395947933224 22.347283057868481 17.497059524059296 35.952386602759361 18.224173486232758 24.408121772110462 10.62397391349077 6.1236038953065863 9.5643022134900075 9.1444727778434736 46.848100617527962 78.327867932617664 11.75152477622032 6.8117410391569129 45.699680350720882 6.0964368730783454 6.6169312521815291 44.93722353130579 14.731107980012895 23.047452859580517 5.763034261763095 6.5550111159682265
leaf_count=1754 96 175 96 776 1164 1884 2818 217 64 230 168 358 187 226 100 55 94 86 436 744 111 63 438 51 66 469 151 237 59 64
internal_value=-0.000113329 0.00472083 0.00951968 0.0218404 0.0027107 -0.0099722 0.00831511 0.0453006 0.00732632 0.021821 0.0617091 0.00536436 0.00528638 0.0189159 0.0261849 0.0323846 0.0431201 0.0527003 0.0637601 0.036932 0.0409272 0.0582706 0.0735701 0.05324 -0.0185463 -0.0134669 0.00152098 0.0207525 0.060907 -0.00108148
internal_weight=1306.79 1158.74 873.46 310.897 562.563 285.279 445.189 33.6969 158.481 82.3524 24.0527 58.2997 411.492 131.033 112.809 102.185 77.7769 68.2126 59.0681 152.416 142.591 64.2629 52.5114 52.9445 117.374 266.789 88.4788 43.5416 20.4941 280.459
internal_count=13437 11683 8708 3048 5660 2975 4430 313 1596 820 232 588 4117 1235 1048 948 722 628 542 1452 1356 612 501 487 1230 2800 916 447 210 2882
is_linear=0
shrinkage=0.05


Tree=6
num_leaves=31
num_cat=0
split_feature=18 6 6 6 37 19 19 16 5 37 18 38 18 21 38 19 31 14 3 32 2 1 6 17 5 37 14 5 38 13
split_gain=96.4236 28.6939 27.8031 25.2088 23.5519 17.9734 17.8624 14.2896 13.9116 18.1629 18.074 12.6306 15.0505 14.4961 13.7982 14.0023 21.844 15.2493 12.3709 11.4713 22.286 15.7333 11.3431 12.7172 17.1646 11.1251 12.3309 10.851 10.807 11.6705
threshold=0.0019352666125912405 17.500000000000004 11.500000000000002 14.500000000000002 0.49355871617873842 -0.0047813473187508244 -0.0061224646331827009 0.15093578205185795 0.0031909096596209395 0.6400601291231679 0.0083899955803990647 0.25285322546339956 0.0024839570771464062 0.0018694773790844221 0.33040544211351425 -0.001747967378157226 0.031643641704621452 0.12308548878642912 0.014005440622589875 5.5000000000000009 -0.0045790687540186005 -0.0016319462150477008 20.500000000000004 0.69423265682524882 0.0055652641567649893 0.056228248988097765 0.56707292917499585 0.0058740850298980235 0.27622738963164245 0.042077497718386404
decision_type=2 2 2 2 2 2 2 2 2 2 2 2 2 2 2 2 2 2 2 2 2 2 2 2 2 2 2 2 2 2
left_child=-1 2 4 19 5 7 -3 -2 -5 10 -10 27 -13 14 15 -14 17 -17 -6 -4 -21 -22 -8 -24 25 26 -25 -7 -19 -30
right_child=1 6 3 8 18 11 22 -9 9 -11 -12 12 13 -15 -16 16 -18 28 -20 20 21 -23 23 24 -26 -27 -28 -29 29 -31
leaf_value=-0.043918385897565325 0.087685290306869695 0.037245470988574045 0.025072043298977643 -0.0091563473717541661 -0.022167849918068777 -0.0032665984961014632 -0.023055326112625646 0.019330984311181989 0.085907024587731293 0.0050617979580674013 -0.0037529490090344496 -0.020666264922226358 0.002092576349577335 -0.032611272731247358 -0.018682165663039173 0.12658430981518051 -0.031108602690193117 0.023742894749946591 0.04787202883404424 -0.021132848310016043 0.12203565922353835 0.051274355766137196 -0.023103193046879765 0.085634461117289729 0.096583451436168699 -0.0046444053847901163 -0.015559891978440361 0.060678919306156612 0.032861591016721828 0.095287224006230645
leaf_weight=114.69098440557718 11.325246252119539 19.062160782516003 108.93417626619339 76.458209298551083 109.74358594417572 281.89404284954071 135.80617386847734 23.534467369318008 16.751858733594421 58.542610853910446 8.4590769186615926 22.694093286991119 22.793367080390453 10.357662327587603 13.097473829984663 7.0159176960587493 7.9008610472083083 24.700737617909908 6.6887744367122641 8.3590942472219449 10.287955611944197 33.222652435302734 48.873542234301567 7.7401519492268545 5.2269678041338912 70.01652354747057 4.926397331058979 6.7941033989191046 13.211179055273535 17.279177308082581
leaf_count=1435 96 175 1018 785 1173 2914 1461 217 152 588 80 243 211 100 125 57 79 227 64 78 90 310 524 77 52 731 51 63 114 147
internal_value=-0.000131516 0.0040826 0.00849914 0.0203016 0.00195584 0.00701487 -0.00954696 0.041538 0.00626426 0.0203417 0.0558232 0.00420132 0.0165813 0.0238461 0.0293628 0.0361363 0.0472046 0.0571511 -0.0181442 0.0342872 0.0536405 0.0680057 -0.0128191 -0.00265611 0.00871144 0.00315644 0.046277 -0.00176168 0.0483247 0.0682388
internal_weight=1306.39 1191.7 900.046 321.016 579.031 462.598 291.652 34.8597 160.212 83.7535 25.2109 427.739 139.05 116.356 105.999 92.9012 70.1079 62.207 116.432 160.804 51.8697 43.5106 272.59 136.784 87.91 82.6831 12.6665 288.688 55.1911 30.4904
internal_count=13437 12002 8931 3101 5830 4593 3071 313 1605 820 232 4280 1303 1060 960 835 624 545 1237 1496 478 400 2896 1435 911 859 128 2977 488 261
is_linear=0
shrinkage=0.05


Tree=7
num_leaves=31
num_cat=0
split_feature=18 6 6 6 37 19 19 5 21 18 38 38 16 5 19 5 32 31 37 5 5 5 38 19 4 37 6 6 19 14
split_gain=90.0425 25.8325 24.489 21.7024 21.4051 15.9437 15.5743 13.5664 12.2265 13.0662 13.1749 14.5059 11.5446 11.3554 11.3673 16.4282 13.463 10.8044 10.6499 10.6114 13.979 12.7777 15.7881 13.4835 16.423 13.8122 12.2521 17.784 18.2494 11.5257
threshold=0.0019352666125912405 17.500000000000004 11.500000000000002 14.500000000000002 0.49355871617873842 -0.0061224646331827009 -0.0047813473187508244 0.0068861725489676633 -0.0044465889351078614 0.0024839570771464062 0.27622738963164245 0.33040544211351425 0.15093578205185795 0.0078556324484900884 -0.0014051757340207982 0.0030031657177448292 3.5000000000000004 0.14312102543200714 0.31422304965195175 0.0023273883753382042 0.0034193918685284002 0.0017542950607252349 0.23037567112039584 -0.0015881783417175273 7.4157142857142899 0.1149164384644724 4.5000000000000009 8.5000000000000018 -0.00025017219309084827 0.68740872376623197
decision_type=2 2 2 2 2 2 2 2 2 2 2 2 2 2 2 2 2 2 2 2 2 2 2 2 2 2 2 2 2 2
left_child=-1 2 4 -4 6 -3 12 -5 -8 -10 19 18 -2 14 15 16 -6 -17 -12 21 -21 -11 -23 -24 25 -25 29 28 -28 -22
right_child=1 5 3 7 13 -7 8 -9 9 10 11 -13 -14 -15 -16 17 -18 -19 -20 20 26 22 23 24 -26 -27 27 -29 -30 -31
leaf_value=-0.043308003535788481 0.078115375875040929 0.034389471327462361 0.031713697441599395 0.0022788532958463261 0.0026492264674743268 -0.012317014269876301 -0.044377307781820481 0.063969900730213178 -0.01585526360499238 -0.009142296212494844 0.045296449802791967 -0.019109330806659747 0.018093894126125949 0.04471569643195146 -0.034714663599379011 -0.037214152727449309 0.10195595299019218 0.043625952402775517 -0.028860246244298494 -0.016685442852126829 -0.03576757140797595 0.0088784610098256288 -0.0095431016622531534 0.16318380498747903 0.033339676976004609 0.05548514459592984 0.13974474968938044 -0.0076064030954748306 0.027312941151486077 0.047799500192809465
leaf_weight=110.5963591337204 12.056653186678885 19.598503515124321 164.97528474777937 151.49530233442783 8.5198401138186437 269.84645955264568 12.69273369014263 9.4686537683010084 61.414616867899895 42.444845877587795 54.11281131953001 13.297067843377588 23.877215102314949 6.8938536792993537 64.772195860743523 23.892291285097603 5.6937179788947097 4.9977993443608275 5.3172900900244704 93.459770686924458 14.597715474665167 64.507076606154442 7.4104600325226775 6.1193345561623591 16.081722691655159 5.7974736019968987 6.352929688990117 11.267312332987784 8.3568423613905907 5.7518131732940665
leaf_count=1435 96 175 1496 1520 89 2896 130 85 669 432 460 129 217 66 723 250 59 50 50 952 148 658 71 56 154 57 60 113 84 57
internal_value=-0.000145765 0.00384864 0.00800454 0.0189695 0.00183925 -0.00915449 0.006613 0.00590781 0.00396437 0.00543832 0.00912339 0.028099 0.0382325 -0.0174985 -0.0214743 -0.00157801 0.0424299 -0.0232293 0.0386616 0.00423218 -0.00555329 0.0138407 0.023604 0.0504304 0.0663038 0.110789 0.0169048 0.0396632 0.0758706 -0.0121473
internal_weight=1305.67 1195.07 905.625 325.939 579.685 289.445 464.916 160.964 428.982 416.289 354.874 72.7272 35.9339 114.77 107.876 43.1036 14.2136 28.8901 59.4301 282.147 139.786 142.361 99.9161 35.409 27.9985 11.9168 46.3266 25.9771 14.7098 20.3495
internal_count=13437 12002 8931 3101 5830 3071 4593 1605 4280 4150 3481 639 313 1237 1171 448 148 300 510 2842 1414 1428 996 338 267 113 462 257 144 205
is_linear=0
shrinkage=0.05


Tree=8
num_leaves=31
num_cat=0
split_feature=18 19 6 38 6 5 6 0 17 37 18 12 20 1 17 5 13 18 4 37 38 21 18 37 15 7 11 5 38 4
split_gain=84.0844 23.4721 15.6588 15.181 18.6254 20.6704 15.4687 19.9571 14.6902 13.7798 12.5747 11.8566 11.6413 15.8922 12.164 13.013 11.7708 10.4418 10.3396 10.2936 13.6072 9.55171 9.52602 9.47407 9.40648 9.27557 12.2485 9.21365 12.545 11.9123
threshold=0.0019352666125912405 0.00021167175041604397 18.500000000000004 0.27622738963164245 4.5000000000000009 0.0031273277152755016 6.5000000000000009 -0.00020624237806597968 0.8954380225934212 0.20421611180356011 0.0047843953460186073 0.52260927838783644 -0.0048717363075562702 -0.0033058978841806579 0.69784933460076692 0.0036204728059545483 0.12855728570184519 0.0027838667343636028 12.715357142857167 0.73978227016898213 0.20168823380078962 0.0015382317358936636 0.0062935182705006918 0.025164035869539678 0.18877207673569832 1.0000000180025095e-35 -1.0940576188459297 0.0061373255634689979 0.22394340317424249 21.966428571428573
decision_type=2 2 2 2 2 2 2 2 2 2 2 2 2 2 2 2 2 2 2 2 2 2 2 2 2 2 2 2 2 2
left_child=-1 2 3 4 18 21 7 -7 9 10 -3 -8 14 -14 -13 24 -17 -10 23 -4 -21 25 -12 -2 -16 -6 -27 -11 29 -29
right_child=1 8 19 -5 5 6 11 -9 17 27 22 12 13 -15 15 16 -18 -19 -20 20 -22 -23 -24 -25 -26 26 -28 28 -30 -31
leaf_value=-0.042696759406927347 -0.050375690353904989 -0.0047295585437572259 -0.01277112774115139 0.03048105802026 -0.028058419277429542 0.11076280563365822 -0.011102407646368308 -0.0075563072540136694 -0.016356595791042101 -0.023441177858134932 0.070456551091291134 -0.022239018443373944 0.023827067964560814 0.10715822460731211 0.03644632389774323 0.075266853797758437 0.0064794375389188906 0.0095982324386719164 -0.037737771546166775 -0.015546774830408347 0.067296537083589833 -0.029172716960602758 -0.01090311469694767 0.005835704362378985 0.12279191539303623 0.078452324277205221 0.0093033013138239373 0.04266064837215152 0.066928557057821941 -0.055940383553571886
leaf_weight=106.67068313807249 8.4308627322316152 74.819632783532143 101.78040615469217 105.94341047108173 15.812967069447039 11.873898304998876 19.785434752702713 5.0923913717269889 47.96169101446867 170.59605047851801 10.950007677078249 13.01891280710697 12.374082267284395 10.642225533723829 6.9030169546604139 7.5207438319921485 35.933911330997944 201.77860027551651 24.517659977078438 9.742039233446123 10.090982265770434 18.314156174659729 5.3583091497421256 67.598458290100098 5.808034710586071 6.6559064835309973 169.20153313875198 5.0904139280319232 6.9147395566105834 7.6916820555925369
leaf_count=1435 86 772 1075 942 157 106 197 50 509 1877 101 126 117 99 61 67 322 2008 257 96 100 184 49 688 50 65 1629 57 73 82
internal_value=-0.000157874 0.00362918 0.00987397 0.0134914 0.00939577 0.0150021 0.0307587 0.0752496 -0.00421313 -0.0120463 0.00394186 0.0240182 0.0315547 0.0623575 0.0213073 0.0314011 0.0183845 0.0046137 -0.0095027 -0.00634979 0.0266037 0.00532584 0.0437248 -0.000397556 0.0759 0.00862218 0.0119205 -0.0197028 0.0126761 -0.016673
internal_weight=1304.87 1198.2 667.041 545.428 439.484 338.937 128.953 16.9663 531.161 281.421 91.1279 111.986 92.2009 23.0163 69.1846 56.1657 43.4547 249.74 100.547 121.613 19.833 209.985 16.3083 76.0293 12.7111 191.67 175.857 190.293 19.6968 12.7821
internal_count=13437 12002 6474 5203 4261 3230 1195 156 5528 3011 922 1039 842 216 626 500 389 2517 1031 1271 196 2035 150 774 111 1851 1694 2089 212 139
is_linear=0
shrinkage=0.05


Tree=9
num_leaves=31
num_cat=0
split_feature=4 19 38 17 5 17 37 21 14 39 15 20 15 5 0 31 2 15 20 16 37 0 4 3 32 38 15 5 4 38
split_gain=73.2305 22.9626 12.6758 13.0618 13.4953 12.637 12.872 12.5115 12.1491 12.2219 11.8331 11.9822 11.7731 16.5723 12.4026 10.4566 9.95676 10.0503 9.92047 9.81087 12.2302 11.2231 11.0054 9.21622 9.02967 13.579 10.4099 8.99786 10.5722 16.2999
threshold=4.8864285714285778 0.00021167175041604397 0.25285322546339956 1.5722908954477282 0.0015982235655723806 0.8954380225934212 0.2208186897236806 0.0019804061927179346 0.041175171136278027 1.0000000180025095e-35 0.63365137715429876 -0.0074031789172375089 0.14654612526951585 0.0020790168978854066 -0.0071993142548839066 0.076371607062533708 -0.0030064002164372724 0.20391507296078126 0.0035992558368863436 0.23120326669143229 0.44568696781651579 0.0030696965550996353 5.9660714285714365 0.0015070319466477875 2.5000000000000004 0.23403287953400523 0.35815754123593863 0.0061373255634689979 20.945714285714271 0.22394340317424249
decision_type=2 2 2 2 2 2 2 2 2 2 2 2 2 2 2 2 2 2 2 2 2 2 2 2 2 2 2 2 2 2
left_child=16 2 3 4 -2 6 8 10 -3 18 11 -4 14 -14 -5 -13 17 -1 23 -7 22 -22 -21 -10 25 -24 -26 -8 -29 -30
right_child=1 5 7 12 -6 19 27 -9 9 -11 -12 15 13 -15 -16 -17 -18 -19 -20 20 21 -23 24 -25 26 -27 -28 28 29 -31
leaf_value=-0.032333957680793564 -0.031103448260336515 0.067880673622551041 0.065982441235384867 0.04353971353802738 0.0046829742485129831 -0.0028304072776329688 -0.023231183789057017 -0.043167815850124726 -0.044941351574711436 0.051387846478370497 0.074583093562377523 0.021152445005912405 0.12758289670078271 0.029449053459953772 -0.011938313376195791 -0.017224378357976505 -0.03963537630182154 0.060850451182705545 -0.043702467624451263 -0.02376728664245099 -0.029631501124534301 0.047677844016300458 -0.016826568488769688 0.0089885299366206702 0.042195350655751265 0.06597850699889575 0.11507097737453148 0.071466998783524818 -0.055616300012308877 0.052983794315594523
leaf_weight=6.5908261984586698 28.396331019699574 6.8066491037607184 13.191508919000624 17.221797801554203 364.5662923976779 164.17819291353226 159.46071001887321 7.3875636011362067 9.3237614408135396 9.7183427438139898 10.562495432794092 145.41238640248775 5.9574847444891956 15.483386307954786 24.273548275232315 20.21756537258625 120.97088933736086 5.158150278031826 15.620636902749537 7.7812961339950553 18.980310089886192 6.2371733933687201 12.696032956242563 52.691989451646805 21.0941401347518 8.1159146353602392 6.3831620439887038 5.4966625720262554 8.262123227119444 5.9385607764124861
leaf_count=80 310 66 103 147 3608 1656 1793 72 103 96 93 1322 56 137 224 195 1614 60 156 84 202 62 130 529 195 75 59 59 92 59
internal_value=-0.000167385 0.0038206 0.0100617 0.00548394 0.00209697 -0.00403123 -0.0114266 0.020668 0.00354057 -0.00147278 0.0231582 0.0201206 0.0266316 0.0567162 0.0110867 0.016468 -0.0353674 0.00857677 -0.00808975 0.00420329 0.0184093 -0.0105102 0.0314157 0.000880439 0.0403079 0.0154644 0.0591248 -0.019293 0.0125889 -0.010201
internal_weight=1304.18 1171.46 652.67 455.899 392.963 518.786 273.319 196.772 94.1614 87.3547 189.384 178.821 62.9362 21.4409 41.4953 165.63 132.72 11.749 77.6364 245.466 81.288 25.2175 56.0705 62.0158 48.2892 20.8119 27.4773 179.158 19.6973 14.2007
internal_count=13437 11683 6267 4482 3918 5416 2953 1785 950 884 1713 1620 564 193 371 1517 1754 140 788 2463 807 264 543 632 459 205 254 2003 210 151
is_linear=0
shrinkage=0.05


Tree=10
num_leaves=31
num_cat=0
split_feature=18 12 2 1 5 37 37 18 35 11 13 7 18 37 17 37 9 15 5 38 38 37 37 20 17 3 18 13 36 15
split_gain=74.2938 19.3015 15.3354 13.7378 15.5748 14.1221 10.8828 12.408 13.5214 12.6643 9.89678 9.19051 14.2413 11.0031 10.1962 8.83639 8.81606 11.3968 8.83821 8.75078 13.1075 10.5214 18.9279 13.195 10.367 10.2947 12.132 10.4144 9.45961 8.82895
threshold=0.0019352666125912405 0.73015274505165306 -0.00059714195225318107 -0.00035465590098467673 0.0058740850298980235 0.58097356320111715 0.93358008913935564 0.0027838667343636028 1.2364022327780972 -0.47940723044633626 0.072632452850240156 5.5000000000000009 0.0029331130271287053 0.29649156669774895 0.53909673453190698 0.87166610945933909 1.0000000180025095e-35 0.4427766826246175 0.0015078495776322304 0.27529683452053416 0.2813538385399677 0.62013325716818624 0.30598590114998553 -0.0029086064475114652 0.86922624442897289 0.012103529542337588 0.0061335044978075961 0.045929954820796974 1.2863977146158694 0.18308563432116912
decision_type=2 2 2 2 2 2 2 2 2 2 2 2 2 2 2 2 2 2 2 2 2 2 2 2 2 2 2 2 2 2
left_child=-1 3 19 4 15 -6 7 -4 9 10 -9 13 -13 16 -14 -2 -5 18 -18 25 -21 22 23 -22 -25 27 -27 -3 -28 -26
right_child=1 2 6 11 5 -7 -8 8 -10 -11 -12 12 14 -15 -16 -17 17 -19 -20 20 21 -23 -24 24 29 26 28 -29 -30 -31
leaf_value=-0.041590481298169495 0.0044383401541179734 0.045960719363063139 -0.015664652777626235 -0.013351509875772367 0.099763987477850369 0.0099862546164180624 -0.025063171750047786 0.1046610384209264 0.050439975713257063 0.0028993239516436242 0.015094003861262702 -0.024377646774493084 0.096116173742353497 -0.024943330222537433 0.017316101063530147 -0.032867270604614293 -0.028507429228615294 -0.029393664992258928 0.041529740748293374 0.088577971383486498 -0.0073001984651179146 0.070216584493102238 -0.031748273833759021 0.10343235998566772 -0.0036032211400797774 0.092485115510483704 0.053626187533820396 0.0059323334914431498 -0.010831943713386276 0.068771851421015079
leaf_weight=99.978239051997662 193.85187335312366 17.459828920662403 62.097223311662674 87.328812398016453 7.9334276691079166 9.7803093791007978 35.664500162005424 5.537056736648081 18.555605545639992 200.7429187297821 6.9620620310306549 14.417505361139773 5.8916748240590122 126.56361938267946 13.537669390439985 17.288964442908764 5.4336112216115025 11.051223702728747 26.343266144394875 8.8455675542354566 12.76846268773078 10.146835938096045 15.534756802022455 7.699908062815676 8.238996587693693 7.9622733294963863 11.171716064214708 234.40608107298613 11.604128792881964 8.6249140053987485
leaf_count=1435 1973 166 667 902 71 99 384 50 171 1990 69 162 59 1392 136 184 57 110 249 75 108 89 140 64 71 67 94 2235 97 71
internal_value=-0.000174886 0.00326579 0.00878373 -0.00400075 0.0051617 0.0501949 0.00101944 0.0041846 0.00950209 0.00593981 0.0547718 -0.0112172 0.0132727 -0.014446 0.0412111 0.00138362 -0.00423855 0.0143433 0.0295539 0.0160025 0.0315821 0.0235813 0.0146305 0.0339297 0.0553613 0.012041 0.0393581 0.00870718 0.0207852 0.0334124
internal_weight=1303.42 1203.44 684.023 519.422 228.855 17.7137 329.559 293.895 231.798 213.242 12.4991 290.567 33.8468 256.721 19.4293 211.141 130.157 42.8281 31.7769 354.463 71.8594 63.0139 52.867 37.3323 24.5638 282.604 30.7381 251.866 22.7758 16.8639
internal_count=13437 12002 6608 5394 2327 170 3331 2947 2280 2109 119 3067 357 2710 195 2157 1318 416 306 3277 618 543 454 314 206 2659 258 2401 191 142
is_linear=0
shrinkage=0.05


Tree=11
num_leaves=31
num_cat=0
split_feature=18 6 7 6 37 6 0 3 7 37 7 0 1 18 5 18 4 37 5 1 5 17 7 19 5 23 0 3 18 18
split_gain=69.3664 20.1571 34.1887 20.5772 17.8526 16.6328 16.1749 18.1052 16.0733 22.6262 22.3119 13.8793 12.4875 11.7994 11.2125 15.6288 19.6382 32.0089 15.6285 10.3476 10.0523 10.0519 9.93154 18.2493 11.7393 14.112 12.3037 12.2086 11.0525 13.7862
threshold=0.0019352666125912405 17.500000000000004 5.5000000000000009 11.500000000000002 0.49355871617873842 14.500000000000002 0.00025295798636858983 0.0040099592073069819 3.5000000000000004 0.6400601291231679 1.5000000000000002 0.0010419936178106604 0.001652295174204296 0.0032603915872595726 0.0031909096596209395 0.0074717999237220506 16.289285714285633 0.47900772532465113 0.0068861725489676633 0.00027458002020285796 0.0015504039580630548 0.70493279070112247 2.5000000000000004 -0.0046355324874250174 0.0023017470203374997 0.00036971355974146225 0.0011226468248977102 0.0030350481563667917 0.0037675368068117014 0.0029704192639076412
decision_type=2 2 2 2 2 2 2 2 2 2 2 2 2 2 2 2 2 2 2 2 2 2 2 2 2 2 2 2 2 2
left_child=-1 3 21 4 12 8 13 11 9 -5 -11 -8 20 -4 -7 16 17 -16 -17 -15 -2 -3 23 -22 26 -26 28 -28 29 -24
right_child=1 2 6 5 -6 14 7 -9 -10 10 -12 -13 -14 19 15 18 -18 -19 -20 -21 22 -23 24 -25 25 -27 27 -29 -30 -31
leaf_value=-0.040973092008441542 -0.01017317016946517 -0.028730122882247539 -0.036802863559742029 0.028596769702285165 -0.016835311808258906 -0.0089117121759472954 0.1738667984746283 0.019798224861120279 0.0067103777952967798 0.02488248391399529 0.13582575104230718 0.054597004627012197 -0.0074579387921572399 0.061427423853243748 0.11359028669923162 -0.014041208552722 0.10197888099521149 -0.014030812856749886 0.0553604193954658 -0.026535326543722773 0.05060937565544097 -0.0077987291210736033 0.010790967803814933 -0.0030916588643673114 0.0019082903874884571 0.080952111587789533 0.12737194919868142 0.028597146158328715 -0.039278789338771339 0.058871416325903814
leaf_weight=96.49920366704464 50.146099768579006 95.334686882793903 10.44633959233761 92.940011829137802 112.88218532502651 76.035433642566204 4.7857648953795451 11.138402990996836 60.79902233928442 7.8373151272535333 10.745015136897564 4.9746398776769638 136.48443963378668 10.102268472313879 6.6618090942502048 40.963297389447689 10.073356255888937 18.718464553356171 10.114774547517298 4.9971953332424155 18.31197664141655 143.98551121354103 30.888405747711658 116.27767558395863 67.287907995283604 6.1639287397265425 6.7619133517146093 5.8217075020074844 5.6313295215368262 28.819043196737766
leaf_count=1435 536 1081 112 795 1237 785 51 111 552 67 82 53 1372 92 53 400 98 184 85 50 150 1521 292 1135 615 60 62 54 53 264
internal_value=-0.000181611 0.003082 -0.00851811 0.00668373 0.00102944 0.016569 0.03074 0.0633628 0.027392 0.0386671 0.0890341 0.113078 0.00529655 0.0040515 0.00509654 0.0174056 0.042911 0.0194671 -0.000297898 0.032316 0.0104758 -0.0161369 0.0140967 0.00421479 0.022883 0.00854149 0.0364017 0.0816746 0.0276825 0.033998
internal_weight=1302.63 1206.13 285.765 920.365 585.477 334.888 46.4446 20.8988 172.321 111.522 18.5823 9.7604 472.594 25.5458 162.567 86.5317 35.4536 25.3803 51.0781 15.0995 336.11 239.32 285.964 134.59 151.374 73.4518 77.9224 12.5836 65.3388 59.7074
internal_count=13437 12002 3071 8931 5830 3101 469 215 1496 944 149 104 4593 254 1605 820 335 237 485 142 3221 2602 2685 1285 1400 675 725 116 609 556
is_linear=0
shrinkage=0.05


Tree=12
num_leaves=31
num_cat=0
split_feature=18 18 6 7 6 38 6 12 38 37 4 18 3 16 4 1 5 37 37 20 19 21 17 2 19 37 11 0 3 37
split_gain=65.2418 18.9336 21.4053 31.2295 15.5623 20.381 20.3096 16.9227 13.4206 13.3991 13.0719 15.5694 14.6392 12.1373 11.7874 16.3688 15.6331 11.6792 19.7611 12.8945 10.3857 10.2267 10.153 12.1454 9.6744 9.61862 9.49558 9.25374 12.1138 9.16164
threshold=0.0016280874468590119 0.0024839570771464062 17.500000000000004 5.5000000000000009 12.500000000000002 0.27622738963164245 14.500000000000002 0.66714078592091164 0.33040544211351425 0.060199345466946962 12.840357142857201 0.0061842453468119556 0.012512671617808977 0.30504427139444745 7.4889285714286231 0.0010278889969424151 0.0022503697287714671 0.26839320818235612 0.083104325535746884 -0.0022739445700324826 -0.0006832851210783824 -0.0085921579683093646 0.48611648666247503 -0.0041643441041874047 0.0009026229447703395 0.43034700194747316 2.381418914386201 0.00040292058036911602 0.0040099592073069819 0.70522346891322019
decision_type=2 2 2 2 2 2 2 2 2 2 2 2 2 2 2 2 2 2 2 2 2 2 2 2 2 2 2 2 2 2
left_child=-1 -2 4 9 5 10 7 -6 14 -4 11 12 24 -9 15 20 -16 18 -18 -20 -7 -11 29 -24 -3 -26 -23 -5 -29 -8
right_child=1 2 3 27 6 8 22 13 -10 21 -12 -13 -14 -15 16 -17 17 -19 19 -21 -22 26 23 -25 25 -27 -28 28 -30 -31
leaf_value=-0.051104363082498522 -0.013955957486411609 0.0068036776680641719 0.028666394002947317 0.011332518928538496 0.090914440601933988 0.057526597405341121 0.10316634321528775 0.043134916603432077 -0.014927180752421422 0.039276165976016124 -0.017621295250213408 0.086582588549201867 0.08555148493723258 0.0074329058064714383 -0.025847213371260076 0.0043994030675868689 -0.0043474472503589713 -0.0065523552960018569 0.027754557691956113 0.11353842318877123 0.13560128180426986 -0.023095328507596338 0.024030132117965952 -0.007098836855201263 -0.0042356686411375334 -0.042532349928415633 0.048587726372799747 0.10898419966927433 0.024789104489976201 0.0091834288660329593
leaf_weight=60.023746117949486 157.06586465984583 247.21323261409998 15.821324072778223 23.419172815978527 12.048951581120489 11.098521418869497 5.0050550401210767 56.566645719110966 17.787137888371944 7.2218883335590354 90.006457254290581 5.5669542476534835 5.211685672402381 41.103568822145462 14.017155073583124 8.8345183432102186 10.022475875914099 11.809499666094778 6.8697054758667937 12.089959226548673 6.9123115390539196 187.59032793343067 46.944849446415901 94.232707120478153 99.793137677013874 19.619075186550617 4.7365047782659522 7.2340638414025333 10.43425243347883 5.3808561787009239
leaf_count=958 1855 2384 155 224 101 85 50 467 168 65 924 53 44 345 122 77 78 111 53 89 53 2094 408 957 1013 230 45 69 102 58
internal_value=-0.000192388 0.00226878 0.00461837 -0.00800399 0.00852728 0.00387381 0.018623 0.035007 0.0244287 -0.0156249 -0.000499215 0.0035842 0.00234159 0.0281101 0.0330017 0.0601462 0.0197064 0.0353599 0.0524381 0.0824561 0.0874906 -0.0191366 0.00676229 0.00325228 0.00115874 -0.0105277 -0.02133 0.0319429 0.0592617 0.0544746
internal_weight=1301.68 1241.66 1084.59 256.458 828.134 566.852 261.283 109.719 99.4413 215.37 467.411 377.404 371.837 97.6702 81.6541 26.8454 54.8088 40.7916 28.9821 18.9597 18.0108 199.549 151.563 141.178 366.625 119.412 192.327 41.0875 17.6683 10.3859
internal_count=13437 12479 10624 2754 7870 5484 2386 913 836 2359 4648 3724 3671 812 668 215 453 331 220 142 138 2204 1473 1365 3627 1243 2139 395 171 108
is_linear=0
shrinkage=0.05


Tree=13
num_leaves=31
num_cat=0
split_feature=18 19 18 37 7 17 20 13 6 39 18 5 6 6 38 2 2 32 5 14 5 12 18 11 38 38 17 14 18 5
split_gain=61.5467 17.2564 12.3077 13.5694 16.0923 16.012 13.7904 20.4905 12.4631 14.8089 10.2492 11.3705 10.1942 13.0323 17.6776 12.2403 10.4577 10.2103 11.4008 12.3247 9.90414 12.6768 13.7093 10.617 9.68662 9.62904 9.64458 15.4715 9.7486 9.31734
threshold=0.0016280874468590119 0.00021167175041604397 0.0024692009892185274 0.2548214691386857 5.5000000000000009 1.3168521439568233 0.0037495322529490145 0.45432708268649286 21.500000000000004 1.0000000180025095e-35 0.0067766785390600921 0.0028792053188470223 18.500000000000004 4.5000000000000009 0.30552296034563675 -0.00059714195225318107 -0.00092782165775294088 5.5000000000000009 0.0019824138164490717 0.38739316681499142 0.0031273277152755016 0.47429361230849398 0.0047582543680950795 -0.95528361617653379 0.24950620586975744 0.25158942134800505 1.8916410780299038 0.5541576140628196 0.0049665919430573677 0.0021297210057128987
decision_type=2 2 2 2 2 2 2 2 2 2 2 2 2 2 2 2 2 2 2 2 2 2 2 2 2 2 2 2 2 2
left_child=-1 12 -3 4 24 8 -7 10 -5 -10 11 -8 13 14 -2 16 20 -17 19 -19 23 -22 -23 29 -4 26 28 -28 -25 -15
right_child=1 2 3 5 -6 6 7 -9 9 -11 -12 -13 -14 15 -16 17 -18 18 -20 -21 21 22 -24 25 -26 -27 27 -29 -30 -31
leaf_value=-0.050811416338847087 -0.0094927159273931767 -0.024356752007916281 -0.0030758807285636873 -0.018227740467280183 0.08287081553663854 -0.024612818268097331 0.038103475834297372 -0.0042960888622285906 -0.0092426012240410509 0.087183486296342108 0.0078148636236771377 0.12260975121839718 -0.0056907289266325389 0.090253255327325366 0.046919950845920128 -0.01484985677699815 0.060358459468443107 0.099245544005483369 -0.0023364477281543638 0.0023277174359358547 -0.018708726850296814 0.08130239951082148 0.026985291331985312 -0.00073528704990555706 0.020910364267940545 0.023636211211522377 0.095289819461133463 -0.0036071607240415362 -0.048647358356754433 0.0048984096657821111
leaf_weight=57.41725854203105 124.1256287842989 68.599308393895626 112.76681286096573 206.11193308234215 7.0525655448436728 17.105393253266811 7.3901735767722192 23.7559884339571 10.849266543984415 6.2903140485286704 6.1789241284131995 8.6275511309504491 124.0032986626029 7.4654709324240667 15.636444456875322 57.188010767102242 14.440010249614714 7.3449643626809102 22.778951235115528 5.9274785369634628 13.064044885337351 13.150200232863424 99.61673129349947 102.19529983401299 67.157973177731037 60.227664776146412 6.4947458058595684 10.11145532876253 11.847574561834334 5.5922330915927887
leaf_count=958 1249 851 1152 2328 57 167 73 228 126 68 59 82 1319 73 133 565 137 71 216 60 127 105 845 984 589 511 54 88 112 50
internal_value=-0.00020028 0.00213739 -0.00456397 -0.00169516 0.00878124 -0.00853687 0.0137117 0.0279776 -0.014821 0.0261463 0.0625185 0.0836207 0.00731612 0.0101104 -0.00318132 0.0143571 0.0187102 -0.00171283 0.0191263 0.055962 0.0168864 0.0279177 0.0333194 0.0100799 0.00587712 0.00709603 -0.000528795 0.0350718 -0.00571273 0.0536983
internal_weight=1300.51 1243.1 541.886 473.287 186.977 286.31 63.058 45.9526 223.252 17.1396 22.1966 16.0177 701.21 577.207 139.762 437.445 344.205 93.2394 36.0514 13.2724 329.765 125.831 112.767 203.934 179.925 190.877 130.649 16.6062 114.043 13.0577
internal_count=13437 12479 5780 4929 1798 3131 609 442 2522 194 214 155 6699 5380 1382 3998 3086 912 347 131 2949 1077 950 1872 1741 1749 1238 142 1096 123
is_linear=0
shrinkage=0.05


Tree=14
num_leaves=31
num_cat=0
split_feature=18 18 6 7 6 37 6 38 12 37 16 38 16 31 12 4 3 5 16 1 5 1 38 20 15 15 12 15 0 38
split_gain=58.248 17.0433 18.3206 27.6262 13.2807 16.8366 16.7274 13.8496 13.7833 12.0487 11.1312 10.946 10.5142 10.0486 9.62854 9.60511 14 10.633 10.5586 9.64844 9.4097 12.6697 11.945 9.4094 9.24199 11.8742 8.89742 13.917 10.6966 8.86605
threshold=0.0015815249472308482 0.0024839570771464062 17.500000000000004 5.5000000000000009 12.500000000000002 0.28047654165180397 14.500000000000002 0.27529683452053416 0.66714078592091164 0.060199345466946962 0.3970536563184684 0.32773907121029078 0.30504427139444745 0.03022860740664721 0.40489851613745559 12.618928571428571 0.012103529542337588 0.007150544693816146 0.15093578205185795 0.0013429279560460332 0.0041725969708175494 0.0021586942675464117 0.1530452132845628 -0.007060213200222481 0.17167294662916519 0.26567771985060756 0.39202607049441091 0.14204545454545225 0.00059269034308452953 0.21628199244468385
decision_type=2 2 2 2 2 2 2 2 2 2 2 2 2 2 2 2 2 2 2 2 2 2 2 2 2 2 2 2 2 2
left_child=-1 -2 4 9 5 7 8 10 -6 -4 23 13 -10 -9 -8 16 19 -17 -19 -7 22 26 -11 -3 -5 -26 -22 -28 -29 -12
right_child=1 2 3 24 6 15 14 11 12 20 29 -13 -14 -15 -16 17 -18 18 -20 -21 21 -23 -24 -25 25 -27 27 28 -30 -31
leaf_value=-0.052263065740684927 -0.013408337186447709 0.033638614773846158 0.02652803196969979 -0.00072059396214392384 0.080168836460861828 0.0059796776221572043 0.050827315975401091 0.044981103202550686 0.038913137432487831 0.036958792395523618 0.038921068652508398 -0.012669782900529621 0.0061030658882715947 -0.010472623416749807 0.0026331084916720402 -0.030650500918950965 0.083270650278558109 0.067877430242489808 -0.017882014433036591 -0.021414921615585104 -0.026920062719000926 -0.031710857895605356 -0.03009792252182425 -0.0050999300889967049 0.10681805785783355 0.028511578399724277 -0.016159577490682642 0.075615879958088328 -0.0019835814285346161 0.0037527625076917135
leaf_weight=51.602009281516075 157.857092872262 17.275634966790676 16.186707772314548 15.899469561874865 12.899827644228933 103.65979918837547 11.182672351598738 56.992521524429321 58.715956844389439 7.0290836617350569 36.530350267887115 13.290568903088568 41.800877943634987 9.5362490564584714 141.49335017055273 61.490620329976082 4.9115016087889662 5.9728142172098151 8.9930339530110341 46.58660402148962 10.602050468325613 25.094030775129795 120.32346587628126 169.21348275244236 6.3985388502478626 19.889908507466316 12.357078127562998 14.006349086761476 6.5025766938924781 35.17991528660059
leaf_count=905 1908 140 155 146 101 1029 114 418 467 80 351 118 345 85 1359 679 39 55 88 516 125 283 1375 1640 59 190 124 145 72 326
internal_value=-0.000206142 0.00194652 0.00417022 -0.00758123 0.00774588 0.00343796 0.016968 0.0105536 0.031513 -0.0149313 0.00492632 0.0287565 0.0252688 0.0370324 0.00616307 -0.00694657 0.000201006 -0.0214516 0.0163443 -0.00251451 -0.0183567 -0.00342233 -0.0263968 -0.00151134 0.0293713 0.0475712 0.0129086 0.0257567 0.0510121 0.0216681
internal_weight=1299.47 1247.87 1090.02 254.289 835.726 569.633 266.093 338.019 113.417 212.101 258.199 79.8193 100.517 66.5288 152.676 231.614 155.158 76.4565 14.9658 150.246 195.915 68.5621 127.353 186.489 42.1879 26.2884 43.4681 32.866 20.5089 71.7103
internal_count=13437 12532 10624 2754 7870 5484 2386 3078 913 2359 2457 621 812 503 1473 2406 1584 822 143 1545 2204 749 1455 1780 395 249 466 341 217 677
is_linear=0
shrinkage=0.05


Tree=15
num_leaves=31
num_cat=0
split_feature=18 18 6 7 6 37 6 7 35 38 38 32 17 37 5 20 14 1 2 11 11 21 35 21 38 16 2 2 21 19
split_gain=55.0652 15.4571 16.5234 24.7989 11.7389 15.1288 14.513 12.9401 16.1717 15.5822 12.1266 12.0768 12.3194 10.9578 10.9544 10.048 10.0186 15.1061 9.96208 16.021 9.56109 12.4273 9.56009 11.4256 9.5292 9.52917 10.435 9.44189 12.9577 11.5647
threshold=0.0015815249472308482 0.0024839570771464062 17.500000000000004 5.5000000000000009 12.500000000000002 0.28047654165180397 14.500000000000002 3.5000000000000004 0.40045897682173387 0.17614844676861915 0.27529683452053416 3.5000000000000004 1.2067858821613673 0.074982560136726648 0.0042333959480212796 -0.019784547978566571 0.27213673719181142 0.0031853550850882563 0.0019599416578408688 -0.47289019110850544 -0.7483376656073274 -0.0024574663697158805 0.63282530191410458 0.0012858754766267068 0.32773907121029078 0.38878389082671694 0.00023391266701958962 -0.015000609660643047 -0.0046082213862912993 -0.0014743130331043464
decision_type=2 2 2 2 2 2 2 2 2 2 2 2 2 2 2 2 2 2 2 2 2 2 2 2 2 2 2 2 2 2
left_child=-1 -2 4 13 5 10 7 8 9 -6 16 12 -11 -4 -9 -15 17 18 20 -20 -3 -22 -10 -24 -12 26 -8 -7 -29 -30
right_child=1 2 3 -5 6 27 25 14 22 11 24 -13 -14 15 -16 -17 -18 -19 19 -21 21 -23 23 -25 -26 -27 -28 28 29 -31
leaf_value=-0.052052810825930634 -0.012881193322716714 -0.022407915649977767 0.020866517759638041 0.027251782687634302 0.11582770203673376 0.03071811695119572 0.028134002100559503 -0.0089744090000841506 -0.033648480512202213 -0.017334605710967777 0.034310401481294175 0.074647506230990937 0.069308222229749736 0.052293000121320848 0.057909123601188751 -0.019970622517187189 -0.0017590565803488882 -0.031712436225374244 0.10519046017608021 0.0099865208400133788 0.079041153939523254 0.012395612670830492 0.00967100899779408 0.0842324929919364 -0.012151542210831524 -0.013537941049048811 -0.0029869114424557336 -0.042593082539648462 0.013581721266574035 -0.013159885883086118
leaf_weight=49.27862486243248 156.14589177817106 11.507835701107977 19.952310130000114 43.133610635995865 9.934079281985758 15.748819164931772 58.662574633955956 29.423251815140247 7.8136650994420043 10.829347312450411 68.160040445625782 17.078185074031353 6.6049183383584014 4.9390154480934134 7.7303592786192885 184.67517845332623 181.72984771430492 12.053093425929545 9.5514766722917575 8.2235601842403394 9.4930004775524086 26.579529859125618 19.532329507172111 6.9718696027994147 13.167722441256045 44.935216389596462 49.80343110114336 25.847494050860405 58.675011932849884 130.01819748431444
leaf_count=905 1908 109 193 395 73 140 517 247 61 87 503 127 51 39 64 2127 1727 120 91 79 83 248 149 54 118 437 519 274 556 1436
internal_value=-0.000211468 0.00183403 0.00393668 -0.00727344 0.00730876 0.00324869 0.0159131 0.0292653 0.0407389 0.0606468 0.00994364 0.0447635 0.0154898 -0.0143795 0.0049417 -0.0180883 0.00465729 0.0197208 0.0292063 0.0611447 0.0172748 0.0299343 0.0149554 0.0292842 0.0267878 0.00582345 0.0138445 -0.00664931 -0.00939235 -0.00484446
internal_weight=1298.2 1248.92 1092.77 252.7 840.075 570.756 269.319 115.918 78.7644 44.4465 340.466 34.5125 17.4343 209.567 37.1536 189.614 259.138 77.4085 65.3554 17.775 47.5804 36.0725 34.3179 26.5042 81.3278 153.401 108.466 230.29 214.541 188.693
internal_count=13437 12532 10624 2754 7870 5484 2386 913 602 338 3078 265 138 2359 311 2166 2457 730 610 170 440 331 264 203 621 1473 1036 2406 2266 1992
is_linear=0
shrinkage=0.05


Tree=16
num_leaves=31
num_cat=0
split_feature=4 19 37 19 37 1 19 4 7 3 12 3 4 17 38 21 23 23 17 5 15 5 4 2 0 5 38 15 23 31
split_gain=45.6722 13.6519 10.9188 13.0694 11.7957 11.958 10.2796 9.34743 9.11519 8.44428 8.01598 8.71764 7.92271 7.6519 7.03786 10.1467 7.96631 10.3449 7.9078 12.4402 9.63133 10.29 8.48858 11.054 8.35433 7.84973 7.77837 7.56249 9.06209 9.4842
threshold=4.4864285714286014 0.00021167175041604397 0.94073553620903738 0.0039465316300345199 0.34718500726545737 -0.00035465590098467673 0.0003794126772145032 21.966428571428573 5.5000000000000009 0.001553604794629882 0.67836220635975009 0.0026014405296698926 8.770714285714277 0.63624236757425789 0.25285322546339956 0.0019804061927179346 0.00029954344865034137 0.00042911486068861329 1.5722908954477282 0.0015982235655723806 0.14654612526951585 0.0020790168978854066 13.105000000000002 -0.01655115964622338 -0.010770748654288448 0.0053599736334889467 0.21183374881632025 0.63365137715429876 -0.00073487746235839483 0.076371607062533708
decision_type=2 2 2 2 2 2 2 2 2 2 2 2 2 2 2 2 2 2 2 2 2 2 2 2 2 2 2 2 2 2
left_child=9 14 3 4 5 6 -3 -6 -5 -1 11 -8 -12 -7 16 27 18 -18 19 -2 24 -22 23 -21 -20 -25 -26 28 -16 -30
right_child=1 2 -4 8 7 13 10 -9 -10 -11 12 -13 -14 -15 15 -17 17 -19 20 22 21 -23 -24 25 26 -27 -28 -29 29 -31
leaf_value=-0.049284358814301162 -0.029706322295126816 -0.032133590054780871 -0.027209938084533394 0.0095594918114331132 -0.021049181608894314 -0.023680600388610633 0.027535720306322117 0.042482163469727913 0.064349347130873438 -0.016369833713734898 0.04362689645100612 0.10329280741878877 -0.032100546470565053 0.00066963061728174964 0.051818489629784151 -0.043328708595244458 0.088906074770152582 0.00033036077938615986 0.048037944764552448 0.071273812978531109 0.093409806222314165 0.022015437235387937 -0.010164976492257068 0.0041125979978928846 -0.021960847046541616 0.065967935293181942 0.02854932343629632 0.054390253503773717 0.015148774734808175 -0.020117115178896226
leaf_weight=49.728674337267876 33.10591746494174 6.0370374508202067 45.760320331901312 98.355051249265671 125.33604766428471 40.195139303803444 7.7283793129026908 6.0700971558690062 8.2260017022490484 32.041820771992207 8.425458148121832 7.4659726843237877 5.8533755019307128 163.48603293299675 14.642134107649325 7.3671539276838294 6.1821618899703008 7.0617765113711357 8.7696876078844053 6.5251108258962622 7.2410207763314274 16.655835807323456 99.036177657544613 251.5310515537858 24.768098440021276 5.2358572408556929 11.010294381529091 12.311432819813488 159.00196209549904 21.662082605063915
leaf_count=878 388 59 519 1008 1483 441 78 63 79 505 81 70 54 1634 103 72 63 74 64 53 61 135 959 2452 212 47 100 101 1393 208
internal_value=-0.000216263 0.00221795 -0.00387926 -0.0016419 -0.00607949 0.000532236 0.027307 -0.0181145 0.0137882 -0.0363868 0.0394823 0.0647601 0.0125837 -0.00413573 0.00682485 0.0143361 0.00344036 0.0416768 0.0023487 -0.000367295 0.0180401 0.0436487 0.00231341 0.0070071 0.0043029 0.00537392 -0.00641706 0.0163823 0.0139864 0.0109203
internal_weight=1296.82 1215.05 522.939 477.179 370.598 239.191 35.5102 131.406 106.581 81.7705 29.4732 15.1944 14.2788 203.681 692.108 214.985 477.123 13.2439 463.879 395.434 68.4449 23.8969 362.328 263.292 44.5481 256.767 35.7784 207.618 195.306 180.664
internal_count=13437 12054 5569 5050 3963 2417 342 1546 1087 1383 283 148 135 2075 6485 1877 4608 137 4471 3899 572 196 3511 2552 376 2499 312 1805 1704 1601
is_linear=0
shrinkage=0.05


Tree=17
num_leaves=31
num_cat=0
split_feature=18 12 1 5 11 19 37 4 6 18 37 37 6 19 0 14 12 37 38 37 37 20 15 18 37 37 18 1 1 0
split_gain=49.9564 14.0997 12.3009 14.0335 12.5847 9.45522 10.22 14.4745 10.7525 10.2489 10.319 8.16222 8.06711 8.85108 9.19962 8.10721 7.98893 7.87232 7.32374 10.4255 7.21377 7.14275 7.03878 9.83137 8.24008 18.2478 11.0248 8.83806 8.72686 9.9622
threshold=0.0015815249472308482 0.73015274505165306 -0.00035465590098467673 0.0057540081743540457 -0.67864329053324357 0.00094758500124917083 0.93358008913935564 10.71357142857144 21.500000000000004 0.0046851196827895529 0.18159288908596724 0.69441092488773681 17.500000000000004 -0.00073371519672575279 0.00064736444039244191 0.021505376344065599 2.4848718330044295 0.87166610945933909 0.30243261640926244 0.42302195261842218 0.58520082273175789 0.0033607905965549992 0.16212108301804848 0.0023832913078977815 0.79056280867977546 0.85244358965310163 0.0048335984768376359 -0.0081475574987912216 -0.0018221966928639074 -0.00098947411583738131
decision_type=2 2 2 2 2 2 2 2 2 2 2 2 2 2 2 2 2 2 2 2 2 2 2 2 2 2 2 2 2 2
left_child=-1 2 3 17 20 22 7 21 9 -9 -11 16 13 14 -4 -15 -12 18 -2 -20 -5 -7 23 -3 28 -26 -27 -28 -24 -30
right_child=1 5 12 4 -6 6 -8 8 -10 10 11 -13 -14 15 -16 -17 -18 -19 19 -21 -22 -23 24 -25 25 26 27 -29 29 -31
leaf_value=-0.05170310608681055 -0.00011200086397466157 -0.031072752690524008 0.031118045481378909 0.04532729394549842 0.086328389891634424 -0.020280701603160547 -0.028982647196332603 0.069398225487602869 0.088644970193330494 0.052017953410501819 -0.022001648219919599 0.027191978390519251 -0.023422941604253233 0.056031457274122176 -0.025717740875441437 -0.012606800232181099 0.040073396101851691 -0.033728716124406068 0.0071635743158575188 0.088532951258385173 -0.036371588291499272 0.0024556510865547526 0.0024154382789236318 0.006930116382808796 0.11240535059688557 0.077106230576813595 0.051057657179728114 -0.017709322365598548 -0.0036734963005974532 0.030363443897908585
leaf_weight=45.461952924728394 181.6253702417016 18.72666784375906 27.438563741743565 5.7867205440998095 9.3469754979014379 62.662037022411823 30.011843658983707 7.5386736094951621 5.1383592411875716 11.234655909240244 34.749635808169842 18.632661074399948 94.411961581557989 4.4232600964605799 9.614571236073969 157.04046318680048 6.0917964130640021 15.824509672820566 12.270221929997208 5.7960386574268332 5.0684330686926842 76.979173824191093 112.39849935099483 186.5735746845603 6.7252383381128302 6.6679884418845203 6.7768457904458073 15.04597172141075 28.528756760060787 87.229591753333807
leaf_count=905 1875 230 245 50 86 679 340 76 48 92 356 202 1139 46 96 1691 51 175 112 54 54 777 994 1628 57 61 53 142 262 861
internal_value=-0.000217457 0.00165452 -0.00454927 0.00395309 0.0438003 0.00619873 -0.00158998 0.00209614 0.0185798 0.0139788 0.00807018 -0.000231552 -0.0113911 -0.00566887 0.0163703 -0.0107265 -0.0127427 0.000217879 0.00290797 0.0332686 0.00718087 -0.00774697 0.0104039 0.00346365 0.0158138 0.0383249 0.0208383 0.00364554 0.0123392 0.021975
internal_weight=1295.82 1250.36 528.647 235.718 20.2021 721.712 253.039 223.027 83.3858 78.2474 70.7087 59.4741 292.929 198.517 37.0531 161.464 40.8414 215.516 199.692 18.0663 10.8552 139.641 468.673 205.3 263.373 35.216 28.4908 21.8228 228.157 115.758
internal_count=13437 12532 5623 2406 190 6909 2621 2281 825 777 701 609 3217 2078 341 1737 407 2216 2041 166 104 1456 4288 1858 2430 313 256 195 2117 1123
is_linear=0
shrinkage=0.05


Tree=18
num_leaves=31
num_cat=0
split_feature=18 12 1 5 11 2 18 11 35 17 18 13 12 13 4 21 0 2 2 16 2 13 15 15 14 0 15 18 9 20
split_gain=47.256 12.6932 11.2045 12.1937 10.253 8.51684 8.11977 9.95443 11.4592 8.2369 7.4019 8.01437 8.50039 9.79258 7.28404 6.73626 6.52488 9.50364 13.3932 7.30197 6.42316 11.4062 8.84756 10.3497 9.1266 6.26577 6.16067 6.27103 11.9381 5.91328
threshold=0.0015815249472308482 0.73015274505165306 -0.00035465590098467673 0.0057540081743540457 -0.67864329053324357 -0.00059714195225318107 0.0028167118049210933 -0.47289019110850544 1.2364022327780972 0.78310479242549336 0.0019865658641525759 0.074344002809121498 0.343691025685184 0.0037347626620928128 21.455000000000013 0.0019016820702249741 0.0010671188646363434 0.0015528228168587008 -0.00088558106619503305 0.28890019215550711 0.0001076572741642127 0.072632452850240156 0.22956993021017072 0.37685276679842522 0.67752889773788472 -0.00061885715690350625 0.16212108301804848 0.0022533938876580246 1.0000000180025095e-35 0.0052397719931140223
decision_type=2 2 2 2 2 2 2 2 2 2 2 2 2 2 2 2 2 2 2 2 2 2 2 2 2 2 2 2 2 2
left_child=-1 2 3 16 14 15 25 9 -9 -8 -4 12 -12 -14 -5 -3 20 18 19 -18 -2 22 24 -24 -22 -7 -27 28 -28 -15
right_child=1 5 10 4 -6 6 7 8 -10 -11 11 -13 13 29 -16 -17 17 -19 -20 -21 21 -23 23 -25 -26 26 27 -29 -30 -31
leaf_value=-0.051509707610238292 -0.0102112764676901 0.012700685825176784 -0.049629139389398731 0.050681884726142538 0.076969495010277014 -0.039413120024769238 0.089078672169409082 -0.0012931753853605333 0.036361480439592649 0.01168017876799606 -0.023098303423656055 -0.021054146847953925 0.05680058291465262 -0.0037893121348189038 -0.031270554761532343 -0.014840227281151858 0.033895886273991781 -0.026474595493401917 0.096889886842496567 -0.031761444870436827 -0.032128321260535345 -0.022946191172828034 0.086325379169301789 0.018384140500572153 0.043478248221057364 -0.03459003178286052 -0.0045424097452781845 -0.011653064938824354 0.082047917886858807 0.033403565204510981
leaf_weight=43.403029780834913 121.47353098914027 357.89746117964387 11.851763147860764 5.0591777339577693 9.9427104666829091 18.523203436285257 6.0880551561713201 228.80372037738562 22.161906950175762 7.8954250440001488 41.409790225327015 95.165621735155582 7.8851056769490233 122.20711413025856 5.8426024913787842 23.670977771282196 14.288286458700897 8.4141165465116483 6.5020760446786907 6.0182373374700537 10.371622830629351 18.224209412932396 9.0691033937037009 14.676359251141546 6.4884938113391391 14.434203028678892 11.061729516834022 28.131835214793682 6.2180226780474177 11.710929892957209
leaf_count=905 1238 3147 181 47 86 216 55 2286 191 71 476 1088 77 1270 57 229 141 91 65 60 111 202 90 151 67 173 156 302 83 125
internal_value=-0.000219393 0.00155941 -0.00434852 0.00373312 0.0402501 0.00585129 0.000137663 0.00431967 0.00203198 0.0453775 -0.0109304 -0.00928284 -0.00316851 0.00265145 0.00676103 0.0109922 0.0002014 0.0198846 0.0344349 0.014437 -0.00364377 0.00991701 0.0246664 0.0443329 -0.00303168 -0.0140008 -0.00613531 0.0029091 0.0266166 -0.000536851
internal_weight=1294.89 1251.49 526.601 236.371 20.8445 724.887 343.318 264.949 250.966 13.9835 290.23 278.379 183.213 141.803 10.9018 381.568 215.526 35.2227 26.8086 20.3065 180.303 58.8298 40.6056 23.7455 16.8601 78.369 59.8458 45.4116 17.2798 133.918
internal_count=13437 12532 5623 2406 190 6909 3533 2603 2477 126 3217 3036 1948 1472 104 3376 2216 357 266 201 1859 621 419 241 178 930 714 541 239 1395
is_linear=0
shrinkage=0.05


Tree=19
num_leaves=31
num_cat=0
split_feature=18 18 6 7 6 37 6 12 38 37 16 4 6 3 38 38 12 15 38 6 2 20 5 38 1 5 18 5 4 19
split_gain=44.7107 11.8552 13.2861 21.8913 10.1918 13.0122 11.448 11.3123 10.2216 9.68022 9.14045 9.06214 10.6826 9.50471 8.88946 15.9016 8.82998 8.82292 8.67517 8.65008 10.9172 11.93 8.61243 11.3245 10.8635 8.55533 8.80015 16.193 14.4905 28.0645
threshold=0.0015815249472308482 0.0024839570771464062 17.500000000000004 5.5000000000000009 12.500000000000002 0.28047654165180397 14.500000000000002 0.66714078592091164 0.27529683452053416 0.060199345466946962 0.3970536563184684 8.0885714285714148 1.5000000000000002 0.012512671617808977 0.17978091632035853 0.16243539461492915 0.32757687887658921 0.59488687413216745 0.34602439771208132 6.5000000000000009 0.0057488781575105305 0.00036262278571303906 0.0041725969708175494 0.1530452132845628 0.0021586942675464117 0.0068861725489676633 0.0081655246003399257 0.0035436569701832988 15.998214285714264 -0.0010395167835741236
decision_type=2 2 2 2 2 2 2 2 2 2 2 2 2 2 2 2 2 2 2 2 2 2 2 2 2 2 2 2 2 2
left_child=-1 19 4 9 5 8 7 -6 10 -4 -3 12 -7 -13 15 -14 -8 -9 25 -2 21 -21 23 -11 -24 26 27 -18 -29 -30
right_child=1 2 3 -5 6 11 16 17 -10 22 -12 13 14 -15 -16 -17 18 -19 -20 20 -22 -23 24 -25 -26 -27 -28 28 29 -31
leaf_value=-0.051321338115319762 -0.029728930288228917 -0.002108009025989305 0.022584035089528665 0.02513963016675469 0.06806683005896462 0.081694102157278722 0.063590573050546578 0.016062832303926699 0.023830141213943386 0.036678403654468401 0.018616198913515142 -0.01518016041149637 -0.0043383195749875855 0.025924671361138203 -0.010456330820995681 0.11193788535395831 -0.010081286890808906 0.070495663751343737 0.065699999149520169 0.0083219925452963778 0.074919119466952788 -0.026115708256953918 0.012174593784052085 -0.028625924413433163 -0.029892643086847078 0.043503744415326881 -0.028747070426839577 0.0036050845070028752 -0.005866311149078712 0.13339255453639259
leaf_weight=41.43396482616663 45.986945904791355 188.01657012104988 16.890151649713516 44.067128799855709 13.975716739892958 5.0378444120287886 6.2125722616910926 97.813661485910416 83.647108443081379 7.0458600074052802 74.202818021178246 168.05875937640667 7.7169506177306157 15.347823537886141 29.247206330299377 4.7503778785467148 71.597437895834446 8.0576630160212499 5.2772911787033072 56.394912004470825 4.232556849718093 45.38893748819828 43.761573068797588 114.85448540747166 23.636037886142731 10.663352102041243 26.617605805397034 19.496035248041153 6.683440238237381 7.8874636366963369
leaf_count=905 602 1780 155 395 101 48 60 751 621 80 677 1802 81 128 298 49 706 61 51 663 52 591 466 1375 283 83 259 179 57 78
internal_value=-0.000220188 0.0014702 0.00327797 -0.00684849 0.0062583 0.00248096 0.0141912 0.0257868 0.00861129 -0.0136851 0.00375653 -0.00673126 0.0129194 -0.0117404 0.0046135 0.039966 0.00519253 0.0202056 0.00274484 -0.0116188 -0.00376307 -0.00703497 -0.0169212 -0.0248513 -0.0025782 0.000420649 -0.00305231 0.00342038 0.0317964 0.0695167
internal_weight=1294 1252.57 1100.56 250.255 850.308 576.025 274.282 119.847 345.866 206.188 262.219 230.159 46.7524 183.407 41.7145 12.4673 154.435 105.871 148.223 152.003 106.016 101.784 189.298 121.9 67.3976 142.945 132.282 105.664 34.0669 14.5709
internal_count=13437 12532 10624 2754 7870 5484 2386 913 3078 2359 2457 2406 476 1930 428 130 1473 812 1413 1908 1306 1254 2204 1455 749 1362 1279 1020 314 135
is_linear=0
shrinkage=0.05


Tree=20
num_leaves=31
num_cat=0
split_feature=18 12 18 7 11 14 1 14 1 19 31 35 20 37 13 13 37 21 17 38 12 14 14 36 11 14 7 37 21 37
split_gain=42.3044 10.9809 10.3387 12.2424 13.8645 10.9023 9.75415 12.3255 8.13523 12.4491 8.77324 9.00261 13.4947 9.88783 9.87849 9.0866 8.07711 9.38422 7.55937 8.44217 7.44521 7.20696 13.3876 9.95176 11.5395 11.4738 10.1443 9.21612 7.68916 8.26531
threshold=0.0015815249472308482 0.73015274505165306 0.0023491670299160099 5.5000000000000009 -0.68979527749099201 0.62886133366617114 -0.00035465590098467673 0.017497826166799475 0.0028651120712666141 0.0043414395189889125 0.5320513789957112 0.71345961566586202 0.006219771516101342 0.34407985293456533 0.21772331434744752 0.22017030954053979 0.29649156669774895 0.00084803975181801927 0.5459515076969933 0.13052382452904199 0.49947442327849684 0.25107304043466888 0.28499578414840959 1.3149087629439642 -0.29634622283083001 0.22849606173735923 3.5000000000000004 0.25757426704894776 -0.008100368899933777 0.0064970280552792614
decision_type=2 2 2 2 2 2 2 2 2 2 2 2 2 2 2 2 2 2 2 2 2 2 2 2 2 2 2 2 2 2
left_child=-1 2 -2 6 5 20 18 -8 21 -10 11 12 15 -13 -14 -11 17 -9 -4 -20 -5 23 -23 24 26 28 -3 -25 -26 -30
right_child=1 8 3 4 -6 -7 7 16 9 10 -12 13 14 -15 -16 -17 -18 -19 19 -21 -22 22 -24 27 25 -27 -28 -29 29 -31
leaf_value=-0.051137434540474203 -0.026283598187332148 0.016021015346127696 -0.015123164621310463 0.0087892059571936885 -0.004878801118008376 0.10696998312243629 0.067546236549229935 0.0057286824722771572 -0.016051072728673305 0.0089154122989476819 -0.02411902908042551 -0.0022656988246510415 0.026290626238236289 0.075379839798815379 -0.024384275489536065 0.099992709215650621 -0.022922713253796124 -0.025736333165256808 0.064384891006279157 0.0062182231368314959 0.072009567000744387 -0.03601301901992017 0.0070584260167550796 0.080948488444580691 0.05701600512742494 0.058852027603006819 0.081149326641822561 0.01820797815367221 0.053831400953868042 -0.010416714582514744
leaf_weight=39.551382318139076 47.886215358972549 14.759151086211206 42.583302617073059 14.334048762917524 26.872459478676319 5.7447809800505629 4.7955783009529105 77.226664736866951 97.004836022853851 5.2517783120274526 15.386686235666273 6.323191367089751 15.123996183276175 11.663043320178984 26.412249654531479 5.7226361781358719 112.41443661600351 34.186155267059803 6.5193673446774474 144.53895808756351 6.8980689272284499 18.918839663267136 388.85806766524911 11.121215119957926 5.1878480091691008 8.5935352742671949 10.050237867981194 12.356501907110212 5.3854388520121566 71.022091194987297
leaf_count=905 655 132 456 133 267 51 47 763 986 50 156 57 157 109 270 54 1354 354 59 1425 59 186 3603 98 44 81 94 105 55 672
internal_value=-0.000223772 0.00138315 -0.00413799 -0.00191064 0.0205411 0.0458626 -0.00477381 -0.0117676 0.00535094 -0.00377658 0.0100874 0.0175533 0.00709607 0.048083 -0.00593275 0.0564079 -0.0134669 -0.00392611 0.00348339 0.00872858 0.0293288 0.00840689 0.00506012 0.0182623 0.0122059 0.00389877 0.0424044 0.0479277 -0.00188884 -0.00588831
internal_weight=1292.69 1253.14 524 476.114 53.8494 26.9769 422.264 228.623 729.141 182.888 85.8836 70.4969 52.5107 17.9862 41.5362 10.9744 223.827 111.413 193.642 151.058 21.2321 546.253 407.777 138.476 114.998 90.1889 24.8094 23.4777 81.5954 76.4075
internal_count=13437 12532 5623 4968 510 243 4458 2518 6909 1839 853 697 531 166 427 104 2471 1117 1940 1484 192 5070 3789 1281 1078 852 226 203 771 727
is_linear=0
shrinkage=0.05


Tree=21
num_leaves=31
num_cat=0
split_feature=18 18 7 11 0 0 20 19 19 18 16 1 19 3 37 4 5 13 37 3 16 17 39 4 13 4 37 37 18 17
split_gain=40.036 10.3755 11.1295 13.0171 12.4018 14.9134 10.2483 13.0111 9.64741 9.60031 13.188 9.49387 8.97558 14.6717 12.7928 8.33697 7.98189 20.1457 7.9792 10.3993 9.63928 9.71619 8.93971 10.1074 9.25046 9.62283 8.90519 11.5686 8.73144 8.4852
threshold=0.0015815249472308482 0.0024839570771464062 5.5000000000000009 -0.64928632980026946 0.00047650660164980422 0.00072710174939799252 -0.0023876240693973404 0.0002730034837011654 0.00094758500124917083 0.0026845747136232767 0.37377193151768712 -0.00035465590098467673 -0.0018803294644241769 0.0041852004364573746 0.453654037180237 9.6025000000000222 0.0069774352258276931 0.21772331434744752 0.25757426704894776 0.012103529542337588 0.30504427139444745 0.64768264068292325 1.0000000180025095e-35 7.6650000000000533 0.057657531121333962 6.0107142857142692 0.72551373871729519 0.83477783752985835 0.0063473544331493917 0.63926909016374955
decision_type=2 2 2 2 2 2 2 2 2 2 2 2 2 2 2 2 2 2 2 2 2 2 2 2 2 2 2 2 2 2
left_child=-1 -2 3 9 -4 -6 -7 -8 16 10 -3 12 -11 -14 -15 -9 18 -18 22 20 21 -20 24 -24 25 -5 -23 -28 -21 -22
right_child=1 2 4 8 5 6 7 15 -10 11 -12 -13 13 14 -16 -17 17 -19 19 28 29 26 23 -25 -26 -27 27 -29 -30 -31
leaf_value=-0.050957464154952892 -0.011030966703871737 -0.0078416495270499775 0.0039075073152628082 0.081161522811926345 0.11022697268848565 -0.0059777266062297305 0.10464151496960782 -0.0062657525637971542 -0.0032546988406383088 -0.020835597176038733 0.086350435900735101 -0.019268242182812204 -0.0016520554759051479 0.093847858663374084 0.0061250547032173129 0.053542190890311425 0.11029861479533282 0.0062729130629107137 -0.024167094004848448 0.078002639939824564 0.019022828349742206 0.0055570815534501756 0.076568101021878776 0.020721665098788377 0.0013953162900464141 0.018377479358089973 0.091496967898336001 0.016935326462274136 0.010871857675933841 -0.02024471270513761
leaf_weight=37.751974202692509 150.11790046095848 9.2464323639869672 75.760228268802166 7.1514089256525031 5.9294439852237693 16.258097723126411 6.7137429937720325 10.906835459172727 247.36159805208445 34.817044854164124 6.2131814882159224 139.91007101535797 60.834487289190292 8.5750265717506426 8.0648131966590864 12.510166764259337 6.7483960390090969 14.997333243489264 20.113055810332298 7.5461200326681164 16.575962446630001 76.671294376254082 11.027194075286387 30.541388154029846 109.26650068163872 41.630269855260849 7.588971562683585 16.541180163621902 13.525787904858587 80.905662126839161
leaf_count=905 1908 95 672 61 52 140 55 109 2553 348 56 1565 623 80 90 110 53 110 212 53 175 705 87 239 938 360 63 147 106 767
internal_value=-0.00022512 0.00130213 0.00297924 0.00116045 0.0168369 0.0355596 0.0260156 0.0432787 0.00471064 -0.00823283 0.0300139 -0.0105773 0.000251216 0.00972765 0.0513313 0.0256857 0.00898622 0.0385554 0.0075218 0.00136791 -0.00186861 0.00756313 0.0149043 0.0355364 0.00947774 0.0275816 0.0138943 0.0403851 0.0349123 -0.0135676
internal_weight=1291.8 1254.05 1103.93 975.853 128.079 52.3183 46.3888 30.1307 708.192 267.661 15.4596 252.201 112.291 77.4743 16.6398 23.417 460.831 21.7457 439.085 239.468 218.396 120.915 199.617 41.5686 158.048 48.7817 100.801 24.1302 21.0719 97.4816
internal_count=13437 12532 10624 9486 1138 466 414 274 6629 2857 151 2706 1141 793 170 219 4076 163 3913 2228 2069 1127 1685 326 1359 421 915 210 159 942
is_linear=0
shrinkage=0.05


Tree=22
num_leaves=31
num_cat=0
split_feature=18 18 6 7 6 37 7 19 5 7 4 6 21 17 12 2 5 19 6 20 2 37 10 5 38 1 16 11 4 6
split_gain=37.8937 9.40408 11.3556 17.7802 9.11568 11.1129 10.7914 16.4178 11.1258 14.7855 13.3663 17.8435 20.7416 13.5517 15.5301 11.7657 10.3789 10.3254 11.8215 8.78843 12.1788 8.65365 9.3582 8.75523 11.9196 9.71758 8.59315 9.09149 8.31259 8.23336
threshold=0.0015815249472308482 0.0024839570771464062 17.500000000000004 5.5000000000000009 11.500000000000002 0.49894253276626382 2.5000000000000004 -0.0046355324874250174 0.0023017470203374997 5.5000000000000009 10.15821428571425 2.5000000000000004 -0.0020555999326546475 1.0932848923640617 0.60916333005734524 -0.00071262348325148474 0.0022107349763259942 -0.0016235439227194673 4.5000000000000009 -0.0014568167501677494 -0.0033756149402459561 0.074982560136726648 1.0000000180025095e-35 0.0041725969708175494 0.1530452132845628 0.0021586942675464117 0.41698923474672051 -0.13814707555768904 8.4150000000000063 6.5000000000000009
decision_type=2 2 2 2 2 2 2 2 2 2 2 2 2 2 2 2 2 2 2 2 2 2 2 2 2 2 2 2 2 2
left_child=-1 29 4 21 5 6 7 -3 9 15 -10 -12 -13 14 -14 17 -17 26 -19 28 -21 22 -4 24 -23 -25 27 -8 -9 -2
right_child=1 2 3 -5 -6 -7 8 19 10 -11 11 12 13 -15 -16 16 -18 18 -20 20 -22 23 -24 25 -26 -27 -28 -29 -30 -31
leaf_value=-0.050780900719104308 -0.028623917160799796 0.038885051183722763 -0.0020888073415286116 0.021544072078187579 0.012105359666166542 -0.013398963405601972 0.04197663457675338 -0.044308261437500537 -0.014539452166885253 0.088790351852748597 -0.038879490343802003 -0.010969062793816278 0.026176354034081806 0.0061965518283153102 0.11693116389136178 -0.0069760841072104701 0.064382051521184855 0.027642663517340169 0.10061665136447005 0.052339730358281628 -0.005234003756381219 0.039273039834577278 0.074875366394332149 0.011724515652175648 -0.0287800558383586 -0.028582431482979478 0.060438734271855282 -0.025182051575455052 -0.0065382121164770093 -0.0029103565629740973
leaf_weight=36.032512836158276 44.356365088373423 20.667328760027885 15.354952380061151 45.795795366168022 327.10795766115189 101.34714717417955 7.9968233406543794 27.223132371902466 60.415125675499439 8.1409870907664281 10.620156630873678 16.732154913246632 7.6908752694726052 8.4467948749661428 12.177714914083479 43.786817327141762 5.766840621829032 12.131678663194181 10.229290448129175 9.9911422505974752 113.88689474761486 6.8392048701643935 5.3173520788550368 43.943953260779381 108.70026793330908 22.66627211868763 7.9535595700144759 13.625754959881304 31.335130795836449 104.40943172574043
leaf_count=905 602 152 141 395 2790 1150 69 257 563 68 98 145 69 71 100 416 55 102 78 93 1123 76 52 463 1344 283 64 116 291 1306
internal_value=-0.000226643 0.00122523 0.0028129 -0.00659545 0.00554141 0.00149151 0.00501073 -0.00335093 0.0125348 0.0239576 0.00174676 0.0194219 0.0331667 0.0592475 0.0818011 0.0187571 0.00132827 0.035386 0.0610255 -0.00813564 -0.000590506 -0.0129492 0.017708 -0.0164285 -0.0247517 -0.00199122 0.0160014 -0.000344304 -0.0240971 -0.0105772
internal_weight=1290.69 1254.66 1105.89 248.618 857.273 530.165 428.818 203.104 225.715 109.632 116.083 55.6677 45.0475 28.3154 19.8686 101.491 49.5537 51.9371 22.361 182.436 123.878 202.822 20.6723 182.15 115.539 66.6102 29.5761 21.6226 58.5583 148.766
internal_count=13437 12532 10624 2754 7870 5080 3930 1916 2014 968 1046 483 385 240 169 900 471 429 180 1764 1216 2359 193 2166 1420 746 249 185 548 1908
is_linear=0
shrinkage=0.05


Tree=23
num_leaves=31
num_cat=0
split_feature=18 18 6 7 6 21 2 37 21 21 16 11 15 16 19 16 4 21 2 16 18 4 7 5 37 34 13 7 16 16
split_gain=35.8685 8.52464 10.2436 16.0453 8.23626 12.2846 14.8554 10.2776 11.5763 10.7439 10.103 9.79594 9.997 9.1674 9.07469 9.28067 8.71211 11.7294 9.87455 12.212 8.58593 17.4557 11.4474 9.03415 9.65347 8.51827 13.1315 8.50117 8.43959 10.3409
threshold=0.0015815249472308482 0.0024839570771464062 17.500000000000004 5.5000000000000009 12.500000000000002 -0.0076901315524310187 -0.017827766648188786 0.28047654165180397 0.00074287802306119085 1.8895413235369759e-05 0.29519945325876651 -0.47940723044633626 0.35271497105553357 0.3970536563184684 -0.0047813473187508244 0.17579708981972561 8.0885714285714148 0.0021327963821859172 0.00078853350388655629 0.10575963888473901 0.004270179395598748 9.3239285714285796 5.5000000000000009 0.0029887876800662717 0.99288773666628127 0.026121628282997078 0.36139797443609284 3.5000000000000004 0.026291102992047104 0.23786593297543904
decision_type=2 2 2 2 2 2 2 2 2 2 2 2 2 2 2 2 2 2 2 2 2 2 2 2 2 2 2 2 2 2
left_child=-1 -2 4 -4 5 -3 -7 8 9 13 20 12 -11 14 15 -8 17 18 19 -9 21 -6 23 -22 25 -25 -27 -12 -10 -30
right_child=1 2 3 -5 10 6 7 16 28 11 27 -13 -14 -15 -16 -17 -18 -19 -20 -21 22 -23 -24 24 -26 26 -28 -29 29 -31
leaf_value=-0.050607254058816969 -0.010141872560516763 -0.041098063315497459 -0.012449847454841718 0.020144061044988202 0.021127051262220049 0.061629501507832009 0.073931755718197378 0.080944391569689134 0.036371434214418803 0.03790427178181871 0.011596290842543449 0.016578951195432217 0.11733424137542531 0.02466512941282149 -0.0039565832629324003 -0.0039996283373586938 -0.01245536372761406 0.080759549295357239 -0.029363241624208315 0.0020762045744984066 -0.017285939523112411 0.092386542895407014 0.069124157526221197 0.013156486533556153 -0.022877074351923678 0.094857004104951001 0.012219564053516702 -0.015842366403365549 -0.02715786635863033 0.0047168509249201187
leaf_weight=34.389841362833977 147.46944624558091 16.198626287281513 200.65845039486885 46.510585889220238 34.931795440614223 10.6242663487792 8.0653747841715795 6.4842622801661518 10.665131986141203 11.939120829105379 75.613345980644226 27.129223339259624 5.9283031448721877 58.971383303403854 114.31981319189072 7.2582404464483252 159.69806678593159 5.4805258288979521 15.090212710201738 20.193521901965141 25.50850572437048 11.398057535290716 8.4408253803849203 47.294039882719517 12.781137518584726 9.4050808176398295 9.8336439132690412 45.045899130403996 48.320312686264515 53.749174870550632
leaf_count=905 1908 170 2359 395 288 78 52 60 100 103 655 227 48 481 1014 57 1722 59 167 190 226 82 60 403 115 75 80 402 461 495
internal_value=-0.000229236 0.00115123 0.00265491 -0.00631655 0.00523226 0.00183202 0.00306519 0.00194065 0.00720824 0.0135584 0.0122707 0.0355118 0.0642587 0.00832108 0.000886595 0.0370185 -0.0068752 0.0119855 0.00296143 0.0212458 0.0205253 0.0386583 0.013108 0.00859731 0.0169217 0.0245672 0.0526179 0.00135258 -0.00595064 -0.0103728
internal_weight=1289.4 1255.01 1107.54 247.169 860.368 580.116 563.917 553.293 346.346 233.611 280.252 44.9966 17.8674 188.615 129.643 15.3236 206.947 47.2485 41.768 26.6778 159.593 46.3299 113.263 104.822 79.3139 66.5328 19.2387 120.659 112.735 102.069
internal_count=13437 12532 10624 2754 7870 5484 5314 5236 3038 1982 2386 378 151 1604 1123 109 2198 476 417 250 1329 370 959 899 673 558 155 1057 1056 956
is_linear=0
shrinkage=0.05


Tree=24
num_leaves=31
num_cat=0
split_feature=5 1 17 12 5 12 19 37 7 10 35 14 14 17 16 16 0 13 9 38 21 15 20 13 1 5 12 15 20 2
split_gain=27.1394 8.3447 14.5433 10.4325 11.1542 9.04936 8.27796 10.5231 9.98338 15.5332 9.13754 9.05151 7.99168 7.56334 8.41377 7.49253 7.26097 6.91198 6.60899 6.22125 15.3081 9.15742 8.36257 15.3311 7.59191 12.3711 8.87426 8.80193 10.0958 8.23415
threshold=0.0011206206767204016 0.0030057721301920901 1.0778392484342036 0.78533797922121662 0.007150544693816146 0.36703538817853304 0.004480757410179192 0.16561807483778934 2.5000000000000004 1.0000000180025095e-35 0.73024915759600761 0.53553734061926905 0.62222222222223122 0.54268842160634201 0.54110102121939263 0.17379511714629906 -0.00022580324128653378 0.0037347626620928128 1.0000000180025095e-35 0.23505317415639956 0.0031000824886853163 0.77583396995156717 -0.0074031789172375089 0.19022834234750732 -0.0051683084146625933 0.005108076783765794 0.73441936377081296 0.16212108301804848 0.0034348819595164657 0.0042105804894517424
decision_type=2 2 2 2 2 2 2 2 2 2 2 2 2 2 2 2 2 2 2 2 2 2 2 2 2 2 2 2 2 2
left_child=-1 5 13 12 6 16 7 18 9 -8 -10 -11 -4 14 15 -3 -2 -7 -5 -19 21 22 23 -21 -24 26 -26 -28 29 -29
right_child=1 2 3 4 -6 17 8 -9 10 11 -12 -13 -14 -15 -16 -17 -18 19 -20 20 -22 -23 24 -25 25 -27 27 28 -30 -31
leaf_value=-0.033063753323089959 0.0036485863728344826 0.040869399403972016 0.095215480899650928 0.050245868276951391 0.071518198564133467 0.04385548864207342 -0.0083097706459724745 -0.037054719798874251 -0.039360896748185603 0.10363269462219314 0.023393899272629286 0.029284796635362667 0.0068790343444816299 -0.022950685988766404 0.07216355856900239 -0.02938332380234367 -0.026612284054275837 0.00079879020292318516 -0.014257707261132437 0.088701886306874894 -0.048010425477370389 0.069278197168061148 -0.014732201013957658 0.0073648766903837678 -0.0020008563356613243 0.078419370125918875 0.0014491692792944764 0.023692078650381851 0.076732217739167358 -0.034154559904689623
leaf_weight=60.004519063979387 36.746466655284166 5.6620533242821756 5.5344984754919988 7.0033092349767694 5.40942608565092 11.241520050913094 14.551567800343038 27.791376538574696 14.108108647167684 7.3984409719705608 9.8508815020322782 9.1650787964463216 4.7644532173871994 114.35047472640872 4.2759095802903166 11.511222045868633 43.042815607041121 509.56897723302245 9.1716492921113968 9.307222433388235 11.313229687511919 6.6285016238689414 33.366232104599476 15.345623910427092 114.31830339878798 6.5405051633715621 66.990174781531096 98.014835089445114 8.4975059628486616 6.5637764930725089
leaf_count=1276 411 65 50 73 49 106 150 280 135 63 89 83 52 1267 47 138 507 5072 86 65 114 58 289 109 1131 55 612 864 76 65
internal_value=-0.000230104 0.00137422 -0.00676681 0.00633799 0.00160394 0.00346093 -0.00221466 -0.0183932 0.0107009 0.0293812 -0.0135589 0.0624938 0.0543497 -0.0178402 0.00940509 -0.0062209 -0.0126758 0.0048952 0.0136706 0.00440112 0.00927166 0.0110443 0.00996896 0.0380721 0.00789645 0.0104055 0.00889439 0.0158114 0.0243201 0.0200614
internal_weight=1288.04 1228.03 250.548 114.749 104.45 977.486 99.0404 43.9663 55.0741 31.1151 23.959 16.5635 10.299 135.8 21.4492 17.1733 79.7893 897.696 16.175 886.455 376.886 365.573 358.944 24.6528 334.291 300.925 294.385 180.066 113.076 104.579
internal_count=13437 12161 2627 1110 1008 9534 959 439 520 296 224 146 102 1517 250 203 918 8616 159 8510 3438 3324 3266 174 3092 2803 2748 1617 1005 929
is_linear=0
shrinkage=0.05


Tree=25
num_leaves=31
num_cat=0
split_feature=18 12 6 6 0 38 15 38 1 2 7 38 17 4 21 15 15 38 0 14 20 14 2 0 3 19 1 15 15 37
split_gain=32.8703 8.00866 8.54126 10.206 12.3936 8.13844 8.11456 7.49052 7.33473 9.08527 10.4065 6.8415 13.9133 6.75873 6.81849 8.66775 17.6533 8.1713 7.28025 9.42005 7.14951 6.83134 7.12686 8.88637 17.3004 10.8586 11.3139 10.159 10.5574 7.62614
threshold=0.0015815249472308482 0.73015274505165306 3.5000000000000004 17.500000000000004 -0.0031381338150753349 0.15980484823893579 0.6493198744383557 0.21009277636950316 -0.0021108971624365313 0.0012744976320872036 4.5000000000000009 0.15766029730764233 0.76000945899479944 4.6682142857142965 -0.0037841839452194747 0.4427766826246175 0.40877730814589502 0.13480643670968287 0.00047650660164980422 0.11893680385050305 0.00018693816821626282 0.041175171136278027 -0.00033597446441976795 0.0012592973825711242 0.0034453138394443428 -0.00020572247182856025 0.001100966435831491 0.25663183708288706 0.19891522980580631 0.36058875122122774
decision_type=2 2 2 2 2 2 2 2 2 2 2 2 2 2 2 2 2 2 2 2 2 2 2 2 2 2 2 2 2 2
left_child=-1 2 5 4 7 -2 -7 -4 9 10 -5 12 -10 -6 -15 16 17 -16 19 -17 -21 -19 23 25 -25 26 27 28 -23 -24
right_child=1 -3 3 8 13 6 -8 -9 11 -11 -12 -13 -14 14 15 18 -18 21 -20 20 -22 22 29 24 -26 -27 -28 -29 -30 -31
leaf_value=-0.050335525076488002 -0.055282422829017158 0.0043954548396147484 0.092498373068000045 -0.017446480202864358 -0.038288852985105246 -0.016246650720405046 0.048663817760462635 0.014748815245670203 -0.022437041716065042 0.054707881789373726 0.054061073822740516 -0.021099286216450623 0.087877094849830667 -0.017749356300696392 0.068962114009776213 -0.027557632247701937 0.081381727868059112 0.065473302404550099 -0.041825227973845219 0.047531952740357077 -0.0086813961442324759 0.0061577898131395335 0.0063436149000573074 0.10116283631367773 0.001224940795790328 -0.044579403410220875 0.082905008801495705 -0.029968400988749845 0.083321163440728027 -0.026415902774609895
leaf_weight=31.919910456985235 12.535235229879616 736.63173837959766 6.2490063384175283 27.443494565784931 9.6501458920538408 69.254654970020056 5.1745170764625064 6.1431706994771957 7.738813538104294 8.1272819489240629 6.2458656802773467 107.55474105477333 4.5322589911520481 30.567731309682131 5.5188914686441413 16.915732555091381 8.9628536626696569 4.8354540318250647 13.478221271187065 12.308634392917158 10.465929806232451 17.132892150431875 50.174310643225908 8.1003475338220614 9.3049278631806356 8.681346692144869 5.6158942729234687 12.405312485992907 5.9799752831459037 27.503261651843786
leaf_count=905 153 6909 52 313 151 730 52 53 101 89 57 1373 53 309 55 168 82 44 140 114 113 157 481 70 86 97 47 111 51 321
internal_value=-0.000229747 0.00104442 -0.00371547 -0.000835246 0.0051137 -0.0180111 -0.0117339 0.0539556 -0.0107719 0.00725769 -0.00418928 -0.0170638 0.0183069 0.00276411 0.00436187 0.00747107 0.0131521 0.00921319 -0.0100754 0.000706395 0.0216994 0.00701096 0.00505999 0.0169802 0.0477356 0.00623438 0.0169586 0.00653164 0.0261222 -0.00525553
internal_weight=1287.15 1255.23 518.601 431.636 269.994 86.9644 74.4292 12.3922 161.642 41.8166 33.6894 119.826 12.2711 257.602 247.952 217.384 164.215 155.253 53.1685 39.6903 22.7746 149.734 144.898 67.2207 17.4053 49.8154 41.1341 35.5182 23.1129 77.6776
internal_count=13437 12532 5623 4688 2702 935 782 105 1986 459 370 1527 154 2597 2446 2137 1602 1520 535 395 227 1465 1421 619 156 463 366 319 208 802
is_linear=0
shrinkage=0.05


Tree=26
num_leaves=31
num_cat=0
split_feature=18 3 1 19 4 4 20 2 20 35 31 16 38 13 5 5 18 18 11 11 38 21 4 37 4 14 20 16 37 15
split_gain=31.139 7.61773 7.23981 10.9328 7.88004 7.68644 7.67858 8.34645 7.05467 6.87434 10.7424 7.10012 6.56963 7.42378 5.99347 9.40802 5.68413 10.2948 7.65982 9.01765 5.62246 12.9084 14.2782 8.63378 10.6628 11.7195 7.89242 10.3614 7.30502 12.0685
threshold=0.0015417750153270671 0.0014872969775056217 0.0030057721301920901 0.0043414395189889125 4.0542857142856823 4.5421428571429008 0.0057314974206629571 0.0060139592332441186 0.00036262278571303906 0.71345961566586202 0.7161277964123749 0.14070574109490205 0.26500817299775709 0.047473773242011873 0.0016345481071264672 0.0019824138164490717 0.0030652755615131516 0.0028996184839378586 -0.38729222278170949 -0.4429891147958766 0.25478988206888031 0.0026310643307969179 26.004999999999992 0.32019433636057931 10.15821428571425 0.13208793399965504 0.00081057496337297828 0.30504427139444745 0.59646758580035975 0.20391507296078126
decision_type=2 2 2 2 2 2 2 2 2 2 2 2 2 2 2 2 2 2 2 2 2 2 2 2 2 2 2 2 2 2
left_child=-1 8 4 16 -3 -6 7 -5 12 -8 11 -11 14 -14 -2 -16 17 -4 19 -18 -7 22 23 24 25 -22 27 -26 -25 -30
right_child=1 2 3 6 5 20 9 -9 -10 10 -12 -13 13 -15 15 -17 18 -19 -20 -21 21 -23 -24 28 26 -27 -28 -29 29 -31
leaf_value=-0.051804069794808172 -0.03896037961636481 0.049953679923129629 -0.0077426727566655557 0.088631897265467038 -0.034890396741329405 0.0013676559629978251 -0.0084871341204085446 0.013824237474342957 -0.033943021142059507 0.016586888384430478 -0.038648591077221461 0.079944424666373526 -0.0020312136671626186 0.082906744681156219 0.058279681477086148 -0.025690200463897247 -0.011682312756123983 0.074777477901552356 -0.030981340270332405 0.06090146222742733 0.047403230910611854 -0.046393348875762394 0.082884873025788522 -0.014780895505662282 0.056107077611562056 0.0050215075584030735 0.087275594712435553 -0.011900414573745285 -0.015216606959463431 0.037917467186772282
leaf_weight=28.615921027958393 12.879319183528425 9.1820291392505151 21.916228149086241 5.4184915199875858 12.920483753085135 642.10256118327379 59.543157376348972 11.95576326549053 29.175534274429083 11.35085559636355 5.4336974173784247 7.2438661158084861 6.4366589635610563 4.285195667296648 5.6203861720859996 8.2061108574271184 51.597447481006384 4.5671461783349505 63.688091319054365 4.6660885065793982 18.916666369885206 9.8373934850096685 6.9059568494558325 51.376246903091669 13.970156766474252 118.43371697887778 7.6825894117355338 9.3486212715506536 20.01042852178216 22.936045218259096
leaf_count=852 180 157 257 47 185 6343 636 119 416 99 53 65 77 47 54 89 591 47 644 49 149 103 48 492 98 1008 53 74 187 218
internal_value=-0.000229801 0.000943733 0.00186397 -0.00574968 0.00385998 0.00340705 0.00691021 0.0371544 -0.0155121 0.000622539 0.0231966 0.0412688 -0.00114482 0.0319159 -0.014418 0.00844304 -0.0144769 0.0064882 -0.0191056 -0.00566274 0.00394401 0.00986448 0.0119174 0.0100516 0.0168368 0.0108586 0.0433231 0.0288425 -0.0020589 0.0131602
internal_weight=1286.22 1257.61 1191 247.381 943.623 934.441 100.946 17.3743 66.6032 83.5716 24.0284 18.5947 37.4277 10.7219 26.7058 13.8265 146.435 26.4834 119.952 56.2635 921.52 279.418 269.58 262.674 168.352 137.35 31.0014 23.3188 94.3227 42.9465
internal_count=13437 12585 11722 2607 9115 8958 1019 166 863 853 217 164 447 124 323 143 1588 304 1284 640 8773 2430 2327 2279 1382 1157 225 172 897 405
is_linear=0
shrinkage=0.05


Tree=27
num_leaves=31
num_cat=0
split_feature=18 12 6 6 0 38 15 1 2 1 14 38 17 12 6 29 36 38 5 13 4 5 15 15 0 21 32 3 3 38
split_gain=29.5576 7.09155 7.92453 9.22058 10.6112 7.85211 7.17519 6.6186 8.51001 12.2651 7.54753 7.44259 8.91534 6.27366 7.68709 6.76315 11.608 6.2711 6.88781 6.08651 6.085 6.21512 6.17657 13.5763 7.26533 6.76899 7.61235 6.92547 8.75678 8.63165
threshold=0.0015815249472308482 0.73015274505165306 3.5000000000000004 17.500000000000004 -0.0031381338150753349 0.15980484823893579 0.6493198744383557 -0.00071447076160783434 0.001081987843118051 -0.003376058746692195 0.11893680385050305 0.15766029730764233 0.7386147584859527 0.74235758420915576 7.5000000000000009 1.0000000180025095e-35 0.31522013803955523 0.21075294083719628 0.0042853218353773809 0.057657531121333962 4.6682142857142965 0.0012887602623943355 0.4427766826246175 0.40877730814589502 0.00081661918580962234 -0.0034332747415756009 3.5000000000000004 0.0015760566864172121 0.0017819250933703826 0.13480643670968287
decision_type=2 2 2 2 2 2 2 2 2 2 2 2 2 2 2 2 2 2 2 2 2 2 2 2 2 2 2 2 2 2
left_child=-1 2 5 4 -4 -2 -7 8 10 -10 -5 12 -9 14 -3 -15 -17 -12 -19 -11 -6 -22 23 25 -24 26 -23 -27 -29 -30
right_child=1 13 3 7 20 6 -8 11 9 19 17 -13 -14 15 -16 16 -18 18 -20 -21 21 22 24 -25 -26 27 -28 28 29 -31
leaf_value=-0.050010086331562356 -0.054998620710568061 -0.0091757501674567029 0.049113334155585768 0.040236766600795101 -0.037325060132823273 -0.015719834726984724 0.044283405501819792 -0.018643627810048916 0.09521838812869679 0.034257285272401995 -0.03644179003820712 -0.023901809056737406 0.078418297206825263 0.0050010812033497373 0.062211180952081384 -0.036214741390421461 0.0047372174298892233 -0.014270076308454045 0.049650516127331339 -0.036517807815883992 0.052429855056268938 -0.046013271048500309 -0.0044837583742609538 0.063113397109527555 -0.05647817080156714 -0.023782087486687198 0.0075594720105763473 0.056774563465468143 0.073004814565322054 0.0054251146427454003
leaf_weight=29.141719125211239 11.976482789963482 6.0886481516063204 12.87872129678726 6.7392667941749087 9.1992585770785791 68.457212809473276 5.3732920587062827 5.5932364463806135 5.27498581260443 7.160656310617922 20.803101070225239 82.555789168924093 4.1000282317399979 650.52339188009501 9.9071935601532441 28.152401383966208 44.905992958694696 16.95790404081345 5.6082138046622267 5.2758584469556808 6.4750306718051425 13.288131266832353 50.200330812484026 10.277510516345499 7.756796818226575 15.218129921704529 13.235494554042814 10.018976047635077 4.9235204383730879 117.17998746782541
leaf_count=905 153 60 105 74 151 730 52 77 55 78 239 1097 47 5965 88 324 472 201 56 62 80 132 499 91 82 164 138 96 44 1120
internal_value=-0.000228771 0.000926158 -0.00356929 -0.000805063 0.00482093 -0.0174447 -0.0113529 -0.0103177 0.00153998 0.0313309 -0.00899001 -0.0190354 0.0224113 0.00406582 0.0350385 0.00338112 -0.0110433 -0.0166395 0.0016157 0.00423285 0.00260802 0.00408587 0.00279289 0.00727337 -0.0114425 0.00397254 -0.0192801 0.00815837 0.0118373 0.0081501
internal_weight=1285.25 1256.11 516.528 430.721 270.652 85.807 73.8305 160.069 67.82 17.7115 50.1085 92.2491 9.69326 739.578 15.9958 723.582 73.0584 43.3692 22.5661 12.4365 257.773 248.574 242.099 184.142 57.9571 173.864 26.5236 147.341 132.122 122.104
internal_count=13437 12532 5623 4688 2702 935 782 1986 765 195 570 1221 124 6909 148 6761 796 496 257 140 2597 2446 2366 1785 581 1694 270 1424 1260 1164
is_linear=0
shrinkage=0.05


Tree=28
num_leaves=31
num_cat=0
split_feature=18 18 6 2 20 14 18 6 7 37 6 5 38 38 4 14 2 20 7 38 15 14 15 38 1 6 6 21 2 16
split_gain=28.0694 6.96159 7.96701 9.82987 9.94986 8.35391 9.37673 7.82424 13.7979 8.03797 7.27359 10.4726 11.3699 8.77064 9.40728 8.98192 8.43555 8.34543 11.151 13.3777 8.13544 7.2036 9.40342 8.40069 9.699 6.96853 6.91942 10.9559 12.4981 8.59429
threshold=0.0015417750153270671 0.0024839570771464062 6.5000000000000009 0.0057488781575105305 0.00036262278571303906 0.36105870020964176 0.0023491670299160099 17.500000000000004 5.5000000000000009 0.060199345466946962 21.500000000000004 0.0026588394065491338 0.17865562096354937 0.15766029730764233 24.828928571428595 0.57377049180328632 -0.00029122447371049913 -0.0018662340296854945 2.5000000000000004 0.22325213347381334 0.29563630593463947 0.12793894883447879 0.17167294662916519 0.18532115008088287 0.0032731921676564437 22.500000000000004 12.500000000000002 -0.0076901315524310187 -0.017827766648188786 0.28890019215550711
decision_type=2 2 2 2 2 2 2 2 2 2 2 2 2 2 2 2 2 2 2 2 2 2 2 2 2 2 2 2 2 2
left_child=-1 2 -2 4 5 -4 -7 26 9 25 13 -12 -13 15 -15 16 -11 -14 19 -19 -16 -10 -23 -24 -25 -9 27 -3 -29 -28
right_child=1 7 3 -5 -6 6 -8 8 21 10 11 12 17 14 20 -17 -18 18 -20 -21 -22 22 23 24 -26 -27 29 28 -30 -31
leaf_value=-0.051629443232559948 -0.027522682575913754 -0.040169872378732992 0.031501548008275738 0.07183896908665334 -0.023164572891613253 -0.023583645148180829 0.037505193455670612 0.052913474446144707 -0.032972920312938747 0.0019541562278667453 -0.026560044621096297 -0.017268019224583538 -0.0098991982543954905 -0.030620001363250673 -0.02158653836548538 -0.044547203979757817 0.093424506130810242 0.15790741184602361 -0.00040425424213980571 0.037574593845268137 0.067172882847182161 -0.0035038967179944884 -0.0040068969933365565 0.08708663990785992 0.009513987914818842 -0.01084711841246699 0.018415412458866222 0.054796768705011593 0.0013721033213448912 0.00088891356022788152
leaf_weight=26.020965196192265 42.925059067085385 15.510313726961611 23.488702122122049 4.3302083723247042 43.161727707833052 24.044168211519718 8.5029660910367948 8.6048494577407837 5.9387178719043723 5.971417147666215 21.028955783694983 12.973039742559193 5.3030377775430688 101.37949319556355 5.5993909649550897 4.4282955303788176 4.3615397289395323 4.4443252533674222 4.5254471451044092 4.8087590113282204 4.7901178561151028 16.395773246884346 6.4309947863221195 12.618349224328997 5.9199311360716811 8.5364260151982307 160.97141042351723 11.166773110628126 556.48659475892782 123.69245432317257
leaf_count=852 621 170 275 52 608 318 87 78 51 64 257 148 55 1319 55 50 51 52 52 53 48 138 55 99 52 77 1310 78 5236 1076
internal_value=-0.000227405 0.000835528 -0.00941171 -0.00190247 -0.00512146 0.00877629 -0.00762413 0.00218525 -0.00572391 -0.0115532 -0.0146752 0.000859119 0.0188471 -0.0211923 -0.0259763 0.0150309 0.0405638 0.0434007 0.0639146 0.0953713 0.0193363 0.0185224 0.0259155 0.0452333 0.0623149 0.0211604 0.00440954 0.00129023 0.00242306 0.0107998
internal_weight=1284.36 1258.34 146.453 103.528 99.1976 56.0358 32.5471 1111.89 244.059 196.755 179.614 53.0836 32.0546 126.53 111.769 14.7613 10.333 19.0816 13.7785 9.25308 10.3895 47.3038 41.365 24.9693 18.5383 17.1413 867.828 583.164 567.653 284.664
internal_count=13437 12585 1961 1340 1288 680 405 10624 2754 2359 2204 617 360 1587 1422 165 115 212 157 105 103 395 344 206 151 155 7870 5484 5314 2386
is_linear=0
shrinkage=0.05


Tree=29
num_leaves=31
num_cat=0
split_feature=18 26 19 37 5 3 14 20 6 16 6 6 7 38 15 37 11 7 37 3 31 19 19 37 16 2 5 6 18 5
split_gain=26.6308 6.76597 6.98168 9.09696 8.79802 7.901 8.42491 7.77369 6.88957 8.64975 6.73975 8.97597 11.778 8.18402 7.70425 9.21753 7.69594 7.06727 7.36765 8.5303 6.82101 6.98728 13.5669 10.1573 6.84236 7.37311 6.82209 7.7559 8.81983 6.97349
threshold=0.0015417750153270671 0.94437796392325113 0.00021167175041604397 0.94073553620903738 0.0078556324484900884 0.0014872969775056217 0.95010589114065525 -0.0012818256656707916 1.0000000180025095e-35 0.1096029170229544 15.500000000000002 20.500000000000004 5.5000000000000009 0.16849071457025186 0.21004817315941177 0.69441092488773681 -0.15760157908927361 2.5000000000000004 0.14114449863497949 0.0052506276731483859 0.27945139965941351 0.00039797791499859679 0.00060187909158511052 0.1149164384644724 0.52300114057594671 0.0024806496957750861 0.0037302573425172687 4.5000000000000009 0.0074717999237220506 0.0041429012343107098
decision_type=2 2 2 2 2 2 2 2 2 2 2 2 2 2 2 2 2 2 2 2 2 2 2 2 2 2 2 2 2 2
left_child=-1 2 8 4 5 -4 7 -7 9 -2 20 13 17 -12 -15 -16 -17 18 -13 -20 21 -9 23 -23 26 -26 -24 -28 29 -29
right_child=1 -3 3 -5 -6 6 -8 10 -10 -11 11 12 -14 14 15 16 -18 -19 19 -21 -22 22 24 -25 25 -27 27 28 -30 -31
leaf_value=-0.051547455273856513 0.02530927390208584 0.048395222436175445 -0.028828314355033004 -0.025744803767640736 0.050539069603776514 -0.030046616660456545 0.063425570113186461 -0.024773315178964743 0.0046844417283006127 -0.036302667036877311 0.020195352236905013 0.061191256752239714 0.078593425406844067 -0.050850995810474697 -0.031095378704766259 -0.010379857873666548 0.065457153486308817 -0.023019646531490703 -0.023916540465234837 0.058437378867134106 -0.019920680624857277 0.10483368036339194 -0.0024561362928741128 0.023455063063322318 -0.012939092738064237 0.044080875942619849 -0.013319289687420285 0.02349541135949175 -0.0026469409737982421 0.086213755582858931
leaf_weight=24.790282718837261 7.7373358681798008 7.417755711823701 27.41947309486568 43.638150669634342 7.8664302788674823 23.252468138933182 4.9902342222630969 17.02345535159111 695.54893115535378 21.597998786717653 10.533016137778757 6.7792407311499145 5.1114827916026107 22.707902252674103 28.97451550886035 8.9475309960544092 5.3429891541600218 20.392174173146486 11.381461720913647 4.3447076939046374 27.52417054772377 5.8480077348649528 165.2522357031703 11.136075008660553 7.8489431738853481 20.416538164019585 11.763838846236466 8.4913802891969734 9.9089656770229322 9.2708723992109281
leaf_count=852 72 61 408 516 77 269 52 174 6422 216 122 72 47 283 364 112 57 266 151 45 297 56 1692 112 77 185 137 74 88 81
internal_value=-0.000227554 0.000783385 0.000501084 -0.00388307 -0.00190597 -0.00277512 -0.00117786 -0.00190682 0.00368337 -0.0200522 -0.000345199 -0.0100975 0.00684926 -0.0207319 -0.0272662 -0.0148876 0.0179743 -0.00169945 0.0176188 -0.00116442 0.00377829 0.0062217 0.0083328 0.0514756 0.00518736 0.0282472 0.002003 0.020689 0.0351469 0.0562308
internal_weight=1283.26 1258.47 1251.05 526.166 482.528 474.662 447.242 442.252 724.884 29.3353 419 124.515 48.0091 76.506 65.9729 43.265 14.2905 42.8976 22.5054 15.7262 294.484 266.96 249.937 16.9841 232.953 28.2655 204.687 39.4351 27.6712 17.7623
internal_count=13437 12585 12524 5814 5298 5221 4813 4761 6710 288 4492 1519 581 938 816 533 169 534 268 196 2973 2676 2502 168 2334 262 2072 380 243 155
is_linear=0
shrinkage=0.05


Tree=30
num_leaves=31
num_cat=0
split_feature=18 2 2 2 38 6 37 38 37 7 4 15 3 5 18 6 6 1 13 38 38 6 18 11 20 5 5 11 5 38
split_gain=25.2705 6.22761 18.6929 8.45791 8.27452 10.6628 8.58536 8.1924 7.87869 7.95313 10.375 13.3321 16.2427 11.1557 11.1048 8.35679 10.648 13.8998 7.82922 7.4184 12.666 7.39343 10.5251 18.6516 10.4318 7.35972 12.4934 11.0034 9.34901 9.79544
threshold=0.0015417750153270671 -0.0013891919765845839 -0.001487467967000987 -0.0010859582177248244 0.31243951000821796 4.5000000000000009 0.62013325716818624 0.32257369276299336 0.94073553620903738 5.5000000000000009 6.7528571428571089 0.37061236245713908 0.0060901482017938239 0.0012322599627477041 0.0019610427871988383 17.500000000000004 20.500000000000004 -0.0035217680248976588 0.18807130962088395 0.23212922204179764 0.19892129118273405 19.500000000000004 0.0040989197970961655 -0.087452607967728718 0.00036262278571303906 0.0031273277152755016 0.0023017470203374997 -0.9004315328010466 0.0017780731619979242 0.27011556522975783
decision_type=2 2 2 2 2 2 2 2 2 2 2 2 2 2 2 2 2 2 2 2 2 2 2 2 2 2 2 2 2 2
left_child=-1 2 4 -3 5 -2 7 -6 9 15 13 12 19 14 -11 -5 -17 -18 -19 20 -12 25 23 -23 -24 26 27 -7 -29 -30
right_child=1 3 -4 8 6 21 -8 -9 -10 10 11 -13 -14 -15 -16 16 17 18 -20 -21 -22 22 24 -25 -26 -27 -28 28 29 -31
leaf_value=-0.05146971041184744 -0.013247457284955334 -0.030271622450414423 0.074515563493634598 0.0014260600583549446 0.051287806755331823 0.065222855811906469 0.072851816511859305 -0.0049561927159188085 -0.020480700062541851 -0.011802874651794179 0.050693875486499389 -0.0064661395084388467 -0.014839903496242075 -0.023041907458363459 0.096830879670058656 -0.028265152008573154 0.090709005924095476 -0.011739321689231662 0.044891404762806557 0.037889138782307687 0.15213874529960902 -0.015966694219797958 -0.039795079424798069 0.068695686091334238 0.023821205648834654 0.016699150745565512 -0.012410619877501501 -0.0093143053255041949 0.012534728838003793 0.06898872101187635
leaf_weight=23.615966200828552 95.291945558041334 26.184952579438686 9.4235046319663507 428.68937494792044 9.7251730933785456 9.2416213862597925 7.8214324787259093 19.369037304073572 49.669188108295202 4.8364334329962713 6.4155335500836426 14.595039110630749 6.6941407993435851 24.369764402508736 4.5803347639739513 60.716912660747766 4.0484134778380385 51.864031746983528 6.9171354435384265 8.1598810032010061 5.9127803444862366 18.892565656453375 31.099169496446848 9.9218896143138391 8.1283686943352205 148.06465234607458 85.680966548621655 43.529821328818798 49.808687843382359 9.0853303819894773
leaf_count=852 940 276 95 4316 71 83 59 165 582 93 60 137 53 283 55 834 39 666 75 68 49 221 301 97 94 1221 746 428 417 61
internal_value=-0.00022629 0.00073512 0.00469483 -0.00238853 0.00348903 0.00183046 0.0263463 0.0138442 -0.00131082 0.000205829 0.0154195 0.0320807 0.0527777 -0.0051823 0.0410368 -0.0018759 -0.0133332 0.0010966 -0.00507524 0.0748705 0.0993478 0.00530559 -0.00975908 0.0131857 -0.0266131 0.00827315 0.00195131 0.0129712 0.00825661 0.0212436
internal_weight=1282.35 1258.74 555.084 703.654 545.661 508.745 36.9156 29.0942 677.469 627.8 75.5639 41.7774 27.1823 33.7865 9.41677 552.236 123.546 62.8296 58.7812 20.4882 12.3283 413.453 68.042 28.8145 39.2275 345.411 197.346 111.665 102.424 58.894
internal_count=13437 12585 4999 7586 4904 4609 295 236 7310 6728 798 367 230 431 148 5930 1614 780 741 177 109 3669 713 318 395 2956 1735 989 906 478
is_linear=0
shrinkage=0.05


Tree=31
num_leaves=31
num_cat=0
split_feature=18 18 9 15 32 38 7 0 0 17 15 20 37 2 3 0 4 9 4 14 0 1 17 16 14 17 5 5 13 20
split_gain=23.9807 6.09279 6.98805 12.8238 6.771 10.7257 7.54534 9.64008 11.0067 9.16576 8.46637 8.02597 10.1228 9.79656 11.8269 6.63152 9.31037 7.218 7.61523 6.45728 10.3043 6.45463 13.9598 7.16079 11.9476 10.4523 7.04906 9.90154 9.65835 6.70498
threshold=0.0015417750153270671 0.0024839570771464062 1.0000000180025095e-35 0.15004242859869346 17.500000000000004 0.30114989909160461 5.5000000000000009 0.00047650660164980422 0.00072710174939799252 0.67186437982972158 1.0000000180025095e-35 -0.0023876240693973404 0.81507153121247589 -9.2338875633079807e-05 0.004472977495661285 0.00047650660164980422 27.858214285714361 1.0000000180025095e-35 12.238928571428559 0.35075131416595484 0.00025295798636858983 0.0027881546179439605 1.0778392484342036 0.23120326669143229 0.37738892270240515 1.4586056010852313 0.0056527901456846505 0.0046091108914903508 0.16417338476504681 -0.018372684659906675
decision_type=2 2 2 2 2 2 2 2 2 2 2 2 2 2 2 2 2 2 2 2 2 2 2 2 2 2 2 2 2 2
left_child=-1 2 -2 -4 6 -6 9 -8 -9 10 -3 -10 13 -13 -15 16 -12 -17 -19 20 -5 26 -23 -24 -25 -26 27 -11 -28 -30
right_child=1 4 3 19 5 -7 7 8 11 21 15 12 -14 14 -16 17 -18 18 -20 -21 -22 22 23 24 25 -27 28 -29 29 -31
leaf_value=-0.051395984986901212 -0.017466063394698708 0.044117387577014965 -0.032796514063312597 0.01837441626742908 0.0031228642611033867 0.083721406394759224 0.0012911281262172204 0.088652480095707795 -0.0078125404556420638 0.0056748650209017095 -0.0066198220188622833 0.095425696969712023 -0.013448369369180743 -0.025585541078262636 0.063640152335621689 -0.030445521246156348 0.059504549315161685 -0.015742007002319796 0.056225873543260169 -0.00082170238226627083 0.098405635381024995 -0.021762667489047535 -0.0014492848664201541 -0.0052556982087047319 0.10082698782700804 0.013263612325586869 0.062542219693563231 -0.022780175871853624 0.039103741968622673 -0.011817335459620314
leaf_weight=22.495613338425756 90.542592946439981 7.4026281163096419 15.770515525713561 14.816530944779517 11.316963560879232 6.4976602941751471 78.037609722465277 6.7029779106378546 16.664780914783478 473.17419247329235 151.48858116939664 8.2594886496663111 8.0436521470546705 6.1849626824259785 9.2957120686769468 59.751952297985554 5.5172120444476596 12.06184332072735 5.2868810519576064 18.329327192157507 5.5205540060997 75.956860817968845 73.467038732022047 13.233692750334741 7.5467820987105352 6.21440789103508 12.306073393672703 32.683735985308886 10.940872527658938 15.800763491541149
leaf_count=852 1289 78 206 174 98 48 666 52 140 4247 1631 59 80 57 74 729 52 122 53 226 66 866 713 121 69 51 107 302 78 131
internal_value=-0.00022708 0.000687331 -0.00895439 0.00520271 0.00194232 0.0325202 0.00144531 0.0125996 0.0286006 -9.76632e-05 -0.00852863 0.0202923 0.0350282 0.051453 0.027992 -0.0101933 -0.0042962 -0.0222021 0.00618961 0.0207011 0.0400991 0.00272514 -0.00558731 0.0066425 0.0286644 0.0612843 0.00541638 0.00383637 0.0258851 0.00901613
internal_weight=1281.31 1258.82 144.98 54.4369 1113.84 17.8146 1096.02 133.189 55.1516 962.834 241.509 48.4486 31.7838 23.7402 15.4807 234.106 157.006 77.1007 17.3487 38.6664 20.3371 721.324 176.419 100.462 26.9949 13.7612 544.906 505.858 39.0477 26.7416
internal_count=13437 12585 1961 672 10624 146 10478 1128 462 9350 2665 410 270 190 131 2587 1683 904 175 466 240 6685 1820 954 241 120 4865 4549 316 209
is_linear=0
shrinkage=0.05


Tree=32
num_leaves=31
num_cat=0
split_feature=4 3 4 4 14 6 16 6 7 4 7 21 21 21 38 6 38 4 6 21 2 21 21 15 7 21 21 37 32 16
split_gain=16.2992 8.73596 6.74439 12.0898 6.352 6.81024 9.71864 6.48035 15.7085 9.50491 14.9057 14.5638 11.559 12.0657 21.0055 11.5874 10.9531 9.48914 9.31343 8.645 9.80558 8.60095 11.164 10.4772 9.42146 9.30941 8.44878 12.6627 8.28104 10.1358
threshold=4.4864285714286014 0.001553604794629882 4.0542857142856823 3.7307142857143041 0.013666245432953137 1.0000000180025095e-35 0.1096029170229544 15.500000000000002 5.5000000000000009 26.004999999999992 2.5000000000000004 0.0011759978535304206 -0.005092894844841908 -0.0022843596109300745 0.22624086848352218 21.500000000000004 0.16424334581708352 31.643571428571466 12.500000000000002 -0.0076901315524310187 -0.017827766648188786 -0.0033680480917772193 -0.0059852424772303351 0.54438832772163959 1.5000000000000002 -0.0029939249431095434 0.0035911253924730529 0.3699901198398991 3.5000000000000004 0.41698923474672051
decision_type=2 2 2 2 2 2 2 2 2 2 2 2 2 2 2 2 2 2 2 2 2 2 2 2 2 2 2 2 2 2
left_child=1 -1 3 -3 -2 6 -6 18 9 10 12 17 -9 14 -14 -15 -12 -11 19 -7 -21 22 24 25 -22 -23 27 -17 -20 -30
right_child=4 2 -4 -5 5 7 -8 8 -10 11 16 -13 13 15 -16 26 -18 -19 28 20 21 23 -24 -25 -26 -27 -28 -29 29 -31
leaf_value=-0.045437244897711344 0.031620119453506526 -0.020249258115861868 -0.032625546717156458 0.077483747078297138 0.017316802557994494 -0.038190961731958822 -0.03210886719179247 -0.055842991121581136 0.017130312909446509 0.081142397982108372 0.014802718623243087 -0.041431596447356216 0.0067576180965981851 -0.013231379982181286 0.12445494581964288 0.026130318476929461 -0.03006721052413875 0.0090417698973465233 0.004118490144331053 0.047806340386423757 0.076572067430269175 0.045849037330158174 -0.028242712738980609 -0.017425242128775772 -0.018615408763220754 0.0040929067603404949 0.077050874457127258 -0.055383591893628917 0.034964870137472202 -0.0044942266272964965
leaf_weight=29.467841992154717 16.665741637349129 7.7890931423753518 11.815294187515972 5.3293310143053532 13.985351253300903 13.896997977048157 34.433598045259714 9.0923303253948671 70.409818526357412 8.7846548855304771 15.521197106689213 6.9302548095583907 13.607035499066116 87.183609373867512 5.2548555247485629 24.241892434656624 109.93068822100759 9.4966971129178983 106.66687139123678 11.31387586891651 5.2126902304589731 13.762145120650528 46.181750133633614 56.767039438709617 5.1855893470346928 443.73992254957557 5.5863177068531504 5.9297579601407042 64.239183535799384 21.796127207577229
leaf_count=878 156 220 199 86 139 156 360 103 608 68 173 79 159 1044 59 260 1344 80 861 75 51 117 445 582 50 4296 58 70 483 178
internal_value=-0.000226156 -0.0270067 -0.00522454 0.0194546 0.00096236 0.000539804 -0.0178327 0.0013062 -0.0041341 -0.00909904 -0.0117802 0.02029 -0.00119215 0.00231202 0.0395477 -0.00340073 -0.0245158 0.043688 0.00387177 0.000782538 0.00171289 0.000799343 -0.0177038 0.00283507 0.0291024 0.00534898 0.0205679 0.0101101 0.0134273 0.0249683
internal_weight=1280.22 54.4016 24.9337 13.1184 1225.82 1209.15 48.4189 1160.73 371.969 301.559 276.348 25.2116 150.896 141.803 18.8619 122.942 125.452 18.2814 788.762 596.06 582.163 570.849 56.58 514.269 10.3983 457.502 35.758 30.1717 192.702 86.0353
internal_count=13437 1383 505 306 12054 11898 499 11399 4105 3497 3270 227 1753 1650 218 1432 1517 148 7294 5772 5616 5541 546 4995 101 4413 388 330 1522 661
is_linear=0
shrinkage=0.05


Tree=33
num_leaves=31
num_cat=0
split_feature=18 26 18 12 14 9 38 6 19 37 19 37 1 38 21 38 19 20 21 14 26 3 14 6 1 38 12 9 21 5
split_gain=21.9331 5.79639 5.8673 7.43991 7.1078 8.21833 14.679 6.966 6.74397 7.91364 8.39599 8.00868 9.24916 7.82748 12.8212 7.84157 9.52747 7.49041 7.18892 6.05476 6.01441 6.25447 5.92092 5.79863 5.46109 5.4152 7.24328 6.86114 5.75884 7.52173
threshold=0.0015417750153270671 0.94437796392325113 0.0023491670299160099 0.38135571512434946 0.36105870020964176 1.0000000180025095e-35 0.19010224395213762 11.500000000000002 0.00097030935559586768 0.88187242437916524 0.0039465316300345199 0.34718500726545737 -0.00029526872423726408 0.23505317415639956 0.0023313954091685666 0.24077096150105357 -0.0033101202910526067 0.0018310767695216615 0.0053032517250394765 0.30457287933092175 0.141065283015997 0.017028045609873661 0.068317088406205526 20.500000000000004 0.00027458002020285796 0.25032516777887698 2.6319522432766802 1.0000000180025095e-35 0.00071786717350312221 0.0019949318827214035
decision_type=2 2 2 2 2 2 2 2 2 2 2 2 2 2 2 2 2 2 2 2 2 2 2 2 2 2 2 2 2 2
left_child=-1 2 3 -2 5 23 -7 -8 13 10 11 12 19 -4 15 16 -15 25 22 -10 21 -12 -13 -5 -14 27 28 -17 29 -27
right_child=1 -3 8 4 -6 6 7 -9 9 -11 20 18 24 14 -16 17 -18 -19 -20 -21 -22 -23 -24 -25 -26 26 -28 -29 -30 -31
leaf_value=-0.051279783616889875 -0.053778903694314997 0.043853289773490921 -0.00020788133010929706 -0.021787300359237927 -0.018104143104030052 0.12015670863550523 -0.020958676946416812 0.055929676664086603 0.066662460771769266 -0.023662273765900192 0.01186185189924982 0.029573106136796617 -0.049402314825524984 0.090040741940704258 -0.043118774428892774 -0.024251192604434715 0.019806078124553244 0.058133987854836366 0.030583742789715953 0.0070638541015288301 -0.019634474705191841 0.066962267887075419 -0.02855840833153115 0.044270686810907359 -0.0022412665617580247 0.029060552613740728 -0.039103897537840521 0.01922049941267303 -0.0052227222652318009 0.0086302730077824578
leaf_weight=20.697387170046568 9.2563290279358608 7.7028016075491896 453.97850342467427 18.460918020457033 56.759214974939823 3.9829804711043861 7.3872543349862081 4.8995922058820724 7.8895577788352993 45.689692839980125 82.491791933774948 4.6953981705009928 6.4666946902871123 6.6720135957002666 10.983927469700573 25.690146408975124 17.475563514977694 7.7200808562338343 6.4307156838476649 9.2671388536691648 14.324688930064438 5.493107743561267 65.277377147227526 4.0511297117918721 120.90013105422258 70.527576543390751 6.993633344769477 14.035485580563543 38.178844522684813 124.71963129192591
leaf_count=852 151 61 4328 277 841 48 99 53 64 555 834 57 64 52 114 249 167 72 83 87 132 41 820 58 1215 563 51 115 330 1004
internal_value=-0.000226946 0.000612738 0.000346429 -0.0109779 -0.00683116 0.0096674 0.0367421 0.00970188 0.00138208 -0.00418449 -0.00143129 -0.00691507 6.64213e-06 0.00402522 0.00997493 0.011844 0.039212 0.00954825 -0.0200081 0.0344704 0.0104104 0.0153019 -0.0246576 -0.00989991 -0.00463574 0.00820935 0.0110351 -0.00889218 0.0125373 0.0160101
internal_weight=1279.1 1258.4 1250.7 104.797 95.5411 38.7819 16.2698 12.2868 1145.9 368.926 323.237 220.927 144.524 776.975 322.997 312.013 24.1476 287.865 76.4035 17.1567 102.31 87.9849 69.9728 22.512 127.367 280.145 240.42 39.7256 233.426 195.247
internal_count=13437 12585 12524 1527 1376 535 200 152 10997 3952 3397 2390 1430 7045 2717 2603 219 2384 960 151 1007 875 877 335 1279 2312 1948 364 1897 1567
is_linear=0
shrinkage=0.05


Tree=34
num_leaves=31
num_cat=0
split_feature=18 35 15 16 2 37 1 0 29 13 12 6 5 18 6 17 16 38 0 15 38 3 37 37 27 38 19 11 4 32
split_gain=20.8223 5.41359 8.28897 7.64288 8.40766 7.05647 6.74649 7.47662 6.01123 5.8767 7.24612 7.00283 7.46593 18.2051 7.2147 8.11204 11.4437 7.13461 6.91143 6.46823 5.86613 5.86397 5.82871 7.10571 6.69435 5.66952 8.86285 11.081 11.0538 10.5099
threshold=0.0015417750153270671 1.2613047673281494 0.47871688137549229 0.3764823060698424 -0.011167458360202319 0.26020978149313873 0.00074140518047316126 0.0012899013690183096 1.0000000180025095e-35 0.41081067884562428 0.73015274505165306 3.5000000000000004 0.0058740850298980235 0.0073082184621713489 17.500000000000004 0.88874282865156917 0.29519945325876651 0.15980484823893579 -0.0071993142548839066 0.6493198744383557 0.21759038288540417 0.014005440622589875 0.60187769468389163 0.72551373871729519 0.20614006381412278 0.15878909931697824 -0.0022472627507062735 -0.49324112088306754 8.8989285714285682 2.5000000000000004
decision_type=2 2 2 2 2 2 2 2 2 2 2 2 2 2 2 2 2 2 2 2 2 2 2 2 2 2 2 2 2 2
left_child=-1 8 3 -3 -5 -6 -4 -8 9 10 11 17 14 -14 25 -16 -17 -2 -11 -19 -18 -12 -20 -24 -25 -13 28 -28 -27 -30
right_child=1 2 6 4 5 -7 7 -9 -10 18 21 12 13 -15 15 16 20 19 22 -21 -22 -23 23 24 -26 26 27 -29 29 -31
leaf_value=-0.051215815763797606 -0.054707693143357411 -0.023512418838304253 0.085918175697091287 -0.03050388274457029 0.060493281705835317 0.00456220139696844 -0.013687657730226338 0.064194048393765343 -0.012309619199380274 0.013664967553924512 0.0049463639277503163 -0.017067407595392686 0.10514003336564666 0.0051261077936916363 -0.018615672129486307 -0.010170318840152553 0.020020354128948377 -0.014637325678966745 -0.040965706444753384 0.045764613723257533 0.095460950885710272 0.038216970842888283 0.040861483732891515 -0.032108681362416722 0.02938733942804575 0.09000668017507607 0.0071889341017098377 -0.027333551309642698 -0.022839550313877025 0.046244113600908035
leaf_weight=19.711933117359877 10.486430145800112 16.848280292004347 6.1106892824173 6.6822547540068653 11.617580987513067 10.958643112331627 6.7721410878002626 5.6546869315207005 94.222611391916871 18.555567413568497 531.85569807887077 30.198440752923489 5.627974413335326 23.755475521087646 97.470155410468578 22.107110885903239 5.8367392234504205 63.062168270349503 22.83303552120924 4.7673065327107897 4.6136244460940361 13.581944212317465 6.0526863634586325 21.013269152492288 5.6060609817504874 6.3750761225819614 156.13238160684705 27.309995099902153 9.9629017338156718 12.305093504488466
leaf_count=852 143 143 47 49 91 91 65 47 1111 128 4967 315 40 239 1302 274 64 684 199 44 53 100 55 195 48 54 1550 293 90 104
internal_value=-0.000224715 0.00057404 0.0146668 0.0033141 0.018762 0.033344 0.0429034 0.0217515 -0.000189127 0.000849541 0.00183191 -0.00264845 1.81502e-05 0.0242823 -0.00189682 -0.0113978 0.0102108 -0.0163259 -0.0127524 -0.0103921 0.0533259 0.00577484 -0.0215838 -0.00803867 -0.0191575 0.00320214 0.00608828 0.0020494 0.031955 0.0153355
internal_weight=1278.09 1258.38 64.6443 46.1068 29.2585 22.5762 18.5375 12.4268 1193.73 1099.51 1025.45 480.011 401.695 29.3834 372.312 130.028 32.5575 78.3159 74.0606 67.8295 10.4504 545.438 55.5051 32.672 26.6193 242.284 212.085 183.442 28.6431 22.268
internal_count=13437 12585 533 374 231 182 159 112 12052 10941 10316 5249 4378 279 4099 1693 391 871 625 728 117 5067 497 298 243 2406 2091 1843 248 194
is_linear=0
shrinkage=0.05


end of trees

feature_importances:
atr_percentile=92
hour_of_day=84
range_compression=84
stop_distance=80
volatility_lookback=78
dist_ema_fast=50
atr_proxy=47
day_of_week=46
log_return_3=44
upper_wick_ratio=40
log_return_6=38
trend_strength=38
lower_wick_ratio=37
body_ratio=34
range_1=32
atr_normalized_range=32
dist_ema_slow=31
log_return_1=28
relative_volume=28
volume_percentile=24
volume_zscore=23
fvg_size_atr=12
fvg_age_candles=10
session_london=9
rejection_volume_confirmation=8
ema_slow_slope=5
high_volatility_flag=4
sweep_depth_atr=3
volume_block_strength=3
session_newyork=2
bullish_fvg_present=2
sweep_rejection_ratio=1
breakout_volume_confirmation=1

parameters:
[boosting: gbdt]
[objective: binary]
[metric: binary_logloss]
[tree_learner: serial]
[device_type: cpu]
[data_sample_strategy: bagging]
[data: ]
[valid: ]
[num_iterations: 500]
[learning_rate: 0.05]
[num_leaves: 31]
[num_threads: 2]
[seed: 42]
[deterministic: 0]
[force_col_wise: 0]
[force_row_wise: 0]
[histogram_pool_size: -1]
[max_depth: -1]
[min_data_in_leaf: 50]
[min_sum_hessian_in_leaf: 0.001]
[bagging_fraction: 0.9]
[pos_bagging_fraction: 1]
[neg_bagging_fraction: 1]
[bagging_freq: 0]
[bagging_seed: 400]
[bagging_by_query: 0]
[feature_fraction: 0.9]
[feature_fraction_bynode: 1]
[feature_fraction_seed: 30056]
[extra_trees: 0]
[extra_seed: 12879]
[early_stopping_round: 0]
[early_stopping_min_delta: 0]
[first_metric_only: 0]
[max_delta_step: 0]
[lambda_l1: 0]
[lambda_l2: 0]
[linear_lambda: 0]
[min_gain_to_split: 0]
[drop_rate: 0.1]
[max_drop: 50]
[skip_drop: 0.5]
[xgboost_dart_mode: 0]
[uniform_drop: 0]
[drop_seed: 17869]
[top_rate: 0.2]
[other_rate: 0.1]
[min_data_per_group: 100]
[max_cat_threshold: 32]
[cat_l2: 10]
[cat_smooth: 10]
[max_cat_to_onehot: 4]
[top_k: 20]
[monotone_constraints: ]
[monotone_constraints_method: basic]
[monotone_penalty: 0]
[feature_contri: ]
[forcedsplits_filename: ]
[refit_decay_rate: 0.9]
[cegb_tradeoff: 1]
[cegb_penalty_split: 0]
[cegb_penalty_feature_lazy: ]
[cegb_penalty_feature_coupled: ]
[path_smooth: 0]
[interaction_constraints: ]
[verbosity: 1]
[saved_feature_importance_type: 0]
[use_quantized_grad: 0]
[num_grad_quant_bins: 4]
[quant_train_renew_leaf: 0]
[stochastic_rounding: 1]
[linear_tree: 0]
[max_bin: 255]
[max_bin_by_feature: ]
[min_data_in_bin: 3]
[bin_construct_sample_cnt: 200000]
[data_random_seed: 175]
[is_enable_sparse: 1]
[enable_bundle: 1]
[use_missing: 1]
[zero_as_missing: 0]
[feature_pre_filter: 1]
[pre_partition: 0]
[two_round: 0]
[header: 0]
[label_column: ]
[weight_column: ]
[group_column: ]
[ignore_column: ]
[categorical_feature: ]
[forcedbins_filename: ]
[precise_float_parser: 0]
[parser_config_file: ]
[objective_seed: 16083]
[num_class: 1]
[is_unbalance: 0]
[scale_pos_weight: 1]
[sigmoid: 1]
[boost_from_average: 1]
[reg_sqrt: 0]
[alpha: 0.9]
[fair_c: 1]
[poisson_max_delta_step: 0.7]
[tweedie_variance_power: 1.5]
[lambdarank_truncation_level: 30]
[lambdarank_norm: 1]
[label_gain: ]
[lambdarank_position_bias_regularization: 0]
[eval_at: ]
[multi_error_top_k: 1]
[auc_mu_weights: ]
[num_machines: 1]
[local_listen_port: 12400]
[time_out: 120]
[machine_list_filename: ]
[machines: ]
[gpu_platform_id: -1]
[gpu_device_id: -1]
[gpu_device_id_list: ]
[gpu_use_dp: 0]
[num_gpu: 1]

end of parameters

pandas_categorical:[]
